time_s,lift_m,vel_m_s
0.002,0.0010749564575645756,0.5374782287822878
0.004,0.0032209027436990237,1.072973143067224
0.006,0.006433886866416001,1.6064920613584888
0.008,0.01070997141672443,2.138042275154214
0.01,0.016045233514817698,2.667631049046634
0.012,0.022435764756460436,3.1952656208213694
0.014,0.029877671159573127,3.720953201556346
0.016,0.03836707311101382,4.244700975720344
0.018000000000000002,0.0479001053135562,4.766516101271192
0.020000000000000004,0.058287752934328266,5.193823810386032
0.022000000000000006,0.06928320116220842,5.497724113940072
0.024000000000000007,0.08062628886840661,5.6715438530991005
0.02600000000000001,0.09204966040934694,5.711685770470161
0.02800000000000001,0.10116696878070214,4.558654185677604
0.030000000000000013,0.10834248459657062,3.5877579079342405
0.032000000000000015,0.1138835854546435,2.770550429036443
0.034000000000000016,0.11805454431674856,2.0854794310525304
0.03600000000000002,0.12108218364926825,1.5138196662598458
0.03800000000000002,0.12316081891157836,1.039317631155054
0.04000000000000002,0.12445657807915791,0.6478795837897791
0.04200000000000002,0.12495886073492503,0.25114132788356025
0.044000000000000025,0.1246588128793433,-0.1500239277908651
0.04600000000000003,0.12356643331211645,-0.5461897836134257
0.04800000000000003,0.12171026952455294,-0.9280818937817561
0.05000000000000003,0.1191366796206569,-1.2867949519480195
0.05200000000000003,0.11590867918130442,-1.6140002196762406
0.054000000000000034,0.1121044016519875,-1.9021387646584609
0.056000000000000036,0.10781520979465568,-2.1445959286659098
0.05800000000000004,0.10314350379058831,-2.335853002033687
0.06000000000000004,0.09820027852861708,-2.4716126309856143
0.06200000000000004,0.09310248830248076,-2.548895113068164
0.06400000000000004,0.08797028144381648,-2.566103429332137
0.06600000000000004,0.08292417023746443,-2.523055603176027
0.06800000000000005,0.07808220274270218,-2.420983747381123
0.07000000000000005,0.07355720285347482,-2.262499944613682
0.07200000000000005,0.06945414308524472,-2.05152988411505
0.07400000000000005,0.06586771122477826,-1.79321593023323
0.07600000000000005,0.0628801272061819,-1.493792009298182
0.07800000000000006,0.060517330449136306,-1.1813983785227973
0.08000000000000006,0.05875708509636368,-0.8801226763863106
0.08200000000000006,0.05763845748090548,-0.5593138077291004
0.08400000000000006,0.057185319463605354,-0.22656900865006313
0.08600000000000006,0.05740584454317258,0.11026253978361505
0.08800000000000006,0.05829237405937595,0.4432647581016838
0.09000000000000007,0.059821655262159226,0.7646406013916387
0.09200000000000007,0.06195544429013336,1.0668945139870685
0.09400000000000007,0.06464145856795438,1.3430071389105114
0.09600000000000007,0.0678146549929983,1.5865982125219626
0.09800000000000007,0.07139880272695537,1.792073866978539
0.10000000000000007,0.07530831261254098,1.9547549427928066
0.10200000000000008,0.07945027935605653,2.070983371757777
0.10400000000000008,0.08372668778756436,2.1382042157539103
0.10600000000000008,0.08803673084136185,2.15502152689875
0.10800000000000008,0.09227918447203697,2.121226815337557
0.11000000000000008,0.09564522787095901,1.6830216994610203
0.11200000000000009,0.09827803813264921,1.3164051308450957
0.11400000000000009,0.10029453721632246,1.008249541836629
0.11600000000000009,0.10179519061119334,0.7503266974354369
0.11800000000000009,0.1028661707439725,0.5354900663895801
0.12000000000000009,0.10358124806902212,0.35753866252481326
0.1220000000000001,0.10399466061528868,0.20670627313328283
0.1240000000000001,0.10409782419053852,0.05158178762491811
0.12600000000000008,0.10388946373483018,-0.10418022785416886
0.12800000000000009,0.1033756162584065,-0.25692373821184444
0.1300000000000001,0.10256946225078349,-0.40307700381150274
0.1320000000000001,0.10149099014859164,-0.5392360510959263
0.1340000000000001,0.10016650234870837,-0.6622438999416376
0.1360000000000001,0.09862797493874988,-0.7692637049792505
0.1380000000000001,0.09691228670340139,-0.8578441176742445
0.1400000000000001,0.09506033597402769,-0.9259753646868525
0.1420000000000001,0.09311606645133175,-0.9721347613479696
0.1440000000000001,0.09112542518806338,-0.9953206316341869
0.1460000000000001,0.08913527742452854,-0.9950738817674212
0.1480000000000001,0.08719230389062946,-0.9714867669495396
0.1500000000000001,0.08534190650492944,-0.9251986928500088
0.1520000000000001,0.08362714810858428,-0.8573791981725835
0.1540000000000001,0.08208775097902767,-0.7696985647783093
0.1560000000000001,0.08075917739820195,-0.66428679041286
0.1580000000000001,0.07967181353950145,-0.5436819293502484
0.16000000000000011,0.07881043463939552,-0.4306894500529675
0.16200000000000012,0.0781343176282143,-0.3380585055906134
0.16400000000000012,0.0776412894978897,-0.24651406516229507
0.16600000000000012,0.07734223951904164,-0.14952498942403075
0.16800000000000012,0.07724346666862238,-0.04938642520963195
0.17000000000000012,0.07734654881425965,0.0515410728186346
0.17200000000000013,0.07764832312355698,0.15088715464866587
0.17400000000000013,0.0781409777474627,0.24632731195286448
0.17600000000000013,0.07881225221650136,0.33563723451932814
0.17800000000000013,0.07964574144805332,0.41674461577598026
0.18000000000000013,0.0806212958513081,0.48777720162738736
0.18200000000000013,0.0817155077900948,0.5471059693933464
0.18400000000000014,0.08290227267405174,0.593382441978473
0.18600000000000014,0.08415341124133574,0.6255692836419987
0.18800000000000014,0.08543933821029424,0.642963484479255
0.19000000000000014,0.08672976144455107,0.6452116171284117
0.19200000000000014,0.08799439511871572,0.6323168370823248
0.19400000000000014,0.08920367010444931,0.6046374928667957
0.19600000000000015,0.09032942492374121,0.5628774096459526
0.19800000000000015,0.091227314016478,0.4489445463683957
0.20000000000000015,0.09193247746819251,0.35258172585725533
0.20200000000000015,0.09247645592962002,0.27198923071375086
0.20400000000000015,0.09288533947000398,0.20444177019197787
0.20600000000000016,0.09318151899480155,0.14808976239878668
0.20800000000000016,0.09338417468713203,0.10132784616524283
0.21000000000000016,0.09350970278570504,0.06276404928650248
0.21200000000000016,0.09357198805488047,0.03114263458771497
0.21400000000000016,0.09356980284827568,-0.001092603302395051
0.21600000000000016,0.09350343632233762,-0.03318326296902614
0.21800000000000017,0.09337468205659183,-0.06437713287289665
0.22000000000000017,0.09318679043058184,-0.09394581300499472
0.22200000000000017,0.09294438700463417,-0.1212017129738373
0.22400000000000017,0.0926533589444241,-0.1455140301050381
0.22600000000000017,0.09232071227138117,-0.16632333652146813
0.22800000000000017,0.09195440339504055,-0.18315443817031113
0.23000000000000018,0.09156314897395729,-0.19562721054162688
0.23200000000000018,0.09115621864521142,-0.203465164372934
0.23400000000000018,0.09074321554762742,-0.20650154879200075
0.23600000000000018,0.09033384983197856,-0.2046828578244251
0.23800000000000018,0.08993771049678627,-0.19806966759614575
0.24000000000000019,0.08956404090790107,-0.18683479444260084
0.2420000000000002,0.08922152325387026,-0.17125882701540593
0.2440000000000002,0.08891807696011188,-0.1517231468791913
0.2460000000000002,0.08866067573895024,-0.12870061058081655
0.2480000000000002,0.08845119240098308,-0.10474166898358092
0.25000000000000017,0.08828105497040037,-0.08506871529135551
0.25200000000000017,0.08814322051208343,-0.06891722915847494
0.25400000000000017,0.08803190244395245,-0.055659034065488465
0.25600000000000017,0.08794234647941186,-0.0447779822702956
0.2580000000000002,0.08787064652739321,-0.03584997600932614
0.2600000000000002,0.08781359342411506,-0.028526551639076355
0.2620000000000002,0.08776855064148045,-0.022521391317304636
0.2640000000000002,0.08773335216120438,-0.01759924013803717
0.2660000000000002,0.08770621856172187,-0.013566799741259624
0.2680000000000002,0.08768568806988064,-0.010265245920611569
0.2700000000000002,0.08767055990865724,-0.007564080611697768
0.2720000000000002,0.08765984774807155,-0.005356080292849907
0.2740000000000002,0.0876527414575346,-0.0035531452684738445
0.2760000000000002,0.08764857567918431,-0.0020828891751404747
0.2780000000000002,0.08764680400578027,-0.000885836702019017
0.2800000000000002,0.08764697776366205,8.687894089211311e-05
0.2820000000000002,0.08764872857952162,0.0008754079297871454
0.2840000000000002,0.08765175405619867,0.0015127383385252283
0.2860000000000002,0.08765580600304736,0.0020259734243455304
0.2880000000000002,0.0876606807653017,0.002437381127174619
0.2900000000000002,0.08766621127811182,0.002765256405057363
0.2920000000000002,0.08767226053767938,0.003024629783781089
0.2940000000000002,0.08767871623677187,0.0032278495462497816
0.2960000000000002,0.08768548635696427,0.0033850600961995714
0.2980000000000002,0.0876924955469885,0.003504595012116891
0.3000000000000002,0.08769968214699886,0.0035933000051752827
0.3020000000000002,0.08770699574356253,0.003656798281834729
0.3040000000000002,0.08771439516072739,0.0036997085824322816
0.3060000000000002,0.08772184680939808,0.003725824335344079
0.3080000000000002,0.08772932333112052,0.003738260861218172
0.3100000000000002,0.08773680248377073,0.0037395763251055272
0.3120000000000002,0.08774426622600712,0.0037318711181891376
0.3140000000000002,0.08775169996503891,0.0037168695158950266
0.3160000000000002,0.08775909193858521,0.00369598677314854
0.3180000000000002,0.08776643270709293,0.003670384253861699
0.32000000000000023,0.0877737147365501,0.0036410147285826275
0.32200000000000023,0.08778093205573746,0.0036086595936820147
0.32400000000000023,0.08778807997464298,0.003573959452760804
0.32600000000000023,0.08779515485313105,0.0035374392440379802
0.32800000000000024,0.08780215391090379,0.0034995288863698994
0.33000000000000024,0.08780907507138998,0.003460580243094063
0.33200000000000024,0.08781591683351071,0.0034208810603652607
0.33400000000000024,0.0878226781663498,0.0033806664195442046
0.33600000000000024,0.08782935842264375,0.003340128146975962
0.33800000000000024,0.08783595726773462,0.0032994225454322434
0.34000000000000025,0.08784247462122767,0.0032586767465285402
0.34200000000000025,0.08784891060908777,0.0032179939300489764
0.34400000000000025,0.08785526552431228,0.0031774576122530216
0.34600000000000025,0.08786153979465068,0.003137135169201136
0.34800000000000025,0.08786773395611373,0.0030970807315261104
0.35000000000000026,0.08787384863123923,0.0030573375627465506
0.35200000000000026,0.08787988451126569,0.0030179400132287096
0.35400000000000026,0.08788584234151664,0.002978915125476421
0.35600000000000026,0.0878917229094225,0.002940283952932856
0.35800000000000026,0.08789752703470928,0.0029020626433877974
0.36000000000000026,0.08790325556136723,0.0028642633289726826
0.36200000000000027,0.08790890935108171,0.002826894857238208
0.36400000000000027,0.08791448927786503,0.002789963391657946
0.36600000000000027,0.08791999622367473,0.0027534729048466046
0.36800000000000027,0.08792543107484199,0.0027174255836283287
0.3700000000000003,0.08793079471916534,0.002681822161677771
0.3720000000000003,0.08793608804355064,0.002646662192652957
0.3740000000000003,0.08794131193209952,0.0026119442744347767
0.3760000000000003,0.08794646726456591,0.0025776662331949644
0.3780000000000003,0.08795155491511483,0.0025438252744589733
0.3800000000000003,0.08795657575132894,0.002510418107052191
0.3820000000000003,0.08796153063341848,0.002477441044767564
0.3840000000000003,0.08796642041359794,0.0024448900897300705
0.3860000000000003,0.0879712459355994,0.0024127610007245157
0.3880000000000003,0.08797600803429774,0.002381049349170249
0.3900000000000003,0.08798070753542764,0.0023497505649481484
0.3920000000000003,0.08798534525537542,0.002318859973891807
0.3940000000000003,0.08798992200103228,0.00228837282843147
0.3960000000000003,0.0879944385696975,0.0022582843326141417
0.3980000000000003,0.08799889574902252,0.002228589662504718
0.4000000000000003,0.08800329431698811,0.002199283982794023
0.4020000000000003,0.0880076350419087,0.0021703624602922504
0.4040000000000003,0.08801191868245843,0.0021418202748652564
0.4060000000000003,0.08801614598771497,0.0021136526282716384
0.4080000000000003,0.08802031769721752,0.0020858547512770877
0.4100000000000003,0.08802443454103623,0.0020584219093548644
0.4120000000000003,0.08802849723985068,0.002031349407226901
0.4140000000000003,0.08803250650503558,0.002004632592453743
0.4160000000000003,0.08803646303875207,0.001978266858245082
0.4180000000000003,0.08804036753404333,0.0019522476456315335
0.4200000000000003,0.08804422067493356,0.0019265704451135871
0.4220000000000003,0.08804802313652932,0.0019012307978824837
0.4240000000000003,0.0880517755851227,0.001876224296691389
0.4260000000000003,0.08805547867829558,0.0018515465864407813
0.4280000000000003,0.08805913306502464,0.001827193364530789
0.4300000000000003,0.08806273938578668,0.0018031603810237417
0.43200000000000033,0.08806629827266399,0.0017794434386525313
0.43400000000000033,0.0880698103494494,0.0017560383927036818
0.43600000000000033,0.088073276231751,0.0017329411507994066
0.43800000000000033,0.0880766965270962,0.0017101476725980794
0.44000000000000034,0.08808007183503505,0.0016876539694292824
0.44200000000000034,0.0880834027472428,0.001665456103876644
0.44400000000000034,0.08808668984762144,0.0016435501893194734
0.44600000000000034,0.08808993371240033,0.0016219323894417867
0.44800000000000034,0.08809313491023577,0.0016005989177163137
0.45000000000000034,0.0880962940023095,0.0015795460368692885
0.45200000000000035,0.08809941154242616,0.0015587700583309205
0.45400000000000035,0.08810248807710952,0.0015382673416755707
0.45600000000000035,0.08810552414569763,0.001518034294054821
0.45800000000000035,0.08810852028043688,0.0014980673696263532
0.46000000000000035,0.08811147700657485,0.0014783630689803556
0.46200000000000035,0.08811439484245198,0.0014589179385656585
0.46400000000000036,0.08811727429959222,0.0014397285701168352
0.46600000000000036,0.0881201158827924,0.001420791600083374
0.46800000000000036,0.08812292009021051,0.0014021037090619708
0.47000000000000036,0.08812568741345297,0.001383661621232658
0.47200000000000036,0.08812841833766057,0.0013654621037992698
0.47400000000000037,0.08813111334159343,0.0013475019664349551
0.47600000000000037,0.0881337728977149,0.0013297780607328502
0.47800000000000037,0.08813639747227422,0.001312287279662315
0.48000000000000037,0.08813898752538829,0.0012950265570310573
0.4820000000000004,0.0881415435111222,0.00127799286695309
0.4840000000000004,0.08814406587756884,0.0012611832233228228
0.4860000000000004,0.08814655506692744,0.0012445946792953755
0.4880000000000004,0.08814901151558098,0.0012282243267729533
0.4900000000000004,0.08815143565417277,0.001212069295897609
0.4920000000000004,0.08815382790768188,0.001196126754550179
0.4940000000000004,0.08815618869549759,0.0011803939078554857
0.4960000000000004,0.08815851843149297,0.0011648679976937752
0.4980000000000004,0.0881608175240974,0.0011495463022183892
0.5000000000000003,0.08816308637636816,0.0011344261353794256
0.5020000000000003,0.08816532538606107,0.0011195048464537408
0.5040000000000003,0.08816753494570023,0.0011047798195808053
0.5060000000000003,0.08816971544264685,0.0010902484733046926
0.5080000000000003,0.08817186725916709,0.0010759082601219223
0.5100000000000003,0.08817399077249916,0.001061756666035203
0.5120000000000003,0.08817608635491939,0.0010477912101130268
0.5140000000000003,0.0881781543738075,0.0010340094440549376
0.5160000000000003,0.08818019519171102,0.0010204089517625238
0.5180000000000003,0.08818220916640886,0.0010069873489159848
0.5200000000000004,0.08818419665097398,0.000993742282556343
0.5220000000000004,0.08818615799383532,0.0009806714306729682
0.5240000000000004,0.08818809353883891,0.0009677725017966348
0.5260000000000004,0.08819000362530811,0.0009550432345978681
0.5280000000000004,0.08819188858810309,0.0009424813974905376
0.5300000000000004,0.08819374875767957,0.0009300847882407664
0.5320000000000004,0.08819558446014673,0.0009178512335807622
0.5340000000000004,0.08819739601732439,0.0009057785888279804
0.5360000000000004,0.0881991837467994,0.000893864737509094
0.5380000000000004,0.08820094796198139,0.0008821075909890151
0.5400000000000004,0.08820268897215759,0.0008705050881047032
0.5420000000000004,0.0882044070825472,0.0008590551948038642
0.5440000000000004,0.08820610259435478,0.0008477559037883668
0.5460000000000004,0.08820777580482311,0.0008366052341623691
0.5480000000000004,0.08820942700728528,0.0008256012310849937
0.5500000000000004,0.08821105649121613,0.0008147419654277437
0.5520000000000004,0.088212664542283,0.000804025533436162
0.5540000000000004,0.0882142514423958,0.0007934500563961635
0.5560000000000004,0.0882158174697564,0.0007830136803047293
0.5580000000000004,0.0882173628989075,0.0007727145755447834
0.5600000000000004,0.08821888800078062,0.0007625509365644902
0.5620000000000004,0.08822039304274375,0.000752520981560725
0.5640000000000004,0.08822187828864808,0.0007426229521667028
0.5660000000000004,0.08822334399887437,0.0007328551131437114
0.5680000000000004,0.08822479043037852,0.0007232157520768926
0.5700000000000004,0.08822621783673668,0.0007137031790750717
0.5720000000000004,0.08822762646818963,0.0007043157264744449
0.5740000000000004,0.08822901657168672,0.0006950517485463128
0.5760000000000004,0.08823038839092913,0.0006859096212084738
0.5780000000000004,0.08823174216641261,0.0006768877417405498
0.5800000000000004,0.08823307813546961,0.0006679845285029837
0.5820000000000004,0.08823439653231094,0.0006591984206597679
0.5840000000000004,0.08823569758806675,0.0006505278779048491
0.5860000000000004,0.08823698153082714,0.0006419713801920592
0.5880000000000004,0.08823824858568208,0.0006335274274686188
0.5900000000000004,0.0882394989747609,0.0006251945394122311
0.5920000000000004,0.08824073291727123,0.0006169712551714596
0.5940000000000004,0.08824195062953745,0.0006088561331097412
0.5960000000000004,0.08824315232503856,0.0006008477505525276
0.5980000000000004,0.08824433821444563,0.0005929447035379575
0.6000000000000004,0.08824550850565878,0.0005851456065707186
0.6020000000000004,0.08824666340384353,0.0005774490923791532
0.6040000000000004,0.08824780311146688,0.0005698538116755166
0.6060000000000004,0.08824892782833271,0.0005623584329194808
0.6080000000000004,0.08825003775161688,0.0005549616420846728
0.6100000000000004,0.08825113307590174,0.0005476621424283213
0.6120000000000004,0.08825221399321026,0.0005404586542639058
0.6140000000000004,0.08825328069303974,0.0005333499147368721
0.6160000000000004,0.08825433336239495,0.0005263346776031456
0.6180000000000004,0.08825537218582097,0.0005194117130107348
0.6200000000000004,0.08825639734543554,0.0005125798072840655
0.6220000000000004,0.08825740902096096,0.0005058377627112514
0.6240000000000004,0.08825840738975563,0.0004991843973340922
0.6260000000000004,0.08825939262684511,0.0004926185447408994
0.6280000000000004,0.08826036490495283,0.00048613905386194666
0.6300000000000004,0.08826132439453037,0.0004797447887677196
0.6320000000000005,0.08826227126378731,0.00047343462846979444
0.6340000000000005,0.08826320567872076,0.00046720746672424516
0.6360000000000005,0.08826412780314444,0.00046106221183781203
0.6380000000000005,0.08826503779871739,0.00045499778647637747
0.6400000000000005,0.08826593582497234,0.000449013127476231
0.6420000000000005,0.08826682203934366,0.0004431071856575966
0.6440000000000005,0.08826769659719494,0.000437278925640732
0.6460000000000005,0.08826855965184627,0.00043152732566444335
0.6480000000000005,0.08826941135460108,0.00042585137740687874
0.6500000000000005,0.08827025185477269,0.0004202500858088371
0.6520000000000005,0.0882710812997105,0.0004147224688992641
0.6540000000000005,0.08827189983482574,0.0004092675576231532
0.6560000000000005,0.08827270760361708,0.0004038843956716231
0.6580000000000005,0.08827350474769571,0.0003985720393142683
0.6600000000000005,0.08827429140681019,0.00039332955723372654
0.6620000000000005,0.0882750677188709,0.0003881560303624018
0.6640000000000005,0.08827583381997435,0.00038305055172137704
0.6660000000000005,0.08827658984442688,0.0003780122262613302
0.6680000000000005,0.08827733592476829,0.0003730401707056649
0.6700000000000005,0.08827807219179508,0.0003681335133957075
0.6720000000000005,0.08827879877458336,0.0003632913941378116
0.6740000000000005,0.08827951580051147,0.00035851296405259623
0.6760000000000005,0.08828022339528231,0.00035379738542614357
0.6780000000000005,0.08828092168294543,0.00034914383156312457
0.6800000000000005,0.08828161078591872,0.00034455148664186023
0.6820000000000005,0.08828229082500985,0.00034001954557131566
0.6840000000000005,0.08828296191943755,0.00033554721384992725
0.6860000000000005,0.0882836241868524,0.0003311337074263388
0.6880000000000005,0.08828427774335752,0.0003267782525619613
0.6900000000000005,0.08828492270352892,0.0003224800856952985
0.6920000000000005,0.08828555918043553,0.0003182384533081084
0.6940000000000005,0.08828618728565911,0.0003140526117933025
0.6960000000000005,0.08828680712931376,0.00030992182732456856
0.6980000000000005,0.08828741882006522,0.00030584537572772943
0.7000000000000005,0.08828802246514993,0.00030182254235379787
0.7020000000000005,0.08828861817039384,0.0002978526219536846
0.7040000000000005,0.08828920604023095,0.00029393491855451753
0.7060000000000005,0.08828978617772162,0.00029006874533770593
0.7080000000000005,0.08829035868457066,0.00028625342451846523
0.7100000000000005,0.08829092366114512,0.00028248828722706896
0.7120000000000005,0.0882914812064919,0.0002787726733914803
0.7140000000000005,0.08829203141835514,0.0002751059316217528
0.7160000000000005,0.08829257439319332,0.0002714874190957417
0.7180000000000005,0.08829311022619622,0.00026791650144646165
0.7200000000000005,0.08829363901130152,0.00026439255265082486
0.7220000000000005,0.08829416084121136,0.0002609149549199782
0.7240000000000005,0.08829467580740855,0.00025748309859091806
0.7260000000000005,0.08829518400017258,0.00025409638201960154
0.7280000000000005,0.08829568550859554,0.0002507542114755857
0.7300000000000005,0.08829618042059761,0.0002474560010377804
0.7320000000000005,0.0882966688229426,0.0002442011724918589
0.7340000000000005,0.08829715080125305,0.0002409891552288446
0.7360000000000005,0.08829762644002534,0.00023781938614502964
0.7380000000000005,0.08829809582264443,0.00023469130954332972
0.7400000000000005,0.08829855903139851,0.00023160437703582468
0.7420000000000005,0.0882990161474934,0.00022855804744763804
0.7440000000000005,0.08829946725106684,0.00022555178672204783
0.7460000000000006,0.0882999124212025,0.00022258506782687047
0.7480000000000006,0.08830035173594382,0.00021965737066204481
0.7500000000000006,0.08830078527230775,0.00021676818196850105
0.7520000000000006,0.08830121310629822,0.00021391699523811702
0.7540000000000006,0.08830163531291947,0.00021110331062495192
0.7560000000000006,0.08830205196618919,0.00020832663485764405
0.7580000000000006,0.0883024631391515,0.00020558648115289707
0.7600000000000006,0.08830286890388975,0.0002028823691301445
0.7620000000000006,0.0883032693315392,0.0002002138247273562
0.7640000000000006,0.08830366449229944,0.00019758038011792085
0.7660000000000006,0.0883040544554467,0.00019498157362860606
0.7680000000000006,0.08830443928934602,0.00019241694965864978
0.7700000000000006,0.08830481906146322,0.00018988605859986712
0.7720000000000006,0.08830519383837673,0.00018738845675788222
0.7740000000000006,0.08830556368578928,0.0001849237062742632
0.7760000000000006,0.08830592866853938,0.00018249137504983875
0.7780000000000006,0.08830628885061272,0.0001800910366688615
0.7800000000000006,0.08830664429515336,0.00017772227032432245
0.7820000000000006,0.08830699506447486,0.00017538466074415682
0.7840000000000006,0.0883073412200711,0.00017307779811842286
0.7860000000000006,0.08830768282262716,0.00017080127802750124
0.7880000000000006,0.0883080199320299,0.00016855470137114436
0.7900000000000006,0.0883083526073785,0.0001663376742985684
0.7920000000000006,0.08830868090699479,0.00016414980813933037
0.7940000000000006,0.08830900488843346,0.00016199071933526015
0.7960000000000006,0.08830932460849221,0.0001598600293731642
0.7980000000000006,0.08830964012322165,0.00015775736471853368
0.8000000000000006,0.08830995148793515,0.00015568235674998042
0.8020000000000006,0.08831025875721854,0.00015363464169468525
0.8040000000000006,0.08831056198493967,0.0001516138605645619
0.8060000000000006,0.08831086122425785,0.0001496196590933764
0.8080000000000006,0.0883111565276332,0.00014765168767460275
0.8100000000000006,0.0883114479468358,0.00014570960130012414
0.8120000000000006,0.08831173553295481,0.0001437930594998111
0.8140000000000006,0.08831201933640737,0.00014190172628176736
0.8160000000000006,0.08831229940694751,0.00014003527007347305
0.8180000000000006,0.08831257579367484,0.00013819336366361617
0.8200000000000006,0.08831284854504312,0.0001363756841447519
0.8220000000000006,0.08831311770886884,0.0001345819128566981
0.8240000000000006,0.0883133833323395,0.00013281173533063128
0.8260000000000006,0.08831364546202197,0.00013106484123400337
0.8280000000000006,0.08831390414387061,0.00012934092431614414
0.8300000000000006,0.08831415942323531,0.00012763968235452586
0.8320000000000006,0.08831441134486952,0.00012596081710181342
0.8340000000000006,0.08831465995293798,0.00012430403423353508
0.8360000000000006,0.08831490529102458,0.00012266904329656748
0.8380000000000006,0.0883151474021399,0.00012105555765811409
0.8400000000000006,0.08831538632872882,0.00011946329445554508
0.8420000000000006,0.0883156221126779,0.00011789197454672701
0.8440000000000006,0.08831585479532282,0.00011634132246118932
0.8460000000000006,0.08831608441745552,0.00011481106635171683
0.8480000000000006,0.0883163110193314,0.00011330093794675035
0.8500000000000006,0.08831653464067642,0.0001118106725033593
0.8520000000000006,0.08831675532069394,0.0001103400087608215
0.8540000000000006,0.08831697309807172,0.0001088886888948062
0.8560000000000006,0.08831718801098867,0.00010745645847220703
0.8580000000000007,0.08831740009712148,0.00010604306640650757
0.8600000000000007,0.08831760939365131,0.00010464826491376394
0.8620000000000007,0.08831781593727026,0.00010327180946919528
0.8640000000000007,0.08831801976418778,0.00010191345876426583
0.8660000000000007,0.08831822091013711,0.00010057297466443712
0.8680000000000007,0.08831841941038145,9.925012216738206e-05
0.8700000000000007,0.08831861529972017,9.79446693617821e-05
0.8720000000000007,0.08831880861249494,9.665638738672179e-05
0.8740000000000007,0.08831899938259573,9.53850503914871e-05
0.8760000000000007,0.08831918764346672,9.413043549604397e-05
0.8780000000000007,0.08831937342811222,9.28923227519249e-05
0.8800000000000007,0.08831955676910243,9.167049510369493e-05
0.8820000000000007,0.08831973769857913,9.046473835086987e-05
0.8840000000000007,0.08831991624826135,8.927484111036502e-05
0.8860000000000007,0.08832009244945091,8.810059477946282e-05
0.8880000000000007,0.08832026633303791,8.694179349923888e-05
0.8900000000000007,0.08832043792950615,8.579823411846598e-05
0.8920000000000007,0.08832060726893846,8.466971615799181e-05
0.8940000000000007,0.08832077438102201,8.355604177560093e-05
0.8960000000000007,0.08832093929505347,8.245701573131733e-05
0.8980000000000007,0.08832110203994417,8.137244535320496e-05
0.9000000000000007,0.08832126264422518,8.030214050357648e-05
0.9020000000000007,0.08832142113605228,7.924591354559509e-05
0.9040000000000007,0.0883215775432109,7.820357931052788e-05
0.9060000000000007,0.08832173189312104,7.717495506513371e-05
0.9080000000000007,0.088321884212842,7.615986047974203e-05
0.9100000000000007,0.08832203452907719,7.515811759654085e-05
0.9120000000000007,0.08832218286817879,7.41695507984497e-05
0.9140000000000007,0.08832232925615235,7.319398677832153e-05
0.9160000000000007,0.08832247371866137,7.223125450849687e-05
0.9180000000000007,0.08832261628103179,7.1281185210933e-05
0.9200000000000007,0.08832275696825645,7.034361232751056e-05
0.9220000000000007,0.08832289580499943,6.94183714908801e-05
0.9240000000000007,0.08832303281560042,6.850530049566215e-05
0.9260000000000007,0.08832316802407895,6.760423926997711e-05
0.9280000000000007,0.08832330145413865,6.671502984738819e-05
0.9300000000000007,0.08832343312917133,6.58375163392233e-05
0.9320000000000007,0.08832356307226115,6.497154490722271e-05
0.9340000000000007,0.08832369130618863,6.411696373662027e-05
0.9360000000000007,0.08832381785343464,6.327362300949107e-05
0.9380000000000007,0.0883239427361844,6.244137487846397e-05
0.9400000000000007,0.08832406597633127,6.162007344085347e-05
0.9420000000000007,0.0883241875954807,6.080957471302827e-05
0.9440000000000007,0.08832430761495391,6.0009736605202e-05
0.9460000000000007,0.0883244260557917,5.922041889652457e-05
0.9480000000000007,0.08832454293875812,5.844148321052061e-05
0.9500000000000007,0.0883246582843441,5.767279299077155e-05
0.9520000000000007,0.08832477211277105,5.6914213476998575e-05
0.9540000000000007,0.08832488444399442,5.616561168147785e-05
0.9560000000000007,0.08832499529770715,5.5426856365655866e-05
0.9580000000000007,0.08832510469334319,5.469781801720367e-05
0.9600000000000007,0.08832521265008085,5.397836882730036e-05
0.9620000000000007,0.08832531918684619,5.326838266820572e-05
0.9640000000000007,0.08832542432231633,5.2567735071132455e-05
0.9660000000000007,0.08832552807492274,5.187630320450725e-05
0.9680000000000007,0.08832563046285444,5.119396585233698e-05
0.9700000000000008,0.08832573150406123,5.0520603393016166e-05
0.9720000000000008,0.08832583121625678,4.9856097778306236e-05
0.9740000000000008,0.0883259296169218,4.920033251274481e-05
0.9760000000000008,0.08832602672330707,4.855319263308953e-05
0.9780000000000008,0.08832612255243645,4.791456468827439e-05
0.9800000000000008,0.08832621712110988,4.728433671942258e-05
0.9820000000000008,0.08832631044590636,4.666239824032521e-05
0.9840000000000008,0.0883264025431868,4.604864021800618e-05
0.9860000000000008,0.0883264934290969,4.544295505356327e-05
0.9880000000000008,0.08832658311957003,4.4845236563425365e-05
0.9900000000000008,0.08832667163032995,4.4255379960629036e-05
0.9920000000000008,0.08832675897689363,4.367328183651335e-05
0.9940000000000008,0.08832684517457391,4.309884014256143e-05
0.9960000000000008,0.08832693023848226,4.2531954172509115e-05
0.9980000000000008,0.08832701418353135,4.1972524544713916e-05
1.0000000000000007,0.08832709702443772,4.142045318471047e-05
1.0020000000000007,0.08832717877572434,4.0875643308025276e-05
1.0040000000000007,0.08832725945172315,4.033799940319994e-05
1.0060000000000007,0.08832733906657758,3.980742721502706e-05
1.0080000000000007,0.08832741763424504,3.9283833728123076e-05
1.0100000000000007,0.08832749516849933,3.876712715048535e-05
1.0120000000000007,0.08832757168293312,3.825721689749395e-05
1.0140000000000007,0.08832764719096027,3.7754013576002726e-05
1.0160000000000007,0.08832772170581821,3.7257428968671923e-05
1.0180000000000007,0.08832779524057024,3.6767376018473e-05
1.0200000000000007,0.08832786780810788,3.628376881348244e-05
1.0220000000000007,0.08832793942115302,3.5806522571761385e-05
1.0240000000000007,0.08832801009226028,3.533555362653638e-05
1.0260000000000007,0.0883280798338191,3.4870779411519466e-05
1.0280000000000007,0.088328148658056,3.441211844644489e-05
1.0300000000000007,0.08832821657703664,3.395949032276319e-05
1.0320000000000007,0.08832828360266802,3.351281568952219e-05
1.0340000000000007,0.0883283497467005,3.3072016239507986e-05
1.0360000000000007,0.08832841502072988,3.263701469548906e-05
1.0380000000000007,0.08832847943619948,3.220773479669244e-05
1.0400000000000007,0.08832854300440206,3.178410128538374e-05
1.0420000000000007,0.08832860573648184,3.136603989369927e-05
1.0440000000000007,0.0883286676434365,3.095347733070306e-05
1.0460000000000007,0.08832872873611904,3.05463412693961e-05
1.0480000000000007,0.0883287890252397,3.014456033412718e-05
1.0500000000000007,0.08832884852136788,2.9748064088056877e-05
1.0520000000000007,0.08832890723493392,2.935678302083122e-05
1.0540000000000007,0.08832896517623098,2.897064853636405e-05
1.0560000000000007,0.08832902235541687,2.858959294081215e-05
1.0580000000000007,0.08832907878251572,2.8213549430747446e-05
1.0600000000000007,0.08832913446741988,2.7842452081385757e-05
1.0620000000000007,0.08832918941989155,2.7476235835111215e-05
1.0640000000000007,0.08832924364956453,2.711483648996976e-05
1.0660000000000007,0.08832929716594591,2.675819068849231e-05
1.0680000000000007,0.08832934997841772,2.6406235906535427e-05
1.0700000000000007,0.0883294020962386,2.605891044238572e-05
1.0720000000000007,0.08832945352854542,2.5716153405891433e-05
1.0740000000000007,0.08832950428435483,2.5377904707762046e-05
1.0760000000000007,0.08832955437256493,2.504410504910737e-05
1.0780000000000007,0.08832960380195674,2.4714695911005804e-05
1.0800000000000007,0.08832965258119584,2.438961954424228e-05
1.0820000000000007,0.08832970071883375,2.4068818959160843e-05
1.0840000000000007,0.08832974822330958,2.3752237915717708e-05
1.0860000000000007,0.0883297951029514,2.3439820913632126e-05
1.0880000000000007,0.08832984136597777,2.31315131825762e-05
1.0900000000000007,0.08832988702049911,2.282726067264579e-05
1.0920000000000007,0.0883299320745192,2.2527010044872553e-05
1.0940000000000007,0.08832997653593652,2.223070866185334e-05
1.0960000000000008,0.08833002041254567,2.1938304578535318e-05
1.0980000000000008,0.08833006371203873,2.1649746533108554e-05
1.1000000000000008,0.0883301064420066,2.1364983938027603e-05
1.1020000000000008,0.08833014860994035,2.108396687111581e-05
1.1040000000000008,0.08833019022323248,2.0806646066841986e-05
1.1060000000000008,0.08833023128917829,2.053297290767327e-05
1.1080000000000008,0.08833027181497712,2.0262899415554045e-05
1.1100000000000008,0.0883303118077336,1.9996378243465835e-05
1.1120000000000008,0.08833035127445893,1.9733362667197406e-05
1.1140000000000008,0.08833039022207208,1.947380657705889e-05
1.1160000000000008,0.08833042865740101,1.9217664469881277e-05
1.1180000000000008,0.0883304665871839,1.896489144099924e-05
1.1200000000000008,0.08833050401807024,1.8715443176386247e-05
1.1220000000000008,0.08833054095662213,1.846927594487334e-05
1.1240000000000008,0.08833057740931531,1.822634659053728e-05
1.1260000000000008,0.08833061338254036,1.798661252501961e-05
1.1280000000000008,0.08833064888260381,1.7750031720185683e-05
1.1300000000000008,0.08833068391572921,1.7516562700684147e-05
1.1320000000000008,0.08833071848805828,1.7286164536717344e-05
1.1340000000000008,0.08833075260565194,1.705879683681604e-05
1.1360000000000008,0.08833078627449142,1.6834419740827397e-05
1.1380000000000008,0.08833081950047925,1.661299391282231e-05
1.1400000000000008,0.08833085228944032,1.6394480534319014e-05
1.1420000000000008,0.08833088464712291,1.617884129740225e-05
1.1440000000000008,0.08833091657919971,1.596603839801098e-05
1.1460000000000008,0.08833094809126878,1.57560345293441e-05
1.1480000000000008,0.08833097918885453,1.5548792875294135e-05
1.1500000000000008,0.08833100987740874,1.5344277104034313e-05
1.1520000000000008,0.08833104016231147,1.514245136155905e-05
1.1540000000000008,0.088331070048872,1.4943280265502535e-05
1.1560000000000008,0.0883310995423298,1.4746728898888625e-05
1.1580000000000008,0.08833112864785542,1.4552762803994478e-05
1.1600000000000008,0.08833115737055137,1.4361347976302809e-05
1.1620000000000008,0.08833118571545309,1.4172450858593246e-05
1.1640000000000008,0.08833121368752976,1.3986038335018405e-05
1.1660000000000008,0.08833124129168521,1.3802077725333672e-05
1.1680000000000008,0.08833126853275877,1.3620536779129827e-05
1.1700000000000008,0.08833129541552612,1.3441383670148863e-05
1.1720000000000008,0.0883313219447001,1.326458699079419e-05
1.1740000000000008,0.0883313481249316,1.3090115746566743e-05
1.1760000000000008,0.0883313739608103,1.2917939350652159e-05
1.1780000000000008,0.08833139945686554,1.2748027618546775e-05
1.1800000000000008,0.08833142461756706,1.258035076275362e-05
1.1820000000000008,0.08833144944732584,1.2414879387603584e-05
1.1840000000000008,0.0883314739504948,1.2251584484047734e-05
1.1860000000000008,0.08833149813136965,1.2090437424595644e-05
1.1880000000000008,0.08833152199418956,1.1931409958309289e-05
1.1900000000000008,0.08833154554313798,1.1774474205842299e-05
1.1920000000000008,0.08833156878234329,1.1619602654536655e-05
1.1940000000000008,0.08833159171587959,1.1466768153647984e-05
1.1960000000000008,0.08833161434776741,1.1315943909511545e-05
1.1980000000000008,0.08833163668197437,1.1167103480886947e-05
1.2000000000000008,0.08833165872241593,1.1020220774344972e-05
1.2020000000000008,0.088331680472956,1.0875270039624264e-05
1.2040000000000008,0.08833170193740773,1.073222586521627e-05
1.2060000000000008,0.08833172311953408,1.0591063173821755e-05
1.2080000000000009,0.08833174402304851,1.0451757217993114e-05
1.2100000000000009,0.08833176465161566,1.0314283575784843e-05
1.2120000000000009,0.08833178500885196,1.0178618146491343e-05
1.2140000000000009,0.08833180509832625,1.0044737146394487e-05
1.2160000000000009,0.08833182492356045,9.912617104602447e-06
1.2180000000000009,0.08833184448803018,9.78223485896117e-06
1.2200000000000009,0.08833186379516528,9.653567551923614e-06
1.2220000000000009,0.08833188284835053,9.526592626672673e-06
1.2240000000000009,0.08833190165092618,9.40128782301512e-06
1.2260000000000009,0.08833192020618852,9.277631173569169e-06
1.2280000000000009,0.08833193851739052,9.155600999896e-06
1.2300000000000009,0.08833195658774233,9.035175908713901e-06
1.2320000000000009,0.08833197442041191,8.916334788114956e-06
1.2340000000000009,0.08833199201852551,8.799056803867911e-06
1.2360000000000009,0.0883320093851683,8.68332139579073e-06
1.2380000000000009,0.08833202652338486,8.56910827413931e-06
1.2400000000000009,0.08833204343617969,8.45639741602768e-06
1.2420000000000009,0.08833206012651781,8.345169061938637e-06
1.2440000000000009,0.08833207659732524,8.235403712264775e-06
1.2460000000000009,0.08833209285148949,8.127082123874575e-06
1.2480000000000009,0.0883321088918601,8.020185306741022e-06
1.2500000000000009,0.08833212472124914,7.914694520599356e-06
1.252000000000001,0.08833214034243168,7.810591271733988e-06
1.254000000000001,0.0883321557581463,7.707857309637493e-06
1.256000000000001,0.08833217097109555,7.606474623842113e-06
1.258000000000001,0.08833218598394643,7.506425440825353e-06
1.260000000000001,0.08833220079933088,7.407692220786531e-06
1.262000000000001,0.08833221541984619,7.310257654637245e-06
1.264000000000001,0.08833222984805551,7.214104660991339e-06
1.266000000000001,0.08833224408648828,7.119216383139373e-06
1.268000000000001,0.08833225813764065,7.025576186049525e-06
1.270000000000001,0.08833227200397595,6.9331676535157984e-06
1.272000000000001,0.08833228568792512,6.841974585278574e-06
1.274000000000001,0.0883322991918871,6.751980994104348e-06
1.276000000000001,0.08833231251822932,6.663171103101799e-06
1.278000000000001,0.088332325669288,6.5755293428536295e-06
1.280000000000001,0.0883323386473687,6.489040348776184e-06
1.282000000000001,0.08833235145474662,6.403688958329252e-06
1.284000000000001,0.08833236409366703,6.3194602084366276e-06
1.286000000000001,0.0883323765663457,6.236339332831214e-06
1.288000000000001,0.08833238887496922,6.1543117594591635e-06
1.290000000000001,0.08833240102169544,6.073363107936205e-06
1.292000000000001,0.08833241300865381,5.993479187023338e-06
1.294000000000001,0.0883324248379458,5.914645992159222e-06
1.296000000000001,0.08833243651164521,5.836849702978566e-06
1.298000000000001,0.08833244803179857,5.760076680880139e-06
1.300000000000001,0.0883324594004255,5.684313466696957e-06
1.302000000000001,0.08833247061951906,5.6095467782412675e-06
1.304000000000001,0.08833248169104607,5.535763508063886e-06
1.306000000000001,0.08833249261694752,5.4629507210891836e-06
1.308000000000001,0.08833250339913883,5.391095652384854e-06
1.310000000000001,0.08833251403951023,5.32018570495415e-06
1.312000000000001,0.08833252453992713,5.2502084474634464e-06
1.314000000000001,0.08833253490223035,5.181151612085127e-06
1.316000000000001,0.08833254512823653,5.113003092370452e-06
1.318000000000001,0.08833255521973842,5.045750941084476e-06
1.320000000000001,0.08833256517850516,4.979383368136021e-06
1.322000000000001,0.08833257500628264,4.913888738543482e-06
1.324000000000001,0.08833258470479378,4.849255570342179e-06
1.326000000000001,0.08833259427573885,4.7854725325760655e-06
1.328000000000001,0.08833260372079574,4.722528443352584e-06
1.330000000000001,0.08833261304162027,4.660412267847196e-06
1.332000000000001,0.0883326222398465,4.5991131163899505e-06
1.334000000000001,0.08833263131708699,4.538620242517687e-06
1.336000000000001,0.08833264027493307,4.4789230411412364e-06
1.338000000000001,0.08833264911495516,4.420011046661393e-06
1.340000000000001,0.08833265783870302,4.361873931105907e-06
1.342000000000001,0.08833266644770603,4.304501502366481e-06
1.344000000000001,0.08833267494347344,4.247883702412956e-06
1.346000000000001,0.08833268332749465,4.192010605468048e-06
1.348000000000001,0.08833269160123948,4.136872416337872e-06
1.350000000000001,0.08833269976615842,4.082459468681046e-06
1.352000000000001,0.08833270782368287,4.028762223269909e-06
1.354000000000001,0.0883327157752254,3.975771266348935e-06
1.356000000000001,0.08833272362218002,3.923477307990686e-06
1.358000000000001,0.08833273136592237,3.871871180487485e-06
1.360000000000001,0.08833273900781005,3.820943836673062e-06
1.362000000000001,0.08833274654918274,3.770686348389959e-06
1.364000000000001,0.08833275399136255,3.721089904936203e-06
1.366000000000001,0.08833276133565417,3.672145811466651e-06
1.368000000000001,0.08833276858334514,3.6238454875312725e-06
1.370000000000001,0.08833277573570607,3.576180465511467e-06
1.372000000000001,0.08833278279399084,3.5291423892054086e-06
1.374000000000001,0.08833278975943687,3.4827230122612514e-06
1.376000000000001,0.08833279663326526,3.4369141968438387e-06
1.378000000000001,0.0883328034166811,3.391707912134573e-06
1.380000000000001,0.08833281011087356,3.3470962329466787e-06
1.382000000000001,0.08833281671701623,3.3030713383504783e-06
1.384000000000001,0.08833282323626725,3.259625510266173e-06
1.386000000000001,0.0883328296697695,3.2167511321534803e-06
1.388000000000001,0.08833283601865088,3.17444068761434e-06
1.390000000000001,0.0883328422840244,3.132686759155498e-06
1.392000000000001,0.08833284846698845,3.0914820268271194e-06
1.394000000000001,0.08833285456862698,3.0508192669525587e-06
1.396000000000001,0.08833286059000968,3.0106913509091374e-06
1.398000000000001,0.08833286653219216,2.9710912437818414e-06
1.400000000000001,0.08833287239621616,2.932012003232167e-06
1.402000000000001,0.08833287818310973,2.893446778221953e-06
1.404000000000001,0.08833288389388734,2.855388807811292e-06
1.406000000000001,0.08833288952955018,2.8178314199962358e-06
1.408000000000001,0.08833289509108624,2.780768030534849e-06
1.410000000000001,0.08833290057947053,2.7441921417844653e-06
1.412000000000001,0.08833290599566522,2.708097341572608e-06
1.414000000000001,0.08833291134061982,2.672477302069009e-06
1.416000000000001,0.08833291661527139,2.6373257786634257e-06
1.418000000000001,0.0883329218205446,2.602636608885528e-06
1.420000000000001,0.08833292695735202,2.5684037113438406e-06
1.422000000000001,0.08833293202659419,2.53462108460934e-06
1.424000000000001,0.0883329370291598,2.5012828061878895e-06
1.426000000000001,0.08833294196592587,2.4683830314968847e-06
1.428000000000001,0.08833294683775784,2.435915992825e-06
1.430000000000001,0.08833295164550985,2.4038759983434494e-06
1.432000000000001,0.08833295639002471,2.3722574310508796e-06
1.434000000000001,0.0883329610721342,2.3410547478568054e-06
1.436000000000001,0.08833296569265917,2.3102624785637544e-06
1.438000000000001,0.08833297025240962,2.27987522493864e-06
1.440000000000001,0.08833297475218493,2.249887659748379e-06
1.442000000000001,0.08833297919277398,2.2202945258117143e-06
1.444000000000001,0.08833298357495525,2.1910906351254825e-06
1.446000000000001,0.08833298789949699,2.1622708679028087e-06
1.448000000000001,0.08833299216715734,2.1338301717105963e-06
1.450000000000001,0.08833299637868447,2.1057635605604116e-06
1.452000000000001,0.0883330005348167,2.078066114066115e-06
1.454000000000001,0.08833300463628266,2.0507329765300934e-06
1.456000000000001,0.08833300868380137,2.023759356139083e-06
1.458000000000001,0.08833301267808241,1.997140524123985e-06
1.460000000000001,0.08833301661982604,1.9708718138692013e-06
1.462000000000001,0.08833302050972328,1.9449486201884593e-06
1.464000000000001,0.08833302434845607,1.919366398446639e-06
1.466000000000001,0.0883330281366974,1.8941206637821548e-06
1.468000000000001,0.08833303187511138,1.8692069903315986e-06
1.470000000000001,0.0883330355643534,1.8446210104326205e-06
1.472000000000001,0.08833303920507023,1.8203584138717487e-06
1.474000000000001,0.08833304279790012,1.7964149471293476e-06
1.476000000000001,0.08833304634347294,1.7727864126612395e-06
1.478000000000001,0.08833304984241028,1.7494686681068447e-06
1.480000000000001,0.08833305329532552,1.726457625605181e-06
1.482000000000001,0.08833305670282403,1.7037492510299008e-06
1.484000000000001,0.08833306006550315,1.681339563349725e-06
1.486000000000001,0.08833306338395241,1.6592246338978933e-06
1.488000000000001,0.08833306665875358,1.6374005856766087e-06
1.490000000000001,0.08833306989048077,1.6158635926662777e-06
1.492000000000001,0.08833307307970054,1.5946098791819055e-06
1.494000000000001,0.08833307622697198,1.5736357192038285e-06
1.496000000000001,0.08833307933284686,1.552937435709919e-06
1.498000000000001,0.08833308239786966,1.5325114000715813e-06
1.500000000000001,0.08833308542257773,1.5123540313520488e-06
1.5020000000000011,0.08833308840750131,1.4924617957404217e-06
1.5040000000000011,0.08833309135316372,1.4728312059011411e-06
1.5060000000000011,0.08833309426008136,1.4534588203856355e-06
1.5080000000000011,0.08833309712876385,1.4343412429659293e-06
1.5100000000000011,0.08833309995971408,1.4154751221137095e-06
1.5120000000000011,0.08833310275342839,1.396857150392231e-06
1.5140000000000011,0.08833310551039651,1.3784840638345398e-06
1.5160000000000011,0.0883331082311018,1.3603526414403857e-06
1.5180000000000011,0.08833311091602121,1.3424597045383553e-06
1.5200000000000011,0.08833311356562544,1.3248021163090582e-06
1.5220000000000011,0.088333116180379,1.3073767811898808e-06
1.5240000000000011,0.08833311876074029,1.29018064430788e-06
1.5260000000000011,0.08833312130716167,1.2732106909784331e-06
1.5280000000000011,0.08833312382008957,1.2564639461723515e-06
1.5300000000000011,0.08833312629996451,1.2399374739790401e-06
1.5320000000000011,0.08833312874722127,1.2236283771300316e-06
1.5340000000000011,0.08833313116228886,1.2075337964639965e-06
1.5360000000000011,0.08833313354559068,1.1916509103904915e-06
1.5380000000000011,0.08833313589754455,1.1759769344739514e-06
1.5400000000000011,0.08833313821856278,1.1605091208877602e-06
1.5420000000000011,0.0883331405090523,1.1452447579504143e-06
1.5440000000000011,0.08833314276941465,1.130181169623387e-06
1.5460000000000012,0.08833314500004608,1.115315715082811e-06
1.5480000000000012,0.08833314720133766,1.100645788268447e-06
1.5500000000000012,0.08833314937367528,1.0861688173486868e-06
1.5520000000000012,0.08833315151743981,1.0718822643497993e-06
1.5540000000000012,0.08833315363300706,1.0577836246886737e-06
1.5560000000000012,0.08833315572074792,1.043870426688893e-06
1.5580000000000012,0.08833315778102838,1.0301402312281433e-06
1.5600000000000012,0.08833315981420964,1.0165906312247353e-06
1.5620000000000012,0.08833316182064814,1.003219251302657e-06
1.5640000000000012,0.08833316380069564,9.900237472907736e-07
1.5660000000000012,0.08833316575469925,9.770018058581814e-07
1.5680000000000012,0.08833316768300153,9.641511441131988e-07
1.5700000000000012,0.08833316958594055,9.514695091948065e-07
1.5720000000000012,0.0883331714638499,9.389546778573151e-07
1.5740000000000012,0.08833317331705881,9.266044560924671e-07
1.5760000000000012,0.08833317514589217,9.144166787999356e-07
1.5780000000000012,0.0883331769506706,9.023892092922435e-07
1.5800000000000012,0.08833317873171047,8.905199390160461e-07
1.5820000000000012,0.08833318048932404,8.788067871618271e-07
1.5840000000000012,0.08833318222381943,8.672477002807464e-07
1.5860000000000012,0.08833318393550074,8.55840651935468e-07
1.5880000000000012,0.08833318562466802,8.445836423097331e-07
1.5900000000000012,0.08833318729161742,8.33474697955546e-07
1.5920000000000012,0.08833318893664116,8.225118713367054e-07
1.5940000000000012,0.08833319056002764,8.116932405217615e-07
1.5960000000000012,0.08833319216206145,8.010169088916715e-07
1.5980000000000012,0.08833319374302347,7.904810047790857e-07
1.6000000000000012,0.08833319530319082,7.800836811108323e-07
1.6020000000000012,0.08833319684283705,7.698231151198595e-07
1.6040000000000012,0.08833319836223207,7.596975079840657e-07
1.6060000000000012,0.08833319986164223,7.497050845981981e-07
1.6080000000000012,0.08833320134133042,7.398440931557923e-07
1.6100000000000012,0.08833320280155603,7.301128049178536e-07
1.6120000000000012,0.08833320424257506,7.20509513876741e-07
1.6140000000000012,0.08833320566464013,7.110325364621971e-07
1.6160000000000012,0.08833320706800056,7.016802112628885e-07
1.6180000000000012,0.08833320845290235,6.924508986943227e-07
1.6200000000000012,0.08833320981958831,6.833429807501039e-07
1.6220000000000012,0.08833321116829804,6.743548607182074e-07
1.6240000000000012,0.08833321249926797,6.654849628652756e-07
1.6260000000000012,0.08833321381273143,6.567317322027964e-07
1.6280000000000012,0.0883332151089187,6.480936341918897e-07
1.6300000000000012,0.08833321638805701,6.395691544828447e-07
1.6320000000000012,0.08833321765037061,6.311567986205825e-07
1.6340000000000012,0.0883332188960808,6.228550918263664e-07
1.6360000000000012,0.08833322012540595,6.146625786958499e-07
1.6380000000000012,0.0883332213385616,6.065778230157413e-07
1.6400000000000012,0.08833322253576041,5.985994074272824e-07
1.6420000000000012,0.08833322371721228,5.907259332368258e-07
1.6440000000000012,0.08833322488312431,5.829560201163285e-07
1.6460000000000012,0.08833322603370092,5.75288305921997e-07
1.6480000000000012,0.08833322716914381,5.677214464019807e-07
1.6500000000000012,0.08833322828965204,5.60254114999556e-07
1.6520000000000012,0.08833322939542204,5.528850026115302e-07
1.6540000000000012,0.08833323048664768,5.456128173276853e-07
1.6560000000000012,0.08833323156352024,5.384362842626732e-07
1.6580000000000013,0.08833323262622854,5.313541453141093e-07
1.6600000000000013,0.08833323367495885,5.243651588617844e-07
1.6620000000000013,0.08833323470989506,5.174680996711399e-07
1.6640000000000013,0.08833323573121857,5.106617586045554e-07
1.6660000000000013,0.08833323673910845,5.039449424497366e-07
1.6680000000000013,0.0883332377337414,4.973164736556289e-07
1.6700000000000013,0.08833323871529178,4.907751901607908e-07
1.6720000000000013,0.08833323968393167,4.843199452308962e-07
1.6740000000000013,0.08833324063983089,4.779496071620588e-07
1.6760000000000013,0.088333241583157,4.7166305916371867e-07
1.6780000000000013,0.0883332425140754,4.6545919916039955e-07
1.6800000000000013,0.08833324343274927,4.593369395250282e-07
1.6820000000000013,0.08833324433933969,4.5329520694780905e-07
1.6840000000000013,0.08833324523400557,4.4733294226528733e-07
1.6860000000000013,0.08833324611690377,4.414491001974669e-07
1.6880000000000013,0.08833324698818906,4.356426492597493e-07
1.6900000000000013,0.0883332478480142,4.299125715030476e-07
1.6920000000000013,0.08833324869652993,4.242578623862043e-07
1.6940000000000013,0.088333249533885,4.1867753054762557e-07
1.6960000000000013,0.08833325036022618,4.1317059770392544e-07
1.6980000000000013,0.08833325117569839,4.0773609844152514e-07
1.7000000000000013,0.08833325198044455,4.0237308002595947e-07
1.7020000000000013,0.08833325277460576,3.970806022491503e-07
1.7040000000000013,0.08833325355832124,3.918577372828955e-07
1.7060000000000013,0.08833325433172838,3.867035694770969e-07
1.7080000000000013,0.08833325509496277,3.816171952796521e-07
1.7100000000000013,0.08833325584815822,3.765977229617143e-07
1.7120000000000013,0.08833325659144677,3.7164427258424976e-07
1.7140000000000013,0.08833325732495871,3.667559757388691e-07
1.7160000000000013,0.08833325804882267,3.619319754444249e-07
1.7180000000000013,0.08833325876316551,3.571714259988929e-07
1.7200000000000013,0.0883332594681125,3.524734928382388e-07
1.7220000000000013,0.0883332601637872,3.478373523390083e-07
1.7240000000000013,0.08833326085031158,3.4326219176273297e-07
1.7260000000000013,0.088333261527806,3.3874720900074907e-07
1.7280000000000013,0.08833326219638923,3.3429161253531824e-07
1.7300000000000013,0.08833326285617847,3.2989462124028576e-07
1.7320000000000013,0.0883332635072894,3.2555546428229376e-07
1.7340000000000013,0.08833326414983617,3.2127338093609555e-07
1.7360000000000013,0.0883332647839314,3.170476205186339e-07
1.7380000000000013,0.08833326540968628,3.1287744223068764e-07
1.7400000000000013,0.0883332660272105,3.087621149645011e-07
1.7420000000000013,0.08833326663661234,3.0470091725489976e-07
1.7440000000000013,0.08833326723799861,3.0069313713246306e-07
1.7460000000000013,0.08833326783147476,2.967380719850774e-07
1.7480000000000013,0.08833326841714481,2.9283502844496884e-07
1.7500000000000013,0.08833326899511146,2.889833222767411e-07
1.7520000000000013,0.08833326956547602,2.8518227820100893e-07
1.7540000000000013,0.08833327012833848,2.8143122988012796e-07
1.7560000000000013,0.08833327068379752,2.7772951969325696e-07
1.7580000000000013,0.08833327123195052,2.740764986839981e-07
1.7600000000000013,0.08833327177289357,2.7047152645073306e-07
1.7620000000000013,0.08833327230672151,2.66913970998012e-07
1.7640000000000013,0.08833327283352793,2.6340320863533467e-07
1.7660000000000013,0.08833327335340518,2.599386238960203e-07
1.7680000000000013,0.0883332738664444,2.56519609407812e-07
1.7700000000000014,0.08833327437273554,2.531455657459573e-07
1.7720000000000014,0.08833327487236735,2.498159014405306e-07
1.7740000000000014,0.08833327536542741,2.4653003273066876e-07
1.7760000000000014,0.08833327585200218,2.432873835739713e-07
1.7780000000000014,0.08833327633217695,2.4008738550860953e-07
1.7800000000000014,0.0883332768060359,2.3692947754113793e-07
1.7820000000000014,0.08833327727366212,2.3381310605450058e-07
1.7840000000000014,0.08833327773513758,2.3073772469341962e-07
1.7860000000000014,0.08833327819054317,2.2770279431107571e-07
1.7880000000000014,0.08833327863995873,2.247077828655496e-07
1.7900000000000014,0.08833327908346306,2.2175216529156799e-07
1.7920000000000014,0.0883332795211339,2.1883542341907478e-07
1.7940000000000014,0.08833327995304799,2.1595704592683768e-07
1.7960000000000014,0.08833328037928105,2.1311652820157512e-07
1.7980000000000014,0.08833328079990779,2.103133722643161e-07
1.8000000000000014,0.08833328121500196,2.0754708669001352e-07
1.8020000000000014,0.08833328162463633,2.0481718652168475e-07
1.8040000000000014,0.08833328202888271,2.0212319315946518e-07
1.8060000000000014,0.08833328242781198,1.9946463433156527e-07
1.8080000000000014,0.08833328282149407,1.968410439468241e-07
1.8100000000000014,0.08833328320999799,1.9425196207931858e-07
1.8120000000000014,0.08833328359339186,1.9169693480905048e-07
1.8140000000000014,0.08833328397174289,1.8917551421855955e-07
1.8160000000000014,0.0883332843451174,1.8668725828529956e-07
1.8180000000000014,0.08833328471358087,1.842317307946582e-07
1.8200000000000014,0.08833328507719787,1.8180850122711854e-07
1.8220000000000014,0.08833328543603217,1.794171447929011e-07
1.8240000000000014,0.08833328579014665,1.7705724224998512e-07
1.8260000000000014,0.08833328613960341,1.747283798826627e-07
1.8280000000000014,0.0883332864844637,1.7243014942121506e-07
1.8300000000000014,0.088333286824788,1.7016214797675206e-07
1.8320000000000014,0.08833328716063596,1.67923977903795e-07
1.8340000000000014,0.08833328749206645,1.6571524683759453e-07
1.8360000000000014,0.08833328781913759,1.6353556757495483e-07
1.8380000000000014,0.0883332881419067,1.6138455797984808e-07
1.8400000000000014,0.08833328846043038,1.592618409471598e-07
1.8420000000000014,0.08833328877476447,1.5716704435394047e-07
1.8440000000000014,0.08833328908496407,1.5509980097627082e-07
1.8460000000000014,0.08833328939108356,1.5305974838150833e-07
1.8480000000000014,0.08833328969317662,1.5104652892280986e-07
1.8500000000000014,0.08833328999129621,1.4905978965275367e-07
1.8520000000000014,0.08833329028549457,1.4709918229488974e-07
1.8540000000000014,0.08833329057582329,1.451643631141456e-07
1.8560000000000014,0.08833329086233327,1.4325499291919443e-07
1.8580000000000014,0.08833329114507474,1.413707369991565e-07
1.8600000000000014,0.08833329142409727,1.395112649893307e-07
1.8620000000000014,0.08833329169944977,1.3767625091008407e-07
1.8640000000000014,0.08833329197118052,1.3586537307025292e-07
1.8660000000000014,0.08833329223933714,1.3407831399107399e-07
1.8680000000000014,0.08833329250396667,1.323147603854425e-07
1.8700000000000014,0.08833329276511548,1.3057440307783248e-07
1.8720000000000014,0.08833329302282936,1.2885693698193952e-07
1.8740000000000014,0.08833329327715347,1.2716206097766768e-07
1.8760000000000014,0.08833329352813243,1.254894779575103e-07
1.8780000000000014,0.08833329377581023,1.2383889467670734e-07
1.8800000000000014,0.08833329402023027,1.2221002177720633e-07
1.8820000000000014,0.08833329426143542,1.2060257372352614e-07
1.8840000000000015,0.08833329449946796,1.1901626868812949e-07
1.8860000000000015,0.08833329473436961,1.1745082856396665e-07
1.8880000000000015,0.08833329496618157,1.1590597893106208e-07
1.8900000000000015,0.08833329519494447,1.1438144896779277e-07
1.8920000000000015,0.08833329542069841,1.1287697139956315e-07
1.8940000000000015,0.08833329564348298,1.1139228245716862e-07
1.8960000000000015,0.08833329586333723,1.0992712186432214e-07
1.8980000000000015,0.08833329608029969,1.0848123276329829e-07
1.9000000000000015,0.0883332962944084,1.0705436167755575e-07
1.9020000000000015,0.08833329650570092,1.0564625845945706e-07
1.9040000000000015,0.08833329671421428,1.0425667624752969e-07
1.9060000000000015,0.08833329691998502,1.0288537143277842e-07
1.9080000000000015,0.08833329712304923,1.0153210360907072e-07
1.9100000000000015,0.0883332973234425,1.0019663553419906e-07
1.9120000000000015,0.08833329752119996,9.887873307666275e-08
1.9140000000000015,0.0883332977163563,9.757816521510229e-08
1.9160000000000015,0.0883332979089457,9.629470393132478e-08
1.9180000000000015,0.08833329809900195,9.502812420971919e-08
1.9200000000000015,0.08833329828655836,9.377820403514327e-08
1.9220000000000015,0.08833329847164781,9.254472424503707e-08
1.9240000000000015,0.08833329865430274,9.132746861920762e-08
1.9260000000000015,0.0883332988345552,9.012622374258284e-08
1.9280000000000015,0.08833329901243675,8.894077904102952e-08
1.9300000000000015,0.08833329918797861,8.777092668488502e-08
1.9320000000000015,0.08833329936121154,8.661646157297068e-08
1.9340000000000015,0.0883332995321659,8.547718131962272e-08
1.9360000000000015,0.08833329970087167,8.435288620320422e-08
1.9380000000000015,0.08833329986735843,8.324337912269755e-08
1.9400000000000015,0.08833330003165536,8.214846558576104e-08
1.9420000000000015,0.08833330019379126,8.106795361284414e-08
1.9440000000000015,0.08833330035379457,8.000165378689446e-08
1.9460000000000015,0.08833330051169333,7.89493791871657e-08
1.9480000000000015,0.08833330066751523,7.791094531716723e-08
1.9500000000000015,0.08833330082128757,7.688617012749504e-08
1.9520000000000015,0.08833330097303732,7.587487397240932e-08
1.9540000000000015,0.08833330112279109,7.48768795542895e-08
1.9560000000000015,0.08833330127057511,7.389201191986992e-08
1.9580000000000015,0.08833330141641531,7.292009839426004e-08
1.9600000000000015,0.08833330156033725,7.196096861099363e-08
1.9620000000000015,0.08833330170236615,7.101445441186413e-08
1.9640000000000015,0.08833330184252694,7.008038986923439e-08
1.9660000000000015,0.08833330198084416,6.915861122121685e-08
1.9680000000000015,0.08833330211734207,6.824895688037716e-08
1.9700000000000015,0.08833330225204461,6.735126738049073e-08
1.9720000000000015,0.08833330238497539,6.64653853307283e-08
1.9740000000000015,0.0883333025161577,6.559115542273503e-08
1.9760000000000015,0.08833330264561455,6.472842439212834e-08
1.9780000000000015,0.08833330277336864,6.387704101053353e-08
1.9800000000000015,0.08833330289944234,6.303685601423009e-08
1.9820000000000015,0.08833330302385779,6.220772211116061e-08
1.9840000000000015,0.08833330314663677,6.138949394204373e-08
1.9860000000000015,0.08833330326780083,6.058202807308077e-08
1.9880000000000015,0.08833330338737119,5.978518292449107e-08
1.9900000000000015,0.08833330350536883,5.899881881839827e-08
1.9920000000000015,0.08833330362181442,5.8222797870849035e-08
1.9940000000000015,0.08833330373672839,5.745698405137142e-08
1.9960000000000016,0.08833330385013087,5.67012431047823e-08
1.9980000000000016,0.08833330396204175,5.595544255100947e-08
2.0000000000000013,0.08833330407248066,5.521945164266872e-08
2.002000000000001,0.08833330418146694,5.449314133228806e-08
2.004000000000001,0.08833330428901971,5.377638430536794e-08
2.0060000000000007,0.08833330439515782,5.3069054885280986e-08
2.0080000000000005,0.08833330449989989,5.2371029078699326e-08
2.0100000000000002,0.08833330460326426,5.168218450953573e-08
2.012,0.08833330470526907,5.1002400427625726e-08
2.014,0.08833330480593218,5.0331557631869127e-08
2.0159999999999996,0.08833330490527126,4.9669538554708416e-08
2.0179999999999993,0.08833330500330372,4.90162271209055e-08
2.019999999999999,0.08833330510004674,4.8371508801109e-08
2.021999999999999,0.08833330519551727,4.773527055043216e-08
2.0239999999999987,0.08833330528973207,4.7107400862192046e-08
2.0259999999999985,0.08833330538270766,4.648778964632246e-08
2.0279999999999982,0.08833330547446032,4.5876328274617894e-08
2.029999999999998,0.08833330556500614,4.527290953582884e-08
2.031999999999998,0.088333305654361,4.4677427661177286e-08
2.0339999999999976,0.08833330574254056,4.4089778261153666e-08
2.0359999999999974,0.08833330582956027,4.350985831652343e-08
2.037999999999997,0.0883333059154354,4.293756614940075e-08
2.039999999999997,0.088333306000181,4.237280144238877e-08
2.0419999999999967,0.08833330608381193,4.181546519183607e-08
2.0439999999999965,0.08833330616634284,4.126545966795066e-08
2.0459999999999963,0.08833330624778822,4.072268844700827e-08
2.047999999999996,0.08833330632816233,4.018705639520214e-08
2.049999999999996,0.08833330640747927,3.965846959228742e-08
2.0519999999999956,0.08833330648575294,3.9136835374844384e-08
2.0539999999999954,0.08833330656299707,3.8622062287145426e-08
2.055999999999995,0.08833330663922519,3.811406010455081e-08
2.057999999999995,0.08833330671445067,3.7612739747283376e-08
2.0599999999999947,0.08833330678868669,3.7118013337315846e-08
2.0619999999999945,0.08833330686194628,3.662979415865135e-08
2.0639999999999943,0.08833330693424227,3.614799658544513e-08
2.065999999999994,0.08833330700558734,3.567253618985989e-08
2.067999999999994,0.08833330707599399,3.5203329599486453e-08
2.0699999999999936,0.08833330714547458,3.4740294570131014e-08
2.0719999999999934,0.08833330721404127,3.428334989934482e-08
2.073999999999993,0.0883333072817061,3.3832415500483464e-08
2.075999999999993,0.08833330734848092,3.3387412318579506e-08
2.0779999999999927,0.08833330741437745,3.2948262344687e-08
2.0799999999999925,0.08833330747940722,3.251488856459177e-08
2.0819999999999923,0.08833330754358165,3.208721502339213e-08
2.083999999999992,0.08833330760691198,3.166516674974151e-08
2.085999999999992,0.08833330766940932,3.124866973798179e-08
2.0879999999999916,0.08833330773108462,3.0837650975600216e-08
2.0899999999999914,0.0883333077919487,3.0432038401921405e-08
2.091999999999991,0.08833330785201222,3.0031760916875866e-08
2.093999999999991,0.08833330791128573,2.9636748346162326e-08
2.0959999999999908,0.08833330796977959,2.924693143428975e-08
2.0979999999999905,0.08833330802750407,2.886224183794964e-08
2.0999999999999903,0.08833330808446929,2.8482612142598003e-08
2.10199999999999,0.08833330814068524,2.8107975770702376e-08
2.10399999999999,0.08833330819616178,2.7738267054137296e-08
2.1059999999999897,0.08833330825090863,2.7373421167060895e-08
2.1079999999999894,0.08833330830493537,2.701337415536432e-08
2.109999999999989,0.0883333083582515,2.6658062897635638e-08
2.111999999999989,0.08833330841086635,2.6307425115115816e-08
2.1139999999999888,0.08833330846278915,2.5961399318487728e-08
2.1159999999999886,0.088333308514029,2.561992484533431e-08
2.1179999999999883,0.08833330856459488,2.528294185217989e-08
2.119999999999988,0.08833330861449566,2.495039124281342e-08
2.121999999999988,0.08833330866374009,2.4622214736978263e-08
2.1239999999999877,0.0883333087123368,2.429835479958707e-08
2.1259999999999875,0.08833330876029431,2.3978754646880776e-08
2.1279999999999872,0.08833330880762102,2.3663358229794116e-08
2.129999999999987,0.08833330885432525,2.3352110284698466e-08
2.131999999999987,0.08833330890041516,2.3044956225771356e-08
2.1339999999999866,0.08833330894589884,2.274184220615057e-08
2.1359999999999864,0.08833330899078427,2.2442715103634365e-08
2.137999999999986,0.08833330903507931,2.2147522467785745e-08
2.139999999999986,0.08833330907879174,2.185621256092388e-08
2.1419999999999857,0.0883333091219292,2.1568734285189234e-08
2.1439999999999855,0.08833330916449927,2.128503727282685e-08
2.1459999999999853,0.08833330920650942,2.1005071768025702e-08
2.147999999999985,0.08833330924796699,2.0728788699850406e-08
2.149999999999985,0.08833330928887927,2.045613961620819e-08
2.1519999999999846,0.08833330932925341,2.0187076734175146e-08
2.1539999999999844,0.08833330936909652,1.9921552897903682e-08
2.155999999999984,0.08833330940841556,1.9659521522189494e-08
2.157999999999984,0.08833330944721744,1.940093669515855e-08
2.1599999999999837,0.08833330948550895,1.914575304952069e-08
2.1619999999999835,0.08833330952329681,1.889392589180686e-08
2.1639999999999833,0.08833330956058763,1.8645411032562442e-08
2.165999999999983,0.08833330959738796,1.8400164941596435e-08
2.167999999999983,0.08833330963370424,1.815814460419253e-08
2.1699999999999826,0.08833330966954285,1.7919307610940782e-08
2.1719999999999824,0.08833330970491007,1.7683612085422115e-08
2.173999999999982,0.08833330973981211,1.745101671010122e-08
2.175999999999982,0.08833330977425508,1.7221480682438934e-08
2.1779999999999817,0.088333309808245,1.699496378613299e-08
2.1799999999999815,0.08833330984178785,1.677142630044364e-08
2.1819999999999813,0.0883333098748895,1.6550829054127588e-08
2.183999999999981,0.08833330990755578,1.6333133341699262e-08
2.185999999999981,0.08833330993979238,1.6118301003966565e-08
2.1879999999999806,0.08833330997160498,1.590629440749534e-08
2.1899999999999804,0.08833331000299913,1.5697076346670636e-08
2.19199999999998,0.08833331003398034,1.549061017072321e-08
2.19399999999998,0.08833331006455407,1.5286859680299754e-08
2.1959999999999797,0.08833331009472564,1.5085789146468744e-08
2.1979999999999795,0.08833331012450037,1.4887363347113901e-08
2.1999999999999793,0.08833331015388346,1.4691547471915885e-08
2.201999999999979,0.08833331018288007,1.4498307190460289e-08
2.203999999999979,0.08833331021149529,1.4307608645873308e-08
2.2059999999999786,0.08833331023973413,1.4119418365429333e-08
2.2079999999999784,0.08833331026760154,1.3933703375829212e-08
2.209999999999978,0.0883333102951024,1.375043113087993e-08
2.211999999999978,0.08833331032224154,1.35695695134586e-08
2.2139999999999778,0.08833331034902371,1.3391086797121291e-08
2.2159999999999775,0.08833331037545361,1.3214951676902251e-08
2.2179999999999773,0.08833331040153587,1.30411332939712e-08
2.219999999999977,0.08833331042727507,1.286960119402068e-08
2.221999999999977,0.08833331045267573,1.2700325271222412e-08
2.2239999999999767,0.08833331047774227,1.253327584927131e-08
2.2259999999999764,0.08833331050247913,1.2368423662901009e-08
2.227999999999976,0.0883333105268906,1.220573980126566e-08
2.229999999999976,0.088333310550981,1.2045195745911513e-08
2.231999999999976,0.08833331057475452,1.1886763358974115e-08
2.2339999999999756,0.08833331059821535,1.1730414853939081e-08
2.2359999999999753,0.0883333106213676,1.157612283353784e-08
2.237999999999975,0.08833331064421532,1.1423860236915617e-08
2.239999999999975,0.08833331066676252,1.1273600360682301e-08
2.2419999999999747,0.08833331068901315,1.1125316894998407e-08
2.2439999999999745,0.08833331071097111,1.0978983808642868e-08
2.2459999999999742,0.08833331073264027,1.0834575483557126e-08
2.247999999999974,0.0883333107540244,1.0692066574907528e-08
2.249999999999974,0.08833331077512727,1.0551432106007687e-08
2.2519999999999736,0.08833331079595257,1.0412647419469367e-08
2.2539999999999734,0.08833331081650395,1.0275688179197928e-08
2.255999999999973,0.088333310836785,1.0140530394952975e-08
2.257999999999973,0.0883333108567993,1.0007150376396608e-08
2.2599999999999727,0.08833331087655034,9.875524719085835e-09
2.2619999999999725,0.0883333108960416,9.745630355707782e-09
2.2639999999999723,0.08833331091527649,9.617444533078013e-09
2.265999999999972,0.08833331093425838,9.490944753496577e-09
2.267999999999972,0.0883333109529906,9.366108831396197e-09
2.2699999999999716,0.08833331097147643,9.242914897018128e-09
2.2719999999999714,0.08833331098971911,9.121341357443249e-09
2.273999999999971,0.08833331100772185,9.001366886610391e-09
2.275999999999971,0.08833331102548779,8.882970458186607e-09
2.2779999999999707,0.08833331104302006,8.766131310289289e-09
2.2799999999999705,0.08833331106032172,8.650828979794146e-09
2.2819999999999703,0.08833331107739581,8.537043223323113e-09
2.28399999999997,0.08833331109424532,8.424754103580897e-09
2.28599999999997,0.0883333111108732,8.313941950583339e-09
2.2879999999999696,0.08833331112728238,8.204587333482263e-09
2.2899999999999694,0.08833331114347572,8.096671077038051e-09
2.291999999999969,0.08833331115945606,7.990174256301312e-09
2.293999999999969,0.08833331117522622,7.885078211635307e-09
2.2959999999999687,0.08833331119078895,7.78136451927936e-09
2.2979999999999685,0.08833331120614699,7.679014968452379e-09
2.2999999999999683,0.08833331122130302,7.57801164667258e-09
2.301999999999968,0.08833331123625969,7.478336819536665e-09
2.303999999999968,0.08833331125101963,7.37997304524214e-09
2.3059999999999676,0.08833331126558544,7.282903076417632e-09
2.3079999999999674,0.08833331127995966,7.187109865370116e-09
2.309999999999967,0.08833331129414482,7.0925766525710636e-09
2.311999999999967,0.0883333113081434,6.999286848676547e-09
2.3139999999999668,0.08833331132195785,6.907224086630202e-09
2.3159999999999665,0.0883333113355906,6.816372242299534e-09
2.3179999999999663,0.08833331134904403,6.726715388945836e-09
2.319999999999966,0.0883333113623205,6.63823780158439e-09
2.321999999999966,0.08833331137542236,6.550923981497007e-09
2.3239999999999656,0.08833331138835188,6.464758613518664e-09
2.3259999999999654,0.08833331140111132,6.379726594969137e-09
2.327999999999965,0.08833331141370294,6.2958130152057325e-09
2.329999999999965,0.08833331142612895,6.213003162633339e-09
2.3319999999999648,0.08833331143839152,6.1312825274414574e-09
2.3339999999999645,0.0883333114504928,6.050636786126557e-09
2.3359999999999643,0.0883333114624349,5.971051785658784e-09
2.337999999999964,0.08833331147421992,5.8925135748826606e-09
2.339999999999964,0.08833331148584994,5.815008388039248e-09
2.3419999999999637,0.08833331149732698,5.738522650080171e-09
2.3439999999999634,0.08833331150865306,5.663042941649544e-09
2.3459999999999632,0.08833331151983018,5.588556032291746e-09
2.347999999999963,0.08833331153086027,5.5150488660950404e-09
2.349999999999963,0.08833331154174529,5.442508549062081e-09
2.3519999999999626,0.08833331155248712,5.370922360495466e-09
2.3539999999999623,0.08833331156308769,5.300277783537164e-09
2.355999999999962,0.0883333115735488,5.230562382459361e-09
2.357999999999962,0.08833331158387234,5.161763975800289e-09
2.3599999999999617,0.08833331159406008,5.093870463168168e-09
2.3619999999999615,0.08833331160411381,5.026869977412961e-09
2.3639999999999612,0.08833331161403532,4.9607507560390815e-09
2.365999999999961,0.08833331162382632,4.895501205678751e-09
2.367999999999961,0.08833331163348854,4.83110989179591e-09
2.3699999999999606,0.08833331164302367,4.7675655283672845e-09
2.3719999999999604,0.08833331165243338,4.704856971477885e-09
2.37399999999996,0.08833331166171933,4.642973234773176e-09
2.37599999999996,0.08833331167088314,4.581903458732463e-09
2.3779999999999597,0.08833331167992642,4.5216369499799235e-09
2.3799999999999595,0.08833331168885074,4.4621631292730024e-09
2.3819999999999593,0.08833331169765768,4.4034715725555076e-09
2.383999999999959,0.08833331170634878,4.345552002310073e-09
2.385999999999959,0.08833331171492557,4.288394259895362e-09
2.3879999999999586,0.08833331172338955,4.231988325711648e-09
2.3899999999999584,0.0883333117317422,4.176324292297812e-09
2.391999999999958,0.08833331173998499,4.121392426736428e-09
2.393999999999958,0.08833331174811936,4.067183096408962e-09
2.3959999999999577,0.08833331175614673,4.0136867703818674e-09
2.3979999999999575,0.08833331176406851,3.960894105415933e-09
2.3999999999999573,0.08833331177188611,3.9087958269603935e-09
2.401999999999957,0.08833331177960087,3.857382798777069e-09
2.403999999999957,0.08833331178721417,3.806646040092292e-09
2.4059999999999566,0.08833331179472732,3.756576611691966e-09
2.4079999999999564,0.08833331180214166,3.707165754576453e-09
2.409999999999956,0.08833331180945847,3.6584047933421246e-09
2.411999999999956,0.08833331181667904,3.6102852046300306e-09
2.4139999999999557,0.08833331182380463,3.5627985248419648e-09
2.4159999999999555,0.08833331183083651,3.515936464711741e-09
2.4179999999999553,0.08833331183777589,3.469690792821773e-09
2.419999999999955,0.088333311844624,3.4240533872812786e-09
2.421999999999955,0.08833331185138203,3.3790162573290215e-09
2.4239999999999546,0.08833331185805117,3.3345715175961632e-09
2.4259999999999544,0.08833331186463259,3.2907113691940893e-09
2.427999999999954,0.08833331187112745,3.247428125012276e-09
2.429999999999954,0.08833331187753687,3.2047141886174206e-09
2.4319999999999538,0.088333311883862,3.162562057783594e-09
2.4339999999999535,0.08833331189010392,3.1209643696345807e-09
2.4359999999999533,0.08833331189626374,3.079913832715079e-09
2.437999999999953,0.08833331190234255,3.039403254803635e-09
2.439999999999953,0.0883333119083414,2.9994255041876123e-09
2.4419999999999527,0.08833331191426134,2.9599735811591715e-09
2.4439999999999524,0.08833331192010342,2.921040572448436e-09
2.445999999999952,0.08833331192586866,2.882619676857073e-09
2.447999999999952,0.08833331193155806,2.844704141823435e-09
2.4499999999999518,0.08833331193717264,2.8072872965197977e-09
2.4519999999999516,0.08833331194271336,2.770362599021632e-09
2.4539999999999513,0.08833331194818121,2.733923591654012e-09
2.455999999999951,0.08833331195357715,2.697963863128788e-09
2.457999999999951,0.0883333119589021,2.6624771030419757e-09
2.4599999999999507,0.088333311964157,2.627457124780262e-09
2.4619999999999505,0.0883333119693428,2.592897779553924e-09
2.4639999999999502,0.08833331197446039,2.558792990879824e-09
2.46599999999995,0.08833331197951066,2.525136782227148e-09
2.46799999999995,0.08833331198449451,2.4919232384844845e-09
2.4699999999999496,0.0883333119894128,2.4591465769561724e-09
2.4719999999999493,0.0883333119942664,2.426801039119334e-09
2.473999999999949,0.08833331199905617,2.394880928011532e-09
2.475999999999949,0.08833331200378293,2.3633806801837134e-09
2.4779999999999487,0.08833331200844752,2.3322947565945583e-09
2.4799999999999485,0.08833331201305075,2.3016177012569574e-09
2.4819999999999482,0.08833331201759344,2.2713441458794397e-09
2.483999999999948,0.08833331202207638,2.241468793966957e-09
2.485999999999948,0.08833331202650035,2.2119863856366324e-09
2.4879999999999476,0.08833331203086614,2.182891775591265e-09
2.4899999999999474,0.0883333120351745,2.154179846923472e-09
2.491999999999947,0.0883333120394262,2.125845570321419e-09
2.493999999999947,0.08833331204362196,2.0978839655743533e-09
2.4959999999999467,0.08833331204776254,2.070290155229865e-09
2.4979999999999465,0.08833331205184866,2.0430593035726112e-09
2.4999999999999463,0.08833331205588103,2.01618660841768e-09
2.501999999999946,0.08833331205986036,1.9896673790103612e-09
2.503999999999946,0.08833331206378736,1.9634969727123666e-09
2.5059999999999456,0.0883333120676627,1.937670785918671e-09
2.5079999999999454,0.08833331207148708,1.9121842889676316e-09
2.509999999999945,0.08833331207526114,1.8870330115268797e-09
2.511999999999945,0.08833331207898557,1.8622125530243786e-09
2.5139999999999447,0.088333312082661,1.8377185688239692e-09
2.5159999999999445,0.0883333120862881,1.8135467603215816e-09
2.5179999999999443,0.08833331208986749,1.7896928865755017e-09
2.519999999999944,0.08833331209339979,1.7661527537489265e-09
2.521999999999944,0.08833331209688564,1.7429222691440509e-09
2.5239999999999436,0.08833331210032563,1.719997337880138e-09
2.5259999999999434,0.08833331210372038,1.6973739265596339e-09
2.527999999999943,0.08833331210707047,1.675048093612573e-09
2.529999999999943,0.08833331211037651,1.6530159087078342e-09
2.5319999999999427,0.08833331211363905,1.6312735135578248e-09
2.5339999999999425,0.08833331211685869,1.6098171083185036e-09
2.5359999999999423,0.08833331212003598,1.5886429202367724e-09
2.537999999999942,0.08833331212317147,1.5677472395040393e-09
2.539999999999942,0.08833331212626572,1.5471264080293817e-09
2.5419999999999416,0.08833331212931927,1.526776809021083e-09
2.5439999999999414,0.08833331213233267,1.5066948595181402e-09
2.545999999999941,0.08833331213530643,1.4868770462824882e-09
2.547999999999941,0.08833331213824107,1.4673199123093457e-09
2.5499999999999408,0.08833331214113711,1.4480200042609394e-09
2.5519999999999405,0.08833331214399506,1.4289739550205124e-09
2.5539999999999403,0.08833331214681542,1.4101784267760936e-09
2.55599999999994,0.08833331214959868,1.3916301254807085e-09
2.55799999999994,0.08833331215234533,1.3733257929184044e-09
2.5599999999999397,0.08833331215505585,1.3552622205879576e-09
2.5619999999999394,0.08833331215773073,1.3374362193425664e-09
2.563999999999939,0.08833331216037042,1.3198447006211786e-09
2.565999999999939,0.0883333121629754,1.3024845509446047e-09
2.5679999999999388,0.0883333121655461,1.2853527428075442e-09
2.5699999999999386,0.08833331216808299,1.2684462755148241e-09
2.5719999999999383,0.08833331217058651,1.2517621920789837e-09
2.573999999999938,0.08833331217305711,1.2352975703138875e-09
2.575999999999938,0.08833331217549521,1.2190494952896927e-09
2.5779999999999377,0.08833331217790125,1.2030151415370303e-09
2.5799999999999375,0.08833331218027562,1.1871916732406452e-09
2.5819999999999372,0.08833331218261878,1.171576350414109e-09
2.583999999999937,0.08833331218493111,1.1561664056048824e-09
2.585999999999937,0.08833331218721303,1.1409591546118556e-09
2.5879999999999366,0.08833331218946494,1.1259519384909971e-09
2.5899999999999364,0.08833331219168722,1.111142097812027e-09
2.591999999999936,0.08833331219388027,1.0965270772996275e-09
2.593999999999936,0.08833331219604448,1.082104280974531e-09
2.5959999999999357,0.08833331219818022,1.0678711843868054e-09
2.5979999999999355,0.08833331220028787,1.0538252998097663e-09
2.5999999999999353,0.0883333122023678,1.0399641696353037e-09
2.601999999999935,0.08833331220442037,1.0262853606882624e-09
2.603999999999935,0.08833331220644594,1.0127864805895558e-09
2.6059999999999346,0.08833331220844487,9.994651490794747e-10
2.6079999999999344,0.08833331221041751,9.863190160498068e-10
2.609999999999934,0.0883333122123642,9.733457991138305e-10
2.611999999999934,0.0883333122142853,9.60543227232654e-10
2.6139999999999337,0.08833331221618111,9.479090398839982e-10
2.6159999999999335,0.08833331221805199,9.354410267000513e-10
2.6179999999999333,0.08833331221989826,9.231370176718411e-10
2.619999999999933,0.08833331222172025,9.109948545550828e-10
2.621999999999933,0.08833331222351827,8.990124099524791e-10
2.6239999999999326,0.08833331222529264,8.871875601874217e-10
2.6259999999999324,0.08833331222704367,8.755182478556565e-10
2.627999999999932,0.08833331222877168,8.640024267084057e-10
2.629999999999932,0.08833331223047695,8.526380815051523e-10
2.6319999999999317,0.0883333122321598,8.414232002014174e-10
2.6339999999999315,0.08833331223382052,8.303558369272047e-10
2.6359999999999313,0.08833331223545939,8.194340359131688e-10
2.637999999999931,0.0883333122370767,8.086558972688772e-10
2.639999999999931,0.08833331223867275,7.98019502524778e-10
2.6419999999999306,0.08833331224024779,7.875230236721029e-10
2.6439999999999304,0.08833331224180212,7.771646005535378e-10
2.64599999999993,0.088333312243336,7.669424311615151e-10
2.64799999999993,0.08833331224484971,7.568547193656432e-10
2.6499999999999297,0.08833331224634351,7.468996931399707e-10
2.6519999999999295,0.08833331224781767,7.370756019791299e-10
2.6539999999999293,0.08833331224927243,7.273807111970918e-10
2.655999999999929,0.08833331225070806,7.178133415472246e-10
2.657999999999929,0.0883333122521248,7.083718171336257e-10
2.6599999999999286,0.08833331225352291,6.990544850985386e-10
2.6619999999999284,0.08833331225490262,6.898597119288202e-10
2.663999999999928,0.0883333122562642,6.807858788209474e-10
2.665999999999928,0.08833331225760786,6.718313798874393e-10
2.6679999999999278,0.08833331225893386,6.629946823171898e-10
2.6699999999999275,0.08833331226024241,6.54274207375613e-10
2.6719999999999273,0.08833331226153375,6.456684236310322e-10
2.673999999999927,0.0883333122628081,6.371758370418744e-10
2.675999999999927,0.0883333122640657,6.287949429307317e-10
2.6779999999999267,0.08833331226530675,6.205242902629463e-10
2.6799999999999264,0.08833331226653147,6.123624089216748e-10
2.681999999999926,0.08833331226774009,6.043078968841023e-10
2.683999999999926,0.0883333122689328,5.963593241207814e-10
2.685999999999926,0.08833331227010983,5.885152998256424e-10
2.6879999999999256,0.08833331227127138,5.807744659948415e-10
2.6899999999999253,0.08833331227241766,5.731354483004503e-10
2.691999999999925,0.08833331227354885,5.655969021061142e-10
2.693999999999925,0.08833331227466516,5.581575062065557e-10
2.6959999999999247,0.0883333122757668,5.508159793798177e-10
2.6979999999999245,0.08833331227685394,5.435710099131349e-10
2.6999999999999242,0.08833331227792678,5.364213249406001e-10
2.701999999999924,0.08833331227898551,5.293656824543831e-10
2.703999999999924,0.08833331228003032,5.224028445040821e-10
2.7059999999999236,0.08833331228106138,5.155315977339558e-10
2.7079999999999234,0.08833331228207889,5.087507271091661e-10
2.709999999999923,0.088333312283083,5.020590381914017e-10
2.711999999999923,0.08833331228407391,4.954553732429883e-10
2.7139999999999227,0.08833331228505178,4.889385630033618e-10
2.7159999999999225,0.0883333122860168,4.825074704874185e-10
2.7179999999999223,0.08833331228696913,4.761609642450405e-10
2.719999999999922,0.08833331228790892,4.698979376361802e-10
2.721999999999922,0.08833331228883635,4.63717305130574e-10
2.7239999999999216,0.0883333122897516,4.576179553886682e-10
2.7259999999999214,0.08833331229065479,4.5159884036322077e-10
2.727999999999921,0.0883333122915461,4.45658879777342e-10
2.729999999999921,0.08833331229242569,4.3979707175804573e-10
2.7319999999999207,0.08833331229329372,4.3401235218300275e-10
2.7339999999999205,0.08833331229415033,4.2830373228421814e-10
2.7359999999999203,0.08833331229499566,4.2267020052132785e-10
2.73799999999992,0.08833331229582989,4.171107481836145e-10
2.73999999999992,0.08833331229665313,4.116244311266536e-10
2.7419999999999196,0.08833331229746555,4.062102743375994e-10
2.7439999999999194,0.08833331229826728,4.008673403609095e-10
2.745999999999919,0.08833331229905847,3.9559467992987916e-10
2.747999999999919,0.08833331229983925,3.903913771303735e-10
2.7499999999999187,0.08833331230060976,3.8525649984288556e-10
2.7519999999999185,0.08833331230137013,3.801891670389553e-10
2.7539999999999183,0.0883333123021205,3.751884958746555e-10
2.755999999999918,0.08833331230286101,3.702536030165284e-10
2.757999999999918,0.08833331230359177,3.6538362570942825e-10
2.7599999999999176,0.08833331230431293,3.6057769593320566e-10
2.7619999999999174,0.0883333123050246,3.558349633552606e-10
2.763999999999917,0.08833331230572691,3.511546123115332e-10
2.765999999999917,0.08833331230641998,3.4653583526975836e-10
2.7679999999999167,0.08833331230710394,3.419778090079947e-10
2.7699999999999165,0.0883333123077789,3.3747971953509006e-10
2.7719999999999163,0.08833331230844498,3.3304080197126525e-10
2.773999999999916,0.0883333123091023,3.286602676953623e-10
2.775999999999916,0.08833331230975097,3.2433735208843844e-10
2.7779999999999156,0.08833331231039111,3.2007128837184646e-10
2.7799999999999154,0.08833331231102283,3.1586134931031185e-10
2.781999999999915,0.08833331231164625,3.117067778040815e-10
2.783999999999915,0.08833331231226146,3.076068547973872e-10
2.7859999999999148,0.08833331231286859,3.0356085080133116e-10
2.7879999999999145,0.08833331231346772,2.9956806948651617e-10
2.7899999999999143,0.08833331231405897,2.956277988170317e-10
2.791999999999914,0.08833331231464245,2.9173937825270234e-10
2.793999999999914,0.08833331231521825,2.8790208283988374e-10
2.7959999999999137,0.08833331231578648,2.8411526187915446e-10
2.7979999999999134,0.08833331231634724,2.8037826230945784e-10
2.7999999999999132,0.08833331231690061,2.7669040719526403e-10
2.801999999999913,0.08833331231744672,2.730510641429795e-10
2.803999999999913,0.08833331231798563,2.6945959461396047e-10
2.8059999999999126,0.08833331231851746,2.659153544290597e-10
2.8079999999999123,0.08833331231904229,2.62417738095237e-10
2.809999999999912,0.08833331231956022,2.589661282407807e-10
2.811999999999912,0.08833331232007134,2.55559919488612e-10
2.8139999999999117,0.08833331232057574,2.521985161920034e-10
2.8159999999999115,0.08833331232107351,2.488813096223055e-10
2.8179999999999112,0.08833331232156473,2.4560772206160196e-10
2.819999999999911,0.08833331232204948,2.423772009486728e-10
2.821999999999911,0.08833331232252786,2.3918917316241245e-10
2.8239999999999106,0.08833331232299994,2.360430682397377e-10
2.8259999999999104,0.08833331232346582,2.329383611356479e-10
2.82799999999991,0.08833331232392556,2.2987450039541324e-10
2.82999999999991,0.08833331232437927,2.2685093346000787e-10
2.8319999999999097,0.08833331232482701,2.2386712916096856e-10
2.8339999999999095,0.08833331232526885,2.209225720436958e-10
2.8359999999999093,0.08833331232570489,2.1801673973661e-10
2.837999999999909,0.08833331232613519,2.1514912490459137e-10
2.839999999999909,0.08833331232655982,2.1231923208273822e-10
2.8419999999999086,0.08833331232697887,2.0952657543557226e-10
2.8439999999999084,0.08833331232739242,2.0677063531612712e-10
2.845999999999908,0.08833331232780052,2.0405094855042145e-10
2.847999999999908,0.08833331232820325,2.0136703452276303e-10
2.8499999999999077,0.08833331232860069,1.9871841977147156e-10
2.8519999999999075,0.0883333123289929,1.9610465728607415e-10
2.8539999999999073,0.08833331232937995,1.9352525891543814e-10
2.855999999999907,0.08833331232976191,1.909797867080638e-10
2.857999999999907,0.08833331233013884,1.8846780181255098e-10
2.8599999999999066,0.08833331233051082,1.8598884334430512e-10
2.8619999999999064,0.0883333123308779,1.8354249579887792e-10
2.863999999999906,0.08833331233124016,1.8112833853448956e-10
2.865999999999906,0.08833331233159765,1.7874592511091217e-10
2.8679999999999057,0.08833331233195044,1.7639485174133595e-10
2.8699999999999055,0.08833331233229859,1.740747072896278e-10
2.8719999999999053,0.08833331233264216,1.7178507432995526e-10
2.873999999999905,0.08833331233298121,1.695255516372939e-10
2.875999999999905,0.0883333123333158,1.6729577177681777e-10
2.8779999999999046,0.088333312333646,1.65095311151187e-10
2.8799999999999044,0.08833331233397185,1.6292378384884195e-10
2.881999999999904,0.08833331233429341,1.6078081453768053e-10
2.883999999999904,0.08833331233461074,1.586660358124439e-10
2.8859999999999038,0.08833331233492389,1.565790657228991e-10
2.8879999999999035,0.08833331233523294,1.5451955279816327e-10
2.8899999999999033,0.08833331233553791,1.5248712768663408e-10
2.891999999999903,0.08833331233583888,1.5048142881780985e-10
2.893999999999903,0.08833331233613588,1.4850212027014185e-10
2.8959999999999027,0.08833331233642898,1.4654884596152578e-10
2.8979999999999024,0.08833331233671822,1.44621254758274e-10
2.899999999999902,0.08833331233700366,1.4271904018087833e-10
2.901999999999902,0.08833331233728534,1.4084182840824672e-10
2.9039999999999018,0.08833331233756331,1.3898931585944298e-10
2.9059999999999016,0.08833331233783763,1.3716117301563324e-10
2.9079999999999013,0.08833331233810834,1.3535709028413936e-10
2.909999999999901,0.08833331233837549,1.3357673294150806e-10
2.911999999999901,0.08833331233863913,1.318197878284235e-10
2.9139999999999007,0.0883333123388993,1.3008595862346549e-10
2.9159999999999004,0.08833331233915605,1.2837494234459457e-10
2.9179999999999002,0.08833331233940941,1.2668640963107617e-10
2.9199999999999,0.08833331233965945,1.2502009296934874e-10
2.9219999999999,0.0883333123399062,1.2337571274704209e-10
2.9239999999998996,0.0883333123401497,1.2175295823375145e-10
2.9259999999998993,0.08833331234039,1.2015153573393332e-10
2.927999999999899,0.08833331234062715,1.1857118601884807e-10
2.929999999999899,0.08833331234086117,1.1701161522155247e-10
2.9319999999998987,0.08833331234109211,1.154725636465219e-10
2.9339999999998985,0.08833331234132001,1.139537367204044e-10
2.9359999999998982,0.08833331234154491,1.1245489613327305e-10
2.937999999999898,0.08833331234176686,1.1097578563574886e-10
2.939999999999898,0.0883333123419859,1.0951613409777121e-10
2.9419999999998976,0.08833331234220204,1.0807565930091468e-10
2.9439999999998974,0.08833331234241534,1.0665415295009157e-10
2.945999999999897,0.08833331234262584,1.0525134119386261e-10
2.947999999999897,0.08833331234283358,1.0386698155701342e-10
2.9499999999998967,0.08833331234303858,1.0250081375569533e-10
2.9519999999998965,0.08833331234324089,1.0115262729650044e-10
2.9539999999998963,0.08833331234344054,9.982214654465613e-11
2.955999999999896,0.08833331234363756,9.850916887364282e-11
2.957999999999896,0.08833331234383199,9.721346730911189e-11
2.9599999999998956,0.08833331234402386,9.593479414191217e-11
2.9619999999998954,0.08833331234421321,9.467294940729175e-11
2.963999999999895,0.08833331234440006,9.342768665928227e-11
2.965999999999895,0.08833331234458446,9.219880597463463e-11
2.9679999999998947,0.08833331234476642,9.098610321965227e-11
2.9699999999998945,0.088333312344946,8.978935052506743e-11
2.9719999999998943,0.08833331234512322,8.860834140661024e-11
2.973999999999894,0.0883333123452981,8.744286706359926e-11
2.975999999999894,0.08833331234547069,8.629271583299762e-11
2.9779999999998936,0.08833331234564101,8.515769536066622e-11
2.9799999999998934,0.08833331234580909,8.403760765316355e-11
2.981999999999893,0.08833331234597495,8.29322501423022e-11
2.983999999999893,0.08833331234613864,8.184141687648537e-11
2.9859999999998927,0.08833331234630017,8.076494045478896e-11
2.9879999999998925,0.08833331234645957,7.970262247876496e-11
2.9899999999998923,0.08833331234661687,7.86542810271057e-11
2.991999999999892,0.08833331234677211,7.761972656974835e-11
2.993999999999892,0.0883333123469253,7.659878470738632e-11
2.9959999999998916,0.08833331234707649,7.559127168425457e-11
2.9979999999998914,0.08833331234722569,7.459701811304522e-11
2.999999999999891,0.08833331234737292,7.361582300068182e-11
3.001999999999891,0.08833331234751822,7.264754492737283e-11
3.0039999999998908,0.0883333123476616,7.169200591574488e-11
3.0059999999998905,0.0883333123478031,7.074901996289616e-11
3.0079999999998903,0.08833331234794274,6.981843617853323e-11
3.00999999999989,0.08833331234808055,6.890008987800159e-11
3.01199999999989,0.08833331234821654,6.799382714496407e-11
3.0139999999998897,0.08833331234835073,6.70994811677035e-11
3.0159999999998894,0.08833331234848317,6.621689532113195e-11
3.017999999999889,0.08833331234861386,6.534592157155593e-11
3.019999999999889,0.08833331234874282,6.448641951032215e-11
3.0219999999998888,0.0883333123488701,6.363823295574957e-11
3.0239999999998886,0.0883333123489957,6.28011932584164e-11
3.0259999999998883,0.08833331234911966,6.197516360561427e-11
3.027999999999888,0.08833331234924198,6.115999138826665e-11
3.029999999999888,0.08833331234936269,6.03555318305707e-11
3.0319999999998877,0.08833331234948182,5.95616674867062e-11
3.0339999999998875,0.08833331234959937,5.877824015533721e-11
3.0359999999998872,0.08833331234971538,5.8005121499509017e-11
3.037999999999887,0.08833331234982986,5.724216545815112e-11
3.039999999999887,0.08833331234994284,5.648925387054258e-11
3.0419999999998866,0.08833331235005433,5.5746248930833103e-11
3.0439999999998864,0.08833331235016435,5.5013017544233114e-11
3.045999999999886,0.08833331235027293,5.428943142090886e-11
3.047999999999886,0.08833331235038008,5.35753651857059e-11
3.0499999999998857,0.08833331235048582,5.287067518024166e-11
3.0519999999998855,0.08833331235059017,5.2175265840606996e-11
3.0539999999998853,0.08833331235069314,5.148901801980228e-11
3.055999999999885,0.08833331235079477,5.081179311188283e-11
3.057999999999885,0.08833331235089505,5.0143457373002104e-11
3.0599999999998846,0.08833331235099401,4.9483923609916354e-11
3.0619999999998844,0.08833331235109168,4.883307946612297e-11
3.063999999999884,0.08833331235118806,4.8190770541129087e-11
3.065999999999884,0.08833331235128318,4.7556913532183265e-11
3.0679999999998837,0.08833331235137705,4.693139923884944e-11
3.0699999999998835,0.08833331235146968,4.63140967963476e-11
3.0719999999998833,0.0883333123515611,4.570490037157481e-11
3.073999999999883,0.0883333123516513,4.51037241100213e-11
3.075999999999883,0.08833331235174033,4.4510456413458424e-11
3.0779999999998826,0.08833331235182817,4.392498577512824e-11
3.0799999999998824,0.08833331235191487,4.334722173790741e-11
3.081999999999882,0.08833331235200043,4.277706994524128e-11
3.083999999999882,0.08833331235208486,4.2214412229566934e-11
3.0859999999998817,0.08833331235216818,4.1659152730346317e-11
3.0879999999998815,0.0883333123522504,4.111119237989595e-11
3.0899999999998813,0.08833331235233155,4.057043016429651e-11
3.091999999999881,0.08833331235241162,4.0036784138482704e-11
3.093999999999881,0.08833331235249064,3.951016685109826e-11
3.0959999999998806,0.08833331235256862,3.899046540851201e-11
3.0979999999998804,0.08833331235264558,3.8477609203965086e-11
3.09999999999988,0.08833331235272152,3.7971499008592906e-11
3.10199999999988,0.08833331235279646,3.7472054653153254e-11
3.1039999999998797,0.08833331235287041,3.6979189799141653e-11
3.1059999999998795,0.0883333123529434,3.649281375887308e-11
3.1079999999998793,0.08833331235301542,3.60128319887554e-11
3.109999999999879,0.0883333123530865,3.5539167464876446e-11
3.111999999999879,0.08833331235315664,3.5071716080354596e-11
3.1139999999998786,0.08833331235322586,3.461041468420719e-11
3.1159999999998784,0.08833331235329417,3.415519041583438e-11
3.117999999999878,0.08833331235336159,3.370594287348066e-11
3.119999999999878,0.08833331235342812,3.3262610928632736e-11
3.1219999999998778,0.08833331235349377,3.282510402464376e-11
3.1239999999998775,0.08833331235355855,3.2393326740999706e-11
3.1259999999998773,0.08833331235362249,3.196724427649304e-11
3.127999999999877,0.08833331235368558,3.1546765473203536e-11
3.129999999999877,0.08833331235374785,3.1131837029193764e-11
3.1319999999998767,0.0883333123538093,3.072235343376214e-11
3.1339999999998764,0.08833331235386993,3.031824941388819e-11
3.135999999999876,0.08833331235392977,2.991947234617561e-11
3.137999999999876,0.08833331235398882,2.952593759032178e-11
3.139999999999876,0.0883333123540471,2.913757648395656e-11
3.1419999999998756,0.0883333123541046,2.8754312350984417e-11
3.1439999999998753,0.08833331235416135,2.8376104292975275e-11
3.145999999999875,0.08833331235421736,2.800287652573573e-11
3.147999999999875,0.08833331235427264,2.763454757898906e-11
3.1499999999998747,0.08833331235432718,2.727105037874756e-11
3.1519999999998745,0.088333312354381,2.6912352471537925e-11
3.1539999999998742,0.0883333123544341,2.6558363620758436e-11
3.155999999999874,0.08833331235448652,2.620905355826442e-11
3.157999999999874,0.08833331235453824,2.5864334147989522e-11
3.1599999999998736,0.08833331235458929,2.5524155194883362e-11
3.1619999999998734,0.08833331235463966,2.518845500401077e-11
3.163999999999873,0.08833331235468937,2.485716255143696e-11
3.165999999999873,0.08833331235473843,2.453024119616764e-11
3.1679999999998727,0.08833331235478685,2.4207598287800665e-11
3.1699999999998725,0.08833331235483463,2.388920094457273e-11
3.1719999999998723,0.08833331235488179,2.3574979885614768e-11
3.173999999999872,0.08833331235492832,2.3264900539434e-11
3.175999999999872,0.08833331235497424,2.2958892582150833e-11
3.1779999999998716,0.08833331235501955,2.265689929298336e-11
3.1799999999998714,0.08833331235506427,2.2358874330846897e-11
3.181999999999871,0.0883333123551084,2.2064780102672746e-11
3.183999999999871,0.08833331235515195,2.177456546431548e-11
3.1859999999998707,0.08833331235519493,2.1488167950909827e-11
3.1879999999998705,0.08833331235523734,2.1205515586193034e-11
3.1899999999998703,0.08833331235527919,2.0926592587531554e-11
3.19199999999987,0.08833331235532049,2.0651343545306086e-11
3.19399999999987,0.08833331235536125,2.0379702862131347e-11
3.1959999999998696,0.08833331235540147,2.0111637971427173e-11
3.1979999999998694,0.08833331235544116,1.984712310983611e-11
3.199999999999869,0.08833331235548034,1.9586074123431066e-11
3.201999999999869,0.088333312355519,1.9328464695264742e-11
3.2039999999998687,0.08833331235555715,1.9074231525496254e-11
3.2059999999998685,0.0883333123555948,1.8823344239113094e-11
3.2079999999998683,0.08833331235563195,1.8575736572009613e-11
3.209999999999868,0.08833331235566862,1.8331396392176375e-11
3.211999999999868,0.0883333123557048,1.8090271906955553e-11
3.2139999999998676,0.0883333123557405,1.7852321100823423e-11
3.2159999999998674,0.08833331235577574,1.761748924202634e-11
3.217999999999867,0.08833331235581052,1.738575257846136e-11
3.219999999999867,0.08833331235584484,1.715707119412714e-11
3.2219999999998667,0.0883333123558787,1.6931391732715e-11
3.2239999999998665,0.08833331235591212,1.6708670582486665e-11
3.2259999999998663,0.08833331235594509,1.648889366766124e-11
3.227999999999866,0.08833331235597763,1.6272007291002825e-11
3.229999999999866,0.08833331235600975,1.605796821968655e-11
3.2319999999998656,0.08833331235604144,1.5846762357574586e-11
3.2339999999998654,0.08833331235607272,1.5638315343226818e-11
3.235999999999865,0.08833331235610359,1.5432608803610852e-11
3.237999999999865,0.08833331235613405,1.5229627506313556e-11
3.2399999999998648,0.08833331235616411,1.5029296823601547e-11
3.2419999999998645,0.08833331235619377,1.4831618814108764e-11
3.2439999999998643,0.08833331235622303,1.463653189381646e-11
3.245999999999864,0.08833331235625193,1.4444028710544278e-11
3.247999999999864,0.08833331235628043,1.4254039718240003e-11
3.2499999999998637,0.08833331235630856,1.4066551105718861e-11
3.2519999999998634,0.08833331235633633,1.388153036582343e-11
3.2539999999998632,0.08833331235636373,1.3698951455660383e-11
3.255999999999863,0.08833331235639076,1.3518771617657544e-11
3.257999999999863,0.08833331235641745,1.3340956821265095e-11
3.2599999999998626,0.08833331235644377,1.3165479132292793e-11
3.2619999999998623,0.08833331235646975,1.2992316217554838e-11
3.263999999999862,0.0883333123564954,1.2821428656629421e-11
3.265999999999862,0.0883333123565207,1.2652784470665912e-11
3.2679999999998617,0.08833331235654567,1.2486379020778262e-11
3.2699999999998615,0.08833331235657031,1.2322166592921279e-11
3.2719999999998612,0.08833331235659463,1.2160109447214448e-11
3.273999999999861,0.08833331235661862,1.2000177951328408e-11
3.275999999999861,0.08833331235664231,1.184236838671161e-11
3.2779999999998606,0.08833331235666568,1.1686615138227455e-11
3.2799999999998604,0.08833331235668875,1.1532906600326732e-11
3.28199999999986,0.0883333123567115,1.1381233686033324e-11
3.28399999999986,0.08833331235673397,1.1231547072898024e-11
3.2859999999998597,0.08833331235675614,1.1083827396983479e-11
3.2879999999998595,0.08833331235677801,1.0938038629821205e-11
3.2899999999998593,0.0883333123567996,1.0794171864148632e-11
3.291999999999859,0.0883333123568209,1.0652199226477188e-11
3.293999999999859,0.08833331235684193,1.0512098105122719e-11
3.2959999999998586,0.08833331235686268,1.0373828853738447e-11
3.2979999999998584,0.08833331235688315,1.0237380941111195e-11
3.299999999999858,0.08833331235690335,1.0102745496311373e-11
3.301999999999858,0.0883333123569233,9.969873044411122e-12
3.3039999999998577,0.08833331235694297,9.838745081001847e-12
3.3059999999998575,0.08833331235696239,9.709325291663365e-12
3.3079999999998573,0.08833331235698155,9.581625840334217e-12
3.309999999999857,0.08833331235700047,9.455594323899592e-12
3.311999999999857,0.08833331235701913,9.331229854738988e-12
3.3139999999998566,0.08833331235703755,9.208489761929407e-12
3.3159999999998564,0.08833331235705573,9.08736040516216e-12
3.317999999999856,0.08833331235707366,8.967831046812371e-12
3.319999999999856,0.08833331235709135,8.849871345331608e-12
3.3219999999998557,0.08833331235710883,8.733478317796196e-12
3.3239999999998555,0.08833331235712606,8.618607265778702e-12
3.3259999999998553,0.08833331235714308,8.505242904207165e-12
3.327999999999855,0.08833331235715987,8.39337316118284e-12
3.329999999999855,0.08833331235717644,8.282966940501446e-12
3.3319999999998546,0.08833331235719279,8.173999016129717e-12
3.3339999999998544,0.08833331235720893,8.066470227239113e-12
3.335999999999854,0.08833331235722484,7.960359951414489e-12
3.337999999999854,0.08833331235724055,7.855651459227188e-12
3.3399999999998538,0.08833331235725606,7.752310531648226e-12
3.3419999999998535,0.08833331235727136,7.650330384760668e-12
3.3439999999998533,0.08833331235728646,7.549704859796012e-12
3.345999999999853,0.08833331235730137,7.450387992965037e-12
3.347999999999853,0.08833331235731608,7.35238379265114e-12
3.3499999999998527,0.08833331235733059,7.255653559694435e-12
3.3519999999998524,0.08833331235734491,7.160208178954085e-12
3.353999999999852,0.08833331235735904,7.0660142019014565e-12
3.355999999999852,0.08833331235737299,6.973065797410259e-12
3.3579999999998518,0.08833331235738676,6.8813372596909535e-12
3.3599999999998515,0.08833331235740034,6.79080740781094e-12
3.3619999999998513,0.08833331235741375,6.701480362430432e-12
3.363999999999851,0.08833331235742697,6.613317515471354e-12
3.365999999999851,0.08833331235744003,6.52630819476721e-12
3.3679999999998507,0.08833331235745291,6.440444070525729e-12
3.3699999999998504,0.08833331235746562,6.355718385407157e-12
3.3719999999998502,0.08833331235747817,6.272104354512892e-12
3.37399999999985,0.08833331235749055,6.189601552423109e-12
3.37599999999985,0.08833331235750276,6.108188658595092e-12
3.3779999999998496,0.08833331235751482,6.027848377261332e-12
3.3799999999998493,0.08833331235752671,5.948566349913401e-12
3.381999999999849,0.08833331235753845,5.870331584045627e-12
3.383999999999849,0.08833331235755004,5.7931135313437694e-12
3.3859999999998487,0.08833331235756148,5.716908713409353e-12
3.3879999999998485,0.08833331235757276,5.641713980735791e-12
3.3899999999998482,0.08833331235758389,5.567506458413998e-12
3.391999999999848,0.08833331235759488,5.494288237425057e-12
3.393999999999848,0.08833331235760572,5.422018735422362e-12
3.3959999999998476,0.08833331235761642,5.350707309576026e-12
3.3979999999998474,0.08833331235762698,5.280340902970664e-12
3.399999999999847,0.0883333123576374,5.210887292590278e-12
3.401999999999847,0.08833331235764769,5.142341641475656e-12
3.4039999999998467,0.08833331235765783,5.074700025762234e-12
3.4059999999998465,0.08833331235766785,5.007959262311099e-12
3.4079999999998463,0.08833331235767773,4.94209612118865e-12
3.409999999999846,0.08833331235768749,4.877091102198611e-12
3.411999999999846,0.08833331235769712,4.812949689457311e-12
3.4139999999998456,0.08833331235770661,4.74963438095703e-12
3.4159999999998454,0.08833331235771598,4.687177680407468e-12
3.417999999999845,0.08833331235772524,4.625543357093326e-12
3.419999999999845,0.08833331235773437,4.564701364252938e-12
3.4219999999998447,0.08833331235774337,4.504669933532486e-12
3.4239999999998445,0.08833331235775227,4.4454212485630546e-12
3.4259999999998443,0.08833331235776104,4.386954374910938e-12
3.427999999999844,0.0883333123577697,4.3292472513672774e-12
3.429999999999844,0.08833331235777825,4.272302956748626e-12
3.4319999999998436,0.08833331235778669,4.2161030132381075e-12
3.4339999999998434,0.08833331235779501,4.160632431159848e-12
3.435999999999843,0.08833331235780323,4.105900353679251e-12
3.437999999999843,0.08833331235781133,4.0518715916202204e-12
3.4399999999998427,0.08833331235781933,3.998560204971313e-12
3.4419999999998425,0.08833331235782722,3.945956296381077e-12
3.4439999999998423,0.08833331235783501,3.894051836865823e-12
3.445999999999842,0.0883333123578427,3.8428196654192005e-12
3.447999999999842,0.08833331235785029,3.792258068289863e-12
3.4499999999998416,0.08833331235785777,3.742366310721275e-12
3.4519999999998414,0.08833331235786515,3.6931434689191014e-12
3.453999999999841,0.08833331235787244,3.6445681457876395e-12
3.455999999999841,0.08833331235787963,3.5966226557165273e-12
3.4579999999998408,0.08833331235788673,3.5493136271193115e-12
3.4599999999998405,0.08833331235789374,3.5026254617026466e-12
3.4619999999998403,0.08833331235790065,3.456545505733511e-12
3.46399999999984,0.08833331235790748,3.4110847973536836e-12
3.46599999999984,0.08833331235791421,3.3662100123812928e-12
3.4679999999998397,0.08833331235792086,3.3219363959946225e-12
3.4699999999998394,0.08833331235792741,3.2782340368670115e-12
3.471999999999839,0.08833331235793387,3.235120621030739e-12
3.473999999999839,0.08833331235794026,3.1925688727243294e-12
3.4759999999998388,0.08833331235794656,3.1505769851041565e-12
3.4779999999998386,0.08833331235795278,3.1091444756359678e-12
3.4799999999998383,0.08833331235795891,3.068248994221032e-12
3.481999999999838,0.08833331235796496,3.027894040803301e-12
3.483999999999838,0.08833331235797094,2.9880824546264928e-12
3.4859999999998377,0.08833331235797684,2.948795235785025e-12
3.4879999999998375,0.08833331235798265,2.9100169710713635e-12
3.4899999999998372,0.0883333123579884,2.8717564600712405e-12
3.491999999999837,0.08833331235799406,2.8339785626290838e-12
3.493999999999837,0.08833331235799965,2.7967176984492376e-12
3.4959999999998366,0.08833331235800518,2.7599391911200788e-12
3.4979999999998364,0.08833331235801063,2.7236358856842294e-12
3.499999999999836,0.088333312358016,2.687801322375726e-12
3.501999999999836,0.0883333123580213,2.652452219522476e-12
3.5039999999998357,0.08833331235802654,2.617580508544529e-12
3.5059999999998355,0.0883333123580317,2.583158668572924e-12
3.5079999999998353,0.08833331235803679,2.5491856771499364e-12
3.509999999999835,0.08833331235804183,2.515681352522006e-12
3.511999999999835,0.0883333123580468,2.4825991732028026e-12
3.5139999999998346,0.0883333123580517,2.449943022898726e-12
3.5159999999998344,0.08833331235805653,2.4177163799124837e-12
3.517999999999834,0.0883333123580613,2.385921738190748e-12
3.519999999999834,0.088333312358066,2.354540473196405e-12
3.5219999999998337,0.08833331235807065,2.3235781239205836e-12
3.5239999999998335,0.08833331235807523,2.293018536043824e-12
3.5259999999998333,0.08833331235807976,2.262869252460757e-12
3.527999999999833,0.08833331235808423,2.233115744469506e-12
3.529999999999833,0.08833331235808864,2.2037462260169083e-12
3.5319999999998326,0.08833331235809298,2.1747508082152067e-12
3.5339999999998324,0.08833331235809727,2.1461634198093057e-12
3.535999999999832,0.0883333123581015,2.117949313849884e-12
3.537999999999832,0.08833331235810568,2.0901002949342493e-12
3.5399999999998317,0.0883333123581098,2.0626316733975676e-12
3.5419999999998315,0.08833331235811387,2.0355132630289896e-12
3.5439999999998313,0.08833331235811788,2.0087625268677365e-12
3.545999999999831,0.08833331235812185,1.9823729836859933e-12
3.547999999999831,0.08833331235812576,1.9563184003152986e-12
3.5499999999998306,0.08833331235812962,1.930598143431157e-12
3.5519999999998304,0.08833331235813344,1.9052120270057127e-12
3.55399999999983,0.0883333123581372,1.8801599001284314e-12
3.55599999999983,0.0883333123581409,1.8554203372044126e-12
3.5579999999998297,0.08833331235814457,1.8310182358488762e-12
3.5599999999998295,0.08833331235814817,1.8069315150379554e-12
3.5619999999998293,0.08833331235815174,1.783184868427307e-12
3.563999999999829,0.08833331235815527,1.7597344186223253e-12
3.565999999999829,0.08833331235815874,1.7365875052484512e-12
3.5679999999998286,0.08833331235816216,1.7137494269146326e-12
3.5699999999998284,0.08833331235816555,1.691203506556146e-12
3.571999999999828,0.0883333123581689,1.668957846226688e-12
3.573999999999828,0.08833331235817218,1.646997387605119e-12
3.5759999999998278,0.08833331235817543,1.6253312181700646e-12
3.5779999999998275,0.08833331235817864,1.603966382174625e-12
3.5799999999998273,0.0883333123581818,1.5828669709748953e-12
3.581999999999827,0.08833331235818492,1.5620458054265904e-12
3.583999999999827,0.088333312358188,1.5415129583934365e-12
3.5859999999998267,0.08833331235819104,1.5212349781176365e-12
3.5879999999998264,0.08833331235819404,1.5012476539748362e-12
3.589999999999826,0.08833331235819701,1.481517092924553e-12
3.591999999999826,0.08833331235819994,1.462036447758931e-12
3.593999999999826,0.08833331235820283,1.4428004915895993e-12
3.5959999999998256,0.08833331235820567,1.4238259596628417e-12
3.5979999999998253,0.08833331235820847,1.4051051248644402e-12
3.599999999999825,0.08833331235821125,1.386632046503563e-12
3.601999999999825,0.08833331235821398,1.3684019053404343e-12
3.6039999999998247,0.08833331235821669,1.350410464143838e-12
3.6059999999998245,0.08833331235821935,1.3326549410460714e-12
3.6079999999998242,0.08833331235822199,1.3151324238429408e-12
3.609999999999824,0.08833331235822459,1.2978195746488866e-12
3.611999999999824,0.08833331235822715,1.2807400675213344e-12
3.6139999999998236,0.08833331235822968,1.2638705011140417e-12
3.6159999999998234,0.08833331235823218,1.247234170262396e-12
3.617999999999823,0.08833331235823463,1.2308289968991193e-12
3.619999999999823,0.08833331235823706,1.2146319920706561e-12
3.6219999999998227,0.08833331235823946,1.198645809724537e-12
3.6239999999998225,0.08833331235824182,1.1828726028106217e-12
3.6259999999998223,0.08833331235824415,1.1673141178566968e-12
3.627999999999822,0.08833331235824646,1.151971771690604e-12
3.629999999999822,0.08833331235824873,1.136825410506763e-12
3.6319999999998216,0.08833331235825098,1.1218799881969825e-12
3.6339999999998214,0.0883333123582532,1.107118548053212e-12
3.635999999999821,0.08833331235825538,1.0925479820520123e-12
3.637999999999821,0.08833331235825753,1.0781745366226104e-12
3.6399999999998207,0.08833331235825966,1.0640026235453296e-12
3.6419999999998205,0.08833331235826175,1.0500151740785845e-12
3.6439999999998203,0.08833331235826382,1.036219317055591e-12
3.64599999999982,0.08833331235826586,1.0225995323950739e-12
3.64799999999982,0.08833331235826787,1.009164860725182e-12
3.6499999999998196,0.08833331235826987,9.959219805516033e-13
3.6519999999998194,0.08833331235827184,9.828346865268107e-13
3.653999999999819,0.08833331235827378,9.699152310718676e-13
3.655999999999819,0.0883333123582757,9.571532337138543e-13
3.6579999999998187,0.08833331235827759,9.445605934977233e-13
3.6599999999998185,0.08833331235827944,9.321476187141633e-13
3.6619999999998183,0.08833331235828129,9.199007130565873e-13
3.663999999999818,0.08833331235828311,9.077888546466771e-13
3.665999999999818,0.0883333123582849,8.95849476299111e-13
3.6679999999998176,0.08833331235828666,8.840706658632261e-13
3.6699999999998174,0.08833331235828841,8.724434153811042e-13
3.671999999999817,0.08833331235829013,8.609597618855249e-13
3.673999999999817,0.08833331235829182,8.496345487870047e-13
3.6759999999998167,0.0883333123582935,8.384585142659475e-13
3.6779999999998165,0.08833331235829515,8.274457758118408e-13
3.6799999999998163,0.08833331235829679,8.165651795470246e-13
3.681999999999816,0.0883333123582984,8.058340589969752e-13
3.683999999999816,0.0883333123583,7.952448446456861e-13
3.6859999999998156,0.08833331235830157,7.847707482186977e-13
3.6879999999998154,0.08833331235830312,7.744526369380123e-13
3.689999999999815,0.08833331235830465,7.642613925237289e-13
3.691999999999815,0.08833331235830616,7.541940411754383e-13
3.6939999999998148,0.08833331235830764,7.442688181606735e-13
3.6959999999998145,0.08833331235830912,7.344798687029049e-13
3.6979999999998143,0.08833331235831056,7.24822443258228e-13
3.699999999999814,0.08833331235831199,7.152926888756059e-13
3.701999999999814,0.0883333123583134,7.058874799429813e-13
3.7039999999998137,0.08833331235831479,6.966039531430968e-13
3.7059999999998134,0.08833331235831617,6.87440441162262e-13
3.7079999999998132,0.08833331235831753,6.783949359508988e-13
3.709999999999813,0.08833331235831886,6.694661362691373e-13
3.711999999999813,0.08833331235832018,6.606739619493524e-13
3.7139999999998126,0.08833331235832148,6.519926216045092e-13
3.7159999999998123,0.08833331235832277,6.434221680355775e-13
3.717999999999812,0.08833331235832405,6.349626440760488e-13
3.719999999999812,0.0883333123583253,6.266137567324292e-13
3.7219999999998117,0.08833331235832653,6.183755960620449e-13
3.7239999999998115,0.08833331235832775,6.102485628628076e-13
3.7259999999998112,0.08833331235832896,6.022113513586536e-13
3.727999999999811,0.08833331235833015,5.942889563648964e-13
3.729999999999811,0.08833331235833133,5.864597034499754e-13
3.7319999999998106,0.08833331235833249,5.787269851940435e-13
3.7339999999998104,0.08833331235833362,5.711142014347657e-13
3.73599999999981,0.08833331235833475,5.635990393362999e-13
3.73799999999981,0.08833331235833586,5.5618371810675e-13
3.7399999999998097,0.08833331235833695,5.48870693506506e-13
3.7419999999998095,0.08833331235833804,5.416613022287422e-13
3.7439999999998093,0.0883333123583391,5.345359809428208e-13
3.745999999999809,0.08833331235834016,5.275208102390706e-13
3.747999999999809,0.0883333123583412,5.205949964942888e-13
3.7499999999998086,0.08833331235834223,5.137416713914977e-13
3.7519999999998084,0.08833331235834324,5.069891017847772e-13
3.753999999999808,0.08833331235834424,5.003179398626726e-13
3.755999999999808,0.08833331235834523,4.937550965323941e-13
3.7579999999998077,0.0883333123583462,4.872588208314073e-13
3.7599999999998075,0.08833331235834715,4.808584973501179e-13
3.7619999999998073,0.0883333123583481,4.745573159268026e-13
3.763999999999807,0.08833331235834903,4.683362333260084e-13
3.765999999999807,0.08833331235834996,4.622011043623294e-13
3.7679999999998066,0.08833331235835087,4.561357031792352e-13
3.7699999999998064,0.08833331235835178,4.501475146386617e-13
3.771999999999806,0.08833331235835266,4.4422229070224577e-13
3.773999999999806,0.08833331235835354,4.3839009611973086e-13
3.7759999999998057,0.0883333123583544,4.326330415784371e-13
3.7779999999998055,0.08833331235835526,4.269582457256293e-13
3.7799999999998053,0.0883333123583561,4.213288770445e-13
3.781999999999805,0.08833331235835694,4.157786386462935e-13
3.783999999999805,0.08833331235835776,4.103132404400868e-13
3.7859999999998046,0.08833331235835856,4.049166667594158e-13
3.7879999999998044,0.08833331235835937,3.9959690071886843e-13
3.789999999999804,0.08833331235836016,3.9433944299310035e-13
3.791999999999804,0.08833331235836094,3.891535067912527e-13
3.7939999999998038,0.0883333123583617,3.8402559067202657e-13
3.7959999999998035,0.08833331235836246,3.7896571735352763e-13
3.7979999999998033,0.08833331235836321,3.739816897789548e-13
3.799999999999803,0.08833331235836395,3.6905951794556985e-13
3.801999999999803,0.08833331235836467,3.642081727557624e-13
3.8039999999998027,0.08833331235836539,3.5941461168504995e-13
3.8059999999998024,0.0883333123583661,3.546885742543256e-13
3.807999999999802,0.08833331235836679,3.500176414620218e-13
3.809999999999802,0.08833331235836749,3.4543303407802177e-13
3.8119999999998018,0.08833331235836817,3.4089748063355344e-13
3.8139999999998015,0.08833331235836883,3.3642269642607477e-13
3.8159999999998013,0.0883333123583695,3.320181852033975e-13
3.817999999999801,0.08833331235837015,3.2764970578528015e-13
3.819999999999801,0.0883333123583708,3.233524071477645e-13
3.8219999999998007,0.08833331235837144,3.190918767418933e-13
3.8239999999998004,0.08833331235837207,3.149031245250395e-13
3.8259999999998002,0.08833331235837269,3.107722728629589e-13
3.8279999999998,0.0883333123583733,3.0668871934737e-13
3.8299999999998,0.08833331235837391,3.02664510724718e-13
3.8319999999997996,0.08833331235837451,2.986881164502499e-13
3.8339999999997993,0.08833331235837509,2.947508381344848e-13
3.835999999999799,0.08833331235837567,2.9088691480263426e-13
3.837999999999799,0.08833331235837624,2.87061523471556e-13
3.8399999999997987,0.08833331235837681,2.8328869345375373e-13
3.8419999999997985,0.08833331235837737,2.795581747714643e-13
3.8439999999997982,0.08833331235837792,2.7588295555397843e-13
3.845999999999798,0.08833331235837846,2.7225259667140907e-13
3.847999999999798,0.088333312358379,2.686796050669092e-13
3.8499999999997976,0.08833331235837953,2.6515315126013685e-13
3.8519999999997974,0.08833331235838006,2.616644501006952e-13
3.853999999999797,0.08833331235838057,2.582273502820453e-13
3.855999999999797,0.08833331235838109,2.548321107858827e-13
3.8579999999997967,0.08833331235838159,2.5147082944995105e-13
3.8599999999997965,0.08833331235838209,2.4815807127018953e-13
3.8619999999997963,0.08833331235838257,2.448846763111161e-13
3.863999999999796,0.08833331235838306,2.4166386148986597e-13
3.865999999999796,0.08833331235838353,2.384860287573098e-13
3.8679999999997956,0.088333312358384,2.353637118805146e-13
3.8699999999997954,0.08833331235838446,2.322657831902944e-13
3.871999999999795,0.08833331235838492,2.2922926193996515e-13
3.873999999999795,0.08833331235838537,2.2622190827937872e-13
3.8759999999997947,0.08833331235838582,2.232588638010013e-13
3.8779999999997945,0.08833331235838626,2.203320918013739e-13
3.8799999999997943,0.08833331235838669,2.1743441721964162e-13
3.881999999999794,0.08833331235838712,2.1458132263604162e-13
3.883999999999794,0.08833331235838755,2.1176439248285504e-13
3.8859999999997936,0.08833331235838797,2.0897712757822818e-13
3.8879999999997934,0.08833331235838839,2.062136001380093e-13
3.889999999999793,0.08833331235838879,2.034903045650788e-13
3.891999999999793,0.08833331235838919,2.0082062153934178e-13
3.8939999999997927,0.08833331235838959,1.9817345494665803e-13
3.8959999999997925,0.08833331235838998,1.9556552968951498e-13
3.8979999999997923,0.08833331235839037,1.929894380036583e-13
3.899999999999792,0.08833331235839074,1.9043917052197006e-13
3.901999999999792,0.08833331235839112,1.8793082772403534e-13
3.9039999999997916,0.0883333123583915,1.8545616755671652e-13
3.9059999999997914,0.08833331235839186,1.8300915933872375e-13
3.907999999999791,0.08833331235839222,1.8060555851792856e-13
3.909999999999791,0.08833331235839258,1.7823717088378998e-13
3.9119999999997908,0.08833331235839292,1.7589702134280864e-13
3.9139999999997905,0.08833331235839327,1.7358010700363655e-13
3.9159999999997903,0.08833331235839362,1.7130301708353456e-13
3.91799999999979,0.08833331235839395,1.6905790600582119e-13
3.91999999999979,0.08833331235839428,1.6683906472101022e-13
3.9219999999997897,0.08833331235839462,1.646412064204595e-13
3.9239999999997894,0.08833331235839494,1.6248167322382953e-13
3.925999999999789,0.08833331235839526,1.603529025869354e-13
3.927999999999789,0.08833331235839557,1.5824908732234967e-13
3.9299999999997888,0.0883333123583959,1.561658442327746e-13
3.9319999999997886,0.0883333123583962,1.5409896207464693e-13
3.9339999999997883,0.0883333123583965,1.5206632775231078e-13
3.935999999999788,0.08833331235839681,1.5006180388814109e-13
3.937999999999788,0.0883333123583971,1.4807975620279517e-13
3.9399999999997877,0.08833331235839739,1.461369171977333e-13
3.9419999999997875,0.08833331235839768,1.4422588527318148e-13
3.9439999999997872,0.08833331235839798,1.4232000837260568e-13
3.945999999999787,0.08833331235839825,1.4043896104903245e-13
3.947999999999787,0.08833331235839853,1.38578056110998e-13
3.9499999999997866,0.08833331235839881,1.3675446662066828e-13
3.9519999999997864,0.08833331235839907,1.3494017294102538e-13
3.953999999999786,0.08833331235839934,1.3317537112250318e-13
3.955999999999786,0.0883333123583996,1.3142974293149414e-13
3.9579999999997857,0.08833331235839986,1.2969966887568082e-13
3.9599999999997855,0.08833331235840011,1.2798221273066812e-13
3.9619999999997852,0.08833331235840036,1.2629596798772368e-13
3.963999999999785,0.08833331235840061,1.2463504272942475e-13
3.965999999999785,0.08833331235840086,1.2301563271354172e-13
3.9679999999997846,0.0883333123584011,1.2140859774771468e-13
3.9699999999997844,0.08833331235840133,1.1981192947893194e-13
3.971999999999784,0.08833331235840157,1.18244646370256e-13
3.973999999999784,0.0883333123584018,1.1670120125221236e-13
3.9759999999997837,0.08833331235840204,1.151770941195778e-13
3.9779999999997835,0.08833331235840226,1.1366834671233778e-13
3.9799999999997833,0.08833331235840249,1.121723872468282e-13
3.981999999999783,0.08833331235840271,1.1070777711680974e-13
3.983999999999783,0.08833331235840293,1.0924729519411567e-13
3.9859999999997826,0.08833331235840315,1.0781146535082094e-13
3.9879999999997824,0.08833331235840336,1.0639563390248655e-13
3.989999999999782,0.08833331235840357,1.0499569792060235e-13
3.991999999999782,0.08833331235840378,1.0360898448724406e-13
3.9939999999997817,0.08833331235840398,1.0225364521236912e-13
3.9959999999997815,0.08833331235840419,1.0090310976409096e-13
3.9979999999997813,0.08833331235840439,9.955614356123863e-14
3.999999999999781,0.08833331235840458,9.823337599365069e-14
