time_s,platform_height_mm,platform_drift_mm,platform_overshoot_mm,peak_actuator_force_n,latch_contact_state,contact_force_n
0.002,1.0749564575645756,1.0749564575645756,1.0749564575645756,317.8,0.0,0.0
0.004,3.220902743699024,3.220902743699024,3.220902743699024,317.8,0.0,0.0
0.006,6.433886866416001,6.433886866416001,6.433886866416001,317.8,0.0,0.0
0.008,10.70997141672443,10.70997141672443,10.70997141672443,317.8,0.0,0.0
0.01,16.0452335148177,16.0452335148177,16.0452335148177,317.8,0.0,0.0
0.012,22.435764756460436,22.435764756460436,22.435764756460436,317.8,0.0,0.0
0.014,29.877671159573126,29.877671159573126,29.877671159573126,317.8,0.0,0.0
0.016,38.367073111013816,38.367073111013816,38.367073111013816,317.8,0.0,0.0
0.018000000000000002,47.9001053135562,47.9001053135562,47.9001053135562,317.8,0.0,0.0
0.020000000000000004,58.28775293432827,58.28775293432827,58.28775293432827,267.6206105427859,0.0,0.0
0.022000000000000006,69.28320116220841,69.28320116220841,69.28320116220841,201.58841214706206,0.0,0.0
0.024000000000000007,80.62628886840662,80.62628886840662,80.62628886840662,131.69254685207352,0.0,0.0
0.02600000000000001,92.04966040934694,92.04966040934694,92.04966040934694,59.586806921312814,0.0,0.0
0.02800000000000001,101.16696878070213,101.16696878070213,101.16696878070213,-13.029281290136623,0.0,0.0
0.030000000000000013,108.34248459657061,108.34248459657061,108.34248459657061,-70.98618714516738,0.0,0.0
0.032000000000000015,113.8835854546435,113.8835854546435,113.8835854546435,-116.59950608348015,0.0,0.0
0.034000000000000016,118.05454431674856,118.05454431674856,118.05454431674856,-151.8231760180779,0.0,0.0
0.03600000000000002,121.08218364926825,121.08218364926825,121.08218364926825,-178.33712731270725,0.0,0.0
0.03800000000000002,123.16081891157836,123.16081891157836,123.16081891157836,-197.58322502166845,0.0,0.0
0.04000000000000002,124.45657807915792,124.45657807915792,124.45657807915792,-210.7966936571214,0.0,0.0
0.04200000000000002,124.95886073492503,124.95886073492503,124.95886073492503,-219.03357553359103,0.0,0.0
0.044000000000000025,124.6588128793433,124.6588128793433,124.6588128793433,-222.22648591977145,0.0,0.0
0.04600000000000003,123.56643331211644,123.56643331211644,123.56643331211644,-220.31914171140954,0.0,0.0
0.04800000000000003,121.71026952455294,121.71026952455294,121.71026952455294,-213.3751032784619,0.0,0.0
0.05000000000000003,119.13667962065689,119.13667962065689,119.13667962065689,-201.5758413136782,0.0,0.0
0.05200000000000003,115.90867918130442,115.90867918130442,115.90867918130442,-185.21604501259185,0.0,0.0
0.054000000000000034,112.1044016519875,112.1044016519875,112.1044016519875,-164.69629181971595,0.0,0.0
0.056000000000000036,107.81520979465569,107.81520979465569,107.81520979465569,-140.51326042135418,0.0,0.0
0.05800000000000004,103.14350379058831,103.14350379058831,103.14350379058831,-113.2477256226673,0.0,0.0
0.06000000000000004,98.20027852861708,98.20027852861708,98.20027852861708,-83.55062489601187,0.0,0.0
0.06200000000000004,93.10248830248077,93.10248830248077,93.10248830248077,-52.12753055071312,0.0,0.0
0.06400000000000004,87.97028144381648,87.97028144381648,87.97028144381648,-19.721897641209694,0.0,0.0
0.06600000000000004,82.92417023746442,82.92417023746442,82.92417023746442,12.902514917947315,0.0,0.0
0.06800000000000005,78.08220274270218,78.08220274270218,78.08220274270218,44.97963463448605,0.0,0.0
0.07000000000000005,73.55720285347482,73.55720285347482,73.55720285347482,75.75905360519073,0.0,0.0
0.07200000000000005,69.45414308524472,69.45414308524472,69.45414308524472,104.52357290103123,0.0,0.0
0.07400000000000005,65.86771122477826,65.86771122477826,65.86771122477826,130.6059032357163,0.0,0.0
0.07600000000000005,62.880127206181896,62.880127206181896,62.880127206181896,153.4041332863295,0.0,0.0
0.07800000000000006,60.5173304491363,60.5173304491363,60.5173304491363,172.39560737574288,0.0,0.0
0.08000000000000006,58.75708509636368,58.75708509636368,58.75708509636368,187.41543380093026,0.0,0.0
0.08200000000000006,57.63845748090548,57.63845748090548,57.63845748090548,198.6049614594353,0.0,0.0
0.08400000000000006,57.18531946360535,57.18531946360535,57.18531946360535,205.71585348538002,0.0,0.0
0.08600000000000006,57.405844543172584,57.405844543172584,57.405844543172584,208.59636123375344,0.0,0.0
0.08800000000000006,58.29237405937595,58.29237405937595,58.29237405937595,207.1945274079605,0.0,0.0
0.09000000000000007,59.821655262159226,59.821655262159226,59.821655262159226,201.55903657935892,0.0,0.0
0.09200000000000007,61.95544429013336,61.95544429013336,61.95544429013336,191.83770182950616,0.0,0.0
0.09400000000000007,64.64145856795437,64.64145856795437,64.64145856795437,178.27363173648018,0.0,0.0
0.09600000000000007,67.8146549929983,67.8146549929983,67.8146549929983,161.1991761752276,0.0,0.0
0.09800000000000007,71.39880272695537,71.39880272695537,71.39880272695537,141.02780114050836,0.0,0.0
0.10000000000000007,75.30831261254097,75.30831261254097,75.30831261254097,118.24409082529007,0.0,0.0
0.10200000000000008,79.45027935605653,79.45027935605653,79.45027935605653,93.39211838459948,0.0,0.0
0.10400000000000008,83.72668778756436,83.72668778756436,83.72668778756436,67.06246418941981,0.0,0.0
0.10600000000000008,88.03673084136184,88.03673084136184,88.03673084136184,39.87819107201085,0.0,0.0
0.10800000000000008,92.27918447203696,92.27918447203696,92.27918447203696,12.480109387630932,0.0,0.0
0.11000000000000008,95.64522787095902,95.64522787095902,95.64522787095902,-14.488319851844608,0.0,0.0
0.11200000000000009,98.27803813264921,98.27803813264921,98.27803813264921,-35.88558453011228,0.0,0.0
0.11400000000000009,100.29453721632247,100.29453721632247,100.29453721632247,-52.62183280162458,0.0,0.0
0.11600000000000009,101.79519061119333,101.79519061119333,101.79519061119333,-65.44031417671863,0.0,0.0
0.11800000000000009,102.8661707439725,102.8661707439725,102.8661707439725,-74.97966767723392,0.0,0.0
0.12000000000000009,103.58124806902212,103.58124806902212,103.58124806902212,-81.78767418528446,0.0,0.0
0.1220000000000001,103.99466061528868,103.99466061528868,103.99466061528868,-86.33327772515986,0.0,0.0
0.1240000000000001,104.09782419053852,104.09782419053852,104.09782419053852,-88.96125859926713,0.0,0.0
0.12600000000000008,103.88946373483019,103.88946373483019,103.88946373483019,-89.61704881441528,0.0,0.0
0.12800000000000009,103.3756162584065,103.3756162584065,103.3756162584065,-88.29254306956852,0.0,0.0
0.1300000000000001,102.56946225078349,102.56946225078349,102.56946225078349,-85.02611743143848,0.0,0.0
0.1320000000000001,101.49099014859164,101.49099014859164,101.49099014859164,-79.90155763578059,0.0,0.0
0.1340000000000001,100.16650234870838,100.16650234870838,100.16650234870838,-73.04592617656738,0.0,0.0
0.1360000000000001,98.62797493874987,98.62797493874987,98.62797493874987,-64.62642213026948,0.0,0.0
0.1380000000000001,96.91228670340139,96.91228670340139,96.91228670340139,-54.84631109064526,0.0,0.0
0.1400000000000001,95.0603359740277,95.0603359740277,95.0603359740277,-43.94002411618203,0.0,0.0
0.1420000000000001,93.11606645133175,93.11606645133175,93.11606645133175,-32.16754371969921,0.0,0.0
0.1440000000000001,91.12542518806337,91.12542518806337,91.12542518806337,-19.808211217825715,0.0,0.0
0.1460000000000001,89.13527742452854,89.13527742452854,89.13527742452854,-7.154102835481353,0.0,0.0
0.1480000000000001,87.19230389062946,87.19230389062946,87.19230389062946,5.49686846775694,0.0,0.0
0.1500000000000001,85.34190650492944,85.34190650492944,85.34190650492944,17.847962628046616,0.0,0.0
0.1520000000000001,83.62714810858428,83.62714810858428,83.62714810858428,29.61056872946449,0.0,0.0
0.1540000000000001,82.08775097902766,82.08775097902766,82.08775097902766,40.5109449033514,0.0,0.0
0.1560000000000001,80.75917739820194,80.75917739820194,80.75917739820194,50.29658457651692,0.0,0.0
0.1580000000000001,79.67181353950146,79.67181353950146,79.67181353950146,58.74206111510978,0.0,0.0
0.16000000000000011,78.81043463939552,78.81043463939552,78.81043463939552,65.65421569209713,0.0,0.0
0.16200000000000012,78.13431762821429,78.13431762821429,78.13431762821429,71.12982908429052,0.0,0.0
0.16400000000000012,77.6412894978897,77.6412894978897,77.6412894978897,75.4277697009673,0.0,0.0
0.16600000000000012,77.34223951904164,77.34223951904164,77.34223951904164,78.56185091981467,0.0,0.0
0.16800000000000012,77.24346666862237,77.24346666862237,77.24346666862237,80.4628518253561,0.0,0.0
0.17000000000000012,77.34654881425965,77.34654881425965,77.34654881425965,81.09073108090121,0.0,0.0
0.17200000000000013,77.64832312355698,77.64832312355698,77.64832312355698,80.43545849751422,0.0,0.0
0.17400000000000013,78.1409777474627,78.1409777474627,78.1409777474627,78.51713956817298,0.0,0.0
0.17600000000000013,78.81225221650136,78.81225221650136,78.81225221650136,75.38543265492905,0.0,0.0
0.17800000000000013,79.64574144805333,79.64574144805333,79.64574144805333,71.11827511014411,0.0,0.0
0.18000000000000013,80.6212958513081,80.6212958513081,80.6212958513081,65.81995076301462,0.0,0.0
0.18200000000000013,81.7155077900948,81.7155077900948,81.7155077900948,59.618546532404594,0.0,0.0
0.18400000000000014,82.90227267405174,82.90227267405174,82.90227267405174,52.66286007992528,0.0,0.0
0.18600000000000014,84.15341124133575,84.15341124133575,84.15341124133575,45.118833065587864,0.0,0.0
0.18800000000000014,85.43933821029424,85.43933821029424,85.43933821029424,37.16559542107689,0.0,0.0
0.19000000000000014,86.72976144455106,86.72976144455106,86.72976144455106,28.991214864801464,0.0,0.0
0.19200000000000014,87.99439511871572,87.99439511871572,87.99439511871572,20.788252449277707,0.0,0.0
0.19400000000000014,89.20367010444932,89.20367010444932,89.20367010444932,12.74922910934788,0.0,0.0
0.19600000000000015,90.32942492374121,90.32942492374121,90.32942492374121,5.062109880036587,0.0,0.0
0.19800000000000015,91.227314016478,91.227314016478,91.227314016478,-2.0940883552382275,0.0,0.0
0.20000000000000015,91.93247746819252,91.93247746819252,91.93247746819252,-7.801789739947367,0.0,0.0
0.20200000000000015,92.47645592962002,92.47645592962002,92.47645592962002,-12.284372769806168,0.0,0.0
0.20400000000000015,92.88533947000398,92.88533947000398,92.88533947000398,-15.742335053408624,0.0,0.0
0.20600000000000016,93.18151899480155,93.18151899480155,93.18151899480155,-18.341525942921294,0.0,0.0
0.20800000000000016,93.38417468713203,93.38417468713203,93.38417468713203,-20.224279946154525,0.0,0.0
0.21000000000000016,93.50970278570504,93.50970278570504,93.50970278570504,-21.51252165116091,0.0,0.0
0.21200000000000016,93.57198805488046,93.57198805488046,93.57198805488046,-22.31047866816982,0.0,0.0
0.21400000000000016,93.56980284827569,93.56980284827569,93.56980284827569,-22.7064136672642,0.0,0.0
0.21600000000000016,93.50343632233762,93.50343632233762,93.50343632233762,-22.692522745918836,0.0,0.0
0.21800000000000017,93.37468205659182,93.37468205659182,93.37468205659182,-22.270644013835863,0.0,0.0
0.22000000000000017,93.18679043058184,93.18679043058184,93.18679043058184,-21.452178897342947,0.0,0.0
0.22200000000000017,92.94438700463417,92.94438700463417,92.94438700463417,-20.257789409122665,0.0,0.0
0.22400000000000017,92.6533589444241,92.6533589444241,92.6533589444241,-18.716879311058506,0.0,0.0
0.22600000000000017,92.32071227138117,92.32071227138117,92.32071227138117,-16.866872137915152,0.0,0.0
0.22800000000000017,91.95440339504054,91.95440339504054,91.95440339504054,-14.75230376671584,0.0,0.0
0.23000000000000018,91.56314897395728,91.56314897395728,91.56314897395728,-12.423751501593756,0.0,0.0
0.23200000000000018,91.15621864521142,91.15621864521142,91.15621864521142,-9.93662539765171,0.0,0.0
0.23400000000000018,90.74321554762741,90.74321554762741,90.74321554762741,-7.3498506838800495,0.0,0.0
0.23600000000000018,90.33384983197857,90.33384983197857,90.33384983197857,-4.724472593157998,0.0,0.0
0.23800000000000018,89.93771049678627,89.93771049678627,89.93771049678627,-2.1222166119214307,0.0,0.0
0.24000000000000019,89.56404090790107,89.56404090790107,89.56404090790107,0.39596191402904424,0.0,0.0
0.2420000000000002,89.22152325387026,89.22152325387026,89.22152325387026,2.7713047566544446,0.0,0.0
0.2440000000000002,88.91807696011188,88.91807696011188,88.91807696011188,4.948620979797511,0.0,0.0
0.2460000000000002,88.66067573895025,88.66067573895025,88.66067573895025,6.877568379960735,0.0,0.0
0.2480000000000002,88.45119240098308,88.45119240098308,88.45119240098308,8.513816462641103,0.0,0.0
0.25000000000000017,88.28105497040036,88.28105497040036,88.28105497040036,9.845460145430707,0.0,0.0
0.25200000000000017,88.14322051208343,88.14322051208343,88.14322051208343,10.926989764158861,0.0,0.0
0.25400000000000017,88.03190244395245,88.03190244395245,88.03190244395245,11.803175848787987,0.0,0.0
0.25600000000000017,87.94234647941187,87.94234647941187,87.94234647941187,12.510802544283024,0.0,0.0
0.2580000000000002,87.8706465273932,87.8706465273932,87.8706465273932,13.080091899674585,0.0,0.0
0.2600000000000002,87.81359342411506,87.81359342411506,87.81359342411506,13.535874154666772,0.0,0.0
0.2620000000000002,87.76855064148046,87.76855064148046,87.76855064148046,13.898549321585392,0.0,0.0
0.2640000000000002,87.73335216120438,87.73335216120438,87.73335216120438,14.18487728223704,0.0,0.0
0.2660000000000002,87.70621856172187,87.70621856172187,87.70621856172187,14.40862698165597,0.0,0.0
0.2680000000000002,87.68568806988064,87.68568806988064,87.68568806988064,14.581109846846402,0.0,0.0
0.2700000000000002,87.67055990865724,87.67055990865724,87.67055990865724,14.711618077382695,0.0,0.0
0.2720000000000002,87.65984774807154,87.65984774807154,87.65984774807154,14.807784772647551,0.0,0.0
0.2740000000000002,87.6527414575346,87.6527414575346,87.6527414575346,14.875879835058754,0.0,0.0
0.2760000000000002,87.64857567918432,87.64857567918432,87.64857567918432,14.921053102744054,0.0,0.0
0.2780000000000002,87.64680400578027,87.64680400578027,87.64680400578027,14.947534122561137,0.0,0.0
0.2800000000000002,87.64697776366205,87.64697776366205,87.64697776366205,14.95879629605588,0.0,0.0
0.2820000000000002,87.64872857952162,87.64872857952162,87.64872857952162,14.957691751953007,0.0,0.0
0.2840000000000002,87.65175405619867,87.65175405619867,87.65175405619867,14.946562165696946,0.0,0.0
0.2860000000000002,87.65580600304736,87.65580600304736,87.65580600304736,14.927329815556277,0.0,0.0
0.2880000000000002,87.6606807653017,87.6606807653017,87.6606807653017,14.901572399828524,0.0,0.0
0.2900000000000002,87.66621127811182,87.66621127811182,87.66621127811182,14.870584511130119,0.0,0.0
0.2920000000000002,87.67226053767938,87.67226053767938,87.67226053767938,14.835428147298785,0.0,0.0
0.2940000000000002,87.67871623677188,87.67871623677188,87.67871623677188,14.796974214079682,0.0,0.0
0.2960000000000002,87.68548635696428,87.68548635696428,87.68548635696428,14.755936626088555,0.0,0.0
0.2980000000000002,87.69249554698851,87.69249554698851,87.69249554698851,14.712900326049521,0.0,0.0
0.3000000000000002,87.69968214699885,87.69968214699885,87.69968214699885,14.668344306903464,0.0,0.0
0.3020000000000002,87.70699574356253,87.70699574356253,87.70699574356253,14.622660527957578,0.0,0.0
0.3040000000000002,87.71439516072739,87.71439516072739,87.71439516072739,14.576169457321726,0.0,0.0
0.3060000000000002,87.72184680939809,87.72184680939809,87.72184680939809,14.52913284228805,0.0,0.0
0.3080000000000002,87.72932333112051,87.72932333112051,87.72932333112051,14.481764202018212,0.0,0.0
0.3100000000000002,87.73680248377073,87.73680248377073,87.73680248377073,14.434237448733029,0.0,0.0
0.3120000000000002,87.74426622600711,87.74426622600711,87.74426622600711,14.386693971166096,0.0,0.0
0.3140000000000002,87.75169996503891,87.75169996503891,87.75169996503891,14.339248454517929,0.0,0.0
0.3160000000000002,87.7590919385852,87.7590919385852,87.7590919385852,14.291993662240543,0.0,0.0
0.3180000000000002,87.76643270709293,87.76643270709293,87.76643270709293,14.245004364801503,0.0,0.0
0.32000000000000023,87.7737147365501,87.7737147365501,87.7737147365501,14.198340567551554,0.0,0.0
0.32200000000000023,87.78093205573747,87.78093205573747,87.78093205573747,14.152050162698288,0.0,0.0
0.32400000000000023,87.78807997464298,87.78807997464298,87.78807997464298,14.106171108088006,0.0,0.0
0.32600000000000023,87.79515485313105,87.79515485313105,87.79515485313105,14.060733217189409,0.0,0.0
0.32800000000000024,87.8021539109038,87.8021539109038,87.8021539109038,14.015759629616468,0.0,0.0
0.33000000000000024,87.80907507138998,87.80907507138998,87.80907507138998,13.9712680191667,0.0,0.0
0.33200000000000024,87.81591683351071,87.81591683351071,87.81591683351071,13.927271586188112,0.0,0.0
0.33400000000000024,87.8226781663498,87.8226781663498,87.8226781663498,13.883779872739069,0.0,0.0
0.33600000000000024,87.82935842264375,87.82935842264375,87.82935842264375,13.840799432147605,0.0,0.0
0.33800000000000024,87.83595726773461,87.83595726773461,87.83595726773461,13.798334378938193,0.0,0.0
0.34000000000000025,87.84247462122767,87.84247462122767,87.84247462122767,13.756386840464529,0.0,0.0
0.34200000000000025,87.84891060908777,87.84891060908777,87.84891060908777,13.71495732777987,0.0,0.0
0.34400000000000025,87.85526552431227,87.85526552431227,87.85526552431227,13.674045040150872,0.0,0.0
0.34600000000000025,87.86153979465068,87.86153979465068,87.86153979465068,13.633648115051642,0.0,0.0
0.34800000000000025,87.86773395611374,87.86773395611374,87.86773395611374,13.593763833364505,0.0,0.0
0.35000000000000026,87.87384863123923,87.87384863123923,87.87384863123923,13.554388787776134,0.0,0.0
0.35200000000000026,87.87988451126569,87.87988451126569,87.87988451126569,13.515519020938427,0.0,0.0
0.35400000000000026,87.88584234151664,87.88584234151664,87.88584234151664,13.477150138786214,0.0,0.0
0.35600000000000026,87.8917229094225,87.8917229094225,87.8917229094225,13.439277403447022,0.0,0.0
0.35800000000000026,87.89752703470928,87.89752703470928,87.89752703470928,13.40189580938295,0.0,0.0
0.36000000000000026,87.90325556136723,87.90325556136723,87.90325556136723,13.36500014575995,0.0,0.0
0.36200000000000027,87.90890935108172,87.90890935108172,87.90890935108172,13.328585047500724,0.0,0.0
0.36400000000000027,87.91448927786503,87.91448927786503,87.91448927786503,13.292645037043712,0.0,0.0
0.36600000000000027,87.91999622367473,87.91999622367473,87.91999622367473,13.257174558467455,0.0,0.0
0.36800000000000027,87.925431074842,87.925431074842,87.925431074842,13.222168005344429,0.0,0.0
0.3700000000000003,87.93079471916535,87.93079471916535,87.93079471916535,13.18761974344443,0.0,0.0
0.3720000000000003,87.93608804355064,87.93608804355064,87.93608804355064,13.1535241292097,0.0,0.0
0.3740000000000003,87.94131193209952,87.94131193209952,87.94131193209952,13.119875524757163,0.0,0.0
0.3760000000000003,87.94646726456591,87.94646726456591,87.94646726456591,13.086668310029722,0.0,0.0
0.3780000000000003,87.95155491511483,87.95155491511483,87.95155491511483,13.053896892607327,0.0,0.0
0.3800000000000003,87.95657575132894,87.95657575132894,87.95657575132894,13.02155571559797,0.0,0.0
0.3820000000000003,87.96153063341848,87.96153063341848,87.96153063341848,12.9896392639522,0.0,0.0
0.3840000000000003,87.96642041359793,87.96642041359793,87.96642041359793,12.958142069485348,0.0,0.0
0.3860000000000003,87.9712459355994,87.9712459355994,87.9712459355994,12.927058714840541,0.0,0.0
0.3880000000000003,87.97600803429773,87.97600803429773,87.97600803429773,12.896383836581776,0.0,0.0
0.3900000000000003,87.98070753542764,87.98070753542764,87.98070753542764,12.866112127576116,0.0,0.0
0.3920000000000003,87.98534525537542,87.98534525537542,87.98534525537542,12.836238338793578,0.0,0.0
0.3940000000000003,87.98992200103228,87.98992200103228,87.98992200103228,12.806757280629427,0.0,0.0
0.3960000000000003,87.99443856969751,87.99443856969751,87.99443856969751,12.777663823837884,0.0,0.0
0.3980000000000003,87.99889574902252,87.99889574902252,87.99889574902252,12.748952900146833,0.0,0.0
0.4000000000000003,88.00329431698812,88.00329431698812,88.00329431698812,12.720619502613658,0.0,0.0
0.4020000000000003,88.0076350419087,88.0076350419087,88.0076350419087,12.69265868576997,0.0,0.0
0.4040000000000003,88.01191868245843,88.01191868245843,88.01191868245843,12.665065565594773,0.0,0.0
0.4060000000000003,88.01614598771496,88.01614598771496,88.01614598771496,12.637835319348142,0.0,0.0
0.4080000000000003,88.02031769721752,88.02031769721752,88.02031769721752,12.610963185293485,0.0,0.0
0.4100000000000003,88.02443454103623,88.02443454103623,88.02443454103623,12.58444446232761,0.0,0.0
0.4120000000000003,88.02849723985068,88.02849723985068,88.02849723985068,12.558274509540865,0.0,0.0
0.4140000000000003,88.03250650503558,88.03250650503558,88.03250650503558,12.532448745717147,0.0,0.0
0.4160000000000003,88.03646303875206,88.03646303875206,88.03646303875206,12.506962648789795,0.0,0.0
0.4180000000000003,88.04036753404333,88.04036753404333,88.04036753404333,12.481811755260765,0.0,0.0
0.4200000000000003,88.04422067493356,88.04422067493356,88.04422067493356,12.456991659593314,0.0,0.0
0.4220000000000003,88.04802313652932,88.04802313652932,88.04802313652932,12.43249801358229,0.0,0.0
0.4240000000000003,88.0517755851227,88.0517755851227,88.0517755851227,12.408326525710322,0.0,0.0
0.4260000000000003,88.05547867829559,88.05547867829559,88.05547867829559,12.384472960491962,0.0,0.0
0.4280000000000003,88.05913306502464,88.05913306502464,88.05913306502464,12.360933137810662,0.0,0.0
0.4300000000000003,88.06273938578668,88.06273938578668,88.06273938578668,12.337702932251318,0.0,0.0
0.43200000000000033,88.06629827266399,88.06629827266399,88.06629827266399,12.314778272431226,0.0,0.0
0.43400000000000033,88.0698103494494,88.0698103494494,88.0698103494494,12.292155140329555,0.0,0.0
0.43600000000000033,88.073276231751,88.073276231751,88.073276231751,12.269829570620004,0.0,0.0
0.43800000000000033,88.07669652709619,88.07669652709619,88.07669652709619,12.247797650005168,0.0,0.0
0.44000000000000034,88.08007183503506,88.08007183503506,88.08007183503506,12.22605551655488,0.0,0.0
0.44200000000000034,88.0834027472428,88.0834027472428,88.0834027472428,12.204599359049098,0.0,0.0
0.44400000000000034,88.08668984762144,88.08668984762144,88.08668984762144,12.18342541632694,0.0,0.0
0.44600000000000034,88.08993371240032,88.08993371240032,88.08993371240032,12.16252997664003,0.0,0.0
0.44800000000000034,88.09313491023576,88.09313491023576,88.09313491023576,12.141909377013576,0.0,0.0
0.45000000000000034,88.0962940023095,88.0962940023095,88.0962940023095,12.12156000261325,0.0,0.0
0.45200000000000035,88.09941154242617,88.09941154242617,88.09941154242617,12.10147828611889,0.0,0.0
0.45400000000000035,88.10248807710951,88.10248807710951,88.10248807710951,12.081660707105357,0.0,0.0
0.45600000000000035,88.10552414569763,88.10552414569763,88.10552414569763,12.062103791430104,0.0,0.0
0.45800000000000035,88.10852028043688,88.10852028043688,88.10852028043688,12.042804110629277,0.0,0.0
0.46000000000000035,88.11147700657484,88.11147700657484,88.11147700657484,12.023758281318806,0.0,0.0
0.46200000000000035,88.11439484245199,88.11439484245199,88.11439484245199,12.004962964604942,0.0,0.0
0.46400000000000036,88.11727429959222,88.11727429959222,88.11727429959222,11.98641486550116,0.0,0.0
0.46600000000000036,88.12011588279239,88.12011588279239,88.12011588279239,11.968110732352102,0.0,0.0
0.46800000000000036,88.12292009021051,88.12292009021051,88.12292009021051,11.950047356265259,0.0,0.0
0.47000000000000036,88.12568741345298,88.12568741345298,88.12568741345298,11.932221570549814,0.0,0.0
0.47200000000000036,88.12841833766056,88.12841833766056,88.12841833766056,11.914630250162077,0.0,0.0
0.47400000000000037,88.13111334159343,88.13111334159343,88.13111334159343,11.897270311159218,0.0,0.0
0.47600000000000037,88.1337728977149,88.1337728977149,88.1337728977149,11.880138710158803,0.0,0.0
0.47800000000000037,88.13639747227423,88.13639747227423,88.13639747227423,11.863232443805828,0.0,0.0
0.48000000000000037,88.13898752538829,88.13898752538829,88.13898752538829,11.846548548247142,0.0,0.0
0.4820000000000004,88.14154351112221,88.14154351112221,88.14154351112221,11.830084098611678,0.0,0.0
0.4840000000000004,88.14406587756885,88.14406587756885,88.14406587756885,11.813836208498287,0.0,0.0
0.4860000000000004,88.14655506692743,88.14655506692743,88.14655506692743,11.79780202947029,0.0,0.0
0.4880000000000004,88.14901151558098,88.14901151558098,88.14901151558098,11.781978750555595,0.0,0.0
0.4900000000000004,88.15143565417277,88.15143565417277,88.15143565417277,11.766363597754776,0.0,0.0
0.4920000000000004,88.15382790768187,88.15382790768187,88.15382790768187,11.75095383355449,0.0,0.0
0.4940000000000004,88.15618869549759,88.15618869549759,88.15618869549759,11.735746756447838,0.0,0.0
0.4960000000000004,88.15851843149296,88.15851843149296,88.15851843149296,11.720739700460854,0.0,0.0
0.4980000000000004,88.16081752409741,88.16081752409741,88.16081752409741,11.70593003468548,0.0,0.0
0.5000000000000003,88.16308637636816,88.16308637636816,88.16308637636816,11.691315162817546,0.0,0.0
0.5020000000000003,88.16532538606107,88.16532538606107,88.16532538606107,11.676892522702815,0.0,0.0
0.5040000000000003,88.16753494570023,88.16753494570023,88.16753494570023,11.6626595858869,0.0,0.0
0.5060000000000003,88.16971544264685,88.16971544264685,88.16971544264685,11.648613857172677,0.0,0.0
0.5080000000000003,88.17186725916709,88.17186725916709,88.17186725916709,11.634752874182482,0.0,0.0
0.5100000000000003,88.17399077249915,88.17399077249915,88.17399077249915,11.62107420692655,0.0,0.0
0.5120000000000003,88.17608635491939,88.17608635491939,88.17608635491939,11.607575457377266,0.0,0.0
0.5140000000000003,88.17815437380749,88.17815437380749,88.17815437380749,11.594254259048398,0.0,0.0
0.5160000000000003,88.18019519171102,88.18019519171102,88.18019519171102,11.581108276580494,0.0,0.0
0.5180000000000003,88.18220916640885,88.18220916640885,88.18220916640885,11.56813520533126,0.0,0.0
0.5200000000000004,88.18419665097397,88.18419665097397,88.18419665097397,11.555332770972086,0.0,0.0
0.5220000000000004,88.18615799383532,88.18615799383532,88.18615799383532,11.542698729088556,0.0,0.0
0.5240000000000004,88.18809353883891,88.18809353883891,88.18809353883891,11.53023086478754,0.0,0.0
0.5260000000000004,88.19000362530811,88.19000362530811,88.19000362530811,11.51792699230873,0.0,0.0
0.5280000000000004,88.19188858810308,88.19188858810308,88.19188858810308,11.505784954641285,0.0,0.0
0.5300000000000004,88.19374875767957,88.19374875767957,88.19374875767957,11.49380262314628,0.0,0.0
0.5320000000000004,88.19558446014673,88.19558446014673,88.19558446014673,11.481977897182446,0.0,0.0
0.5340000000000004,88.1973960173244,88.1973960173244,88.1973960173244,11.470308703739192,0.0,0.0
0.5360000000000004,88.1991837467994,88.1991837467994,88.1991837467994,11.458792997072237,0.0,0.0
0.5380000000000004,88.20094796198138,88.20094796198138,88.20094796198138,11.447428758345495,0.0,0.0
0.5400000000000004,88.20268897215759,88.20268897215759,88.20268897215759,11.436213995276717,0.0,0.0
0.5420000000000004,88.2044070825472,88.2044070825472,88.2044070825472,11.42514674178858,0.0,0.0
0.5440000000000004,88.20610259435479,88.20610259435479,88.20610259435479,11.414225057663884,0.0,0.0
0.5460000000000004,88.20777580482311,88.20777580482311,88.20777580482311,11.403447028205505,0.0,0.0
0.5480000000000004,88.20942700728527,88.20942700728527,88.20942700728527,11.392810763900343,0.0,0.0
0.5500000000000004,88.21105649121613,88.21105649121613,88.21105649121613,11.382314400088944,0.0,0.0
0.5520000000000004,88.21266454228301,88.21266454228301,88.21266454228301,11.371956096637291,0.0,0.0
0.5540000000000004,88.21425144239579,88.21425144239579,88.21425144239579,11.361734037615292,0.0,0.0
0.5560000000000004,88.2158174697564,88.2158174697564,88.2158174697564,11.351646430978349,0.0,0.0
0.5580000000000004,88.2173628989075,88.2173628989075,88.2173628989075,11.341691508252438,0.0,0.0
0.5600000000000004,88.21888800078062,88.21888800078062,88.21888800078062,11.331867524224776,0.0,0.0
0.5620000000000004,88.22039304274375,88.22039304274375,88.22039304274375,11.322172756637656,0.0,0.0
0.5640000000000004,88.22187828864809,88.22187828864809,88.22187828864809,11.312605505886495,0.0,0.0
0.5660000000000004,88.22334399887437,88.22334399887437,88.22334399887437,11.303164094721865,0.0,0.0
0.5680000000000004,88.22479043037852,88.22479043037852,88.22479043037852,11.29384686795538,0.0,0.0
0.5700000000000004,88.22621783673668,88.22621783673668,88.22621783673668,11.284652192169801,0.0,0.0
0.5720000000000004,88.22762646818963,88.22762646818963,88.22762646818963,11.275578455432196,0.0,0.0
0.5740000000000004,88.22901657168671,88.22901657168671,88.22901657168671,11.266624067012117,0.0,0.0
0.5760000000000004,88.23038839092914,88.23038839092914,88.23038839092914,11.257787457101813,0.0,0.0
0.5780000000000004,88.2317421664126,88.2317421664126,88.2317421664126,11.249067076541678,0.0,0.0
0.5800000000000004,88.23307813546961,88.23307813546961,88.23307813546961,11.240461396548312,0.0,0.0
0.5820000000000004,88.23439653231094,88.23439653231094,88.23439653231094,11.231968908446675,0.0,0.0
0.5840000000000004,88.23569758806676,88.23569758806676,88.23569758806676,11.223588123405762,0.0,0.0
0.5860000000000004,88.23698153082714,88.23698153082714,88.23698153082714,11.215317572177241,0.0,0.0
0.5880000000000004,88.23824858568207,88.23824858568207,88.23824858568207,11.207155804837953,0.0,0.0
0.5900000000000004,88.23949897476089,88.23949897476089,88.23949897476089,11.199101390536157,0.0,0.0
0.5920000000000004,88.24073291727123,88.24073291727123,88.24073291727123,11.191152917239833,0.0,0.0
0.5940000000000004,88.24195062953746,88.24195062953746,88.24195062953746,11.183308991490208,0.0,0.0
0.5960000000000004,88.24315232503855,88.24315232503855,88.24315232503855,11.175568238156302,0.0,0.0
0.5980000000000004,88.24433821444563,88.24433821444563,88.24433821444563,11.167929300194828,0.0,0.0
0.6000000000000004,88.24550850565878,88.24550850565878,88.24550850565878,11.1603908384119,0.0,0.0
0.6020000000000004,88.24666340384353,88.24666340384353,88.24666340384353,11.152951531228268,0.0,0.0
0.6040000000000004,88.24780311146688,88.24780311146688,88.24780311146688,11.145610074447404,0.0,0.0
0.6060000000000004,88.24892782833271,88.24892782833271,88.24892782833271,11.138365181027325,0.0,0.0
0.6080000000000004,88.25003775161689,88.25003775161689,88.25003775161689,11.131215580854587,0.0,0.0
0.6100000000000004,88.25113307590173,88.25113307590173,88.25113307590173,11.1241600205218,0.0,0.0
0.6120000000000004,88.25221399321026,88.25221399321026,88.25221399321026,11.117197263107755,0.0,0.0
0.6140000000000004,88.25328069303974,88.25328069303974,88.25328069303974,11.11032608796097,0.0,0.0
0.6160000000000004,88.25433336239495,88.25433336239495,88.25433336239495,11.10354529048493,0.0,0.0
0.6180000000000004,88.25537218582097,88.25537218582097,88.25537218582097,11.096853681927769,0.0,0.0
0.6200000000000004,88.25639734543554,88.25639734543554,88.25639734543554,11.090250089173196,0.0,0.0
0.6220000000000004,88.25740902096096,88.25740902096096,88.25740902096096,11.083733354535298,0.0,0.0
0.6240000000000004,88.25840738975563,88.25840738975563,88.25840738975563,11.07730233555526,0.0,0.0
0.6260000000000004,88.25939262684511,88.25939262684511,88.25939262684511,11.070955904801394,0.0,0.0
0.6280000000000004,88.26036490495282,88.26036490495282,88.26036490495282,11.064692949670984,0.0,0.0
0.6300000000000004,88.26132439453036,88.26132439453036,88.26132439453036,11.058512372195764,0.0,0.0
0.6320000000000005,88.26227126378731,88.26227126378731,88.26227126378731,11.052413088849335,0.0,0.0
0.6340000000000005,88.26320567872075,88.26320567872075,88.26320567872075,11.046394030356737,0.0,0.0
0.6360000000000005,88.26412780314443,88.26412780314443,88.26412780314443,11.040454141507894,0.0,0.0
0.6380000000000005,88.26503779871739,88.26503779871739,88.26503779871739,11.03459238097139,0.0,0.0
0.6400000000000005,88.26593582497235,88.26593582497235,88.26593582497235,11.028807721113253,0.0,0.0
0.6420000000000005,88.26682203934367,88.26682203934367,88.26682203934367,11.023099147815742,0.0,0.0
0.6440000000000005,88.26769659719494,88.26769659719494,88.26769659719494,11.017465660300104,0.0,0.0
0.6460000000000005,88.26855965184627,88.26855965184627,88.26855965184627,11.011906270951158,0.0,0.0
0.6480000000000005,88.26941135460108,88.26941135460108,88.26941135460108,11.006420005143582,0.0,0.0
0.6500000000000005,88.2702518547727,88.2702518547727,88.2702518547727,11.001005901071835,0.0,0.0
0.6520000000000005,88.27108129971049,88.27108129971049,88.27108129971049,10.99566300958088,0.0,0.0
0.6540000000000005,88.27189983482573,88.27189983482573,88.27189983482573,10.990390394000315,0.0,0.0
0.6560000000000005,88.27270760361708,88.27270760361708,88.27270760361708,10.98518712997975,0.0,0.0
0.6580000000000005,88.27350474769571,88.27350474769571,88.27350474769571,10.980052305326922,0.0,0.0
0.6600000000000005,88.27429140681019,88.27429140681019,88.27429140681019,10.97498501984785,0.0,0.0
0.6620000000000005,88.2750677188709,88.2750677188709,88.2750677188709,10.969984385188923,0.0,0.0
0.6640000000000005,88.27583381997435,88.27583381997435,88.27583381997435,10.965049524681376,0.0,0.0
0.6660000000000005,88.27658984442688,88.27658984442688,88.27658984442688,10.96017957318702,0.0,0.0
0.6680000000000005,88.2773359247683,88.2773359247683,88.2773359247683,10.955373676947147,0.0,0.0
0.6700000000000005,88.27807219179508,88.27807219179508,88.27807219179508,10.950630993432924,0.0,0.0
0.6720000000000005,88.27879877458336,88.27879877458336,88.27879877458336,10.945950691197027,0.0,0.0
0.6740000000000005,88.27951580051146,88.27951580051146,88.27951580051146,10.941331949728465,0.0,0.0
0.6760000000000005,88.2802233952823,88.2802233952823,88.2802233952823,10.936773959308653,0.0,0.0
0.6780000000000005,88.28092168294543,88.28092168294543,88.28092168294543,10.932275920869301,0.0,0.0
0.6800000000000005,88.28161078591872,88.28161078591872,88.28161078591872,10.927837045852357,0.0,0.0
0.6820000000000005,88.28229082500985,88.28229082500985,88.28229082500985,10.92345655607187,0.0,0.0
0.6840000000000005,88.28296191943755,88.28296191943755,88.28296191943755,10.919133683577343,0.0,0.0
0.6860000000000005,88.28362418685239,88.28362418685239,88.28362418685239,10.914867670519357,0.0,0.0
0.6880000000000005,88.28427774335752,88.28427774335752,88.28427774335752,10.910657769016666,0.0,0.0
0.6900000000000005,88.28492270352892,88.28492270352892,88.28492270352892,10.906503241024893,0.0,0.0
0.6920000000000005,88.28555918043553,88.28555918043553,88.28555918043553,10.90240335820738,0.0,0.0
0.6940000000000005,88.28618728565911,88.28618728565911,88.28618728565911,10.898357401807402,0.0,0.0
0.6960000000000005,88.28680712931376,88.28680712931376,88.28680712931376,10.894364662522094,0.0,0.0
0.6980000000000005,88.28741882006521,88.28741882006521,88.28741882006521,10.890424440378183,0.0,0.0
0.7000000000000005,88.28802246514992,88.28802246514992,88.28802246514992,10.886536044609329,0.0,0.0
0.7020000000000005,88.28861817039383,88.28861817039383,88.28861817039383,10.882698793534928,0.0,0.0
0.7040000000000005,88.28920604023095,88.28920604023095,88.28920604023095,10.878912014440402,0.0,0.0
0.7060000000000005,88.28978617772162,88.28978617772162,88.28978617772162,10.875175043459876,0.0,0.0
0.7080000000000005,88.29035868457066,88.29035868457066,88.29035868457066,10.871487225459077,0.0,0.0
0.7100000000000005,88.29092366114511,88.29092366114511,88.29092366114511,10.867847913921196,0.0,0.0
0.7120000000000005,88.2914812064919,88.2914812064919,88.2914812064919,10.864256470832629,0.0,0.0
0.7140000000000005,88.29203141835514,88.29203141835514,88.29203141835514,10.86071226657225,0.0,0.0
0.7160000000000005,88.29257439319332,88.29257439319332,88.29257439319332,10.857214679799995,0.0,0.0
0.7180000000000005,88.29311022619622,88.29311022619622,88.29311022619622,10.853763097348633,0.0,0.0
0.7200000000000005,88.29363901130152,88.29363901130152,88.29363901130152,10.850356914115764,0.0,0.0
0.7220000000000005,88.29416084121137,88.29416084121137,88.29416084121137,10.84699553295843,0.0,0.0
0.7240000000000005,88.29467580740855,88.29467580740855,88.29467580740855,10.843678364587618,0.0,0.0
0.7260000000000005,88.29518400017258,88.29518400017258,88.29518400017258,10.84040482746525,0.0,0.0
0.7280000000000005,88.29568550859554,88.29568550859554,88.29568550859554,10.837174347702899,0.0,0.0
0.7300000000000005,88.29618042059761,88.29618042059761,88.29618042059761,10.833986358959805,0.0,0.0
0.7320000000000005,88.29666882294259,88.29666882294259,88.29666882294259,10.830840302344996,0.0,0.0
0.7340000000000005,88.29715080125305,88.29715080125305,88.29715080125305,10.827735626318486,0.0,0.0
0.7360000000000005,88.29762644002534,88.29762644002534,88.29762644002534,10.824671786594536,0.0,0.0
0.7380000000000005,88.29809582264443,88.29809582264443,88.29809582264443,10.821648246046834,0.0,0.0
0.7400000000000005,88.29855903139851,88.29855903139851,88.29855903139851,10.818664474613797,0.0,0.0
0.7420000000000005,88.2990161474934,88.2990161474934,88.2990161474934,10.815719949205914,0.0,0.0
0.7440000000000005,88.29946725106684,88.29946725106684,88.29946725106684,10.812814153613886,0.0,0.0
0.7460000000000006,88.29991242120249,88.29991242120249,88.29991242120249,10.809946578418248,0.0,0.0
0.7480000000000006,88.30035173594382,88.30035173594382,88.30035173594382,10.807116720899899,0.0,0.0
0.7500000000000006,88.30078527230775,88.30078527230775,88.30078527230775,10.804324084952327,0.0,0.0
0.7520000000000006,88.30121310629822,88.30121310629822,88.30121310629822,10.801568180994082,0.0,0.0
0.7540000000000006,88.30163531291947,88.30163531291947,88.30163531291947,10.798848525883386,0.0,0.0
0.7560000000000006,88.3020519661892,88.3020519661892,88.3020519661892,10.796164642833446,0.0,0.0
0.7580000000000006,88.3024631391515,88.3024631391515,88.3024631391515,10.793516061328546,0.0,0.0
0.7600000000000006,88.30286890388975,88.30286890388975,88.30286890388975,10.790902317041741,0.0,0.0
0.7620000000000006,88.3032693315392,88.3032693315392,88.3032693315392,10.788322951753571,0.0,0.0
0.7640000000000006,88.30366449229945,88.30366449229945,88.30366449229945,10.785777513271569,0.0,0.0
0.7660000000000006,88.3040544554467,88.3040544554467,88.3040544554467,10.783265555350908,0.0,0.0
0.7680000000000006,88.30443928934602,88.30443928934602,88.30443928934602,10.780786637616416,0.0,0.0
0.7700000000000006,88.30481906146322,88.30481906146322,88.30481906146322,10.778340325485146,0.0,0.0
0.7720000000000006,88.30519383837674,88.30519383837674,88.30519383837674,10.775926190090559,0.0,0.0
0.7740000000000006,88.30556368578928,88.30556368578928,88.30556368578928,10.773543808206682,0.0,0.0
0.7760000000000006,88.30592866853938,88.30592866853938,88.30592866853938,10.771192762174678,0.0,0.0
0.7780000000000006,88.30628885061272,88.30628885061272,88.30628885061272,10.768872639828828,0.0,0.0
0.7800000000000006,88.30664429515336,88.30664429515336,88.30664429515336,10.766583034425025,0.0,0.0
0.7820000000000006,88.30699506447486,88.30699506447486,88.30699506447486,10.764323544569038,0.0,0.0
0.7840000000000006,88.3073412200711,88.3073412200711,88.3073412200711,10.762093774146138,0.0,0.0
0.7860000000000006,88.30768282262716,88.30768282262716,88.30768282262716,10.759893332251977,0.0,0.0
0.7880000000000006,88.3080199320299,88.3080199320299,88.3080199320299,10.757721833123583,0.0,0.0
0.7900000000000006,88.3083526073785,88.3083526073785,88.3083526073785,10.75557889607228,0.0,0.0
0.7920000000000006,88.30868090699478,88.30868090699478,88.30868090699478,10.753464145416274,0.0,0.0
0.7940000000000006,88.30900488843346,88.30900488843346,88.30900488843346,10.751377210415512,0.0,0.0
0.7960000000000006,88.3093246084922,88.3093246084922,88.3093246084922,10.749317725206083,0.0,0.0
0.7980000000000006,88.30964012322166,88.30964012322166,88.30964012322166,10.747285328736666,0.0,0.0
0.8000000000000006,88.30995148793515,88.30995148793515,88.30995148793515,10.745279664704526,0.0,0.0
0.8020000000000006,88.31025875721853,88.31025875721853,88.31025875721853,10.743300381493782,0.0,0.0
0.8040000000000006,88.31056198493967,88.31056198493967,88.31056198493967,10.741347132113106,0.0,0.0
0.8060000000000006,88.31086122425785,88.31086122425785,88.31086122425785,10.739419574135468,0.0,0.0
0.8080000000000006,88.3111565276332,88.3111565276332,88.3111565276332,10.737517369637658,0.0,0.0
0.8100000000000006,88.3114479468358,88.3114479468358,88.3114479468358,10.735640185141165,0.0,0.0
0.8120000000000006,88.31173553295481,88.31173553295481,88.31173553295481,10.733787691554085,0.0,0.0
0.8140000000000006,88.31201933640736,88.31201933640736,88.31201933640736,10.731959564112799,0.0,0.0
0.8160000000000006,88.31229940694752,88.31229940694752,88.31229940694752,10.730155482325586,0.0,0.0
0.8180000000000006,88.31257579367484,88.31257579367484,88.31257579367484,10.728375129916003,0.0,0.0
0.8200000000000006,88.31284854504312,88.31284854504312,88.31284854504312,10.726618194767752,0.0,0.0
0.8220000000000006,88.31311770886883,88.31311770886883,88.31311770886883,10.72488436886988,0.0,0.0
0.8240000000000006,88.3133833323395,88.3133833323395,88.3133833323395,10.723173348262549,0.0,0.0
0.8260000000000006,88.31364546202197,88.31364546202197,88.31364546202197,10.721484832984174,0.0,0.0
0.8280000000000006,88.3139041438706,88.3139041438706,88.3139041438706,10.719818527018674,0.0,0.0
0.8300000000000006,88.31415942323531,88.31415942323531,88.31415942323531,10.718174138243285,0.0,0.0
0.8320000000000006,88.31441134486951,88.31441134486951,88.31441134486951,10.716551378377744,0.0,0.0
0.8340000000000006,88.31465995293799,88.31465995293799,88.31465995293799,10.71494996293336,0.0,0.0
0.8360000000000006,88.31490529102457,88.31490529102457,88.31490529102457,10.713369611163785,0.0,0.0
0.8380000000000006,88.3151474021399,88.3151474021399,88.3151474021399,10.711810046014875,0.0,0.0
0.8400000000000006,88.31538632872882,88.31538632872882,88.31538632872882,10.710270994077064,0.0,0.0
0.8420000000000006,88.3156221126779,88.3156221126779,88.3156221126779,10.708752185536582,0.0,0.0
0.8440000000000006,88.31585479532282,88.31585479532282,88.31585479532282,10.70725335412908,0.0,0.0
0.8460000000000006,88.31608441745551,88.31608441745551,88.31608441745551,10.705774237091873,0.0,0.0
0.8480000000000006,88.31631101933141,88.31631101933141,88.31631101933141,10.704314575118701,0.0,0.0
0.8500000000000006,88.31653464067642,88.31653464067642,88.31653464067642,10.70287411231402,0.0,0.0
0.8520000000000006,88.31675532069394,88.31675532069394,88.31675532069394,10.701452596148101,0.0,0.0
0.8540000000000006,88.31697309807173,88.31697309807173,88.31697309807173,10.700049777412687,0.0,0.0
0.8560000000000006,88.31718801098867,88.31718801098867,88.31718801098867,10.698665410177568,0.0,0.0
0.8580000000000007,88.31740009712148,88.31740009712148,88.31740009712148,10.697299251747154,0.0,0.0
0.8600000000000007,88.31760939365131,88.31760939365131,88.31760939365131,10.695951062618064,0.0,0.0
0.8620000000000007,88.31781593727025,88.31781593727025,88.31781593727025,10.694620606437297,0.0,0.0
0.8640000000000007,88.31801976418778,88.31801976418778,88.31801976418778,10.693307649960389,0.0,0.0
0.8660000000000007,88.31822091013711,88.31822091013711,88.31822091013711,10.692011963011055,0.0,0.0
0.8680000000000007,88.31841941038145,88.31841941038145,88.31841941038145,10.69073331844038,0.0,0.0
0.8700000000000007,88.31861529972016,88.31861529972016,88.31861529972016,10.689471492087137,0.0,0.0
0.8720000000000007,88.31880861249495,88.31880861249495,88.31880861249495,10.688226262738795,0.0,0.0
0.8740000000000007,88.31899938259573,88.31899938259573,88.31899938259573,10.686997412092069,0.0,0.0
0.8760000000000007,88.31918764346672,88.31918764346672,88.31918764346672,10.685784724715404,0.0,0.0
0.8780000000000007,88.31937342811221,88.31937342811221,88.31937342811221,10.684587988010662,0.0,0.0
0.8800000000000007,88.31955676910243,88.31955676910243,88.31955676910243,10.683406992176174,0.0,0.0
0.8820000000000007,88.31973769857913,88.31973769857913,88.31973769857913,10.682241530169676,0.0,0.0
0.8840000000000007,88.31991624826135,88.31991624826135,88.31991624826135,10.681091397672162,0.0,0.0
0.8860000000000007,88.32009244945091,88.32009244945091,88.32009244945091,10.67995639305218,0.0,0.0
0.8880000000000007,88.3202663330379,88.3202663330379,88.3202663330379,10.678836317330365,0.0,0.0
0.8900000000000007,88.32043792950616,88.32043792950616,88.32043792950616,10.677730974144538,0.0,0.0
0.8920000000000007,88.32060726893846,88.32060726893846,88.32060726893846,10.676640169715256,0.0,0.0
0.8940000000000007,88.320774381022,88.320774381022,88.320774381022,10.675563712811936,0.0,0.0
0.8960000000000007,88.32093929505346,88.32093929505346,88.32093929505346,10.674501414719202,0.0,0.0
0.8980000000000007,88.32110203994417,88.32110203994417,88.32110203994417,10.673453089204031,0.0,0.0
0.9000000000000007,88.32126264422519,88.32126264422519,88.32126264422519,10.672418552482895,0.0,0.0
0.9020000000000007,88.32142113605228,88.32142113605228,88.32142113605228,10.67139762318925,0.0,0.0
0.9040000000000007,88.3215775432109,88.3215775432109,88.3215775432109,10.670390122342837,0.0,0.0
0.9060000000000007,88.32173189312104,88.32173189312104,88.32173189312104,10.66939587331683,0.0,0.0
0.9080000000000007,88.321884212842,88.321884212842,88.321884212842,10.66841470180816,0.0,0.0
0.9100000000000007,88.32203452907719,88.32203452907719,88.32203452907719,10.667446435805914,0.0,0.0
0.9120000000000007,88.32218286817879,88.32218286817879,88.32218286817879,10.666490905562,0.0,0.0
0.9140000000000007,88.32232925615236,88.32232925615236,88.32232925615236,10.665547943561023,0.0,0.0
0.9160000000000007,88.32247371866137,88.32247371866137,88.32247371866137,10.664617384490612,0.0,0.0
0.9180000000000007,88.32261628103178,88.32261628103178,88.32261628103178,10.663699065213336,0.0,0.0
0.9200000000000007,88.32275696825646,88.32275696825646,88.32275696825646,10.66279282473704,0.0,0.0
0.9220000000000007,88.32289580499943,88.32289580499943,88.32289580499943,10.66189850418732,0.0,0.0
0.9240000000000007,88.32303281560041,88.32303281560041,88.32303281560041,10.661015946779571,0.0,0.0
0.9260000000000007,88.32316802407895,88.32316802407895,88.32316802407895,10.660144997791235,0.0,0.0
0.9280000000000007,88.32330145413864,88.32330145413864,88.32330145413864,10.659285504534864,0.0,0.0
0.9300000000000007,88.32343312917133,88.32343312917133,88.32343312917133,10.658437316331401,0.0,0.0
0.9320000000000007,88.32356307226115,88.32356307226115,88.32356307226115,10.657600284483578,0.0,0.0
0.9340000000000007,88.32369130618862,88.32369130618862,88.32369130618862,10.656774262250224,0.0,0.0
0.9360000000000007,88.32381785343465,88.32381785343465,88.32381785343465,10.655959104820113,0.0,0.0
0.9380000000000007,88.32394273618439,88.32394273618439,88.32394273618439,10.655154669286617,0.0,0.0
0.9400000000000007,88.32406597633127,88.32406597633127,88.32406597633127,10.654360814623033,0.0,0.0
0.9420000000000007,88.32418759548071,88.32418759548071,88.32418759548071,10.653577401657344,0.0,0.0
0.9440000000000007,88.32430761495391,88.32430761495391,88.32430761495391,10.652804293048234,0.0,0.0
0.9460000000000007,88.3244260557917,88.3244260557917,88.3244260557917,10.65204135326087,0.0,0.0
0.9480000000000007,88.32454293875811,88.32454293875811,88.32454293875811,10.651288448543255,0.0,0.0
0.9500000000000007,88.32465828434411,88.32465828434411,88.32465828434411,10.650545446902356,0.0,0.0
0.9520000000000007,88.32477211277106,88.32477211277106,88.32477211277106,10.649812218081365,0.0,0.0
0.9540000000000007,88.32488444399442,88.32488444399442,88.32488444399442,10.649088633536962,0.0,0.0
0.9560000000000007,88.32499529770715,88.32499529770715,88.32499529770715,10.648374566416237,0.0,0.0
0.9580000000000007,88.32510469334319,88.32510469334319,88.32510469334319,10.647669891535088,0.0,0.0
0.9600000000000007,88.32521265008086,88.32521265008086,88.32521265008086,10.64697448535594,0.0,0.0
0.9620000000000007,88.32531918684619,88.32531918684619,88.32531918684619,10.646288225966032,0.0,0.0
0.9640000000000007,88.32542432231632,88.32542432231632,88.32542432231632,10.645610993056039,0.0,0.0
0.9660000000000007,88.32552807492273,88.32552807492273,88.32552807492273,10.6449426678995,0.0,0.0
0.9680000000000007,88.32563046285443,88.32563046285443,88.32563046285443,10.6442831333311,0.0,0.0
0.9700000000000008,88.32573150406122,88.32573150406122,88.32573150406122,10.643632273726894,0.0,0.0
0.9720000000000008,88.32583121625679,88.32583121625679,88.32583121625679,10.642989974983493,0.0,0.0
0.9740000000000008,88.3259296169218,88.3259296169218,88.3259296169218,10.64235612449886,0.0,0.0
0.9760000000000008,88.32602672330707,88.32602672330707,88.32602672330707,10.641730611151388,0.0,0.0
0.9780000000000008,88.32612255243644,88.32612255243644,88.32612255243644,10.641113325281594,0.0,0.0
0.9800000000000008,88.32621712110989,88.32621712110989,88.32621712110989,10.640504158671888,0.0,0.0
0.9820000000000008,88.32631044590636,88.32631044590636,88.32631044590636,10.639903004528605,0.0,0.0
0.9840000000000008,88.3264025431868,88.3264025431868,88.3264025431868,10.639309757462456,0.0,0.0
0.9860000000000008,88.3264934290969,88.3264934290969,88.3264934290969,10.638724313470107,0.0,0.0
0.9880000000000008,88.32658311957003,88.32658311957003,88.32658311957003,10.638146569916785,0.0,0.0
0.9900000000000008,88.32667163032995,88.32667163032995,88.32667163032995,10.637576425517182,0.0,0.0
0.9920000000000008,88.32675897689363,88.32675897689363,88.32675897689363,10.637013780318512,0.0,0.0
0.9940000000000008,88.32684517457392,88.32684517457392,88.32684517457392,10.63645853568255,0.0,0.0
0.9960000000000008,88.32693023848226,88.32693023848226,88.32693023848226,10.635910594268466,0.0,0.0
0.9980000000000008,88.32701418353135,88.32701418353135,88.32701418353135,10.635369860015885,0.0,0.0
1.0000000000000007,88.32709702443772,88.32709702443772,88.32709702443772,10.634836238127832,0.0,0.0
1.0020000000000007,88.32717877572433,88.32717877572433,88.32717877572433,10.634309635054251,0.0,0.0
1.0040000000000007,88.32725945172315,88.32725945172315,88.32725945172315,10.633789958475518,0.0,0.0
1.0060000000000007,88.32733906657758,88.32733906657758,88.32733906657758,10.633277117286184,0.0,0.0
1.0080000000000007,88.32741763424504,88.32741763424504,88.32741763424504,10.632771021579629,0.0,0.0
1.0100000000000007,88.32749516849933,88.32749516849933,88.32749516849933,10.63227158263112,0.0,0.0
1.0120000000000007,88.32757168293313,88.32757168293313,88.32757168293313,10.631778712883374,0.0,0.0
1.0140000000000007,88.32764719096028,88.32764719096028,88.32764719096028,10.631292325930644,0.0,0.0
1.0160000000000007,88.3277217058182,88.3277217058182,88.3277217058182,10.630812336503709,0.0,0.0
1.0180000000000007,88.32779524057024,88.32779524057024,88.32779524057024,10.630338660454754,0.0,0.0
1.0200000000000007,88.32786780810788,88.32786780810788,88.32786780810788,10.629871214743048,0.0,0.0
1.0220000000000007,88.32793942115302,88.32793942115302,88.32793942115302,10.62940991741982,0.0,0.0
1.0240000000000007,88.32801009226029,88.32801009226029,88.32801009226029,10.628954687614396,0.0,0.0
1.0260000000000007,88.3280798338191,88.3280798338191,88.3280798338191,10.62850544551975,0.0,0.0
1.0280000000000007,88.328148658056,88.328148658056,88.328148658056,10.628062112378643,0.0,0.0
1.0300000000000007,88.32821657703664,88.32821657703664,88.32821657703664,10.627624610469638,0.0,0.0
1.0320000000000007,88.32828360266802,88.32828360266802,88.32828360266802,10.627192863093455,0.0,0.0
1.0340000000000007,88.3283497467005,88.3283497467005,88.3283497467005,10.626766794559899,0.0,0.0
1.0360000000000007,88.32841502072988,88.32841502072988,88.32841502072988,10.626346330174215,0.0,0.0
1.0380000000000007,88.32847943619949,88.32847943619949,88.32847943619949,10.625931396224246,0.0,0.0
1.0400000000000007,88.32854300440206,88.32854300440206,88.32854300440206,10.625521919967127,0.0,0.0
1.0420000000000007,88.32860573648183,88.32860573648183,88.32860573648183,10.625117829616897,0.0,0.0
1.0440000000000007,88.3286676434365,88.3286676434365,88.3286676434365,10.624719054332218,0.0,0.0
1.0460000000000007,88.32872873611903,88.32872873611903,88.32872873611903,10.624325524202845,0.0,0.0
1.0480000000000007,88.3287890252397,88.3287890252397,88.3287890252397,10.623937170238491,0.0,0.0
1.0500000000000007,88.32884852136787,88.32884852136787,88.32884852136787,10.623553924356202,0.0,0.0
1.0520000000000007,88.32890723493392,88.32890723493392,88.32890723493392,10.623175719368646,0.0,0.0
1.0540000000000007,88.32896517623098,88.32896517623098,88.32896517623098,10.62280248897207,0.0,0.0
1.0560000000000007,88.32902235541687,88.32902235541687,88.32902235541687,10.62243416773481,0.0,0.0
1.0580000000000007,88.32907878251572,88.32907878251572,88.32907878251572,10.622070691086037,0.0,0.0
1.0600000000000007,88.32913446741989,88.32913446741989,88.32913446741989,10.62171199530394,0.0,0.0
1.0620000000000007,88.32918941989155,88.32918941989155,88.32918941989155,10.621358017505258,0.0,0.0
1.0640000000000007,88.32924364956453,88.32924364956453,88.32924364956453,10.62100869563335,0.0,0.0
1.0660000000000007,88.32929716594592,88.32929716594592,88.32929716594592,10.620663968448184,0.0,0.0
1.0680000000000007,88.32934997841772,88.32934997841772,88.32934997841772,10.620323775514976,0.0,0.0
1.0700000000000007,88.3294020962386,88.3294020962386,88.3294020962386,10.619988057194178,0.0,0.0
1.0720000000000007,88.32945352854541,88.32945352854541,88.32945352854541,10.619656754630455,0.0,0.0
1.0740000000000007,88.32950428435484,88.32950428435484,88.32950428435484,10.619329809742453,0.0,0.0
1.0760000000000007,88.32955437256493,88.32955437256493,88.32955437256493,10.619007165213134,0.0,0.0
1.0780000000000007,88.32960380195675,88.32960380195675,88.32960380195675,10.618688764479202,0.0,0.0
1.0800000000000007,88.32965258119583,88.32965258119583,88.32965258119583,10.618374551721331,0.0,0.0
1.0820000000000007,88.32970071883375,88.32970071883375,88.32970071883375,10.618064471854268,0.0,0.0
1.0840000000000007,88.32974822330958,88.32974822330958,88.32974822330958,10.617758470517515,0.0,0.0
1.0860000000000007,88.3297951029514,88.3297951029514,88.3297951029514,10.617456494065664,0.0,0.0
1.0880000000000007,88.32984136597777,88.32984136597777,88.32984136597777,10.617158489558506,0.0,0.0
1.0900000000000007,88.32988702049911,88.32988702049911,88.32988702049911,10.616864404752505,0.0,0.0
1.0920000000000007,88.32993207451919,88.32993207451919,88.32993207451919,10.61657418809125,0.0,0.0
1.0940000000000007,88.32997653593652,88.32997653593652,88.32997653593652,10.616287788696354,0.0,0.0
1.0960000000000008,88.33002041254568,88.33002041254568,88.33002041254568,10.61600515635871,0.0,0.0
1.0980000000000008,88.33006371203874,88.33006371203874,88.33006371203874,10.615726241529615,0.0,0.0
1.1000000000000008,88.33010644200661,88.33010644200661,88.33010644200661,10.61545099531213,0.0,0.0
1.1020000000000008,88.33014860994035,88.33014860994035,88.33014860994035,10.615179369452335,0.0,0.0
1.1040000000000008,88.33019022323248,88.33019022323248,88.33019022323248,10.614911316331131,0.0,0.0
1.1060000000000008,88.33023128917829,88.33023128917829,88.33023128917829,10.614646788955724,0.0,0.0
1.1080000000000008,88.33027181497711,88.33027181497711,88.33027181497711,10.614385740951434,0.0,0.0
1.1100000000000008,88.3303118077336,88.3303118077336,88.3303118077336,10.614128126553396,0.0,0.0
1.1120000000000008,88.33035127445893,88.33035127445893,88.33035127445893,10.61387390059906,0.0,0.0
1.1140000000000008,88.33039022207208,88.33039022207208,88.33039022207208,10.613623018519434,0.0,0.0
1.1160000000000008,88.33042865740101,88.33042865740101,88.33042865740101,10.613375436332149,0.0,0.0
1.1180000000000008,88.33046658718389,88.33046658718389,88.33046658718389,10.613131110633162,0.0,0.0
1.1200000000000008,88.33050401807024,88.33050401807024,88.33050401807024,10.612889998589367,0.0,0.0
1.1220000000000008,88.33054095662213,88.33054095662213,88.33054095662213,10.612652057930973,0.0,0.0
1.1240000000000008,88.33057740931531,88.33057740931531,88.33057740931531,10.61241724694446,0.0,0.0
1.1260000000000008,88.33061338254036,88.33061338254036,88.33061338254036,10.612185524464394,0.0,0.0
1.1280000000000008,88.33064888260381,88.33064888260381,88.33064888260381,10.611956849867397,0.0,0.0
1.1300000000000008,88.33068391572921,88.33068391572921,88.33068391572921,10.61173118306408,0.0,0.0
1.1320000000000008,88.33071848805828,88.33071848805828,88.33071848805828,10.61150848449256,0.0,0.0
1.1340000000000008,88.33075260565194,88.33075260565194,88.33075260565194,10.611288715111073,0.0,0.0
1.1360000000000008,88.33078627449143,88.33078627449143,88.33078627449143,10.611071836391716,0.0,0.0
1.1380000000000008,88.33081950047925,88.33081950047925,88.33081950047925,10.610857810312837,0.0,0.0
1.1400000000000008,88.33085228944032,88.33085228944032,88.33085228944032,10.610646599353458,0.0,0.0
1.1420000000000008,88.33088464712291,88.33088464712291,88.33088464712291,10.610438166485778,0.0,0.0
1.1440000000000008,88.33091657919971,88.33091657919971,88.33091657919971,10.610232475169028,0.0,0.0
1.1460000000000008,88.33094809126878,88.33094809126878,88.33094809126878,10.61002948934322,0.0,0.0
1.1480000000000008,88.33097918885453,88.33097918885453,88.33097918885453,10.609829173422554,0.0,0.0
1.1500000000000008,88.33100987740875,88.33100987740875,88.33100987740875,10.609631492289509,0.0,0.0
1.1520000000000008,88.33104016231147,88.33104016231147,88.33104016231147,10.609436411288016,0.0,0.0
1.1540000000000008,88.33107004887201,88.33107004887201,88.33107004887201,10.609243896218345,0.0,0.0
1.1560000000000008,88.3310995423298,88.3310995423298,88.3310995423298,10.6090539133304,0.0,0.0
1.1580000000000008,88.33112864785542,88.33112864785542,88.33112864785542,10.608866429317914,0.0,0.0
1.1600000000000008,88.33115737055138,88.33115737055138,88.33115737055138,10.60868141131266,0.0,0.0
1.1620000000000008,88.33118571545309,88.33118571545309,88.33118571545309,10.608498826878986,0.0,0.0
1.1640000000000008,88.33121368752975,88.33121368752975,88.33121368752975,10.608318644007682,0.0,0.0
1.1660000000000008,88.3312412916852,88.3312412916852,88.3312412916852,10.608140831110745,0.0,0.0
1.1680000000000008,88.33126853275877,88.33126853275877,88.33126853275877,10.607965357015473,0.0,0.0
1.1700000000000008,88.33129541552611,88.33129541552611,88.33129541552611,10.607792190959003,0.0,0.0
1.1720000000000008,88.3313219447001,88.3313219447001,88.3313219447001,10.607621302583539,0.0,0.0
1.1740000000000008,88.3313481249316,88.3313481249316,88.3313481249316,10.607452661930324,0.0,0.0
1.1760000000000008,88.3313739608103,88.3313739608103,88.3313739608103,10.607286239434757,0.0,0.0
1.1780000000000008,88.33139945686554,88.33139945686554,88.33139945686554,10.607122005921042,0.0,0.0
1.1800000000000008,88.33142461756705,88.33142461756705,88.33142461756705,10.606959932597078,0.0,0.0
1.1820000000000008,88.33144944732584,88.33144944732584,88.33144944732584,10.606799991049684,0.0,0.0
1.1840000000000008,88.3314739504948,88.3314739504948,88.3314739504948,10.606642153239136,0.0,0.0
1.1860000000000008,88.33149813136964,88.33149813136964,88.33149813136964,10.606486391494627,0.0,0.0
1.1880000000000008,88.33152199418956,88.33152199418956,88.33152199418956,10.606332678509375,0.0,0.0
1.1900000000000008,88.33154554313798,88.33154554313798,88.33154554313798,10.606180987335733,0.0,0.0
1.1920000000000008,88.33156878234328,88.33156878234328,88.33156878234328,10.606031291380418,0.0,0.0
1.1940000000000008,88.3315917158796,88.3315917158796,88.3315917158796,10.605883564400187,0.0,0.0
1.1960000000000008,88.33161434776741,88.33161434776741,88.33161434776741,10.60573778049661,0.0,0.0
1.1980000000000008,88.33163668197437,88.33163668197437,88.33163668197437,10.605593914112092,0.0,0.0
1.2000000000000008,88.33165872241592,88.33165872241592,88.33165872241592,10.605451940025318,0.0,0.0
1.2020000000000008,88.33168047295601,88.33168047295601,88.33168047295601,10.605311833346377,0.0,0.0
1.2040000000000008,88.33170193740773,88.33170193740773,88.33170193740773,10.605173569513227,0.0,0.0
1.2060000000000008,88.33172311953408,88.33172311953408,88.33172311953408,10.605037124286468,0.0,0.0
1.2080000000000009,88.33174402304851,88.33174402304851,88.33174402304851,10.60490247374571,0.0,0.0
1.2100000000000009,88.33176465161566,88.33176465161566,88.33176465161566,10.60476959428513,0.0,0.0
1.2120000000000009,88.33178500885195,88.33178500885195,88.33178500885195,10.6046384626095,0.0,0.0
1.2140000000000009,88.33180509832624,88.33180509832624,88.33180509832624,10.604509055729864,0.0,0.0
1.2160000000000009,88.33182492356045,88.33182492356045,88.33182492356045,10.60438135095967,0.0,0.0
1.2180000000000009,88.33184448803019,88.33184448803019,88.33184448803019,10.604255325910913,0.0,0.0
1.2200000000000009,88.33186379516528,88.33186379516528,88.33186379516528,10.60413095848969,0.0,0.0
1.2220000000000009,88.33188284835053,88.33188284835053,88.33188284835053,10.60400822689337,0.0,0.0
1.2240000000000009,88.33190165092618,88.33190165092618,88.33190165092618,10.603887109605353,0.0,0.0
1.2260000000000009,88.33192020618851,88.33192020618851,88.33192020618851,10.603767585392461,0.0,0.0
1.2280000000000009,88.33193851739051,88.33193851739051,88.33193851739051,10.603649633300734,0.0,0.0
1.2300000000000009,88.33195658774233,88.33195658774233,88.33195658774233,10.603533232651898,0.0,0.0
1.2320000000000009,88.33197442041191,88.33197442041191,88.33197442041191,10.60341836303951,0.0,0.0
1.2340000000000009,88.33199201852551,88.33199201852551,88.33199201852551,10.603305004325534,0.0,0.0
1.2360000000000009,88.3320093851683,88.3320093851683,88.3320093851683,10.603193136636946,0.0,0.0
1.2380000000000009,88.33202652338485,88.33202652338485,88.33202652338485,10.603082740362083,0.0,0.0
1.2400000000000009,88.33204343617969,88.33204343617969,88.33204343617969,10.602973796147126,0.0,0.0
1.2420000000000009,88.33206012651782,88.33206012651782,88.33206012651782,10.602866284892912,0.0,0.0
1.2440000000000009,88.33207659732524,88.33207659732524,88.33207659732524,10.602760187751528,0.0,0.0
1.2460000000000009,88.33209285148949,88.33209285148949,88.33209285148949,10.602655486122899,0.0,0.0
1.2480000000000009,88.3321088918601,88.3321088918601,88.3321088918601,10.602552161651602,0.0,0.0
1.2500000000000009,88.33212472124914,88.33212472124914,88.33212472124914,10.602450196223572,0.0,0.0
1.252000000000001,88.33214034243169,88.33214034243169,88.33214034243169,10.602349571963373,0.0,0.0
1.254000000000001,88.3321557581463,88.3321557581463,88.3321557581463,10.602250271230218,0.0,0.0
1.256000000000001,88.33217097109555,88.33217097109555,88.33217097109555,10.60215227661547,0.0,0.0
1.258000000000001,88.33218598394643,88.33218598394643,88.33218598394643,10.602055570939797,0.0,0.0
1.260000000000001,88.33220079933088,88.33220079933088,88.33220079933088,10.601960137249307,0.0,0.0
1.262000000000001,88.3322154198462,88.3322154198462,88.3322154198462,10.601865958813391,0.0,0.0
1.264000000000001,88.33222984805552,88.33222984805552,88.33222984805552,10.601773019121651,0.0,0.0
1.266000000000001,88.33224408648827,88.33224408648827,88.33224408648827,10.601681301880717,0.0,0.0
1.268000000000001,88.33225813764065,88.33225813764065,88.33225813764065,10.60159079101129,0.0,0.0
1.270000000000001,88.33227200397594,88.33227200397594,88.33227200397594,10.601501470645871,0.0,0.0
1.272000000000001,88.33228568792512,88.33228568792512,88.33228568792512,10.60141332512569,0.0,0.0
1.274000000000001,88.3322991918871,88.3322991918871,88.3322991918871,10.601326338997524,0.0,0.0
1.276000000000001,88.33231251822932,88.33231251822932,88.33231251822932,10.601240497011986,0.0,0.0
1.278000000000001,88.332325669288,88.332325669288,88.332325669288,10.601155784119783,0.0,0.0
1.280000000000001,88.3323386473687,88.3323386473687,88.3323386473687,10.601072185470002,0.0,0.0
1.282000000000001,88.33235145474661,88.33235145474661,88.33235145474661,10.600989686406592,0.0,0.0
1.284000000000001,88.33236409366702,88.33236409366702,88.33236409366702,10.600908272466654,0.0,0.0
1.286000000000001,88.3323765663457,88.3323765663457,88.3323765663457,10.600827929377374,0.0,0.0
1.288000000000001,88.33238887496923,88.33238887496923,88.33238887496923,10.600748643053635,0.0,0.0
1.290000000000001,88.33240102169545,88.33240102169545,88.33240102169545,10.600670399595629,0.0,0.0
1.292000000000001,88.33241300865382,88.33241300865382,88.33241300865382,10.600593185286357,0.0,0.0
1.294000000000001,88.33242483794581,88.33242483794581,88.33242483794581,10.600516986589355,0.0,0.0
1.296000000000001,88.33243651164521,88.33243651164521,88.33243651164521,10.600441790146078,0.0,0.0
1.298000000000001,88.33244803179858,88.33244803179858,88.33244803179858,10.600367582773629,0.0,0.0
1.300000000000001,88.3324594004255,88.3324594004255,88.3324594004255,10.600294351462821,0.0,0.0
1.302000000000001,88.33247061951906,88.33247061951906,88.33247061951906,10.600222083375115,0.0,0.0
1.304000000000001,88.33248169104607,88.33248169104607,88.33248169104607,10.60015076584125,0.0,0.0
1.306000000000001,88.33249261694752,88.33249261694752,88.33249261694752,10.600080386358286,0.0,0.0
1.308000000000001,88.33250339913883,88.33250339913883,88.33250339913883,10.600010932587907,0.0,0.0
1.310000000000001,88.33251403951023,88.33251403951023,88.33251403951023,10.59994239235425,0.0,0.0
1.312000000000001,88.33252453992712,88.33252453992712,88.33252453992712,10.599874753641302,0.0,0.0
1.314000000000001,88.33253490223035,88.33253490223035,88.33253490223035,10.599808004591182,0.0,0.0
1.316000000000001,88.33254512823653,88.33254512823653,88.33254512823653,10.599742133502104,0.0,0.0
1.318000000000001,88.33255521973841,88.33255521973841,88.33255521973841,10.599677128825988,0.0,0.0
1.320000000000001,88.33256517850516,88.33256517850516,88.33256517850516,10.59961297916675,0.0,0.0
1.322000000000001,88.33257500628264,88.33257500628264,88.33257500628264,10.599549673278375,0.0,0.0
1.324000000000001,88.33258470479379,88.33258470479379,88.33258470479379,10.599487200062526,0.0,0.0
1.326000000000001,88.33259427573884,88.33259427573884,88.33259427573884,10.599425548566842,0.0,0.0
1.328000000000001,88.33260372079573,88.33260372079573,88.33260372079573,10.599364707983227,0.0,0.0
1.330000000000001,88.33261304162026,88.33261304162026,88.33261304162026,10.599304667645583,0.0,0.0
1.332000000000001,88.3326222398465,88.3326222398465,88.3326222398465,10.599245417028214,0.0,0.0
1.334000000000001,88.33263131708699,88.33263131708699,88.33263131708699,10.599186945743668,0.0,0.0
1.336000000000001,88.33264027493307,88.33264027493307,88.33264027493307,10.59912924354137,0.0,0.0
1.338000000000001,88.33264911495516,88.33264911495516,88.33264911495516,10.599072300305465,0.0,0.0
1.340000000000001,88.33265783870301,88.33265783870301,88.33265783870301,10.599016106053,0.0,0.0
1.342000000000001,88.33266644770603,88.33266644770603,88.33266644770603,10.598960650932554,0.0,0.0
1.344000000000001,88.33267494347344,88.33267494347344,88.33267494347344,10.598905925222311,0.0,0.0
1.346000000000001,88.33268332749465,88.33268332749465,88.33268332749465,10.598851919328013,0.0,0.0
1.348000000000001,88.33269160123947,88.33269160123947,88.33269160123947,10.598798623781931,0.0,0.0
1.350000000000001,88.33269976615841,88.33269976615841,88.33269976615841,10.598746029240829,0.0,0.0
1.352000000000001,88.33270782368287,88.33270782368287,88.33270782368287,10.598694126484133,0.0,0.0
1.354000000000001,88.33271577522541,88.33271577522541,88.33271577522541,10.598642906412692,0.0,0.0
1.356000000000001,88.33272362218001,88.33272362218001,88.33272362218001,10.598592360047064,0.0,0.0
1.358000000000001,88.33273136592237,88.33273136592237,88.33273136592237,10.598542478526042,0.0,0.0
1.360000000000001,88.33273900781005,88.33273900781005,88.33273900781005,10.598493253104607,0.0,0.0
1.362000000000001,88.33274654918274,88.33274654918274,88.33274654918274,10.598444675153019,0.0,0.0
1.364000000000001,88.33275399136255,88.33275399136255,88.33275399136255,10.59839673615511,0.0,0.0
1.366000000000001,88.33276133565417,88.33276133565417,88.33276133565417,10.598349427706466,0.0,0.0
1.368000000000001,88.33276858334514,88.33276858334514,88.33276858334514,10.598302741513521,0.0,0.0
1.370000000000001,88.33277573570606,88.33277573570606,88.33277573570606,10.598256669391503,0.0,0.0
1.372000000000001,88.33278279399084,88.33278279399084,88.33278279399084,10.598211203263645,0.0,0.0
1.374000000000001,88.33278975943686,88.33278975943686,88.33278975943686,10.598166335158908,0.0,0.0
1.376000000000001,88.33279663326526,88.33279663326526,88.33279663326526,10.59812205721164,0.0,0.0
1.378000000000001,88.33280341668109,88.33280341668109,88.33280341668109,10.598078361659304,0.0,0.0
1.380000000000001,88.33281011087355,88.33281011087355,88.33281011087355,10.598035240841568,0.0,0.0
1.382000000000001,88.33281671701623,88.33281671701623,88.33281671701623,10.59799268719894,0.0,0.0
1.384000000000001,88.33282323626725,88.33282323626725,88.33282323626725,10.597950693271173,0.0,0.0
1.386000000000001,88.33282966976951,88.33282966976951,88.33282966976951,10.597909251696365,0.0,0.0
1.388000000000001,88.33283601865088,88.33283601865088,88.33283601865088,10.59786835520913,0.0,0.0
1.390000000000001,88.3328422840244,88.3328422840244,88.3328422840244,10.597827996640035,0.0,0.0
1.392000000000001,88.33284846698845,88.33284846698845,88.33284846698845,10.597788168913667,0.0,0.0
1.394000000000001,88.33285456862698,88.33285456862698,88.33285456862698,10.59774886504772,0.0,0.0
1.396000000000001,88.33286059000967,88.33286059000967,88.33286059000967,10.597710078151977,0.0,0.0
1.398000000000001,88.33286653219216,88.33286653219216,88.33286653219216,10.597671801426372,0.0,0.0
1.400000000000001,88.33287239621616,88.33287239621616,88.33287239621616,10.597634028160769,0.0,0.0
1.402000000000001,88.33287818310973,88.33287818310973,88.33287818310973,10.597596751733022,0.0,0.0
1.404000000000001,88.33288389388734,88.33288389388734,88.33288389388734,10.59755996560807,0.0,0.0
1.406000000000001,88.33288952955017,88.33288952955017,88.33288952955017,10.597523663336915,0.0,0.0
1.408000000000001,88.33289509108624,88.33289509108624,88.33289509108624,10.597487838555367,0.0,0.0
1.410000000000001,88.33290057947053,88.33290057947053,88.33290057947053,10.59745248498291,0.0,0.0
1.412000000000001,88.33290599566521,88.33290599566521,88.33290599566521,10.597417596421678,0.0,0.0
1.414000000000001,88.33291134061983,88.33291134061983,88.33291134061983,10.597383166755321,0.0,0.0
1.416000000000001,88.33291661527139,88.33291661527139,88.33291661527139,10.597349189947863,0.0,0.0
1.418000000000001,88.3329218205446,88.3329218205446,88.3329218205446,10.597315660042796,0.0,0.0
1.420000000000001,88.33292695735203,88.33292695735203,88.33292695735203,10.597282571162054,0.0,0.0
1.422000000000001,88.3329320265942,88.3329320265942,88.3329320265942,10.597249917504655,0.0,0.0
1.424000000000001,88.3329370291598,88.3329370291598,88.3329370291598,10.59721769334601,0.0,0.0
1.426000000000001,88.33294196592587,88.33294196592587,88.33294196592587,10.597185893036908,0.0,0.0
1.428000000000001,88.33294683775785,88.33294683775785,88.33294683775785,10.597154511002373,0.0,0.0
1.430000000000001,88.33295164550985,88.33295164550985,88.33295164550985,10.59712354174087,0.0,0.0
1.432000000000001,88.3329563900247,88.3329563900247,88.3329563900247,10.597092979822946,0.0,0.0
1.434000000000001,88.3329610721342,88.3329610721342,88.3329610721342,10.59706281989088,0.0,0.0
1.436000000000001,88.33296569265917,88.33296569265917,88.33296569265917,10.59703305665721,0.0,0.0
1.438000000000001,88.33297025240962,88.33297025240962,88.33297025240962,10.597003684904166,0.0,0.0
1.440000000000001,88.33297475218494,88.33297475218494,88.33297475218494,10.59697469948253,0.0,0.0
1.442000000000001,88.33297919277398,88.33297919277398,88.33297919277398,10.596946095310727,0.0,0.0
1.444000000000001,88.33298357495525,88.33298357495525,88.33298357495525,10.596917867374259,0.0,0.0
1.446000000000001,88.332987899497,88.332987899497,88.332987899497,10.596890010724337,0.0,0.0
1.448000000000001,88.33299216715734,88.33299216715734,88.33299216715734,10.59686252047743,0.0,0.0
1.450000000000001,88.33299637868447,88.33299637868447,88.33299637868447,10.596835391814125,0.0,0.0
1.452000000000001,88.3330005348167,88.3330005348167,88.3330005348167,10.59680861997856,0.0,0.0
1.454000000000001,88.33300463628265,88.33300463628265,88.33300463628265,10.596782200277175,0.0,0.0
1.456000000000001,88.33300868380137,88.33300868380137,88.33300868380137,10.596756128078368,0.0,0.0
1.458000000000001,88.33301267808241,88.33301267808241,88.33301267808241,10.596730398811474,0.0,0.0
1.460000000000001,88.33301661982604,88.33301661982604,88.33301661982604,10.596705007965625,0.0,0.0
1.462000000000001,88.33302050972327,88.33302050972327,88.33302050972327,10.596679951089754,0.0,0.0
1.464000000000001,88.33302434845606,88.33302434845606,88.33302434845606,10.596655223791004,0.0,0.0
1.466000000000001,88.3330281366974,88.3330281366974,88.3330281366974,10.59663082173438,0.0,0.0
1.468000000000001,88.33303187511137,88.33303187511137,88.33303187511137,10.59660674064196,0.0,0.0
1.470000000000001,88.3330355643534,88.3330355643534,88.3330355643534,10.596582976291984,0.0,0.0
1.472000000000001,88.33303920507022,88.33303920507022,88.33303920507022,10.596559524518284,0.0,0.0
1.474000000000001,88.33304279790012,88.33304279790012,88.33304279790012,10.59653638120949,0.0,0.0
1.476000000000001,88.33304634347294,88.33304634347294,88.33304634347294,10.596513542308458,0.0,0.0
1.478000000000001,88.33304984241028,88.33304984241028,88.33304984241028,10.596491003811138,0.0,0.0
1.480000000000001,88.33305329532553,88.33305329532553,88.33305329532553,10.596468761766346,0.0,0.0
1.482000000000001,88.33305670282402,88.33305670282402,88.33305670282402,10.596446812274621,0.0,0.0
1.484000000000001,88.33306006550315,88.33306006550315,88.33306006550315,10.59642515148812,0.0,0.0
1.486000000000001,88.33306338395242,88.33306338395242,88.33306338395242,10.596403775609474,0.0,0.0
1.488000000000001,88.33306665875358,88.33306665875358,88.33306665875358,10.596382680891224,0.0,0.0
1.490000000000001,88.33306989048077,88.33306989048077,88.33306989048077,10.596361863635138,0.0,0.0
1.492000000000001,88.33307307970054,88.33307307970054,88.33307307970054,10.596341320191755,0.0,0.0
1.494000000000001,88.33307622697198,88.33307622697198,88.33307622697198,10.596321046959588,0.0,0.0
1.496000000000001,88.33307933284685,88.33307933284685,88.33307933284685,10.596301040384446,0.0,0.0
1.498000000000001,88.33308239786966,88.33308239786966,88.33308239786966,10.596281296959091,0.0,0.0
1.500000000000001,88.33308542257772,88.33308542257772,88.33308542257772,10.5962618132221,0.0,0.0
1.5020000000000011,88.33308840750132,88.33308840750132,88.33308840750132,10.596242585757864,0.0,0.0
1.5040000000000011,88.33309135316372,88.33309135316372,88.33309135316372,10.596223611195569,0.0,0.0
1.5060000000000011,88.33309426008137,88.33309426008137,88.33309426008137,10.596204886208852,0.0,0.0
1.5080000000000011,88.33309712876384,88.33309712876384,88.33309712876384,10.596186407514779,0.0,0.0
1.5100000000000011,88.33309995971409,88.33309995971409,88.33309995971409,10.596168171873956,0.0,0.0
1.5120000000000011,88.33310275342839,88.33310275342839,88.33310275342839,10.596150176089509,0.0,0.0
1.5140000000000011,88.3331055103965,88.3331055103965,88.3331055103965,10.596132417006402,0.0,0.0
1.5160000000000011,88.3331082311018,88.3331082311018,88.3331082311018,10.596114891511434,0.0,0.0
1.5180000000000011,88.33311091602121,88.33311091602121,88.33311091602121,10.59609759653199,0.0,0.0
1.5200000000000011,88.33311356562544,88.33311356562544,88.33311356562544,10.596080529036271,0.0,0.0
1.5220000000000011,88.33311618037901,88.33311618037901,88.33311618037901,10.596063686032153,0.0,0.0
1.5240000000000011,88.33311876074029,88.33311876074029,88.33311876074029,10.596047064566733,0.0,0.0
1.5260000000000011,88.33312130716168,88.33312130716168,88.33312130716168,10.596030661726104,0.0,0.0
1.5280000000000011,88.33312382008957,88.33312382008957,88.33312382008957,10.596014474634671,0.0,0.0
1.5300000000000011,88.3331262999645,88.3331262999645,88.3331262999645,10.595998500454584,0.0,0.0
1.5320000000000011,88.33312874722127,88.33312874722127,88.33312874722127,10.595982736385508,0.0,0.0
1.5340000000000011,88.33313116228886,88.33313116228886,88.33313116228886,10.59596717966383,0.0,0.0
1.5360000000000011,88.33313354559068,88.33313354559068,88.33313354559068,10.59595182756209,0.0,0.0
1.5380000000000011,88.33313589754455,88.33313589754455,88.33313589754455,10.59593667738909,0.0,0.0
1.5400000000000011,88.33313821856278,88.33313821856278,88.33313821856278,10.595921726488768,0.0,0.0
1.5420000000000011,88.3331405090523,88.3331405090523,88.3331405090523,10.595906972240073,0.0,0.0
1.5440000000000011,88.33314276941465,88.33314276941465,88.33314276941465,10.595892412056287,0.0,0.0
1.5460000000000012,88.33314500004607,88.33314500004607,88.33314500004607,10.595878043384914,0.0,0.0
1.5480000000000012,88.33314720133765,88.33314720133765,88.33314720133765,10.595863863707109,0.0,0.0
1.5500000000000012,88.33314937367528,88.33314937367528,88.33314937367528,10.595849870536767,0.0,0.0
1.5520000000000012,88.33315151743982,88.33315151743982,88.33315151743982,10.595836061420869,0.0,0.0
1.5540000000000012,88.33315363300706,88.33315363300706,88.33315363300706,10.595822433938565,0.0,0.0
1.5560000000000012,88.33315572074791,88.33315572074791,88.33315572074791,10.595808985700614,0.0,0.0
1.5580000000000012,88.33315778102838,88.33315778102838,88.33315778102838,10.595795714349606,0.0,0.0
1.5600000000000012,88.33315981420964,88.33315981420964,88.33315981420964,10.595782617558712,0.0,0.0
1.5620000000000012,88.33316182064814,88.33316182064814,88.33316182064814,10.595769693032139,0.0,0.0
1.5640000000000012,88.33316380069564,88.33316380069564,88.33316380069564,10.595756938503882,0.0,0.0
1.5660000000000012,88.33316575469925,88.33316575469925,88.33316575469925,10.595744351737949,0.0,0.0
1.5680000000000012,88.33316768300153,88.33316768300153,88.33316768300153,10.59573193052779,0.0,0.0
1.5700000000000012,88.33316958594055,88.33316958594055,88.33316958594055,10.59571967269585,0.0,0.0
1.5720000000000012,88.33317146384991,88.33317146384991,88.33317146384991,10.595707576093105,0.0,0.0
1.5740000000000012,88.33317331705881,88.33317331705881,88.33317331705881,10.59569563859884,0.0,0.0
1.5760000000000012,88.33317514589217,88.33317514589217,88.33317514589217,10.595683858120537,0.0,0.0
1.5780000000000012,88.33317695067059,88.33317695067059,88.33317695067059,10.59567223259262,0.0,0.0
1.5800000000000012,88.33317873171046,88.33317873171046,88.33317873171046,10.595660759977136,0.0,0.0
1.5820000000000012,88.33318048932404,88.33318048932404,88.33318048932404,10.595649438262853,0.0,0.0
1.5840000000000012,88.33318222381943,88.33318222381943,88.33318222381943,10.595638265464913,0.0,0.0
1.5860000000000012,88.33318393550074,88.33318393550074,88.33318393550074,10.595627239624605,0.0,0.0
1.5880000000000012,88.33318562466802,88.33318562466802,88.33318562466802,10.595616358808797,0.0,0.0
1.5900000000000012,88.33318729161742,88.33318729161742,88.33318729161742,10.59560562111028,0.0,0.0
1.5920000000000012,88.33318893664116,88.33318893664116,88.33318893664116,10.5955950246464,0.0,0.0
1.5940000000000012,88.33319056002765,88.33319056002765,88.33319056002765,10.5955845675594,0.0,0.0
1.5960000000000012,88.33319216206145,88.33319216206145,88.33319216206145,10.595574248016192,0.0,0.0
1.5980000000000012,88.33319374302347,88.33319374302347,88.33319374302347,10.595564064207679,0.0,0.0
1.6000000000000012,88.33319530319082,88.33319530319082,88.33319530319082,10.595554014348409,0.0,0.0
1.6020000000000012,88.33319684283705,88.33319684283705,88.33319684283705,10.595544096676576,0.0,0.0
1.6040000000000012,88.33319836223207,88.33319836223207,88.33319836223207,10.595534309453342,0.0,0.0
1.6060000000000012,88.33319986164223,88.33319986164223,88.33319986164223,10.59552465096317,0.0,0.0
1.6080000000000012,88.33320134133042,88.33320134133042,88.33320134133042,10.595515119512584,0.0,0.0
1.6100000000000012,88.33320280155603,88.33320280155603,88.33320280155603,10.595505713430725,0.0,0.0
1.6120000000000012,88.33320424257505,88.33320424257505,88.33320424257505,10.595496431068568,0.0,0.0
1.6140000000000012,88.33320566464013,88.33320566464013,88.33320566464013,10.595487270798799,0.0,0.0
1.6160000000000012,88.33320706800056,88.33320706800056,88.33320706800056,10.59547823101559,0.0,0.0
1.6180000000000012,88.33320845290235,88.33320845290235,88.33320845290235,10.595469310134035,0.0,0.0
1.6200000000000012,88.3332098195883,88.3332098195883,88.3332098195883,10.595460506590257,0.0,0.0
1.6220000000000012,88.33321116829804,88.33321116829804,88.33321116829804,10.595451818840957,0.0,0.0
1.6240000000000012,88.33321249926797,88.33321249926797,88.33321249926797,10.595443245362958,0.0,0.0
1.6260000000000012,88.33321381273143,88.33321381273143,88.33321381273143,10.595434784653321,0.0,0.0
1.6280000000000012,88.3332151089187,88.3332151089187,88.3332151089187,10.595426435228774,0.0,0.0
1.6300000000000012,88.33321638805701,88.33321638805701,88.33321638805701,10.595418195625598,0.0,0.0
1.6320000000000012,88.33321765037061,88.33321765037061,88.33321765037061,10.595410064399175,0.0,0.0
1.6340000000000012,88.3332188960808,88.3332188960808,88.3332188960808,10.5954020401241,0.0,0.0
1.6360000000000012,88.33322012540596,88.33322012540596,88.33322012540596,10.595394121393497,0.0,0.0
1.6380000000000012,88.3332213385616,88.3332213385616,88.3332213385616,10.595386306819364,0.0,0.0
1.6400000000000012,88.33322253576041,88.33322253576041,88.33322253576041,10.595378595031548,0.0,0.0
1.6420000000000012,88.33322371721228,88.33322371721228,88.33322371721228,10.595370984678198,0.0,0.0
1.6440000000000012,88.33322488312432,88.33322488312432,88.33322488312432,10.595363474424971,0.0,0.0
1.6460000000000012,88.33322603370092,88.33322603370092,88.33322603370092,10.595356062955375,0.0,0.0
1.6480000000000012,88.33322716914381,88.33322716914381,88.33322716914381,10.595348748969968,0.0,0.0
1.6500000000000012,88.33322828965204,88.33322828965204,88.33322828965204,10.595341531186591,0.0,0.0
1.6520000000000012,88.33322939542204,88.33322939542204,88.33322939542204,10.595334408339909,0.0,0.0
1.6540000000000012,88.33323048664768,88.33323048664768,88.33323048664768,10.595327379181072,0.0,0.0
1.6560000000000012,88.33323156352024,88.33323156352024,88.33323156352024,10.595320442477941,0.0,0.0
1.6580000000000013,88.33323262622854,88.33323262622854,88.33323262622854,10.595313597014524,0.0,0.0
1.6600000000000013,88.33323367495885,88.33323367495885,88.33323367495885,10.5953068415904,0.0,0.0
1.6620000000000013,88.33323470989505,88.33323470989505,88.33323470989505,10.59530017502152,0.0,0.0
1.6640000000000013,88.33323573121856,88.33323573121856,88.33323573121856,10.595293596139072,0.0,0.0
1.6660000000000013,88.33323673910846,88.33323673910846,88.33323673910846,10.595287103789815,0.0,0.0
1.6680000000000013,88.3332377337414,88.3332377337414,88.3332377337414,10.595280696835403,0.0,0.0
1.6700000000000013,88.33323871529178,88.33323871529178,88.33323871529178,10.59527437415261,0.0,0.0
1.6720000000000013,88.33323968393167,88.33323968393167,88.33323968393167,10.595268134633216,0.0,0.0
1.6740000000000013,88.33324063983089,88.33324063983089,88.33324063983089,10.5952619771831,0.0,0.0
1.6760000000000013,88.333241583157,88.333241583157,88.333241583157,10.595255900722918,0.0,0.0
1.6780000000000013,88.3332425140754,88.3332425140754,88.3332425140754,10.59524990418754,0.0,0.0
1.6800000000000013,88.33324343274927,88.33324343274927,88.33324343274927,10.595243986525475,0.0,0.0
1.6820000000000013,88.33324433933969,88.33324433933969,88.33324433933969,10.59523814669933,0.0,0.0
1.6840000000000013,88.33324523400557,88.33324523400557,88.33324523400557,10.59523238368547,0.0,0.0
1.6860000000000013,88.33324611690377,88.33324611690377,88.33324611690377,10.595226696473333,0.0,0.0
1.6880000000000013,88.33324698818906,88.33324698818906,88.33324698818906,10.595221084066111,0.0,0.0
1.6900000000000013,88.33324784801421,88.33324784801421,88.33324784801421,10.595215545479732,0.0,0.0
1.6920000000000013,88.33324869652994,88.33324869652994,88.33324869652994,10.59521007974331,0.0,0.0
1.6940000000000013,88.333249533885,88.333249533885,88.333249533885,10.595204685898466,0.0,0.0
1.6960000000000013,88.33325036022619,88.33325036022619,88.33325036022619,10.595199362999779,0.0,0.0
1.6980000000000013,88.3332511756984,88.3332511756984,88.3332511756984,10.595194110114107,0.0,0.0
1.7000000000000013,88.33325198044454,88.33325198044454,88.33325198044454,10.595188926320475,0.0,0.0
1.7020000000000013,88.33325277460575,88.33325277460575,88.33325277460575,10.595183810710068,0.0,0.0
1.7040000000000013,88.33325355832123,88.33325355832123,88.33325355832123,10.595178762386126,0.0,0.0
1.7060000000000013,88.33325433172838,88.33325433172838,88.33325433172838,10.595173780463483,0.0,0.0
1.7080000000000013,88.33325509496278,88.33325509496278,88.33325509496278,10.595168864069024,0.0,0.0
1.7100000000000013,88.33325584815822,88.33325584815822,88.33325584815822,10.595164012340547,0.0,0.0
1.7120000000000013,88.33325659144677,88.33325659144677,88.33325659144677,10.595159224427789,0.0,0.0
1.7140000000000013,88.33325732495871,88.33325732495871,88.33325732495871,10.595154499491173,0.0,0.0
1.7160000000000013,88.33325804882267,88.33325804882267,88.33325804882267,10.595149836702376,0.0,0.0
1.7180000000000013,88.33325876316552,88.33325876316552,88.33325876316552,10.59514523524399,0.0,0.0
1.7200000000000013,88.3332594681125,88.3332594681125,88.3332594681125,10.595140694309407,0.0,0.0
1.7220000000000013,88.3332601637872,88.3332601637872,88.3332601637872,10.595136213102364,0.0,0.0
1.7240000000000013,88.33326085031158,88.33326085031158,88.33326085031158,10.595131790837513,0.0,0.0
1.7260000000000013,88.333261527806,88.333261527806,88.333261527806,10.595127426739282,0.0,0.0
1.7280000000000013,88.33326219638923,88.33326219638923,88.33326219638923,10.595123120042786,0.0,0.0
1.7300000000000013,88.33326285617846,88.33326285617846,88.33326285617846,10.595118869992916,0.0,0.0
1.7320000000000013,88.3332635072894,88.3332635072894,88.3332635072894,10.595114675844684,0.0,0.0
1.7340000000000013,88.33326414983617,88.33326414983617,88.33326414983617,10.595110536862649,0.0,0.0
1.7360000000000013,88.3332647839314,88.3332647839314,88.3332647839314,10.595106452321374,0.0,0.0
1.7380000000000013,88.33326540968628,88.33326540968628,88.33326540968628,10.595102421504862,0.0,0.0
1.7400000000000013,88.3332660272105,88.3332660272105,88.3332660272105,10.595098443706206,0.0,0.0
1.7420000000000013,88.33326663661234,88.33326663661234,88.33326663661234,10.595094518228166,0.0,0.0
1.7440000000000013,88.33326723799861,88.33326723799861,88.33326723799861,10.595090644382594,0.0,0.0
1.7460000000000013,88.33326783147476,88.33326783147476,88.33326783147476,10.595086821490327,0.0,0.0
1.7480000000000013,88.33326841714481,88.33326841714481,88.33326841714481,10.595083048881179,0.0,0.0
1.7500000000000013,88.33326899511145,88.33326899511145,88.33326899511145,10.595079325893835,0.0,0.0
1.7520000000000013,88.33326956547602,88.33326956547602,88.33326956547602,10.59507565187539,0.0,0.0
1.7540000000000013,88.33327012833848,88.33327012833848,88.33327012833848,10.595072026182038,0.0,0.0
1.7560000000000013,88.33327068379752,88.33327068379752,88.33327068379752,10.595068448177926,0.0,0.0
1.7580000000000013,88.33327123195052,88.33327123195052,88.33327123195052,10.595064917235845,0.0,0.0
1.7600000000000013,88.33327177289357,88.33327177289357,88.33327177289357,10.595061432736884,0.0,0.0
1.7620000000000013,88.33327230672151,88.33327230672151,88.33327230672151,10.595057994070089,0.0,0.0
1.7640000000000013,88.33327283352793,88.33327283352793,88.33327283352793,10.59505460063258,0.0,0.0
1.7660000000000013,88.33327335340519,88.33327335340519,88.33327335340519,10.595051251829545,0.0,0.0
1.7680000000000013,88.3332738664444,88.3332738664444,88.3332738664444,10.595047947073908,0.0,0.0
1.7700000000000014,88.33327437273554,88.33327437273554,88.33327437273554,10.595044685786092,0.0,0.0
1.7720000000000014,88.33327487236735,88.33327487236735,88.33327487236735,10.595041467394708,0.0,0.0
1.7740000000000014,88.33327536542741,88.33327536542741,88.33327536542741,10.595038291335186,0.0,0.0
1.7760000000000014,88.33327585200217,88.33327585200217,88.33327585200217,10.595035157050916,0.0,0.0
1.7780000000000014,88.33327633217695,88.33327633217695,88.33327633217695,10.595032063992448,0.0,0.0
1.7800000000000014,88.33327680603591,88.33327680603591,88.33327680603591,10.595029011617498,0.0,0.0
1.7820000000000014,88.33327727366212,88.33327727366212,88.33327727366212,10.595025999390941,0.0,0.0
1.7840000000000014,88.33327773513757,88.33327773513757,88.33327773513757,10.595023026784588,0.0,0.0
1.7860000000000014,88.33327819054317,88.33327819054317,88.33327819054317,10.595020093277412,0.0,0.0
1.7880000000000014,88.33327863995872,88.33327863995872,88.33327863995872,10.595017198355208,0.0,0.0
1.7900000000000014,88.33327908346305,88.33327908346305,88.33327908346305,10.595014341510364,0.0,0.0
1.7920000000000014,88.3332795211339,88.3332795211339,88.3332795211339,10.595011522241975,0.0,0.0
1.7940000000000014,88.33327995304799,88.33327995304799,88.33327995304799,10.59500874005596,0.0,0.0
1.7960000000000014,88.33328037928105,88.33328037928105,88.33328037928105,10.595005994464486,0.0,0.0
1.7980000000000014,88.3332807999078,88.3332807999078,88.3332807999078,10.595003284986205,0.0,0.0
1.8000000000000014,88.33328121500196,88.33328121500196,88.33328121500196,10.595000611146133,0.0,0.0
1.8020000000000014,88.33328162463633,88.33328162463633,88.33328162463633,10.59499797247554,0.0,0.0
1.8040000000000014,88.33328202888272,88.33328202888272,88.33328202888272,10.594995368511718,0.0,0.0
1.8060000000000014,88.33328242781198,88.33328242781198,88.33328242781198,10.59499279879833,0.0,0.0
1.8080000000000014,88.33328282149407,88.33328282149407,88.33328282149407,10.594990262884721,0.0,0.0
1.8100000000000014,88.33328320999799,88.33328320999799,88.33328320999799,10.59498776032649,0.0,0.0
1.8120000000000014,88.33328359339187,88.33328359339187,88.33328359339187,10.59498529068469,0.0,0.0
1.8140000000000014,88.33328397174289,88.33328397174289,88.33328397174289,10.594982853526517,0.0,0.0
1.8160000000000014,88.3332843451174,88.3332843451174,88.3332843451174,10.594980448424735,0.0,0.0
1.8180000000000014,88.33328471358087,88.33328471358087,88.33328471358087,10.59497807495768,0.0,0.0
1.8200000000000014,88.33328507719787,88.33328507719787,88.33328507719787,10.594975732709031,0.0,0.0
1.8220000000000014,88.33328543603217,88.33328543603217,88.33328543603217,10.594973421268492,0.0,0.0
1.8240000000000014,88.33328579014665,88.33328579014665,88.33328579014665,10.594971140230655,0.0,0.0
1.8260000000000014,88.33328613960342,88.33328613960342,88.33328613960342,10.594968889195684,0.0,0.0
1.8280000000000014,88.3332864844637,88.3332864844637,88.3332864844637,10.594966667768972,0.0,0.0
1.8300000000000014,88.333286824788,88.333286824788,88.333286824788,10.594964475561142,0.0,0.0
1.8320000000000014,88.33328716063596,88.33328716063596,88.33328716063596,10.59496231218759,0.0,0.0
1.8340000000000014,88.33328749206645,88.33328749206645,88.33328749206645,10.594960177269286,0.0,0.0
1.8360000000000014,88.33328781913758,88.33328781913758,88.33328781913758,10.594958070431971,0.0,0.0
1.8380000000000014,88.3332881419067,88.3332881419067,88.3332881419067,10.594955991306165,0.0,0.0
1.8400000000000014,88.33328846043038,88.33328846043038,88.33328846043038,10.594953939527386,0.0,0.0
1.8420000000000014,88.33328877476447,88.33328877476447,88.33328877476447,10.594951914736043,0.0,0.0
1.8440000000000014,88.33328908496408,88.33328908496408,88.33328908496408,10.594949916577207,0.0,0.0
1.8460000000000014,88.33328939108357,88.33328939108357,88.33328939108357,10.59494794470038,0.0,0.0
1.8480000000000014,88.33328969317662,88.33328969317662,88.33328969317662,10.594945998759954,0.0,0.0
1.8500000000000014,88.33328999129621,88.33328999129621,88.33328999129621,10.594944078414755,0.0,0.0
1.8520000000000014,88.33329028549457,88.33329028549457,88.33329028549457,10.594942183328271,0.0,0.0
1.8540000000000014,88.33329057582328,88.33329057582328,88.33329057582328,10.594940313168081,0.0,0.0
1.8560000000000014,88.33329086233327,88.33329086233327,88.33329086233327,10.594938467606426,0.0,0.0
1.8580000000000014,88.33329114507474,88.33329114507474,88.33329114507474,10.594936646319866,0.0,0.0
1.8600000000000014,88.33329142409727,88.33329142409727,88.33329142409727,10.594934848988828,0.0,0.0
1.8620000000000014,88.33329169944977,88.33329169944977,88.33329169944977,10.5949330752984,0.0,0.0
1.8640000000000014,88.33329197118051,88.33329197118051,88.33329197118051,10.594931324937647,0.0,0.0
1.8660000000000014,88.33329223933714,88.33329223933714,88.33329223933714,10.594929597599616,0.0,0.0
1.8680000000000014,88.33329250396667,88.33329250396667,88.33329250396667,10.59492789298156,0.0,0.0
1.8700000000000014,88.33329276511547,88.33329276511547,88.33329276511547,10.594926210784593,0.0,0.0
1.8720000000000014,88.33329302282935,88.33329302282935,88.33329302282935,10.594924550713927,0.0,0.0
1.8740000000000014,88.33329327715347,88.33329327715347,88.33329327715347,10.594922912478296,0.0,0.0
1.8760000000000014,88.33329352813243,88.33329352813243,88.33329352813243,10.594921295790755,0.0,0.0
1.8780000000000014,88.33329377581023,88.33329377581023,88.33329377581023,10.594919700367655,0.0,0.0
1.8800000000000014,88.33329402023027,88.33329402023027,88.33329402023027,10.59491812592944,0.0,0.0
1.8820000000000014,88.33329426143543,88.33329426143543,88.33329426143543,10.59491657220019,0.0,0.0
1.8840000000000015,88.33329449946795,88.33329449946795,88.33329449946795,10.594915038907288,0.0,0.0
1.8860000000000015,88.33329473436962,88.33329473436962,88.33329473436962,10.594913525781976,0.0,0.0
1.8880000000000015,88.33329496618157,88.33329496618157,88.33329496618157,10.594912032559137,0.0,0.0
1.8900000000000015,88.33329519494447,88.33329519494447,88.33329519494447,10.594910558976949,0.0,0.0
1.8920000000000015,88.33329542069842,88.33329542069842,88.33329542069842,10.594909104777003,0.0,0.0
1.8940000000000015,88.33329564348298,88.33329564348298,88.33329564348298,10.594907669704298,0.0,0.0
1.8960000000000015,88.33329586333723,88.33329586333723,88.33329586333723,10.59490625350736,0.0,0.0
1.8980000000000015,88.33329608029969,88.33329608029969,88.33329608029969,10.594904855937898,0.0,0.0
1.9000000000000015,88.33329629440841,88.33329629440841,88.33329629440841,10.594903476750915,0.0,0.0
1.9020000000000015,88.33329650570091,88.33329650570091,88.33329650570091,10.594902115704599,0.0,0.0
1.9040000000000015,88.33329671421427,88.33329671421427,88.33329671421427,10.594900772560322,0.0,0.0
1.9060000000000015,88.33329691998503,88.33329691998503,88.33329691998503,10.59489944708264,0.0,0.0
1.9080000000000015,88.33329712304923,88.33329712304923,88.33329712304923,10.594898139039174,0.0,0.0
1.9100000000000015,88.3332973234425,88.3332973234425,88.3332973234425,10.59489684820062,0.0,0.0
1.9120000000000015,88.33329752119997,88.33329752119997,88.33329752119997,10.594895574340626,0.0,0.0
1.9140000000000015,88.3332977163563,88.3332977163563,88.3332977163563,10.594894317236026,0.0,0.0
1.9160000000000015,88.3332979089457,88.3332979089457,88.3332979089457,10.594893076666267,0.0,0.0
1.9180000000000015,88.33329809900195,88.33329809900195,88.33329809900195,10.594891852413866,0.0,0.0
1.9200000000000015,88.33329828655836,88.33329828655836,88.33329828655836,10.59489064426441,0.0,0.0
1.9220000000000015,88.33329847164781,88.33329847164781,88.33329847164781,10.59488945200576,0.0,0.0
1.9240000000000015,88.33329865430274,88.33329865430274,88.33329865430274,10.594888275429184,0.0,0.0
1.9260000000000015,88.3332988345552,88.3332988345552,88.3332988345552,10.59488711432823,0.0,0.0
1.9280000000000015,88.33329901243675,88.33329901243675,88.33329901243675,10.594885968499511,0.0,0.0
1.9300000000000015,88.33329918797861,88.33329918797861,88.33329918797861,10.594884837742029,0.0,0.0
1.9320000000000015,88.33329936121153,88.33329936121153,88.33329936121153,10.594883721857514,0.0,0.0
1.9340000000000015,88.3332995321659,88.3332995321659,88.3332995321659,10.594882620650424,0.0,0.0
1.9360000000000015,88.33329970087166,88.33329970087166,88.33329970087166,10.594881533927719,0.0,0.0
1.9380000000000015,88.33329986735842,88.33329986735842,88.33329986735842,10.59488046149886,0.0,0.0
1.9400000000000015,88.33330003165537,88.33330003165537,88.33330003165537,10.594879403175923,0.0,0.0
1.9420000000000015,88.33330019379126,88.33330019379126,88.33330019379126,10.594878358773144,0.0,0.0
1.9440000000000015,88.33330035379457,88.33330035379457,88.33330035379457,10.5948773281076,0.0,0.0
1.9460000000000015,88.33330051169332,88.33330051169332,88.33330051169332,10.594876310998643,0.0,0.0
1.9480000000000015,88.33330066751523,88.33330066751523,88.33330066751523,10.594875307267785,0.0,0.0
1.9500000000000015,88.33330082128757,88.33330082128757,88.33330082128757,10.594874316739151,0.0,0.0
1.9520000000000015,88.33330097303732,88.33330097303732,88.33330097303732,10.594873339239143,0.0,0.0
1.9540000000000015,88.33330112279108,88.33330112279108,88.33330112279108,10.59487237459632,0.0,0.0
1.9560000000000015,88.3333012705751,88.3333012705751,88.3333012705751,10.594871422641631,0.0,0.0
1.9580000000000015,88.33330141641531,88.33330141641531,88.33330141641531,10.59487048320807,0.0,0.0
1.9600000000000015,88.33330156033725,88.33330156033725,88.33330156033725,10.59486955613113,0.0,0.0
1.9620000000000015,88.33330170236616,88.33330170236616,88.33330170236616,10.594868641248127,0.0,0.0
1.9640000000000015,88.33330184252694,88.33330184252694,88.33330184252694,10.594867738398762,0.0,0.0
1.9660000000000015,88.33330198084415,88.33330198084415,88.33330198084415,10.594866847424669,0.0,0.0
1.9680000000000015,88.33330211734207,88.33330211734207,88.33330211734207,10.594865968169756,0.0,0.0
1.9700000000000015,88.3333022520446,88.3333022520446,88.3333022520446,10.594865100479865,0.0,0.0
1.9720000000000015,88.33330238497538,88.33330238497538,88.33330238497538,10.594864244202768,0.0,0.0
1.9740000000000015,88.3333025161577,88.3333025161577,88.3333025161577,10.594863399188398,0.0,0.0
1.9760000000000015,88.33330264561455,88.33330264561455,88.33330264561455,10.594862565288622,0.0,0.0
1.9780000000000015,88.33330277336863,88.33330277336863,88.33330277336863,10.594861742357352,0.0,0.0
1.9800000000000015,88.33330289944234,88.33330289944234,88.33330289944234,10.594860930250206,0.0,0.0
1.9820000000000015,88.3333030238578,88.3333030238578,88.3333030238578,10.594860128824848,0.0,0.0
1.9840000000000015,88.33330314663678,88.33330314663678,88.33330314663678,10.594859337940761,0.0,0.0
1.9860000000000015,88.33330326780083,88.33330326780083,88.33330326780083,10.59485855745936,0.0,0.0
1.9880000000000015,88.33330338737119,88.33330338737119,88.33330338737119,10.594857787243654,0.0,0.0
1.9900000000000015,88.33330350536883,88.33330350536883,88.33330350536883,10.59485702715881,0.0,0.0
1.9920000000000015,88.33330362181442,88.33330362181442,88.33330362181442,10.594856277071358,0.0,0.0
1.9940000000000015,88.33330373672838,88.33330373672838,88.33330373672838,10.594855536849991,0.0,0.0
1.9960000000000016,88.33330385013087,88.33330385013087,88.33330385013087,10.594854806364879,0.0,0.0
1.9980000000000016,88.33330396204175,88.33330396204175,88.33330396204175,10.59485408548801,0.0,0.0
2.0000000000000013,88.33330407248066,88.33330407248066,88.33330407248066,10.594853374092963,0.0,0.0
2.002000000000001,88.33330418146694,88.33330418146694,88.33330418146694,10.594852672054913,0.0,0.0
2.004000000000001,88.33330428901971,88.33330428901971,88.33330428901971,10.594851979250961,0.0,0.0
2.0060000000000007,88.33330439515782,88.33330439515782,88.33330439515782,10.594851295559465,0.0,0.0
2.0080000000000005,88.33330449989988,88.33330449989988,88.33330449989988,10.594850620860711,0.0,0.0
2.0100000000000002,88.33330460326425,88.33330460326425,88.33330460326425,10.594849955036352,0.0,0.0
2.012,88.33330470526907,88.33330470526907,88.33330470526907,10.594849297969745,0.0,0.0
2.014,88.33330480593219,88.33330480593219,88.33330480593219,10.594848649545497,0.0,0.0
2.0159999999999996,88.33330490527126,88.33330490527126,88.33330490527126,10.594848009650264,0.0,0.0
2.0179999999999993,88.33330500330372,88.33330500330372,88.33330500330372,10.594847378171607,0.0,0.0
2.019999999999999,88.33330510004673,88.33330510004673,88.33330510004673,10.594846754998912,0.0,0.0
2.021999999999999,88.33330519551727,88.33330519551727,88.33330519551727,10.59484614002281,0.0,0.0
2.0239999999999987,88.33330528973207,88.33330528973207,88.33330528973207,10.594845533135754,0.0,0.0
2.0259999999999985,88.33330538270766,88.33330538270766,88.33330538270766,10.594844934231105,0.0,0.0
2.0279999999999982,88.33330547446032,88.33330547446032,88.33330547446032,10.594844343203931,0.0,0.0
2.029999999999998,88.33330556500614,88.33330556500614,88.33330556500614,10.59484375995055,0.0,0.0
2.031999999999998,88.333305654361,88.333305654361,88.333305654361,10.59484318436887,0.0,0.0
2.0339999999999976,88.33330574254056,88.33330574254056,88.33330574254056,10.594842616357937,0.0,0.0
2.0359999999999974,88.33330582956027,88.33330582956027,88.33330582956027,10.594842055818162,0.0,0.0
2.037999999999997,88.33330591543539,88.33330591543539,88.33330591543539,10.594841502651207,0.0,0.0
2.039999999999997,88.333306000181,88.333306000181,88.333306000181,10.594840956760208,0.0,0.0
2.0419999999999967,88.33330608381193,88.33330608381193,88.33330608381193,10.594840418049444,0.0,0.0
2.0439999999999965,88.33330616634284,88.33330616634284,88.33330616634284,10.594839886424325,0.0,0.0
2.0459999999999963,88.33330624778822,88.33330624778822,88.33330624778822,10.594839361791742,0.0,0.0
2.047999999999996,88.33330632816234,88.33330632816234,88.33330632816234,10.594838844059836,0.0,0.0
2.049999999999996,88.33330640747927,88.33330640747927,88.33330640747927,10.594838333137659,0.0,0.0
2.0519999999999956,88.33330648575294,88.33330648575294,88.33330648575294,10.594837828935738,0.0,0.0
2.0539999999999954,88.33330656299707,88.33330656299707,88.33330656299707,10.594837331365625,0.0,0.0
2.055999999999995,88.33330663922519,88.33330663922519,88.33330663922519,10.594836840340236,0.0,0.0
2.057999999999995,88.33330671445067,88.33330671445067,88.33330671445067,10.594836355773282,0.0,0.0
2.0599999999999947,88.33330678868668,88.33330678868668,88.33330678868668,10.594835877579953,0.0,0.0
2.0619999999999945,88.33330686194628,88.33330686194628,88.33330686194628,10.594835405676463,0.0,0.0
2.0639999999999943,88.33330693424227,88.33330693424227,88.33330693424227,10.594834939979819,0.0,0.0
2.065999999999994,88.33330700558733,88.33330700558733,88.33330700558733,10.594834480408736,0.0,0.0
2.067999999999994,88.33330707599399,88.33330707599399,88.33330707599399,10.594834026882381,0.0,0.0
2.0699999999999936,88.33330714547458,88.33330714547458,88.33330714547458,10.594833579321403,0.0,0.0
2.0719999999999934,88.33330721404127,88.33330721404127,88.33330721404127,10.594833137647129,0.0,0.0
2.073999999999993,88.3333072817061,88.3333072817061,88.3333072817061,10.594832701782366,0.0,0.0
2.075999999999993,88.33330734848093,88.33330734848093,88.33330734848093,10.594832271650603,0.0,0.0
2.0779999999999927,88.33330741437744,88.33330741437744,88.33330741437744,10.594831847176465,0.0,0.0
2.0799999999999925,88.33330747940722,88.33330747940722,88.33330747940722,10.594831428285374,0.0,0.0
2.0819999999999923,88.33330754358165,88.33330754358165,88.33330754358165,10.594831014904116,0.0,0.0
2.083999999999992,88.33330760691197,88.33330760691197,88.33330760691197,10.594830606960159,0.0,0.0
2.085999999999992,88.33330766940932,88.33330766940932,88.33330766940932,10.594830204381879,0.0,0.0
2.0879999999999916,88.33330773108462,88.33330773108462,88.33330773108462,10.59482980709879,0.0,0.0
2.0899999999999914,88.3333077919487,88.3333077919487,88.3333077919487,10.594829415041204,0.0,0.0
2.091999999999991,88.33330785201223,88.33330785201223,88.33330785201223,10.594829028140452,0.0,0.0
2.093999999999991,88.33330791128573,88.33330791128573,88.33330791128573,10.594828646328665,0.0,0.0
2.0959999999999908,88.3333079697796,88.3333079697796,88.3333079697796,10.59482826953888,0.0,0.0
2.0979999999999905,88.33330802750407,88.33330802750407,88.33330802750407,10.594827897705045,0.0,0.0
2.0999999999999903,88.3333080844693,88.3333080844693,88.3333080844693,10.594827530762132,0.0,0.0
2.10199999999999,88.33330814068525,88.33330814068525,88.33330814068525,10.594827168645566,0.0,0.0
2.10399999999999,88.33330819616178,88.33330819616178,88.33330819616178,10.594826811292023,0.0,0.0
2.1059999999999897,88.33330825090863,88.33330825090863,88.33330825090863,10.59482645863875,0.0,0.0
2.1079999999999894,88.33330830493537,88.33330830493537,88.33330830493537,10.594826110624012,0.0,0.0
2.109999999999989,88.3333083582515,88.3333083582515,88.3333083582515,10.594825767186762,0.0,0.0
2.111999999999989,88.33330841086635,88.33330841086635,88.33330841086635,10.594825428266859,0.0,0.0
2.1139999999999888,88.33330846278915,88.33330846278915,88.33330846278915,10.59482509380473,0.0,0.0
2.1159999999999886,88.333308514029,88.333308514029,88.333308514029,10.594824763741826,0.0,0.0
2.1179999999999883,88.33330856459489,88.33330856459489,88.33330856459489,10.594824438020396,0.0,0.0
2.119999999999988,88.33330861449566,88.33330861449566,88.33330861449566,10.59482411658314,0.0,0.0
2.121999999999988,88.33330866374008,88.33330866374008,88.33330866374008,10.594823799373899,0.0,0.0
2.1239999999999877,88.3333087123368,88.3333087123368,88.3333087123368,10.594823486336963,0.0,0.0
2.1259999999999875,88.33330876029432,88.33330876029432,88.33330876029432,10.594823177417425,0.0,0.0
2.1279999999999872,88.33330880762102,88.33330880762102,88.33330880762102,10.594822872561053,0.0,0.0
2.129999999999987,88.33330885432525,88.33330885432525,88.33330885432525,10.594822571714644,0.0,0.0
2.131999999999987,88.33330890041516,88.33330890041516,88.33330890041516,10.59482227482522,0.0,0.0
2.1339999999999866,88.33330894589885,88.33330894589885,88.33330894589885,10.594821981840823,0.0,0.0
2.1359999999999864,88.33330899078427,88.33330899078427,88.33330899078427,10.594821692710184,0.0,0.0
2.137999999999986,88.33330903507931,88.33330903507931,88.33330903507931,10.594821407382483,0.0,0.0
2.139999999999986,88.33330907879174,88.33330907879174,88.33330907879174,10.594821125807812,0.0,0.0
2.1419999999999857,88.3333091219292,88.3333091219292,88.3333091219292,10.594820847936603,0.0,0.0
2.1439999999999855,88.33330916449927,88.33330916449927,88.33330916449927,10.594820573720426,0.0,0.0
2.1459999999999853,88.33330920650943,88.33330920650943,88.33330920650943,10.594820303110964,0.0,0.0
2.147999999999985,88.333309247967,88.333309247967,88.333309247967,10.594820036060923,0.0,0.0
2.149999999999985,88.33330928887926,88.33330928887926,88.33330928887926,10.594819772523351,0.0,0.0
2.1519999999999846,88.33330932925341,88.33330932925341,88.33330932925341,10.594819512452204,0.0,0.0
2.1539999999999844,88.33330936909651,88.33330936909651,88.33330936909651,10.594819255801895,0.0,0.0
2.155999999999984,88.33330940841556,88.33330940841556,88.33330940841556,10.594819002527174,0.0,0.0
2.157999999999984,88.33330944721745,88.33330944721745,88.33330944721745,10.594818752583933,0.0,0.0
2.1599999999999837,88.33330948550895,88.33330948550895,88.33330948550895,10.59481850592806,0.0,0.0
2.1619999999999835,88.3333095232968,88.3333095232968,88.3333095232968,10.594818262516696,0.0,0.0
2.1639999999999833,88.33330956058764,88.33330956058764,88.33330956058764,10.594818022306754,0.0,0.0
2.165999999999983,88.33330959738795,88.33330959738795,88.33330959738795,10.59481778525651,0.0,0.0
2.167999999999983,88.33330963370425,88.33330963370425,88.33330963370425,10.594817551324127,0.0,0.0
2.1699999999999826,88.33330966954286,88.33330966954286,88.33330966954286,10.594817320468792,0.0,0.0
2.1719999999999824,88.33330970491008,88.33330970491008,88.33330970491008,10.594817092649919,0.0,0.0
2.173999999999982,88.33330973981211,88.33330973981211,88.33330973981211,10.594816867827603,0.0,0.0
2.175999999999982,88.33330977425507,88.33330977425507,88.33330977425507,10.594816645962283,0.0,0.0
2.1779999999999817,88.33330980824499,88.33330980824499,88.33330980824499,10.594816427015303,0.0,0.0
2.1799999999999815,88.33330984178785,88.33330984178785,88.33330984178785,10.594816210948125,0.0,0.0
2.1819999999999813,88.33330987488951,88.33330987488951,88.33330987488951,10.594815997723003,0.0,0.0
2.183999999999981,88.33330990755577,88.33330990755577,88.33330990755577,10.59481578730231,0.0,0.0
2.185999999999981,88.33330993979239,88.33330993979239,88.33330993979239,10.594815579649321,0.0,0.0
2.1879999999999806,88.33330997160498,88.33330997160498,88.33330997160498,10.594815374727773,0.0,0.0
2.1899999999999804,88.33331000299913,88.33331000299913,88.33331000299913,10.594815172501399,0.0,0.0
2.19199999999998,88.33331003398034,88.33331003398034,88.33331003398034,10.594814972935069,0.0,0.0
2.19399999999998,88.33331006455407,88.33331006455407,88.33331006455407,10.594814775993655,0.0,0.0
2.1959999999999797,88.33331009472565,88.33331009472565,88.33331009472565,10.594814581642595,0.0,0.0
2.1979999999999795,88.33331012450037,88.33331012450037,88.33331012450037,10.594814389848011,0.0,0.0
2.1999999999999793,88.33331015388346,88.33331015388346,88.33331015388346,10.594814200576025,0.0,0.0
2.201999999999979,88.33331018288007,88.33331018288007,88.33331018288007,10.594814013793552,0.0,0.0
2.203999999999979,88.33331021149529,88.33331021149529,88.33331021149529,10.594813829467967,0.0,0.0
2.2059999999999786,88.33331023973413,88.33331023973413,88.33331023973413,10.594813647566639,0.0,0.0
2.2079999999999784,88.33331026760153,88.33331026760153,88.33331026760153,10.594813468057964,0.0,0.0
2.209999999999978,88.3333102951024,88.3333102951024,88.3333102951024,10.594813290910452,0.0,0.0
2.211999999999978,88.33331032224153,88.33331032224153,88.33331032224153,10.594813116093064,0.0,0.0
2.2139999999999778,88.3333103490237,88.3333103490237,88.3333103490237,10.594812943574993,0.0,0.0
2.2159999999999775,88.3333103754536,88.3333103754536,88.3333103754536,10.594812773325998,0.0,0.0
2.2179999999999773,88.33331040153587,88.33331040153587,88.33331040153587,10.594812605316406,0.0,0.0
2.219999999999977,88.33331042727508,88.33331042727508,88.33331042727508,10.594812439516772,0.0,0.0
2.221999999999977,88.33331045267573,88.33331045267573,88.33331045267573,10.594812275897766,0.0,0.0
2.2239999999999767,88.33331047774227,88.33331047774227,88.33331047774227,10.594812114430852,0.0,0.0
2.2259999999999764,88.33331050247912,88.33331050247912,88.33331050247912,10.594811955087835,0.0,0.0
2.227999999999976,88.3333105268906,88.3333105268906,88.3333105268906,10.594811797840634,0.0,0.0
2.229999999999976,88.333310550981,88.333310550981,88.333310550981,10.594811642661739,0.0,0.0
2.231999999999976,88.33331057475452,88.33331057475452,88.33331057475452,10.594811489523977,0.0,0.0
2.2339999999999756,88.33331059821535,88.33331059821535,88.33331059821535,10.594811338400405,0.0,0.0
2.2359999999999753,88.33331062136759,88.33331062136759,88.33331062136759,10.594811189264647,0.0,0.0
2.237999999999975,88.33331064421532,88.33331064421532,88.33331064421532,10.594811042090441,0.0,0.0
2.239999999999975,88.33331066676251,88.33331066676251,88.33331066676251,10.594810896851982,0.0,0.0
2.2419999999999747,88.33331068901315,88.33331068901315,88.33331068901315,10.59481075352403,0.0,0.0
2.2439999999999745,88.33331071097112,88.33331071097112,88.33331071097112,10.594810612081119,0.0,0.0
2.2459999999999742,88.33331073264027,88.33331073264027,88.33331073264027,10.594810472498807,0.0,0.0
2.247999999999974,88.3333107540244,88.3333107540244,88.3333107540244,10.59481033475231,0.0,0.0
2.249999999999974,88.33331077512726,88.33331077512726,88.33331077512726,10.59481019881764,0.0,0.0
2.2519999999999736,88.33331079595257,88.33331079595257,88.33331079595257,10.594810064670924,0.0,0.0
2.2539999999999734,88.33331081650394,88.33331081650394,88.33331081650394,10.594809932288626,0.0,0.0
2.255999999999973,88.333310836785,88.333310836785,88.333310836785,10.59480980164767,0.0,0.0
2.257999999999973,88.3333108567993,88.3333108567993,88.3333108567993,10.594809672725091,0.0,0.0
2.2599999999999727,88.33331087655034,88.33331087655034,88.33331087655034,10.594809545498151,0.0,0.0
2.2619999999999725,88.3333108960416,88.3333108960416,88.3333108960416,10.594809419944681,0.0,0.0
2.2639999999999723,88.33331091527648,88.33331091527648,88.33331091527648,10.59480929604274,0.0,0.0
2.265999999999972,88.33331093425838,88.33331093425838,88.33331093425838,10.594809173770386,0.0,0.0
2.267999999999972,88.3333109529906,88.3333109529906,88.3333109529906,10.594809053106246,0.0,0.0
2.2699999999999716,88.33331097147642,88.33331097147642,88.33331097147642,10.594808934029288,0.0,0.0
2.2719999999999714,88.33331098971911,88.33331098971911,88.33331098971911,10.594808816518594,0.0,0.0
2.273999999999971,88.33331100772185,88.33331100772185,88.33331100772185,10.594808700553472,0.0,0.0
2.275999999999971,88.33331102548779,88.33331102548779,88.33331102548779,10.594808586113686,0.0,0.0
2.2779999999999707,88.33331104302006,88.33331104302006,88.33331104302006,10.594808473179114,0.0,0.0
2.2799999999999705,88.33331106032172,88.33331106032172,88.33331106032172,10.594808361730088,0.0,0.0
2.2819999999999703,88.3333110773958,88.3333110773958,88.3333110773958,10.594808251746826,0.0,0.0
2.28399999999997,88.33331109424532,88.33331109424532,88.33331109424532,10.59480814321023,0.0,0.0
2.28599999999997,88.3333111108732,88.3333111108732,88.3333111108732,10.594808036101313,0.0,0.0
2.2879999999999696,88.33331112728237,88.33331112728237,88.33331112728237,10.594807930401203,0.0,0.0
2.2899999999999694,88.33331114347571,88.33331114347571,88.33331114347571,10.594807826091369,0.0,0.0
2.291999999999969,88.33331115945606,88.33331115945606,88.33331115945606,10.594807723153508,0.0,0.0
2.293999999999969,88.33331117522621,88.33331117522621,88.33331117522621,10.594807621569657,0.0,0.0
2.2959999999999687,88.33331119078895,88.33331119078895,88.33331119078895,10.594807521321968,0.0,0.0
2.2979999999999685,88.33331120614699,88.33331120614699,88.33331120614699,10.594807422392705,0.0,0.0
2.2999999999999683,88.33331122130302,88.33331122130302,88.33331122130302,10.594807324764815,0.0,0.0
2.301999999999968,88.33331123625969,88.33331123625969,88.33331123625969,10.594807228420905,0.0,0.0
2.303999999999968,88.33331125101964,88.33331125101964,88.33331125101964,10.594807133344375,0.0,0.0
2.3059999999999676,88.33331126558544,88.33331126558544,88.33331126558544,10.5948070395184,0.0,0.0
2.3079999999999674,88.33331127995966,88.33331127995966,88.33331127995966,10.594806946926383,0.0,0.0
2.309999999999967,88.33331129414482,88.33331129414482,88.33331129414482,10.594806855552406,0.0,0.0
2.311999999999967,88.3333113081434,88.3333113081434,88.3333113081434,10.594806765380213,0.0,0.0
2.3139999999999668,88.33331132195785,88.33331132195785,88.33331132195785,10.594806676394,0.0,0.0
2.3159999999999665,88.3333113355906,88.3333113355906,88.3333113355906,10.594806588578308,0.0,0.0
2.3179999999999663,88.33331134904402,88.33331134904402,88.33331134904402,10.594806501917674,0.0,0.0
2.319999999999966,88.3333113623205,88.3333113623205,88.3333113623205,10.594806416396864,0.0,0.0
2.321999999999966,88.33331137542235,88.33331137542235,88.33331137542235,10.594806332000985,0.0,0.0
2.3239999999999656,88.33331138835187,88.33331138835187,88.33331138835187,10.594806248715145,0.0,0.0
2.3259999999999654,88.33331140111132,88.33331140111132,88.33331140111132,10.59480616652479,0.0,0.0
2.327999999999965,88.33331141370294,88.33331141370294,88.33331141370294,10.594806085415485,0.0,0.0
2.329999999999965,88.33331142612894,88.33331142612894,88.33331142612894,10.594806005373016,0.0,0.0
2.3319999999999648,88.33331143839152,88.33331143839152,88.33331143839152,10.594805926383401,0.0,0.0
2.3339999999999645,88.3333114504928,88.3333114504928,88.3333114504928,10.59480584843277,0.0,0.0
2.3359999999999643,88.33331146243489,88.33331146243489,88.33331146243489,10.594805771507367,0.0,0.0
2.337999999999964,88.33331147421993,88.33331147421993,88.33331147421993,10.594805695593777,0.0,0.0
2.339999999999964,88.33331148584995,88.33331148584995,88.33331148584995,10.594805620678699,0.0,0.0
2.3419999999999637,88.33331149732699,88.33331149732699,88.33331149732699,10.594805546749058,0.0,0.0
2.3439999999999634,88.33331150865307,88.33331150865307,88.33331150865307,10.59480547379178,0.0,0.0
2.3459999999999632,88.33331151983018,88.33331151983018,88.33331151983018,10.594805401794133,0.0,0.0
2.347999999999963,88.33331153086027,88.33331153086027,88.33331153086027,10.594805330743498,0.0,0.0
2.349999999999963,88.33331154174529,88.33331154174529,88.33331154174529,10.594805260627368,0.0,0.0
2.3519999999999626,88.33331155248712,88.33331155248712,88.33331155248712,10.594805191433466,0.0,0.0
2.3539999999999623,88.33331156308769,88.33331156308769,88.33331156308769,10.594805123149854,0.0,0.0
2.355999999999962,88.3333115735488,88.3333115735488,88.3333115735488,10.594805055764141,0.0,0.0
2.357999999999962,88.33331158387233,88.33331158387233,88.33331158387233,10.594804989264958,0.0,0.0
2.3599999999999617,88.33331159406008,88.33331159406008,88.33331159406008,10.594804923640254,0.0,0.0
2.3619999999999615,88.33331160411382,88.33331160411382,88.33331160411382,10.594804858878888,0.0,0.0
2.3639999999999612,88.33331161403532,88.33331161403532,88.33331161403532,10.594804794969264,0.0,0.0
2.365999999999961,88.33331162382632,88.33331162382632,88.33331162382632,10.59480473190024,0.0,0.0
2.367999999999961,88.33331163348853,88.33331163348853,88.33331163348853,10.594804669660789,0.0,0.0
2.3699999999999606,88.33331164302368,88.33331164302368,88.33331164302368,10.594804608239997,0.0,0.0
2.3719999999999604,88.33331165243338,88.33331165243338,88.33331165243338,10.594804547627064,0.0,0.0
2.37399999999996,88.33331166171934,88.33331166171934,88.33331166171934,10.594804487811416,0.0,0.0
2.37599999999996,88.33331167088313,88.33331167088313,88.33331167088313,10.594804428782481,0.0,0.0
2.3779999999999597,88.33331167992642,88.33331167992642,88.33331167992642,10.594804370530028,0.0,0.0
2.3799999999999595,88.33331168885074,88.33331168885074,88.33331168885074,10.59480431304371,0.0,0.0
2.3819999999999593,88.33331169765768,88.33331169765768,88.33331169765768,10.594804256313523,0.0,0.0
2.383999999999959,88.33331170634878,88.33331170634878,88.33331170634878,10.594804200329577,0.0,0.0
2.385999999999959,88.33331171492557,88.33331171492557,88.33331171492557,10.59480414508198,0.0,0.0
2.3879999999999586,88.33331172338956,88.33331172338956,88.33331172338956,10.59480409056107,0.0,0.0
2.3899999999999584,88.3333117317422,88.3333117317422,88.3333117317422,10.594804036757182,0.0,0.0
2.391999999999958,88.33331173998499,88.33331173998499,88.33331173998499,10.594803983661109,0.0,0.0
2.393999999999958,88.33331174811936,88.33331174811936,88.33331174811936,10.594803931263414,0.0,0.0
2.3959999999999577,88.33331175614673,88.33331175614673,88.33331175614673,10.594803879554775,0.0,0.0
2.3979999999999575,88.33331176406851,88.33331176406851,88.33331176406851,10.594803828526437,0.0,0.0
2.3999999999999573,88.3333117718861,88.3333117718861,88.3333117718861,10.594803778169194,0.0,0.0
2.401999999999957,88.33331177960086,88.33331177960086,88.33331177960086,10.59480372847429,0.0,0.0
2.403999999999957,88.33331178721417,88.33331178721417,88.33331178721417,10.594803679433198,0.0,0.0
2.4059999999999566,88.33331179472732,88.33331179472732,88.33331179472732,10.594803631036939,0.0,0.0
2.4079999999999564,88.33331180214165,88.33331180214165,88.33331180214165,10.594803583277326,0.0,0.0
2.409999999999956,88.33331180945846,88.33331180945846,88.33331180945846,10.594803536145832,0.0,0.0
2.411999999999956,88.33331181667904,88.33331181667904,88.33331181667904,10.594803489634387,0.0,0.0
2.4139999999999557,88.33331182380464,88.33331182380464,88.33331182380464,10.594803443734577,0.0,0.0
2.4159999999999555,88.33331183083651,88.33331183083651,88.33331183083651,10.594803398438671,0.0,0.0
2.4179999999999553,88.3333118377759,88.3333118377759,88.3333118377759,10.594803353738484,0.0,0.0
2.419999999999955,88.33331184462399,88.33331184462399,88.33331184462399,10.594803309626172,0.0,0.0
2.421999999999955,88.33331185138204,88.33331185138204,88.33331185138204,10.594803266094118,0.0,0.0
2.4239999999999546,88.33331185805118,88.33331185805118,88.33331185805118,10.594803223134704,0.0,0.0
2.4259999999999544,88.33331186463259,88.33331186463259,88.33331186463259,10.594803180740314,0.0,0.0
2.427999999999954,88.33331187112745,88.33331187112745,88.33331187112745,10.594803138903558,0.0,0.0
2.429999999999954,88.33331187753687,88.33331187753687,88.33331187753687,10.594803097617046,0.0,0.0
2.4319999999999538,88.333311883862,88.333311883862,88.333311883862,10.594803056873502,0.0,0.0
2.4339999999999535,88.33331189010391,88.33331189010391,88.33331189010391,10.594803016665992,0.0,0.0
2.4359999999999533,88.33331189626374,88.33331189626374,88.33331189626374,10.594802976987353,0.0,0.0
2.437999999999953,88.33331190234254,88.33331190234254,88.33331190234254,10.59480293783065,0.0,0.0
2.439999999999953,88.3333119083414,88.3333119083414,88.3333119083414,10.594802899188835,0.0,0.0
2.4419999999999527,88.33331191426134,88.33331191426134,88.33331191426134,10.594802861055314,0.0,0.0
2.4439999999999524,88.33331192010343,88.33331192010343,88.33331192010343,10.594802823423379,0.0,0.0
2.445999999999952,88.33331192586866,88.33331192586866,88.33331192586866,10.59480278628655,0.0,0.0
2.447999999999952,88.33331193155806,88.33331193155806,88.33331193155806,10.59480274963812,0.0,0.0
2.4499999999999518,88.33331193717264,88.33331193717264,88.33331193717264,10.594802713471609,0.0,0.0
2.4519999999999516,88.33331194271337,88.33331194271337,88.33331194271337,10.594802677780876,0.0,0.0
2.4539999999999513,88.3333119481812,88.3333119481812,88.3333119481812,10.59480264255967,0.0,0.0
2.455999999999951,88.33331195357715,88.33331195357715,88.33331195357715,10.594802607801626,0.0,0.0
2.457999999999951,88.3333119589021,88.3333119589021,88.3333119589021,10.594802573500715,0.0,0.0
2.4599999999999507,88.333311964157,88.333311964157,88.333311964157,10.594802539651141,0.0,0.0
2.4619999999999505,88.3333119693428,88.3333119693428,88.3333119693428,10.594802506246765,0.0,0.0
2.4639999999999502,88.33331197446039,88.33331197446039,88.33331197446039,10.594802473281675,0.0,0.0
2.46599999999995,88.33331197951067,88.33331197951067,88.33331197951067,10.594802440750186,0.0,0.0
2.46799999999995,88.33331198449451,88.33331198449451,88.33331198449451,10.594802408646501,0.0,0.0
2.4699999999999496,88.3333119894128,88.3333119894128,88.3333119894128,10.594802376965276,0.0,0.0
2.4719999999999493,88.33331199426641,88.33331199426641,88.33331199426641,10.594802345700714,0.0,0.0
2.473999999999949,88.33331199905616,88.33331199905616,88.33331199905616,10.594802314847243,0.0,0.0
2.475999999999949,88.33331200378294,88.33331200378294,88.33331200378294,10.594802284399748,0.0,0.0
2.4779999999999487,88.33331200844752,88.33331200844752,88.33331200844752,10.594802254352658,0.0,0.0
2.4799999999999485,88.33331201305076,88.33331201305076,88.33331201305076,10.594802224700743,0.0,0.0
2.4819999999999482,88.33331201759344,88.33331201759344,88.33331201759344,10.594802195438888,0.0,0.0
2.483999999999948,88.33331202207638,88.33331202207638,88.33331202207638,10.594802166561976,0.0,0.0
2.485999999999948,88.33331202650035,88.33331202650035,88.33331202650035,10.594802138064779,0.0,0.0
2.4879999999999476,88.33331203086614,88.33331203086614,88.33331203086614,10.59480210994252,0.0,0.0
2.4899999999999474,88.3333120351745,88.3333120351745,88.3333120351745,10.594802082190085,0.0,0.0
2.491999999999947,88.33331203942619,88.33331203942619,88.33331203942619,10.594802054802699,0.0,0.0
2.493999999999947,88.33331204362196,88.33331204362196,88.33331204362196,10.594802027775472,0.0,0.0
2.4959999999999467,88.33331204776255,88.33331204776255,88.33331204776255,10.594802001103858,0.0,0.0
2.4979999999999465,88.33331205184867,88.33331205184867,88.33331205184867,10.594801974783081,0.0,0.0
2.4999999999999463,88.33331205588104,88.33331205588104,88.33331205588104,10.594801948808367,0.0,0.0
2.501999999999946,88.33331205986036,88.33331205986036,88.33331205986036,10.594801923175396,0.0,0.0
2.503999999999946,88.33331206378736,88.33331206378736,88.33331206378736,10.59480189787962,0.0,0.0
2.5059999999999456,88.3333120676627,88.3333120676627,88.3333120676627,10.594801872916491,0.0,0.0
2.5079999999999454,88.33331207148707,88.33331207148707,88.33331207148707,10.59480184828169,0.0,0.0
2.509999999999945,88.33331207526115,88.33331207526115,88.33331207526115,10.594801823970897,0.0,0.0
2.511999999999945,88.33331207898557,88.33331207898557,88.33331207898557,10.594801799979905,0.0,0.0
2.5139999999999447,88.333312082661,88.333312082661,88.333312082661,10.594801776304507,0.0,0.0
2.5159999999999445,88.3333120862881,88.3333120862881,88.3333120862881,10.594801752940498,0.0,0.0
2.5179999999999443,88.33331208986749,88.33331208986749,88.33331208986749,10.594801729883784,0.0,0.0
2.519999999999944,88.33331209339978,88.33331209339978,88.33331209339978,10.594801707130273,0.0,0.0
2.521999999999944,88.33331209688563,88.33331209688563,88.33331209688563,10.594801684676213,0.0,0.0
2.5239999999999436,88.33331210032563,88.33331210032563,88.33331210032563,10.594801662517398,0.0,0.0
2.5259999999999434,88.33331210372037,88.33331210372037,88.33331210372037,10.594801640649962,0.0,0.0
2.527999999999943,88.33331210707047,88.33331210707047,88.33331210707047,10.594801619070267,0.0,0.0
2.529999999999943,88.33331211037651,88.33331211037651,88.33331211037651,10.594801597774335,0.0,0.0
2.5319999999999427,88.33331211363905,88.33331211363905,88.33331211363905,10.594801576758528,0.0,0.0
2.5339999999999425,88.33331211685869,88.33331211685869,88.33331211685869,10.594801556019206,0.0,0.0
2.5359999999999423,88.33331212003598,88.33331212003598,88.33331212003598,10.59480153555262,0.0,0.0
2.537999999999942,88.33331212317147,88.33331212317147,88.33331212317147,10.594801515355243,0.0,0.0
2.539999999999942,88.33331212626572,88.33331212626572,88.33331212626572,10.594801495423553,0.0,0.0
2.5419999999999416,88.33331212931927,88.33331212931927,88.33331212931927,10.594801475754025,0.0,0.0
2.5439999999999414,88.33331213233267,88.33331213233267,88.33331213233267,10.594801456343134,0.0,0.0
2.545999999999941,88.33331213530643,88.33331213530643,88.33331213530643,10.594801437187584,0.0,0.0
2.547999999999941,88.33331213824107,88.33331213824107,88.33331213824107,10.594801418284078,0.0,0.0
2.5499999999999408,88.33331214113711,88.33331214113711,88.33331214113711,10.594801399629091,0.0,0.0
2.5519999999999405,88.33331214399506,88.33331214399506,88.33331214399506,10.594801381219554,0.0,0.0
2.5539999999999403,88.33331214681542,88.33331214681542,88.33331214681542,10.59480136305217,0.0,0.0
2.55599999999994,88.33331214959868,88.33331214959868,88.33331214959868,10.594801345123756,0.0,0.0
2.55799999999994,88.33331215234533,88.33331215234533,88.33331215234533,10.594801327431128,0.0,0.0
2.5599999999999397,88.33331215505585,88.33331215505585,88.33331215505585,10.594801309971217,0.0,0.0
2.5619999999999394,88.33331215773073,88.33331215773073,88.33331215773073,10.59480129274084,0.0,0.0
2.563999999999939,88.33331216037043,88.33331216037043,88.33331216037043,10.594801275737268,0.0,0.0
2.565999999999939,88.33331216297539,88.33331216297539,88.33331216297539,10.594801258957204,0.0,0.0
2.5679999999999388,88.3333121655461,88.3333121655461,88.3333121655461,10.59480124239792,0.0,0.0
2.5699999999999386,88.33331216808298,88.33331216808298,88.33331216808298,10.594801226056461,0.0,0.0
2.5719999999999383,88.33331217058651,88.33331217058651,88.33331217058651,10.594801209929983,0.0,0.0
2.573999999999938,88.33331217305711,88.33331217305711,88.33331217305711,10.594801194015645,0.0,0.0
2.575999999999938,88.33331217549521,88.33331217549521,88.33331217549521,10.59480117831049,0.0,0.0
2.5779999999999377,88.33331217790125,88.33331217790125,88.33331217790125,10.594801162812018,0.0,0.0
2.5799999999999375,88.33331218027563,88.33331218027563,88.33331218027563,10.594801147517273,0.0,0.0
2.5819999999999372,88.33331218261878,88.33331218261878,88.33331218261878,10.594801132423868,0.0,0.0
2.583999999999937,88.3333121849311,88.3333121849311,88.3333121849311,10.594801117528846,0.0,0.0
2.585999999999937,88.33331218721304,88.33331218721304,88.33331218721304,10.59480110282982,0.0,0.0
2.5879999999999366,88.33331218946495,88.33331218946495,88.33331218946495,10.594801088324175,0.0,0.0
2.5899999999999364,88.33331219168721,88.33331219168721,88.33331219168721,10.594801074009183,0.0,0.0
2.591999999999936,88.33331219388027,88.33331219388027,88.33331219388027,10.594801059882684,0.0,0.0
2.593999999999936,88.33331219604449,88.33331219604449,88.33331219604449,10.594801045941836,0.0,0.0
2.5959999999999357,88.33331219818022,88.33331219818022,88.33331219818022,10.594801032184364,0.0,0.0
2.5979999999999355,88.33331220028786,88.33331220028786,88.33331220028786,10.594801018607882,0.0,0.0
2.5999999999999353,88.33331220236781,88.33331220236781,88.33331220236781,10.594801005210002,0.0,0.0
2.601999999999935,88.33331220442037,88.33331220442037,88.33331220442037,10.594800991988336,0.0,0.0
2.603999999999935,88.33331220644594,88.33331220644594,88.33331220644594,10.594800978940611,0.0,0.0
2.6059999999999346,88.33331220844487,88.33331220844487,88.33331220844487,10.59480096606444,0.0,0.0
2.6079999999999344,88.33331221041752,88.33331221041752,88.33331221041752,10.594800953357549,0.0,0.0
2.609999999999934,88.3333122123642,88.3333122123642,88.3333122123642,10.59480094081789,0.0,0.0
2.611999999999934,88.3333122142853,88.3333122142853,88.3333122142853,10.594800928443192,0.0,0.0
2.6139999999999337,88.33331221618111,88.33331221618111,88.33331221618111,10.59480091623118,0.0,0.0
2.6159999999999335,88.33331221805199,88.33331221805199,88.33331221805199,10.594800904179806,0.0,0.0
2.6179999999999333,88.33331221989826,88.33331221989826,88.33331221989826,10.594800892287026,0.0,0.0
2.619999999999933,88.33331222172025,88.33331222172025,88.33331222172025,10.594800880550679,0.0,0.0
2.621999999999933,88.33331222351828,88.33331222351828,88.33331222351828,10.594800868968719,0.0,0.0
2.6239999999999326,88.33331222529264,88.33331222529264,88.33331222529264,10.594800857538985,0.0,0.0
2.6259999999999324,88.33331222704368,88.33331222704368,88.33331222704368,10.594800846259659,0.0,0.0
2.627999999999932,88.33331222877167,88.33331222877167,88.33331222877167,10.594800835128694,0.0,0.0
2.629999999999932,88.33331223047695,88.33331223047695,88.33331223047695,10.594800824144158,0.0,0.0
2.6319999999999317,88.3333122321598,88.3333122321598,88.3333122321598,10.594800813304005,0.0,0.0
2.6339999999999315,88.33331223382052,88.33331223382052,88.33331223382052,10.594800802606528,0.0,0.0
2.6359999999999313,88.33331223545939,88.33331223545939,88.33331223545939,10.594800792049682,0.0,0.0
2.637999999999931,88.3333122370767,88.3333122370767,88.3333122370767,10.594800781631761,0.0,0.0
2.639999999999931,88.33331223867275,88.33331223867275,88.33331223867275,10.59480077135072,0.0,0.0
2.6419999999999306,88.33331224024779,88.33331224024779,88.33331224024779,10.594800761205079,0.0,0.0
2.6439999999999304,88.33331224180212,88.33331224180212,88.33331224180212,10.594800751192793,0.0,0.0
2.64599999999993,88.333312243336,88.333312243336,88.333312243336,10.59480074131227,0.0,0.0
2.64799999999993,88.33331224484971,88.33331224484971,88.33331224484971,10.59480073156169,0.0,0.0
2.6499999999999297,88.33331224634351,88.33331224634351,88.33331224634351,10.59480072193935,0.0,0.0
2.6519999999999295,88.33331224781767,88.33331224781767,88.33331224781767,10.594800712443543,0.0,0.0
2.6539999999999293,88.33331224927244,88.33331224927244,88.33331224927244,10.594800703072565,0.0,0.0
2.655999999999929,88.33331225070806,88.33331225070806,88.33331225070806,10.594800693824936,0.0,0.0
2.657999999999929,88.3333122521248,88.3333122521248,88.3333122521248,10.594800684698953,0.0,0.0
2.6599999999999286,88.3333122535229,88.3333122535229,88.3333122535229,10.594800675693023,0.0,0.0
2.6619999999999284,88.33331225490262,88.33331225490262,88.33331225490262,10.594800666805554,0.0,0.0
2.663999999999928,88.33331225626421,88.33331225626421,88.33331225626421,10.594800658034956,0.0,0.0
2.665999999999928,88.33331225760786,88.33331225760786,88.33331225760786,10.594800649379636,0.0,0.0
2.6679999999999278,88.33331225893386,88.33331225893386,88.33331225893386,10.594800640838343,0.0,0.0
2.6699999999999275,88.33331226024241,88.33331226024241,88.33331226024241,10.59480063240926,0.0,0.0
2.6719999999999273,88.33331226153375,88.33331226153375,88.33331226153375,10.594800624091022,0.0,0.0
2.673999999999927,88.33331226280811,88.33331226280811,88.33331226280811,10.594800615882264,0.0,0.0
2.675999999999927,88.3333122640657,88.3333122640657,88.3333122640657,10.594800607781394,0.0,0.0
2.6779999999999267,88.33331226530674,88.33331226530674,88.33331226530674,10.594800599787163,0.0,0.0
2.6799999999999264,88.33331226653148,88.33331226653148,88.33331226653148,10.594800591897979,0.0,0.0
2.681999999999926,88.3333122677401,88.3333122677401,88.3333122677401,10.594800584112704,0.0,0.0
2.683999999999926,88.3333122689328,88.3333122689328,88.3333122689328,10.594800576429748,0.0,0.0
2.685999999999926,88.33331227010983,88.33331227010983,88.33331227010983,10.594800568847859,0.0,0.0
2.6879999999999256,88.33331227127138,88.33331227127138,88.33331227127138,10.594800561365787,0.0,0.0
2.6899999999999253,88.33331227241766,88.33331227241766,88.33331227241766,10.594800553982054,0.0,0.0
2.691999999999925,88.33331227354884,88.33331227354884,88.33331227354884,10.59480054669541,0.0,0.0
2.693999999999925,88.33331227466516,88.33331227466516,88.33331227466516,10.594800539504604,0.0,0.0
2.6959999999999247,88.3333122757668,88.3333122757668,88.3333122757668,10.594800532408499,0.0,0.0
2.6979999999999245,88.33331227685395,88.33331227685395,88.33331227685395,10.594800525405617,0.0,0.0
2.6999999999999242,88.33331227792678,88.33331227792678,88.33331227792678,10.594800518494822,0.0,0.0
2.701999999999924,88.33331227898552,88.33331227898552,88.33331227898552,10.594800511674975,0.0,0.0
2.703999999999924,88.33331228003031,88.33331228003031,88.33331228003031,10.594800504944828,0.0,0.0
2.7059999999999236,88.33331228106138,88.33331228106138,88.33331228106138,10.594800498303243,0.0,0.0
2.7079999999999234,88.33331228207888,88.33331228207888,88.33331228207888,10.59480049174897,0.0,0.0
2.709999999999923,88.333312283083,88.333312283083,88.333312283083,10.59480048528087,0.0,0.0
2.711999999999923,88.33331228407391,88.33331228407391,88.33331228407391,10.594800478897923,0.0,0.0
2.7139999999999227,88.33331228505179,88.33331228505179,88.33331228505179,10.594800472598877,0.0,0.0
2.7159999999999225,88.3333122860168,88.3333122860168,88.3333122860168,10.594800466382708,0.0,0.0
2.7179999999999223,88.33331228696913,88.33331228696913,88.33331228696913,10.59480046024828,0.0,0.0
2.719999999999922,88.33331228790891,88.33331228790891,88.33331228790891,10.59480045419457,0.0,0.0
2.721999999999922,88.33331228883635,88.33331228883635,88.33331228883635,10.594800448220553,0.0,0.0
2.7239999999999216,88.33331228975159,88.33331228975159,88.33331228975159,10.594800442324981,0.0,0.0
2.7259999999999214,88.33331229065479,88.33331229065479,88.33331229065479,10.594800436507057,0.0,0.0
2.727999999999921,88.33331229154611,88.33331229154611,88.33331229154611,10.594800430765531,0.0,0.0
2.729999999999921,88.33331229242569,88.33331229242569,88.33331229242569,10.59480042509972,0.0,0.0
2.7319999999999207,88.33331229329372,88.33331229329372,88.33331229329372,10.59480041950826,0.0,0.0
2.7339999999999205,88.33331229415033,88.33331229415033,88.33331229415033,10.59480041399047,0.0,0.0
2.7359999999999203,88.33331229499566,88.33331229499566,88.33331229499566,10.594800408545211,0.0,0.0
2.73799999999992,88.33331229582988,88.33331229582988,88.33331229582988,10.594800403171462,0.0,0.0
2.73999999999992,88.33331229665313,88.33331229665313,88.33331229665313,10.59480039786854,0.0,0.0
2.7419999999999196,88.33331229746555,88.33331229746555,88.33331229746555,10.594800392635307,0.0,0.0
2.7439999999999194,88.33331229826729,88.33331229826729,88.33331229826729,10.594800387470968,0.0,0.0
2.745999999999919,88.33331229905846,88.33331229905846,88.33331229905846,10.594800382374501,0.0,0.0
2.747999999999919,88.33331229983925,88.33331229983925,88.33331229983925,10.59480037734511,0.0,0.0
2.7499999999999187,88.33331230060976,88.33331230060976,88.33331230060976,10.59480037238177,0.0,0.0
2.7519999999999185,88.33331230137013,88.33331230137013,88.33331230137013,10.5948003674838,0.0,0.0
2.7539999999999183,88.3333123021205,88.3333123021205,88.3333123021205,10.59480036265029,0.0,0.0
2.755999999999918,88.33331230286102,88.33331230286102,88.33331230286102,10.594800357880331,0.0,0.0
2.757999999999918,88.33331230359177,88.33331230359177,88.33331230359177,10.594800353173127,0.0,0.0
2.7599999999999176,88.33331230431293,88.33331230431293,88.33331230431293,10.59480034852777,0.0,0.0
2.7619999999999174,88.3333123050246,88.3333123050246,88.3333123050246,10.594800343943461,0.0,0.0
2.763999999999917,88.3333123057269,88.3333123057269,88.3333123057269,10.594800339419521,0.0,0.0
2.765999999999917,88.33331230641998,88.33331230641998,88.33331230641998,10.594800334955153,0.0,0.0
2.7679999999999167,88.33331230710394,88.33331230710394,88.33331230710394,10.594800330549447,0.0,0.0
2.7699999999999165,88.3333123077789,88.3333123077789,88.3333123077789,10.594800326201607,0.0,0.0
2.7719999999999163,88.33331230844497,88.33331230844497,88.33331230844497,10.594800321911066,0.0,0.0
2.773999999999916,88.3333123091023,88.3333123091023,88.3333123091023,10.594800317676913,0.0,0.0
2.775999999999916,88.33331230975097,88.33331230975097,88.33331230975097,10.594800313498467,0.0,0.0
2.7779999999999156,88.33331231039111,88.33331231039111,88.33331231039111,10.594800309374932,0.0,0.0
2.7799999999999154,88.33331231102282,88.33331231102282,88.33331231102282,10.59480030530574,0.0,0.0
2.781999999999915,88.33331231164625,88.33331231164625,88.33331231164625,10.594800301289979,0.0,0.0
2.783999999999915,88.33331231226147,88.33331231226147,88.33331231226147,10.594800297327083,0.0,0.0
2.7859999999999148,88.33331231286859,88.33331231286859,88.33331231286859,10.594800293416256,0.0,0.0
2.7879999999999145,88.33331231346772,88.33331231346772,88.33331231346772,10.594800289556929,0.0,0.0
2.7899999999999143,88.33331231405897,88.33331231405897,88.33331231405897,10.594800285748306,0.0,0.0
2.791999999999914,88.33331231464244,88.33331231464244,88.33331231464244,10.594800281989933,0.0,0.0
2.793999999999914,88.33331231521825,88.33331231521825,88.33331231521825,10.594800278280786,0.0,0.0
2.7959999999999137,88.33331231578647,88.33331231578647,88.33331231578647,10.594800274620525,0.0,0.0
2.7979999999999134,88.33331231634723,88.33331231634723,88.33331231634723,10.594800271008467,0.0,0.0
2.7999999999999132,88.33331231690062,88.33331231690062,88.33331231690062,10.594800267443816,0.0,0.0
2.801999999999913,88.33331231744671,88.33331231744671,88.33331231744671,10.594800263926118,0.0,0.0
2.803999999999913,88.33331231798563,88.33331231798563,88.33331231798563,10.59480026045469,0.0,0.0
2.8059999999999126,88.33331231851746,88.33331231851746,88.33331231851746,10.59480025702885,0.0,0.0
2.8079999999999123,88.33331231904229,88.33331231904229,88.33331231904229,10.594800253648145,0.0,0.0
2.809999999999912,88.33331231956022,88.33331231956022,88.33331231956022,10.594800250311891,0.0,0.0
2.811999999999912,88.33331232007134,88.33331232007134,88.33331232007134,10.59480024701952,0.0,0.0
2.8139999999999117,88.33331232057574,88.33331232057574,88.33331232057574,10.594800243770464,0.0,0.0
2.8159999999999115,88.3333123210735,88.3333123210735,88.3333123210735,10.594800240564041,0.0,0.0
2.8179999999999112,88.33331232156473,88.33331232156473,88.33331232156473,10.594800237399795,0.0,0.0
2.819999999999911,88.33331232204948,88.33331232204948,88.33331232204948,10.594800234277272,0.0,0.0
2.821999999999911,88.33331232252786,88.33331232252786,88.33331232252786,10.59480023119579,0.0,0.0
2.8239999999999106,88.33331232299994,88.33331232299994,88.33331232299994,10.594800228154782,0.0,0.0
2.8259999999999104,88.33331232346582,88.33331232346582,88.33331232346582,10.594800225153904,0.0,0.0
2.82799999999991,88.33331232392557,88.33331232392557,88.33331232392557,10.594800222192475,0.0,0.0
2.82999999999991,88.33331232437926,88.33331232437926,88.33331232437926,10.594800219269928,0.0,0.0
2.8319999999999097,88.333312324827,88.333312324827,88.333312324827,10.594800216385806,0.0,0.0
2.8339999999999095,88.33331232526885,88.33331232526885,88.33331232526885,10.594800213539656,0.0,0.0
2.8359999999999093,88.3333123257049,88.3333123257049,88.3333123257049,10.59480021073091,0.0,0.0
2.837999999999909,88.33331232613519,88.33331232613519,88.33331232613519,10.59480020795911,0.0,0.0
2.839999999999909,88.33331232655982,88.33331232655982,88.33331232655982,10.594800205223805,0.0,0.0
2.8419999999999086,88.33331232697887,88.33331232697887,88.33331232697887,10.594800202524539,0.0,0.0
2.8439999999999084,88.33331232739242,88.33331232739242,88.33331232739242,10.594800199860629,0.0,0.0
2.845999999999908,88.33331232780051,88.33331232780051,88.33331232780051,10.594800197231848,0.0,0.0
2.847999999999908,88.33331232820325,88.33331232820325,88.33331232820325,10.594800194637628,0.0,0.0
2.8499999999999077,88.33331232860068,88.33331232860068,88.33331232860068,10.594800192077514,0.0,0.0
2.8519999999999075,88.3333123289929,88.3333123289929,88.3333123289929,10.594800189551165,0.0,0.0
2.8539999999999073,88.33331232937995,88.33331232937995,88.33331232937995,10.5948001870579,0.0,0.0
2.855999999999907,88.33331232976191,88.33331232976191,88.33331232976191,10.594800184597489,0.0,0.0
2.857999999999907,88.33331233013884,88.33331233013884,88.33331233013884,10.594800182169479,0.0,0.0
2.8599999999999066,88.33331233051082,88.33331233051082,88.33331233051082,10.594800179773301,0.0,0.0
2.8619999999999064,88.3333123308779,88.3333123308779,88.3333123308779,10.594800177408729,0.0,0.0
2.863999999999906,88.33331233124015,88.33331233124015,88.33331233124015,10.594800175075306,0.0,0.0
2.865999999999906,88.33331233159765,88.33331233159765,88.33331233159765,10.594800172772466,0.0,0.0
2.8679999999999057,88.33331233195044,88.33331233195044,88.33331233195044,10.59480017049998,0.0,0.0
2.8699999999999055,88.33331233229859,88.33331233229859,88.33331233229859,10.594800168257393,0.0,0.0
2.8719999999999053,88.33331233264217,88.33331233264217,88.33331233264217,10.594800166044251,0.0,0.0
2.873999999999905,88.33331233298121,88.33331233298121,88.33331233298121,10.594800163860214,0.0,0.0
2.875999999999905,88.3333123333158,88.3333123333158,88.3333123333158,10.594800161705052,0.0,0.0
2.8779999999999046,88.33331233364599,88.33331233364599,88.33331233364599,10.594800159578085,0.0,0.0
2.8799999999999044,88.33331233397185,88.33331233397185,88.33331233397185,10.594800157479085,0.0,0.0
2.881999999999904,88.33331233429341,88.33331233429341,88.33331233429341,10.594800155407711,0.0,0.0
2.883999999999904,88.33331233461074,88.33331233461074,88.33331233461074,10.594800153363622,0.0,0.0
2.8859999999999038,88.33331233492389,88.33331233492389,88.33331233492389,10.594800151346362,0.0,0.0
2.8879999999999035,88.33331233523293,88.33331233523293,88.33331233523293,10.594800149355706,0.0,0.0
2.8899999999999033,88.33331233553791,88.33331233553791,88.33331233553791,10.594800147391197,0.0,0.0
2.891999999999903,88.33331233583888,88.33331233583888,88.33331233583888,10.594800145452496,0.0,0.0
2.893999999999903,88.33331233613588,88.33331233613588,88.33331233613588,10.594800143539373,0.0,0.0
2.8959999999999027,88.33331233642897,88.33331233642897,88.33331233642897,10.594800141651376,0.0,0.0
2.8979999999999024,88.33331233671822,88.33331233671822,88.33331233671822,10.594800139788163,0.0,0.0
2.899999999999902,88.33331233700366,88.33331233700366,88.33331233700366,10.594800137949619,0.0,0.0
2.901999999999902,88.33331233728534,88.33331233728534,88.33331233728534,10.594800136135063,0.0,0.0
2.9039999999999018,88.33331233756331,88.33331233756331,88.33331233756331,10.594800134344496,0.0,0.0
2.9059999999999016,88.33331233783763,88.33331233783763,88.33331233783763,10.594800132577461,0.0,0.0
2.9079999999999013,88.33331233810834,88.33331233810834,88.33331233810834,10.594800130833733,0.0,0.0
2.909999999999901,88.33331233837549,88.33331233837549,88.33331233837549,10.594800129112855,0.0,0.0
2.911999999999901,88.33331233863913,88.33331233863913,88.33331233863913,10.5948001274146,0.0,0.0
2.9139999999999007,88.33331233889929,88.33331233889929,88.33331233889929,10.594800125738743,0.0,0.0
2.9159999999999004,88.33331233915605,88.33331233915605,88.33331233915605,10.59480012408494,0.0,0.0
2.9179999999999002,88.33331233940942,88.33331233940942,88.33331233940942,10.594800122452739,0.0,0.0
2.9199999999999,88.33331233965946,88.33331233965946,88.33331233965946,10.594800120842137,0.0,0.0
2.9219999999999,88.3333123399062,88.3333123399062,88.3333123399062,10.594800119252795,0.0,0.0
2.9239999999998996,88.3333123401497,88.3333123401497,88.3333123401497,10.594800117684258,0.0,0.0
2.9259999999998993,88.33331234039001,88.33331234039001,88.33331234039001,10.594800116136298,0.0,0.0
2.927999999999899,88.33331234062715,88.33331234062715,88.33331234062715,10.594800114608802,0.0,0.0
2.929999999999899,88.33331234086117,88.33331234086117,88.33331234086117,10.594800113101314,0.0,0.0
2.9319999999998987,88.33331234109211,88.33331234109211,88.33331234109211,10.594800111613722,0.0,0.0
2.9339999999998985,88.33331234132001,88.33331234132001,88.33331234132001,10.59480011014557,0.0,0.0
2.9359999999998982,88.33331234154491,88.33331234154491,88.33331234154491,10.594800108696859,0.0,0.0
2.937999999999898,88.33331234176686,88.33331234176686,88.33331234176686,10.594800107267247,0.0,0.0
2.939999999999898,88.3333123419859,88.3333123419859,88.3333123419859,10.594800105856393,0.0,0.0
2.9419999999998976,88.33331234220203,88.33331234220203,88.33331234220203,10.594800104463957,0.0,0.0
2.9439999999998974,88.33331234241534,88.33331234241534,88.33331234241534,10.594800103090051,0.0,0.0
2.945999999999897,88.33331234262585,88.33331234262585,88.33331234262585,10.594800101734108,0.0,0.0
2.947999999999897,88.33331234283358,88.33331234283358,88.33331234283358,10.594800100396014,0.0,0.0
2.9499999999998967,88.33331234303859,88.33331234303859,88.33331234303859,10.594800099075428,0.0,0.0
2.9519999999998965,88.33331234324089,88.33331234324089,88.33331234324089,10.59480009777235,0.0,0.0
2.9539999999998963,88.33331234344054,88.33331234344054,88.33331234344054,10.59480009648621,0.0,0.0
2.955999999999896,88.33331234363756,88.33331234363756,88.33331234363756,10.594800095217124,0.0,0.0
2.957999999999896,88.33331234383199,88.33331234383199,88.33331234383199,10.59480009396475,0.0,0.0
2.9599999999998956,88.33331234402387,88.33331234402387,88.33331234402387,10.594800092728747,0.0,0.0
2.9619999999998954,88.33331234421321,88.33331234421321,88.33331234421321,10.594800091509114,0.0,0.0
2.963999999999895,88.33331234440006,88.33331234440006,88.33331234440006,10.594800090305398,0.0,0.0
2.965999999999895,88.33331234458446,88.33331234458446,88.33331234458446,10.594800089117598,0.0,0.0
2.9679999999998947,88.33331234476643,88.33331234476643,88.33331234476643,10.594800087945487,0.0,0.0
2.9699999999998945,88.333312344946,88.333312344946,88.333312344946,10.594800086788723,0.0,0.0
2.9719999999998943,88.33331234512322,88.33331234512322,88.33331234512322,10.594800085647194,0.0,0.0
2.973999999999894,88.33331234529811,88.33331234529811,88.33331234529811,10.59480008452067,0.0,0.0
2.975999999999894,88.33331234547069,88.33331234547069,88.33331234547069,10.594800083408927,0.0,0.0
2.9779999999998936,88.33331234564102,88.33331234564102,88.33331234564102,10.594800082311849,0.0,0.0
2.9799999999998934,88.33331234580909,88.33331234580909,88.33331234580909,10.59480008122921,0.0,0.0
2.981999999999893,88.33331234597496,88.33331234597496,88.33331234597496,10.59480008016078,0.0,0.0
2.983999999999893,88.33331234613864,88.33331234613864,88.33331234613864,10.594800079106335,0.0,0.0
2.9859999999998927,88.33331234630016,88.33331234630016,88.33331234630016,10.594800078065873,0.0,0.0
2.9879999999998925,88.33331234645956,88.33331234645956,88.33331234645956,10.594800077039054,0.0,0.0
2.9899999999998923,88.33331234661686,88.33331234661686,88.33331234661686,10.594800076025763,0.0,0.0
2.991999999999892,88.3333123467721,88.3333123467721,88.3333123467721,10.594800075025773,0.0,0.0
2.993999999999892,88.33331234692531,88.33331234692531,88.33331234692531,10.594800074038972,0.0,0.0
2.9959999999998916,88.33331234707649,88.33331234707649,88.33331234707649,10.59480007306513,0.0,0.0
2.9979999999998914,88.33331234722569,88.33331234722569,88.33331234722569,10.594800072104135,0.0,0.0
2.999999999999891,88.33331234737292,88.33331234737292,88.33331234737292,10.594800071155646,0.0,0.0
3.001999999999891,88.33331234751822,88.33331234751822,88.33331234751822,10.594800070219776,0.0,0.0
3.0039999999998908,88.3333123476616,88.3333123476616,88.3333123476616,10.594800069296184,0.0,0.0
3.0059999999998905,88.3333123478031,88.3333123478031,88.3333123478031,10.594800068384643,0.0,0.0
3.0079999999998903,88.33331234794274,88.33331234794274,88.33331234794274,10.594800067485153,0.0,0.0
3.00999999999989,88.33331234808055,88.33331234808055,88.33331234808055,10.594800066597486,0.0,0.0
3.01199999999989,88.33331234821654,88.33331234821654,88.33331234821654,10.594800065721529,0.0,0.0
3.0139999999998897,88.33331234835073,88.33331234835073,88.33331234835073,10.594800064857054,0.0,0.0
3.0159999999998894,88.33331234848318,88.33331234848318,88.33331234848318,10.594800064003948,0.0,0.0
3.017999999999889,88.33331234861386,88.33331234861386,88.33331234861386,10.594800063162097,0.0,0.0
3.019999999999889,88.33331234874282,88.33331234874282,88.33331234874282,10.594800062331387,0.0,0.0
3.0219999999998888,88.3333123488701,88.3333123488701,88.3333123488701,10.594800061511592,0.0,0.0
3.0239999999998886,88.3333123489957,88.3333123489957,88.3333123489957,10.594800060702482,0.0,0.0
3.0259999999998883,88.33331234911967,88.33331234911967,88.33331234911967,10.59480005990406,0.0,0.0
3.027999999999888,88.33331234924198,88.33331234924198,88.33331234924198,10.594800059116096,0.0,0.0
3.029999999999888,88.33331234936269,88.33331234936269,88.33331234936269,10.594800058338478,0.0,0.0
3.0319999999998877,88.33331234948182,88.33331234948182,88.33331234948182,10.594800057571206,0.0,0.0
3.0339999999998875,88.33331234959937,88.33331234959937,88.33331234959937,10.594800056813938,0.0,0.0
3.0359999999998872,88.33331234971538,88.33331234971538,88.33331234971538,10.594800056066674,0.0,0.0
3.037999999999887,88.33331234982985,88.33331234982985,88.33331234982985,10.594800055329188,0.0,0.0
3.039999999999887,88.33331234994283,88.33331234994283,88.33331234994283,10.594800054601478,0.0,0.0
3.0419999999998866,88.33331235005433,88.33331235005433,88.33331235005433,10.594800053883318,0.0,0.0
3.0439999999998864,88.33331235016435,88.33331235016435,88.33331235016435,10.594800053174595,0.0,0.0
3.045999999999886,88.33331235027293,88.33331235027293,88.33331235027293,10.594800052475193,0.0,0.0
3.047999999999886,88.33331235038008,88.33331235038008,88.33331235038008,10.594800051785,0.0,0.0
3.0499999999998857,88.33331235048581,88.33331235048581,88.33331235048581,10.594800051103789,0.0,0.0
3.0519999999998855,88.33331235059016,88.33331235059016,88.33331235059016,10.594800050431672,0.0,0.0
3.0539999999998853,88.33331235069313,88.33331235069313,88.33331235069313,10.594800049768423,0.0,0.0
3.055999999999885,88.33331235079477,88.33331235079477,88.33331235079477,10.594800049113815,0.0,0.0
3.057999999999885,88.33331235089504,88.33331235089504,88.33331235089504,10.594800048467732,0.0,0.0
3.0599999999998846,88.333312350994,88.333312350994,88.333312350994,10.59480004783029,0.0,0.0
3.0619999999998844,88.33331235109168,88.33331235109168,88.33331235109168,10.594800047201261,0.0,0.0
3.063999999999884,88.33331235118806,88.33331235118806,88.33331235118806,10.594800046580303,0.0,0.0
3.065999999999884,88.33331235128318,88.33331235128318,88.33331235128318,10.594800045967645,0.0,0.0
3.0679999999998837,88.33331235137705,88.33331235137705,88.33331235137705,10.594800045363058,0.0,0.0
3.0699999999998835,88.33331235146969,88.33331235146969,88.33331235146969,10.594800044766316,0.0,0.0
3.0719999999998833,88.33331235156109,88.33331235156109,88.33331235156109,10.594800044177418,0.0,0.0
3.073999999999883,88.3333123516513,88.3333123516513,88.3333123516513,10.594800043596365,0.0,0.0
3.075999999999883,88.33331235174033,88.33331235174033,88.33331235174033,10.594800043022929,0.0,0.0
3.0779999999998826,88.33331235182817,88.33331235182817,88.33331235182817,10.594800042456995,0.0,0.0
3.0799999999998824,88.33331235191487,88.33331235191487,88.33331235191487,10.594800041898566,0.0,0.0
3.081999999999882,88.33331235200042,88.33331235200042,88.33331235200042,10.594800041347526,0.0,0.0
3.083999999999882,88.33331235208486,88.33331235208486,88.33331235208486,10.594800040803648,0.0,0.0
3.0859999999998817,88.33331235216818,88.33331235216818,88.33331235216818,10.594800040266932,0.0,0.0
3.0879999999998815,88.3333123522504,88.3333123522504,88.3333123522504,10.594800039737265,0.0,0.0
3.0899999999998813,88.33331235233155,88.33331235233155,88.33331235233155,10.594800039214533,0.0,0.0
3.091999999999881,88.33331235241162,88.33331235241162,88.33331235241162,10.594800038698736,0.0,0.0
3.093999999999881,88.33331235249065,88.33331235249065,88.33331235249065,10.59480003818976,0.0,0.0
3.0959999999998806,88.33331235256863,88.33331235256863,88.33331235256863,10.594800037687378,0.0,0.0
3.0979999999998804,88.33331235264558,88.33331235264558,88.33331235264558,10.594800037191703,0.0,0.0
3.09999999999988,88.33331235272152,88.33331235272152,88.33331235272152,10.594800036702509,0.0,0.0
3.10199999999988,88.33331235279645,88.33331235279645,88.33331235279645,10.594800036219794,0.0,0.0
3.1039999999998797,88.33331235287041,88.33331235287041,88.33331235287041,10.594800035743447,0.0,0.0
3.1059999999998795,88.3333123529434,88.3333123529434,88.3333123529434,10.594800035273352,0.0,0.0
3.1079999999998793,88.33331235301542,88.33331235301542,88.33331235301542,10.594800034809396,0.0,0.0
3.109999999999879,88.3333123530865,88.3333123530865,88.3333123530865,10.594800034351579,0.0,0.0
3.111999999999879,88.33331235315664,88.33331235315664,88.33331235315664,10.594800033899674,0.0,0.0
3.1139999999998786,88.33331235322586,88.33331235322586,88.33331235322586,10.594800033453794,0.0,0.0
3.1159999999998784,88.33331235329418,88.33331235329418,88.33331235329418,10.594800033013826,0.0,0.0
3.117999999999878,88.33331235336159,88.33331235336159,88.33331235336159,10.594800032579542,0.0,0.0
3.119999999999878,88.33331235342811,88.33331235342811,88.33331235342811,10.594800032151056,0.0,0.0
3.1219999999998778,88.33331235349377,88.33331235349377,88.33331235349377,10.594800031728141,0.0,0.0
3.1239999999998775,88.33331235355855,88.33331235355855,88.33331235355855,10.594800031310683,0.0,0.0
3.1259999999998773,88.33331235362249,88.33331235362249,88.33331235362249,10.59480003089891,0.0,0.0
3.127999999999877,88.33331235368559,88.33331235368559,88.33331235368559,10.594800030492479,0.0,0.0
3.129999999999877,88.33331235374784,88.33331235374784,88.33331235374784,10.594800030091506,0.0,0.0
3.1319999999998767,88.3333123538093,88.3333123538093,88.3333123538093,10.594800029695648,0.0,0.0
3.1339999999998764,88.33331235386993,88.33331235386993,88.33331235386993,10.59480002930502,0.0,0.0
3.135999999999876,88.33331235392977,88.33331235392977,88.33331235392977,10.594800028919622,0.0,0.0
3.137999999999876,88.33331235398882,88.33331235398882,88.33331235398882,10.594800028539225,0.0,0.0
3.139999999999876,88.3333123540471,88.3333123540471,88.3333123540471,10.594800028163831,0.0,0.0
3.1419999999998756,88.3333123541046,88.3333123541046,88.3333123541046,10.594800027793326,0.0,0.0
3.1439999999998753,88.33331235416135,88.33331235416135,88.33331235416135,10.594800027427823,0.0,0.0
3.145999999999875,88.33331235421736,88.33331235421736,88.33331235421736,10.594800027067095,0.0,0.0
3.147999999999875,88.33331235427264,88.33331235427264,88.33331235427264,10.594800026711027,0.0,0.0
3.1499999999998747,88.33331235432718,88.33331235432718,88.33331235432718,10.594800026359621,0.0,0.0
3.1519999999998745,88.333312354381,88.333312354381,88.333312354381,10.59480002601299,0.0,0.0
3.1539999999998742,88.3333123544341,88.3333123544341,88.3333123544341,10.594800025670793,0.0,0.0
3.155999999999874,88.33331235448652,88.33331235448652,88.33331235448652,10.594800025333257,0.0,0.0
3.157999999999874,88.33331235453824,88.33331235453824,88.33331235453824,10.59480002500004,0.0,0.0
3.1599999999998736,88.33331235458928,88.33331235458928,88.33331235458928,10.594800024671258,0.0,0.0
3.1619999999998734,88.33331235463966,88.33331235463966,88.33331235463966,10.594800024346796,0.0,0.0
3.163999999999873,88.33331235468937,88.33331235468937,88.33331235468937,10.59480002402654,0.0,0.0
3.165999999999873,88.33331235473842,88.33331235473842,88.33331235473842,10.594800023710604,0.0,0.0
3.1679999999998727,88.33331235478686,88.33331235478686,88.33331235478686,10.594800023398648,0.0,0.0
3.1699999999998725,88.33331235483463,88.33331235483463,88.33331235483463,10.594800023090897,0.0,0.0
3.1719999999998723,88.33331235488178,88.33331235488178,88.33331235488178,10.594800022787126,0.0,0.0
3.173999999999872,88.33331235492832,88.33331235492832,88.33331235492832,10.594800022487448,0.0,0.0
3.175999999999872,88.33331235497424,88.33331235497424,88.33331235497424,10.594800022191635,0.0,0.0
3.1779999999998716,88.33331235501956,88.33331235501956,88.33331235501956,10.594800021899687,0.0,0.0
3.1799999999998714,88.33331235506427,88.33331235506427,88.33331235506427,10.594800021611604,0.0,0.0
3.181999999999871,88.3333123551084,88.3333123551084,88.3333123551084,10.594800021327387,0.0,0.0
3.183999999999871,88.33331235515195,88.33331235515195,88.33331235515195,10.594800021046922,0.0,0.0
3.1859999999998707,88.33331235519492,88.33331235519492,88.33331235519492,10.594800020770094,0.0,0.0
3.1879999999998705,88.33331235523734,88.33331235523734,88.33331235523734,10.594800020496791,0.0,0.0
3.1899999999998703,88.33331235527919,88.33331235527919,88.33331235527919,10.59480002022724,0.0,0.0
3.19199999999987,88.33331235532049,88.33331235532049,88.33331235532049,10.594800019961212,0.0,0.0
3.19399999999987,88.33331235536126,88.33331235536126,88.33331235536126,10.594800019698596,0.0,0.0
3.1959999999998696,88.33331235540147,88.33331235540147,88.33331235540147,10.594800019439504,0.0,0.0
3.1979999999998694,88.33331235544117,88.33331235544117,88.33331235544117,10.594800019183936,0.0,0.0
3.199999999999869,88.33331235548033,88.33331235548033,88.33331235548033,10.59480001893155,0.0,0.0
3.201999999999869,88.333312355519,88.333312355519,88.333312355519,10.594800018682577,0.0,0.0
3.2039999999998687,88.33331235555715,88.33331235555715,88.33331235555715,10.594800018436786,0.0,0.0
3.2059999999998685,88.3333123555948,88.3333123555948,88.3333123555948,10.594800018194292,0.0,0.0
3.2079999999998683,88.33331235563195,88.33331235563195,88.33331235563195,10.594800017954867,0.0,0.0
3.209999999999868,88.33331235566861,88.33331235566861,88.33331235566861,10.59480001771874,0.0,0.0
3.211999999999868,88.33331235570479,88.33331235570479,88.33331235570479,10.594800017485682,0.0,0.0
3.2139999999998676,88.3333123557405,88.3333123557405,88.3333123557405,10.594800017255693,0.0,0.0
3.2159999999998674,88.33331235577575,88.33331235577575,88.33331235577575,10.59480001702866,0.0,0.0
3.217999999999867,88.33331235581052,88.33331235581052,88.33331235581052,10.594800016804697,0.0,0.0
3.219999999999867,88.33331235584484,88.33331235584484,88.33331235584484,10.59480001658369,0.0,0.0
3.2219999999998667,88.3333123558787,88.3333123558787,88.3333123558787,10.594800016365525,0.0,0.0
3.2239999999998665,88.33331235591211,88.33331235591211,88.33331235591211,10.594800016150202,0.0,0.0
3.2259999999998663,88.3333123559451,88.3333123559451,88.3333123559451,10.594800015937835,0.0,0.0
3.227999999999866,88.33331235597764,88.33331235597764,88.33331235597764,10.594800015728197,0.0,0.0
3.229999999999866,88.33331235600974,88.33331235600974,88.33331235600974,10.594800015521287,0.0,0.0
3.2319999999998656,88.33331235604145,88.33331235604145,88.33331235604145,10.594800015317219,0.0,0.0
3.2339999999998654,88.33331235607272,88.33331235607272,88.33331235607272,10.594800015115652,0.0,0.0
3.235999999999865,88.33331235610359,88.33331235610359,88.33331235610359,10.594800014916814,0.0,0.0
3.237999999999865,88.33331235613404,88.33331235613404,88.33331235613404,10.594800014720704,0.0,0.0
3.2399999999998648,88.33331235616411,88.33331235616411,88.33331235616411,10.594800014526982,0.0,0.0
3.2419999999998645,88.33331235619377,88.33331235619377,88.33331235619377,10.594800014335988,0.0,0.0
3.2439999999998643,88.33331235622303,88.33331235622303,88.33331235622303,10.594800014147381,0.0,0.0
3.245999999999864,88.33331235625192,88.33331235625192,88.33331235625192,10.59480001396139,0.0,0.0
3.247999999999864,88.33331235628043,88.33331235628043,88.33331235628043,10.594800013777672,0.0,0.0
3.2499999999998637,88.33331235630857,88.33331235630857,88.33331235630857,10.594800013596455,0.0,0.0
3.2519999999998634,88.33331235633634,88.33331235633634,88.33331235633634,10.594800013417625,0.0,0.0
3.2539999999998632,88.33331235636373,88.33331235636373,88.33331235636373,10.594800013241183,0.0,0.0
3.255999999999863,88.33331235639076,88.33331235639076,88.33331235639076,10.594800013067015,0.0,0.0
3.257999999999863,88.33331235641745,88.33331235641745,88.33331235641745,10.59480001289512,0.0,0.0
3.2599999999998626,88.33331235644377,88.33331235644377,88.33331235644377,10.5948000127255,0.0,0.0
3.2619999999998623,88.33331235646975,88.33331235646975,88.33331235646975,10.594800012558153,0.0,0.0
3.263999999999862,88.3333123564954,88.3333123564954,88.3333123564954,10.594800012392966,0.0,0.0
3.265999999999862,88.3333123565207,88.3333123565207,88.3333123565207,10.594800012229939,0.0,0.0
3.2679999999998617,88.33331235654566,88.33331235654566,88.33331235654566,10.594800012069186,0.0,0.0
3.2699999999998615,88.33331235657032,88.33331235657032,88.33331235657032,10.594800011910479,0.0,0.0
3.2719999999998612,88.33331235659463,88.33331235659463,88.33331235659463,10.594800011753819,0.0,0.0
3.273999999999861,88.33331235661862,88.33331235661862,88.33331235661862,10.594800011599204,0.0,0.0
3.275999999999861,88.33331235664231,88.33331235664231,88.33331235664231,10.59480001144675,0.0,0.0
3.2779999999998606,88.33331235666569,88.33331235666569,88.33331235666569,10.594800011296115,0.0,0.0
3.2799999999998604,88.33331235668875,88.33331235668875,88.33331235668875,10.594800011147527,0.0,0.0
3.28199999999986,88.3333123567115,88.3333123567115,88.3333123567115,10.594800011000984,0.0,0.0
3.28399999999986,88.33331235673397,88.33331235673397,88.33331235673397,10.594800010856261,0.0,0.0
3.2859999999998597,88.33331235675614,88.33331235675614,88.33331235675614,10.59480001071347,0.0,0.0
3.2879999999998595,88.33331235677801,88.33331235677801,88.33331235677801,10.594800010572499,0.0,0.0
3.2899999999998593,88.3333123567996,88.3333123567996,88.3333123567996,10.59480001043346,0.0,0.0
3.291999999999859,88.3333123568209,88.3333123568209,88.3333123568209,10.59480001029624,0.0,0.0
3.293999999999859,88.33331235684193,88.33331235684193,88.33331235684193,10.594800010160839,0.0,0.0
3.2959999999998586,88.33331235686268,88.33331235686268,88.33331235686268,10.594800010027143,0.0,0.0
3.2979999999998584,88.33331235688314,88.33331235688314,88.33331235688314,10.594800009895266,0.0,0.0
3.299999999999858,88.33331235690335,88.33331235690335,88.33331235690335,10.594800009765208,0.0,0.0
3.301999999999858,88.33331235692329,88.33331235692329,88.33331235692329,10.594800009636742,0.0,0.0
3.3039999999998577,88.33331235694297,88.33331235694297,88.33331235694297,10.594800009509981,0.0,0.0
3.3059999999998575,88.33331235696238,88.33331235696238,88.33331235696238,10.594800009384812,0.0,0.0
3.3079999999998573,88.33331235698155,88.33331235698155,88.33331235698155,10.594800009261462,0.0,0.0
3.309999999999857,88.33331235700047,88.33331235700047,88.33331235700047,10.59480000913959,0.0,0.0
3.311999999999857,88.33331235701914,88.33331235701914,88.33331235701914,10.594800009019423,0.0,0.0
3.3139999999998566,88.33331235703756,88.33331235703756,88.33331235703756,10.594800008900734,0.0,0.0
3.3159999999998564,88.33331235705573,88.33331235705573,88.33331235705573,10.594800008783636,0.0,0.0
3.317999999999856,88.33331235707367,88.33331235707367,88.33331235707367,10.59480000866813,0.0,0.0
3.319999999999856,88.33331235709136,88.33331235709136,88.33331235709136,10.594800008554103,0.0,0.0
3.3219999999998557,88.33331235710882,88.33331235710882,88.33331235710882,10.594800008441666,0.0,0.0
3.3239999999998555,88.33331235712606,88.33331235712606,88.33331235712606,10.594800008330594,0.0,0.0
3.3259999999998553,88.33331235714307,88.33331235714307,88.33331235714307,10.594800008221,0.0,0.0
3.327999999999855,88.33331235715987,88.33331235715987,88.33331235715987,10.594800008112884,0.0,0.0
3.329999999999855,88.33331235717644,88.33331235717644,88.33331235717644,10.594800008006132,0.0,0.0
3.3319999999998546,88.33331235719278,88.33331235719278,88.33331235719278,10.594800007900744,0.0,0.0
3.3339999999998544,88.33331235720892,88.33331235720892,88.33331235720892,10.594800007796835,0.0,0.0
3.335999999999854,88.33331235722484,88.33331235722484,88.33331235722484,10.594800007694289,0.0,0.0
3.337999999999854,88.33331235724056,88.33331235724056,88.33331235724056,10.594800007593108,0.0,0.0
3.3399999999998538,88.33331235725606,88.33331235725606,88.33331235725606,10.594800007493177,0.0,0.0
3.3419999999998535,88.33331235727137,88.33331235727137,88.33331235727137,10.59480000739461,0.0,0.0
3.3439999999998533,88.33331235728646,88.33331235728646,88.33331235728646,10.594800007297408,0.0,0.0
3.345999999999853,88.33331235730137,88.33331235730137,88.33331235730137,10.594800007201343,0.0,0.0
3.347999999999853,88.33331235731607,88.33331235731607,88.33331235731607,10.594800007106642,0.0,0.0
3.3499999999998527,88.3333123573306,88.3333123573306,88.3333123573306,10.594800007013077,0.0,0.0
3.3519999999998524,88.33331235734491,88.33331235734491,88.33331235734491,10.594800006920877,0.0,0.0
3.353999999999852,88.33331235735905,88.33331235735905,88.33331235735905,10.594800006829814,0.0,0.0
3.355999999999852,88.33331235737299,88.33331235737299,88.33331235737299,10.594800006740002,0.0,0.0
3.3579999999998518,88.33331235738676,88.33331235738676,88.33331235738676,10.594800006651326,0.0,0.0
3.3599999999998515,88.33331235740035,88.33331235740035,88.33331235740035,10.594800006563787,0.0,0.0
3.3619999999998513,88.33331235741375,88.33331235741375,88.33331235741375,10.594800006477499,0.0,0.0
3.363999999999851,88.33331235742698,88.33331235742698,88.33331235742698,10.594800006392234,0.0,0.0
3.365999999999851,88.33331235744004,88.33331235744004,88.33331235744004,10.594800006308105,0.0,0.0
3.3679999999998507,88.33331235745291,88.33331235745291,88.33331235745291,10.594800006225114,0.0,0.0
3.3699999999998504,88.33331235746563,88.33331235746563,88.33331235746563,10.59480000614326,0.0,0.0
3.3719999999998502,88.33331235747816,88.33331235747816,88.33331235747816,10.594800006062428,0.0,0.0
3.37399999999985,88.33331235749054,88.33331235749054,88.33331235749054,10.594800005982734,0.0,0.0
3.37599999999985,88.33331235750276,88.33331235750276,88.33331235750276,10.594800005904062,0.0,0.0
3.3779999999998496,88.33331235751481,88.33331235751481,88.33331235751481,10.594800005826414,0.0,0.0
3.3799999999998493,88.33331235752671,88.33331235752671,88.33331235752671,10.59480000574979,0.0,0.0
3.381999999999849,88.33331235753846,88.33331235753846,88.33331235753846,10.594800005674188,0.0,0.0
3.383999999999849,88.33331235755004,88.33331235755004,88.33331235755004,10.594800005599495,0.0,0.0
3.3859999999998487,88.33331235756148,88.33331235756148,88.33331235756148,10.594800005525826,0.0,0.0
3.3879999999998485,88.33331235757277,88.33331235757277,88.33331235757277,10.59480000545318,0.0,0.0
3.3899999999998482,88.33331235758389,88.33331235758389,88.33331235758389,10.594800005381444,0.0,0.0
3.391999999999848,88.33331235759488,88.33331235759488,88.33331235759488,10.59480000531073,0.0,0.0
3.393999999999848,88.33331235760572,88.33331235760572,88.33331235760572,10.594800005240813,0.0,0.0
3.3959999999998476,88.33331235761642,88.33331235761642,88.33331235761642,10.594800005171919,0.0,0.0
3.3979999999998474,88.33331235762698,88.33331235762698,88.33331235762698,10.594800005103934,0.0,0.0
3.399999999999847,88.3333123576374,88.3333123576374,88.3333123576374,10.594800005036745,0.0,0.0
3.401999999999847,88.33331235764769,88.33331235764769,88.33331235764769,10.594800004970466,0.0,0.0
3.4039999999998467,88.33331235765783,88.33331235765783,88.33331235765783,10.594800004905096,0.0,0.0
3.4059999999998465,88.33331235766785,88.33331235766785,88.33331235766785,10.594800004840636,0.0,0.0
3.4079999999998463,88.33331235767773,88.33331235767773,88.33331235767773,10.594800004776971,0.0,0.0
3.409999999999846,88.33331235768749,88.33331235768749,88.33331235768749,10.594800004714102,0.0,0.0
3.411999999999846,88.33331235769712,88.33331235769712,88.33331235769712,10.594800004652143,0.0,0.0
3.4139999999998456,88.33331235770662,88.33331235770662,88.33331235770662,10.594800004590866,0.0,0.0
3.4159999999998454,88.33331235771598,88.33331235771598,88.33331235771598,10.594800004530612,0.0,0.0
3.417999999999845,88.33331235772523,88.33331235772523,88.33331235772523,10.59480000447104,0.0,0.0
3.419999999999845,88.33331235773437,88.33331235773437,88.33331235773437,10.59480000441215,0.0,0.0
3.4219999999998447,88.33331235774337,88.33331235774337,88.33331235774337,10.59480000435417,0.0,0.0
3.4239999999998445,88.33331235775226,88.33331235775226,88.33331235775226,10.594800004296872,0.0,0.0
3.4259999999998443,88.33331235776105,88.33331235776105,88.33331235776105,10.59480000424037,0.0,0.0
3.427999999999844,88.3333123577697,88.3333123577697,88.3333123577697,10.594800004184549,0.0,0.0
3.429999999999844,88.33331235777825,88.33331235777825,88.33331235777825,10.594800004129524,0.0,0.0
3.4319999999998436,88.33331235778668,88.33331235778668,88.33331235778668,10.594800004075182,0.0,0.0
3.4339999999998434,88.33331235779501,88.33331235779501,88.33331235779501,10.594800004021522,0.0,0.0
3.435999999999843,88.33331235780322,88.33331235780322,88.33331235780322,10.594800003968658,0.0,0.0
3.437999999999843,88.33331235781134,88.33331235781134,88.33331235781134,10.594800003916362,0.0,0.0
3.4399999999998427,88.33331235781932,88.33331235781932,88.33331235781932,10.594800003864862,0.0,0.0
3.4419999999998425,88.33331235782723,88.33331235782723,88.33331235782723,10.594800003814044,0.0,0.0
3.4439999999998423,88.33331235783501,88.33331235783501,88.33331235783501,10.594800003763908,0.0,0.0
3.445999999999842,88.3333123578427,88.3333123578427,88.3333123578427,10.59480000371434,0.0,0.0
3.447999999999842,88.33331235785029,88.33331235785029,88.33331235785029,10.594800003665455,0.0,0.0
3.4499999999998416,88.33331235785776,88.33331235785776,88.33331235785776,10.594800003617252,0.0,0.0
3.4519999999998414,88.33331235786515,88.33331235786515,88.33331235786515,10.59480000356973,0.0,0.0
3.453999999999841,88.33331235787244,88.33331235787244,88.33331235787244,10.594800003522778,0.0,0.0
3.455999999999841,88.33331235787962,88.33331235787962,88.33331235787962,10.594800003476394,0.0,0.0
3.4579999999998408,88.33331235788673,88.33331235788673,88.33331235788673,10.594800003430692,0.0,0.0
3.4599999999998405,88.33331235789375,88.33331235789375,88.33331235789375,10.594800003385558,0.0,0.0
3.4619999999998403,88.33331235790065,88.33331235790065,88.33331235790065,10.594800003340993,0.0,0.0
3.46399999999984,88.33331235790747,88.33331235790747,88.33331235790747,10.59480000329711,0.0,0.0
3.46599999999984,88.33331235791421,88.33331235791421,88.33331235791421,10.594800003253681,0.0,0.0
3.4679999999998397,88.33331235792086,88.33331235792086,88.33331235792086,10.594800003210935,0.0,0.0
3.4699999999998394,88.33331235792741,88.33331235792741,88.33331235792741,10.594800003168643,0.0,0.0
3.471999999999839,88.33331235793388,88.33331235793388,88.33331235793388,10.594800003127034,0.0,0.0
3.473999999999839,88.33331235794026,88.33331235794026,88.33331235794026,10.59480000308588,0.0,0.0
3.4759999999998388,88.33331235794655,88.33331235794655,88.33331235794655,10.594800003045293,0.0,0.0
3.4779999999998386,88.33331235795278,88.33331235795278,88.33331235795278,10.594800003005275,0.0,0.0
3.4799999999998383,88.3333123579589,88.3333123579589,88.3333123579589,10.594800002965712,0.0,0.0
3.481999999999838,88.33331235796496,88.33331235796496,88.33331235796496,10.594800002926718,0.0,0.0
3.483999999999838,88.33331235797094,88.33331235797094,88.33331235797094,10.594800002888292,0.0,0.0
3.4859999999998377,88.33331235797684,88.33331235797684,88.33331235797684,10.59480000285032,0.0,0.0
3.4879999999998375,88.33331235798265,88.33331235798265,88.33331235798265,10.594800002812804,0.0,0.0
3.4899999999998372,88.3333123579884,88.3333123579884,88.3333123579884,10.594800002775855,0.0,0.0
3.491999999999837,88.33331235799406,88.33331235799406,88.33331235799406,10.594800002739248,0.0,0.0
3.493999999999837,88.33331235799966,88.33331235799966,88.33331235799966,10.594800002703323,0.0,0.0
3.4959999999998366,88.33331235800517,88.33331235800517,88.33331235800517,10.59480000266774,0.0,0.0
3.4979999999998364,88.33331235801063,88.33331235801063,88.33331235801063,10.59480000263261,0.0,0.0
3.499999999999836,88.333312358016,88.333312358016,88.333312358016,10.594800002597935,0.0,0.0
3.501999999999836,88.3333123580213,88.3333123580213,88.3333123580213,10.59480000256383,0.0,0.0
3.5039999999998357,88.33331235802653,88.33331235802653,88.33331235802653,10.594800002530178,0.0,0.0
3.5059999999998355,88.3333123580317,88.3333123580317,88.3333123580317,10.594800002496868,0.0,0.0
3.5079999999998353,88.33331235803679,88.33331235803679,88.33331235803679,10.594800002464012,0.0,0.0
3.509999999999835,88.33331235804182,88.33331235804182,88.33331235804182,10.594800002431725,0.0,0.0
3.511999999999835,88.3333123580468,88.3333123580468,88.3333123580468,10.594800002399666,0.0,0.0
3.5139999999998346,88.3333123580517,88.3333123580517,88.3333123580517,10.59480000236806,0.0,0.0
3.5159999999998344,88.33331235805653,88.33331235805653,88.33331235805653,10.59480000233691,0.0,0.0
3.517999999999834,88.3333123580613,88.3333123580613,88.3333123580613,10.594800002306215,0.0,0.0
3.519999999999834,88.33331235806601,88.33331235806601,88.33331235806601,10.59480000227586,0.0,0.0
3.5219999999998337,88.33331235807066,88.33331235807066,88.33331235807066,10.594800002245961,0.0,0.0
3.5239999999998335,88.33331235807523,88.33331235807523,88.33331235807523,10.594800002216402,0.0,0.0
3.5259999999998333,88.33331235807975,88.33331235807975,88.33331235807975,10.594800002187299,0.0,0.0
3.527999999999833,88.33331235808423,88.33331235808423,88.33331235808423,10.594800002158536,0.0,0.0
3.529999999999833,88.33331235808863,88.33331235808863,88.33331235808863,10.594800002130114,0.0,0.0
3.5319999999998326,88.33331235809298,88.33331235809298,88.33331235809298,10.594800002102033,0.0,0.0
3.5339999999998324,88.33331235809727,88.33331235809727,88.33331235809727,10.594800002074521,0.0,0.0
3.535999999999832,88.33331235810151,88.33331235810151,88.33331235810151,10.594800002047236,0.0,0.0
3.537999999999832,88.33331235810569,88.33331235810569,88.33331235810569,10.594800002020293,0.0,0.0
3.5399999999998317,88.33331235810981,88.33331235810981,88.33331235810981,10.594800001993804,0.0,0.0
3.5419999999998315,88.33331235811387,88.33331235811387,88.33331235811387,10.594800001967542,0.0,0.0
3.5439999999998313,88.33331235811788,88.33331235811788,88.33331235811788,10.594800001941735,0.0,0.0
3.545999999999831,88.33331235812184,88.33331235812184,88.33331235812184,10.59480000191627,0.0,0.0
3.547999999999831,88.33331235812577,88.33331235812577,88.33331235812577,10.59480000189103,0.0,0.0
3.5499999999998306,88.33331235812962,88.33331235812962,88.33331235812962,10.594800001866133,0.0,0.0
3.5519999999998304,88.33331235813344,88.33331235813344,88.33331235813344,10.594800001841577,0.0,0.0
3.55399999999983,88.33331235813719,88.33331235813719,88.33331235813719,10.594800001817362,0.0,0.0
3.55599999999983,88.3333123581409,88.3333123581409,88.3333123581409,10.594800001793374,0.0,0.0
3.5579999999998297,88.33331235814457,88.33331235814457,88.33331235814457,10.59480000176984,0.0,0.0
3.5599999999998295,88.33331235814818,88.33331235814818,88.33331235814818,10.594800001746535,0.0,0.0
3.5619999999998293,88.33331235815174,88.33331235815174,88.33331235815174,10.594800001723684,0.0,0.0
3.563999999999829,88.33331235815527,88.33331235815527,88.33331235815527,10.594800001700946,0.0,0.0
3.565999999999829,88.33331235815874,88.33331235815874,88.33331235815874,10.59480000167855,0.0,0.0
3.5679999999998286,88.33331235816216,88.33331235816216,88.33331235816216,10.594800001656495,0.0,0.0
3.5699999999998284,88.33331235816556,88.33331235816556,88.33331235816556,10.594800001634667,0.0,0.0
3.571999999999828,88.3333123581689,88.3333123581689,88.3333123581689,10.59480000161318,0.0,0.0
3.573999999999828,88.33331235817218,88.33331235817218,88.33331235817218,10.59480000159192,0.0,0.0
3.5759999999998278,88.33331235817543,88.33331235817543,88.33331235817543,10.594800001571002,0.0,0.0
3.5779999999998275,88.33331235817863,88.33331235817863,88.33331235817863,10.594800001550425,0.0,0.0
3.5799999999998273,88.3333123581818,88.3333123581818,88.3333123581818,10.594800001529961,0.0,0.0
3.581999999999827,88.33331235818493,88.33331235818493,88.33331235818493,10.594800001509839,0.0,0.0
3.583999999999827,88.33331235818801,88.33331235818801,88.33331235818801,10.594800001490057,0.0,0.0
3.5859999999998267,88.33331235819104,88.33331235819104,88.33331235819104,10.59480000147039,0.0,0.0
3.5879999999998264,88.33331235819404,88.33331235819404,88.33331235819404,10.594800001451176,0.0,0.0
3.589999999999826,88.333312358197,88.333312358197,88.333312358197,10.594800001432077,0.0,0.0
3.591999999999826,88.33331235819993,88.33331235819993,88.33331235819993,10.594800001413205,0.0,0.0
3.593999999999826,88.33331235820283,88.33331235820283,88.33331235820283,10.59480000139456,0.0,0.0
3.5959999999998256,88.33331235820567,88.33331235820567,88.33331235820567,10.594800001376257,0.0,0.0
3.5979999999998253,88.33331235820847,88.33331235820847,88.33331235820847,10.59480000135818,0.0,0.0
3.599999999999825,88.33331235821124,88.33331235821124,88.33331235821124,10.594800001340332,0.0,0.0
3.601999999999825,88.33331235821399,88.33331235821399,88.33331235821399,10.59480000132271,0.0,0.0
3.6039999999998247,88.33331235821669,88.33331235821669,88.33331235821669,10.594800001305316,0.0,0.0
3.6059999999998245,88.33331235821936,88.33331235821936,88.33331235821936,10.59480000128815,0.0,0.0
3.6079999999998242,88.33331235822199,88.33331235822199,88.33331235822199,10.59480000127121,0.0,0.0
3.609999999999824,88.33331235822459,88.33331235822459,88.33331235822459,10.594800001254384,0.0,0.0
3.611999999999824,88.33331235822715,88.33331235822715,88.33331235822715,10.5948000012379,0.0,0.0
3.6139999999998236,88.33331235822968,88.33331235822968,88.33331235822968,10.594800001221529,0.0,0.0
3.6159999999998234,88.33331235823218,88.33331235823218,88.33331235823218,10.594800001205499,0.0,0.0
3.617999999999823,88.33331235823464,88.33331235823464,88.33331235823464,10.594800001189697,0.0,0.0
3.619999999999823,88.33331235823707,88.33331235823707,88.33331235823707,10.594800001174008,0.0,0.0
3.6219999999998227,88.33331235823947,88.33331235823947,88.33331235823947,10.594800001158546,0.0,0.0
3.6239999999998225,88.33331235824183,88.33331235824183,88.33331235824183,10.594800001143312,0.0,0.0
3.6259999999998223,88.33331235824416,88.33331235824416,88.33331235824416,10.594800001128306,0.0,0.0
3.627999999999822,88.33331235824646,88.33331235824646,88.33331235824646,10.594800001113526,0.0,0.0
3.629999999999822,88.33331235824873,88.33331235824873,88.33331235824873,10.59480000109886,0.0,0.0
3.6319999999998216,88.33331235825098,88.33331235825098,88.33331235825098,10.594800001084423,0.0,0.0
3.6339999999998214,88.3333123582532,88.3333123582532,88.3333123582532,10.594800001070098,0.0,0.0
3.635999999999821,88.33331235825538,88.33331235825538,88.33331235825538,10.594800001056,0.0,0.0
3.637999999999821,88.33331235825753,88.33331235825753,88.33331235825753,10.594800001042131,0.0,0.0
3.6399999999998207,88.33331235825966,88.33331235825966,88.33331235825966,10.594800001028489,0.0,0.0
3.6419999999998205,88.33331235826175,88.33331235826175,88.33331235826175,10.59480000101496,0.0,0.0
3.6439999999998203,88.33331235826383,88.33331235826383,88.33331235826383,10.594800001001659,0.0,0.0
3.64599999999982,88.33331235826586,88.33331235826586,88.33331235826586,10.59480000098847,0.0,0.0
3.64799999999982,88.33331235826788,88.33331235826788,88.33331235826788,10.59480000097551,0.0,0.0
3.6499999999998196,88.33331235826986,88.33331235826986,88.33331235826986,10.594800000962778,0.0,0.0
3.6519999999998194,88.33331235827184,88.33331235827184,88.33331235827184,10.594800000950045,0.0,0.0
3.653999999999819,88.33331235827379,88.33331235827379,88.33331235827379,10.59480000093754,0.0,0.0
3.655999999999819,88.33331235827569,88.33331235827569,88.33331235827569,10.594800000925147,0.0,0.0
3.6579999999998187,88.33331235827758,88.33331235827758,88.33331235827758,10.594800000912983,0.0,0.0
3.6599999999998185,88.33331235827944,88.33331235827944,88.33331235827944,10.594800000901046,0.0,0.0
3.6619999999998183,88.33331235828129,88.33331235828129,88.33331235828129,10.594800000889222,0.0,0.0
3.663999999999818,88.33331235828311,88.33331235828311,88.33331235828311,10.594800000877399,0.0,0.0
3.665999999999818,88.3333123582849,88.3333123582849,88.3333123582849,10.594800000865916,0.0,0.0
3.6679999999998176,88.33331235828666,88.33331235828666,88.33331235828666,10.594800000854548,0.0,0.0
3.6699999999998174,88.33331235828841,88.33331235828841,88.33331235828841,10.594800000843293,0.0,0.0
3.671999999999817,88.33331235829013,88.33331235829013,88.33331235829013,10.594800000832151,0.0,0.0
3.673999999999817,88.33331235829182,88.33331235829182,88.33331235829182,10.594800000821238,0.0,0.0
3.6759999999998167,88.3333123582935,88.3333123582935,88.3333123582935,10.594800000810437,0.0,0.0
3.6779999999998165,88.33331235829516,88.33331235829516,88.33331235829516,10.594800000799864,0.0,0.0
3.6799999999998163,88.3333123582968,88.3333123582968,88.3333123582968,10.594800000789292,0.0,0.0
3.681999999999816,88.3333123582984,88.3333123582984,88.3333123582984,10.594800000778946,0.0,0.0
3.683999999999816,88.33331235829999,88.33331235829999,88.33331235829999,10.594800000768714,0.0,0.0
3.6859999999998156,88.33331235830157,88.33331235830157,88.33331235830157,10.594800000758482,0.0,0.0
3.6879999999998154,88.33331235830312,88.33331235830312,88.33331235830312,10.594800000748592,0.0,0.0
3.689999999999815,88.33331235830465,88.33331235830465,88.33331235830465,10.5948000007387,0.0,0.0
3.691999999999815,88.33331235830616,88.33331235830616,88.33331235830616,10.594800000728924,0.0,0.0
3.6939999999998148,88.33331235830765,88.33331235830765,88.33331235830765,10.594800000719374,0.0,0.0
3.6959999999998145,88.33331235830912,88.33331235830912,88.33331235830912,10.594800000709938,0.0,0.0
3.6979999999998143,88.33331235831056,88.33331235831056,88.33331235831056,10.594800000700616,0.0,0.0
3.699999999999814,88.33331235831199,88.33331235831199,88.33331235831199,10.594800000691407,0.0,0.0
3.701999999999814,88.3333123583134,88.3333123583134,88.3333123583134,10.594800000682312,0.0,0.0
3.7039999999998137,88.33331235831479,88.33331235831479,88.33331235831479,10.594800000673331,0.0,0.0
3.7059999999998134,88.33331235831616,88.33331235831616,88.33331235831616,10.594800000664463,0.0,0.0
3.7079999999998132,88.33331235831753,88.33331235831753,88.33331235831753,10.59480000065571,0.0,0.0
3.709999999999813,88.33331235831886,88.33331235831886,88.33331235831886,10.59480000064707,0.0,0.0
3.711999999999813,88.33331235832017,88.33331235832017,88.33331235832017,10.594800000638656,0.0,0.0
3.7139999999998126,88.33331235832148,88.33331235832148,88.33331235832148,10.594800000630244,0.0,0.0
3.7159999999998123,88.33331235832277,88.33331235832277,88.33331235832277,10.594800000621944,0.0,0.0
3.717999999999812,88.33331235832405,88.33331235832405,88.33331235832405,10.594800000613759,0.0,0.0
3.719999999999812,88.3333123583253,88.3333123583253,88.3333123583253,10.594800000605687,0.0,0.0
3.7219999999998117,88.33331235832654,88.33331235832654,88.33331235832654,10.59480000059773,0.0,0.0
3.7239999999998115,88.33331235832776,88.33331235832776,88.33331235832776,10.594800000589885,0.0,0.0
3.7259999999998112,88.33331235832897,88.33331235832897,88.33331235832897,10.59480000058204,0.0,0.0
3.727999999999811,88.33331235833016,88.33331235833016,88.33331235833016,10.594800000574423,0.0,0.0
3.729999999999811,88.33331235833134,88.33331235833134,88.33331235833134,10.594800000566806,0.0,0.0
3.7319999999998106,88.33331235833249,88.33331235833249,88.33331235833249,10.594800000559303,0.0,0.0
3.7339999999998104,88.33331235833363,88.33331235833363,88.33331235833363,10.594800000552027,0.0,0.0
3.73599999999981,88.33331235833475,88.33331235833475,88.33331235833475,10.594800000544751,0.0,0.0
3.73799999999981,88.33331235833586,88.33331235833586,88.33331235833586,10.594800000537589,0.0,0.0
3.7399999999998097,88.33331235833695,88.33331235833695,88.33331235833695,10.59480000053054,0.0,0.0
3.7419999999998095,88.33331235833803,88.33331235833803,88.33331235833803,10.594800000523605,0.0,0.0
3.7439999999998093,88.3333123583391,88.3333123583391,88.3333123583391,10.59480000051667,0.0,0.0
3.745999999999809,88.33331235834017,88.33331235834017,88.33331235834017,10.594800000509963,0.0,0.0
3.747999999999809,88.3333123583412,88.3333123583412,88.3333123583412,10.594800000503255,0.0,0.0
3.7499999999998086,88.33331235834223,88.33331235834223,88.33331235834223,10.594800000496548,0.0,0.0
3.7519999999998084,88.33331235834324,88.33331235834324,88.33331235834324,10.594800000490068,0.0,0.0
3.753999999999808,88.33331235834424,88.33331235834424,88.33331235834424,10.594800000483588,0.0,0.0
3.755999999999808,88.33331235834522,88.33331235834522,88.33331235834522,10.594800000477335,0.0,0.0
3.7579999999998077,88.33331235834619,88.33331235834619,88.33331235834619,10.594800000470968,0.0,0.0
3.7599999999998075,88.33331235834716,88.33331235834716,88.33331235834716,10.59480000046483,0.0,0.0
3.7619999999998073,88.3333123583481,88.3333123583481,88.3333123583481,10.594800000458804,0.0,0.0
3.763999999999807,88.33331235834903,88.33331235834903,88.33331235834903,10.594800000452778,0.0,0.0
3.765999999999807,88.33331235834996,88.33331235834996,88.33331235834996,10.594800000446867,0.0,0.0
3.7679999999998066,88.33331235835088,88.33331235835088,88.33331235835088,10.594800000440955,0.0,0.0
3.7699999999998064,88.33331235835178,88.33331235835178,88.33331235835178,10.594800000435157,0.0,0.0
3.771999999999806,88.33331235835266,88.33331235835266,88.33331235835266,10.594800000429359,0.0,0.0
3.773999999999806,88.33331235835354,88.33331235835354,88.33331235835354,10.594800000423788,0.0,0.0
3.7759999999998057,88.3333123583544,88.3333123583544,88.3333123583544,10.594800000418218,0.0,0.0
3.7779999999998055,88.33331235835526,88.33331235835526,88.33331235835526,10.59480000041276,0.0,0.0
3.7799999999998053,88.33331235835611,88.33331235835611,88.33331235835611,10.59480000040719,0.0,0.0
3.781999999999805,88.33331235835693,88.33331235835693,88.33331235835693,10.594800000401847,0.0,0.0
3.783999999999805,88.33331235835776,88.33331235835776,88.33331235835776,10.594800000396617,0.0,0.0
3.7859999999998046,88.33331235835857,88.33331235835857,88.33331235835857,10.594800000391388,0.0,0.0
3.7879999999998044,88.33331235835936,88.33331235835936,88.33331235835936,10.594800000386272,0.0,0.0
3.789999999999804,88.33331235836016,88.33331235836016,88.33331235836016,10.594800000381156,0.0,0.0
3.791999999999804,88.33331235836094,88.33331235836094,88.33331235836094,10.594800000376154,0.0,0.0
3.7939999999998038,88.3333123583617,88.3333123583617,88.3333123583617,10.594800000371151,0.0,0.0
3.7959999999998035,88.33331235836246,88.33331235836246,88.33331235836246,10.594800000366263,0.0,0.0
3.7979999999998033,88.33331235836322,88.33331235836322,88.33331235836322,10.594800000361488,0.0,0.0
3.799999999999803,88.33331235836394,88.33331235836394,88.33331235836394,10.594800000356713,0.0,0.0
3.801999999999803,88.33331235836467,88.33331235836467,88.33331235836467,10.594800000352052,0.0,0.0
3.8039999999998027,88.33331235836539,88.33331235836539,88.33331235836539,10.59480000034739,0.0,0.0
3.8059999999998024,88.3333123583661,88.3333123583661,88.3333123583661,10.594800000342843,0.0,0.0
3.807999999999802,88.3333123583668,88.3333123583668,88.3333123583668,10.594800000338296,0.0,0.0
3.809999999999802,88.33331235836748,88.33331235836748,88.33331235836748,10.594800000333976,0.0,0.0
3.8119999999998018,88.33331235836816,88.33331235836816,88.33331235836816,10.594800000329542,0.0,0.0
3.8139999999998015,88.33331235836883,88.33331235836883,88.33331235836883,10.594800000325222,0.0,0.0
3.8159999999998013,88.3333123583695,88.3333123583695,88.3333123583695,10.594800000321015,0.0,0.0
3.817999999999801,88.33331235837015,88.33331235837015,88.33331235837015,10.594800000316695,0.0,0.0
3.819999999999801,88.3333123583708,88.3333123583708,88.3333123583708,10.594800000312603,0.0,0.0
3.8219999999998007,88.33331235837144,88.33331235837144,88.33331235837144,10.594800000308396,0.0,0.0
3.8239999999998004,88.33331235837207,88.33331235837207,88.33331235837207,10.594800000304417,0.0,0.0
3.8259999999998002,88.3333123583727,88.3333123583727,88.3333123583727,10.594800000300438,0.0,0.0
3.8279999999998,88.3333123583733,88.3333123583733,88.3333123583733,10.594800000296459,0.0,0.0
3.8299999999998,88.33331235837392,88.33331235837392,88.33331235837392,10.594800000292594,0.0,0.0
3.8319999999997996,88.33331235837451,88.33331235837451,88.33331235837451,10.594800000288728,0.0,0.0
3.8339999999997993,88.3333123583751,88.3333123583751,88.3333123583751,10.594800000284863,0.0,0.0
3.835999999999799,88.33331235837568,88.33331235837568,88.33331235837568,10.594800000281225,0.0,0.0
3.837999999999799,88.33331235837625,88.33331235837625,88.33331235837625,10.594800000277473,0.0,0.0
3.8399999999997987,88.33331235837682,88.33331235837682,88.33331235837682,10.594800000273835,0.0,0.0
3.8419999999997985,88.33331235837737,88.33331235837737,88.33331235837737,10.594800000270197,0.0,0.0
3.8439999999997982,88.33331235837792,88.33331235837792,88.33331235837792,10.594800000266673,0.0,0.0
3.845999999999798,88.33331235837846,88.33331235837846,88.33331235837846,10.594800000263149,0.0,0.0
3.847999999999798,88.333312358379,88.333312358379,88.333312358379,10.594800000259738,0.0,0.0
3.8499999999997976,88.33331235837953,88.33331235837953,88.33331235837953,10.594800000256328,0.0,0.0
3.8519999999997974,88.33331235838006,88.33331235838006,88.33331235838006,10.594800000252917,0.0,0.0
3.853999999999797,88.33331235838057,88.33331235838057,88.33331235838057,10.59480000024962,0.0,0.0
3.855999999999797,88.33331235838108,88.33331235838108,88.33331235838108,10.594800000246323,0.0,0.0
3.8579999999997967,88.33331235838159,88.33331235838159,88.33331235838159,10.594800000243026,0.0,0.0
3.8599999999997965,88.33331235838209,88.33331235838209,88.33331235838209,10.594800000239843,0.0,0.0
3.8619999999997963,88.33331235838257,88.33331235838257,88.33331235838257,10.59480000023666,0.0,0.0
3.863999999999796,88.33331235838305,88.33331235838305,88.33331235838305,10.59480000023359,0.0,0.0
3.865999999999796,88.33331235838352,88.33331235838352,88.33331235838352,10.59480000023052,0.0,0.0
3.8679999999997956,88.333312358384,88.333312358384,88.333312358384,10.594800000227565,0.0,0.0
3.8699999999997954,88.33331235838446,88.33331235838446,88.33331235838446,10.594800000224495,0.0,0.0
3.871999999999795,88.33331235838492,88.33331235838492,88.33331235838492,10.594800000221653,0.0,0.0
3.873999999999795,88.33331235838537,88.33331235838537,88.33331235838537,10.594800000218697,0.0,0.0
3.8759999999997947,88.33331235838583,88.33331235838583,88.33331235838583,10.594800000215855,0.0,0.0
3.8779999999997945,88.33331235838627,88.33331235838627,88.33331235838627,10.594800000213013,0.0,0.0
3.8799999999997943,88.33331235838669,88.33331235838669,88.33331235838669,10.59480000021017,0.0,0.0
3.881999999999794,88.33331235838712,88.33331235838712,88.33331235838712,10.594800000207442,0.0,0.0
3.883999999999794,88.33331235838756,88.33331235838756,88.33331235838756,10.594800000204714,0.0,0.0
3.8859999999997936,88.33331235838797,88.33331235838797,88.33331235838797,10.594800000201985,0.0,0.0
3.8879999999997934,88.33331235838838,88.33331235838838,88.33331235838838,10.594800000199257,0.0,0.0
3.889999999999793,88.33331235838878,88.33331235838878,88.33331235838878,10.594800000196642,0.0,0.0
3.891999999999793,88.3333123583892,88.3333123583892,88.3333123583892,10.594800000194141,0.0,0.0
3.8939999999997927,88.33331235838959,88.33331235838959,88.33331235838959,10.594800000191526,0.0,0.0
3.8959999999997925,88.33331235838997,88.33331235838997,88.33331235838997,10.594800000189025,0.0,0.0
3.8979999999997923,88.33331235839037,88.33331235839037,88.33331235839037,10.594800000186524,0.0,0.0
3.899999999999792,88.33331235839074,88.33331235839074,88.33331235839074,10.594800000184023,0.0,0.0
3.901999999999792,88.33331235839113,88.33331235839113,88.33331235839113,10.594800000181635,0.0,0.0
3.9039999999997916,88.3333123583915,88.3333123583915,88.3333123583915,10.594800000179248,0.0,0.0
3.9059999999997914,88.33331235839185,88.33331235839185,88.33331235839185,10.59480000017686,0.0,0.0
3.907999999999791,88.33331235839222,88.33331235839222,88.33331235839222,10.594800000174587,0.0,0.0
3.909999999999791,88.33331235839258,88.33331235839258,88.33331235839258,10.594800000172313,0.0,0.0
3.9119999999997908,88.33331235839293,88.33331235839293,88.33331235839293,10.59480000017004,0.0,0.0
3.9139999999997905,88.33331235839327,88.33331235839327,88.33331235839327,10.594800000167766,0.0,0.0
3.9159999999997903,88.33331235839361,88.33331235839361,88.33331235839361,10.594800000165606,0.0,0.0
3.91799999999979,88.33331235839395,88.33331235839395,88.33331235839395,10.594800000163445,0.0,0.0
3.91999999999979,88.33331235839428,88.33331235839428,88.33331235839428,10.594800000161285,0.0,0.0
3.9219999999997897,88.33331235839462,88.33331235839462,88.33331235839462,10.594800000159125,0.0,0.0
3.9239999999997894,88.33331235839493,88.33331235839493,88.33331235839493,10.594800000157079,0.0,0.0
3.925999999999789,88.33331235839526,88.33331235839526,88.33331235839526,10.594800000155033,0.0,0.0
3.927999999999789,88.33331235839557,88.33331235839557,88.33331235839557,10.594800000152986,0.0,0.0
3.9299999999997888,88.33331235839589,88.33331235839589,88.33331235839589,10.59480000015094,0.0,0.0
3.9319999999997886,88.3333123583962,88.3333123583962,88.3333123583962,10.594800000148894,0.0,0.0
3.9339999999997883,88.3333123583965,88.3333123583965,88.3333123583965,10.59480000014696,0.0,0.0
3.935999999999788,88.33331235839681,88.33331235839681,88.33331235839681,10.594800000145028,0.0,0.0
3.937999999999788,88.3333123583971,88.3333123583971,88.3333123583971,10.594800000143096,0.0,0.0
3.9399999999997877,88.3333123583974,88.3333123583974,88.3333123583974,10.594800000141277,0.0,0.0
3.9419999999997875,88.33331235839768,88.33331235839768,88.33331235839768,10.594800000139458,0.0,0.0
3.9439999999997872,88.33331235839798,88.33331235839798,88.33331235839798,10.594800000137525,0.0,0.0
3.945999999999787,88.33331235839825,88.33331235839825,88.33331235839825,10.594800000135706,0.0,0.0
3.947999999999787,88.33331235839853,88.33331235839853,88.33331235839853,10.594800000133887,0.0,0.0
3.9499999999997866,88.33331235839881,88.33331235839881,88.33331235839881,10.594800000132182,0.0,0.0
3.9519999999997864,88.33331235839907,88.33331235839907,88.33331235839907,10.594800000130363,0.0,0.0
3.953999999999786,88.33331235839934,88.33331235839934,88.33331235839934,10.594800000128771,0.0,0.0
3.955999999999786,88.3333123583996,88.3333123583996,88.3333123583996,10.594800000127066,0.0,0.0
3.9579999999997857,88.33331235839987,88.33331235839987,88.33331235839987,10.59480000012536,0.0,0.0
3.9599999999997855,88.33331235840011,88.33331235840011,88.33331235840011,10.594800000123655,0.0,0.0
3.9619999999997852,88.33331235840036,88.33331235840036,88.33331235840036,10.594800000122063,0.0,0.0
3.963999999999785,88.33331235840062,88.33331235840062,88.33331235840062,10.594800000120472,0.0,0.0
3.965999999999785,88.33331235840086,88.33331235840086,88.33331235840086,10.594800000118994,0.0,0.0
3.9679999999997846,88.3333123584011,88.3333123584011,88.3333123584011,10.594800000117402,0.0,0.0
3.9699999999997844,88.33331235840133,88.33331235840133,88.33331235840133,10.59480000011581,0.0,0.0
3.971999999999784,88.33331235840157,88.33331235840157,88.33331235840157,10.594800000114333,0.0,0.0
3.973999999999784,88.3333123584018,88.3333123584018,88.3333123584018,10.594800000112855,0.0,0.0
3.9759999999997837,88.33331235840204,88.33331235840204,88.33331235840204,10.594800000111377,0.0,0.0
3.9779999999997835,88.33331235840227,88.33331235840227,88.33331235840227,10.594800000109899,0.0,0.0
3.9799999999997833,88.33331235840248,88.33331235840248,88.33331235840248,10.594800000108421,0.0,0.0
3.981999999999783,88.33331235840271,88.33331235840271,88.33331235840271,10.594800000107057,0.0,0.0
3.983999999999783,88.33331235840294,88.33331235840294,88.33331235840294,10.594800000105579,0.0,0.0
3.9859999999997826,88.33331235840315,88.33331235840315,88.33331235840315,10.594800000104215,0.0,0.0
3.9879999999997824,88.33331235840336,88.33331235840336,88.33331235840336,10.59480000010285,0.0,0.0
3.989999999999782,88.33331235840357,88.33331235840357,88.33331235840357,10.594800000101486,0.0,0.0
3.991999999999782,88.33331235840377,88.33331235840377,88.33331235840377,10.594800000100122,0.0,0.0
3.9939999999997817,88.33331235840399,88.33331235840399,88.33331235840399,10.594800000098871,0.0,0.0
3.9959999999997815,88.33331235840419,88.33331235840419,88.33331235840419,10.594800000097507,0.0,0.0
3.9979999999997813,88.33331235840438,88.33331235840438,88.33331235840438,10.594800000096143,0.0,0.0
3.999999999999781,88.33331235840458,88.33331235840458,88.33331235840458,10.594800000094892,0.0,0.0
