time_s,platform_height_mm,platform_drift_mm,platform_overshoot_mm,peak_actuator_force_n,latch_contact_state,contact_force_n
0.002,43.963989667896676,43.963989667896676,43.963989667896676,-286.056,0.0,0.0
0.004,41.92009343472774,41.92009343472774,41.92009343472774,-279.4702895208856,0.0,0.0
0.006,38.91997375612445,38.91997375612445,38.91997375612445,-266.4776499458773,0.0,0.0
0.008,35.037532418870505,35.037532418870505,35.037532418870505,-247.4064891729319,0.0,0.0
0.01,30.367094975553748,30.367094975553748,30.367094975553748,-222.72658608027604,0.0,0.0
0.012,25.02112280198871,25.02112280198871,25.02112280198871,-193.03754934060007,0.0,0.0
0.014,19.127508188371582,19.127508188371582,19.127508188371582,-159.05427342768184,0.0,0.0
0.016,12.826517451366177,12.826517451366177,12.826517451366177,-121.58974405184048,0.0,0.0
0.018000000000000002,6.267455070826311,6.267455070826311,6.267455070826311,-81.53560613484453,0.0,0.0
0.020000000000000004,-0.3948718706496771,-0.3948718706496771,-0.3948718706496771,-39.84095839422869,0.0,0.0
0.022000000000000006,-5.769570999149703,-5.769570999149703,-5.769570999149703,2.5101215073458674,0.0,0.0
0.024000000000000007,-10.012157807587378,-10.012157807587378,-10.012157807587378,36.67600892739483,0.0,0.0
0.02600000000000001,-13.30196761486599,-13.30196761486599,-13.30196761486599,63.64528475127145,0.0,0.0
0.02800000000000001,-15.917058536855988,-15.917058536855988,-15.917058536855988,84.55794773418013,0.0,0.0
0.030000000000000013,-17.97151843568975,-17.97151843568975,-17.97151843568975,101.18155770708614,0.0,0.0
0.032000000000000015,-19.42098060490017,-19.42098060490017,-19.42098060490017,114.2413483919926,0.0,0.0
0.034000000000000016,-20.369968595680643,-20.369968595680643,-20.369968595680643,123.4552895092294,0.0,0.0
0.03600000000000002,-20.907732354252726,-20.907732354252726,-20.907732354252726,129.4878163690227,0.0,0.0
0.03800000000000002,-21.050819962315266,-21.050819962315266,-21.050819962315266,132.90627302951373,0.0,0.0
0.04000000000000002,-20.797331408220952,-20.797331408220952,-20.797331408220952,133.8158523364457,0.0,0.0
0.04200000000000002,-20.154676109692378,-20.154676109692378,-20.154676109692378,132.20447629577896,0.0,0.0
0.044000000000000025,-19.13936476025766,-19.13936476025766,-19.13936476025766,128.1192450940925,0.0,0.0
0.04600000000000003,-17.776588456732277,-17.776588456732277,-17.776588456732277,121.6651139080059,0.0,0.0
0.04800000000000003,-16.65653349539817,-16.65653349539817,-16.65653349539817,113.00221750175574,0.0,0.0
0.05000000000000003,-15.751420003069141,-15.751420003069141,-15.751420003069141,105.88225212354708,0.0,0.0
0.05200000000000003,-15.025664897408285,-15.025664897408285,-15.025664897408285,100.12862667550992,0.0,0.0
0.054000000000000034,-14.4492612352708,-14.4492612352708,-14.4492612352708,95.515146619845,0.0,0.0
0.056000000000000036,-13.996925224105713,-13.996925224105713,-13.996925224105713,91.85106382036943,0.0,0.0
0.05800000000000004,-13.647377796942509,-13.647377796942509,-13.647377796942509,88.9756542645952,0.0,0.0
0.06000000000000004,-13.382728837843361,-13.382728837843361,-13.382728837843361,86.75365117960415,0.0,0.0
0.06200000000000004,-13.187949583054245,-13.187949583054245,-13.187949583054245,85.07133067640268,0.0,0.0
0.06400000000000004,-13.050430185600861,-13.050430185600861,-13.050430185600861,83.83315790955922,0.0,0.0
0.06600000000000004,-12.959604693729169,-12.959604693729169,-12.959604693729169,82.95897460382756,0.0,0.0
0.06800000000000005,-12.906633239020392,-12.906633239020392,-12.906633239020392,82.38161511709758,0.0,0.0
0.07000000000000005,-12.884132769916791,-12.884132769916791,-12.884132769916791,82.04488617380484,0.0,0.0
0.07200000000000005,-12.885948974238035,-12.885948974238035,-12.885948974238035,81.90185519180706,0.0,0.0
0.07400000000000005,-12.906963144996237,-12.906963144996237,-12.906963144996237,81.91340043943634,0.0,0.0
0.07600000000000005,-12.94292868712008,-12.94292868712008,-12.94292868712008,82.04698332011208,0.0,0.0
0.07800000000000006,-12.990332763790905,-12.990332763790905,-12.990332763790905,82.27560907828493,0.0,0.0
0.08000000000000006,-13.04627926140053,-13.04627926140053,-13.04627926140053,82.57694731286603,0.0,0.0
0.08200000000000006,-13.108389829850418,-13.108389829850418,-13.108389829850418,82.9325880088709,0.0,0.0
0.08400000000000006,-13.174720245489722,-13.174720245489722,-13.174720245489722,83.32741247039314,0.0,0.0
0.08600000000000006,-13.243689760556103,-13.243689760556103,-13.243689760556103,83.74906165652907,0.0,0.0
0.08800000000000006,-13.314021456692217,-13.314021456692217,-13.314021456692217,84.18748706990304,0.0,0.0
0.09000000000000007,-13.384691920438486,-13.384691920438486,-13.384691920438486,84.6345715959011,0.0,0.0
0.09200000000000007,-13.454888813584784,-13.454888813584784,-13.454888813584784,85.08380959984338,0.0,0.0
0.09400000000000007,-13.52397512774673,-13.52397512774673,-13.52397512774673,85.53003721019576,0.0,0.0
0.09600000000000007,-13.591459096309597,-13.591459096309597,-13.591459096309597,85.96920509206042,0.0,0.0
0.09800000000000007,-13.656968892891527,-13.656968892891527,-13.656968892891527,86.39818718342086,0.0,0.0
0.10000000000000007,-13.720231377902964,-13.720231377902964,-13.720231377902964,86.81461985833286,0.0,0.0
0.10200000000000008,-13.781054267178138,-13.781054267178138,-13.781054267178138,87.21676682305356,0.0,0.0
0.10400000000000008,-13.839311192047822,-13.839311192047822,-13.839311192047822,87.603405765598,0.0,0.0
0.10600000000000008,-13.894929201175021,-13.894929201175021,-13.894929201175021,87.97373338560959,0.0,0.0
0.10800000000000008,-13.947878323170103,-13.947878323170103,-13.947878323170103,88.32728594602938,0.0,0.0
0.11000000000000008,-13.998162867283792,-13.998162867283792,-13.998162867283792,88.66387292472771,0.0,0.0
0.11200000000000009,-14.04581418892129,-14.04581418892129,-14.04581418892129,88.98352171474961,0.0,0.0
0.11400000000000009,-14.090884688663772,-14.090884688663772,-14.090884688663772,89.28643163613485,0.0,0.0
0.11600000000000009,-14.13344284905373,-14.13344284905373,-14.13344284905373,89.57293578889787,0.0,0.0
0.11800000000000009,-14.173569172074862,-14.173569172074862,-14.173569172074862,89.84346950286475,0.0,0.0
0.12000000000000009,-14.2113533257865,-14.2113533257865,-14.2113533257865,90.09854451304548,0.0,0.0
0.1220000000000001,-14.246890708005466,-14.246890708005466,-14.246890708005466,90.33873082135963,0.0,0.0
0.1240000000000001,-14.280280245353891,-14.280280245353891,-14.280280245353891,90.56463485264915,0.0,0.0
0.12600000000000008,-14.311622616921861,-14.311622616921861,-14.311622616921861,90.77688546366562,0.0,0.0
0.12800000000000009,-14.341018832103797,-14.341018832103797,-14.341018832103797,90.97612265124889,0.0,0.0
0.1300000000000001,-14.368569103228912,-14.368569103228912,-14.368569103228912,91.16298851191742,0.0,0.0
0.1320000000000001,-14.394371962971032,-14.394371962971032,-14.394371962971032,91.33812007540556,0.0,0.0
0.1340000000000001,-14.418523584448964,-14.418523584448964,-14.418523584448964,91.50214369421425,0.0,0.0
0.1360000000000001,-14.441117268631533,-14.441117268631533,-14.441117268631533,91.65567072162517,0.0,0.0
0.1380000000000001,-14.462243069329537,-14.462243069329537,-14.462243069329537,91.79929425323694,0.0,0.0
0.1400000000000001,-14.481987530848489,-14.481987530848489,-14.481987530848489,91.933586743114,0.0,0.0
0.1420000000000001,-14.500433517423877,-14.500433517423877,-14.500433517423877,92.05909833609768,0.0,0.0
0.1440000000000001,-14.517660116976304,-14.517660116976304,-14.517660116976304,92.1763557835601,0.0,0.0
0.1460000000000001,-14.533742604608808,-14.533742604608808,-14.533742604608808,92.28586183159497,0.0,0.0
0.1480000000000001,-14.548752453699706,-14.548752453699706,-14.548752453699706,92.38809498897727,0.0,0.0
0.1500000000000001,-14.56275738449322,-14.56275738449322,-14.56275738449322,92.48350959767829,0.0,0.0
0.1520000000000001,-14.575821441814949,-14.575821441814949,-14.575821441814949,92.57253614174651,0.0,0.0
0.1540000000000001,-14.588005094989274,-14.588005094989274,-14.588005094989274,92.65558174132927,0.0,0.0
0.1560000000000001,-14.599365354256998,-14.599365354256998,-14.599365354256998,92.73303078782783,0.0,0.0
0.1580000000000001,-14.609955899012853,-14.609955899012853,-14.609955899012853,92.8052456839409,0.0,0.0
0.16000000000000011,-14.619827214040336,-14.619827214040336,-14.619827214040336,92.8725676588449,0.0,0.0
0.16200000000000012,-14.629026730640108,-14.629026730640108,-14.629026730640108,92.93531763421161,0.0,0.0
0.16400000000000012,-14.637598970147147,-14.637598970147147,-14.637598970147147,92.99379712133303,0.0,0.0
0.16600000000000012,-14.645585687832495,-14.645585687832495,-14.645585687832495,93.04828913343138,0.0,0.0
0.16800000000000012,-14.653026015601005,-14.653026015601005,-14.653026015601005,93.09905910041361,0.0,0.0
0.17000000000000012,-14.659956602243359,-14.659956602243359,-14.659956602243359,93.14635577597248,0.0,0.0
0.17200000000000013,-14.666411750285906,-14.666411750285906,-14.666411750285906,93.19041212914058,0.0,0.0
0.17400000000000013,-14.672423548718136,-14.672423548718136,-14.672423548718136,93.23144621421746,0.0,0.0
0.17600000000000013,-14.67802200107236,-14.67802200107236,-14.67802200107236,93.26966201449144,0.0,0.0
0.17800000000000013,-14.683235148487798,-14.683235148487798,-14.683235148487798,93.30525025641678,0.0,0.0
0.18000000000000013,-14.688089187523216,-14.688089187523216,-14.688089187523216,93.33838919190724,0.0,0.0
0.18200000000000013,-14.692608582583855,-14.692608582583855,-14.692608582583855,93.36924534724758,0.0,0.0
0.18400000000000014,-14.696816172915463,-14.696816172915463,-14.696816172915463,93.39797423776905,0.0,0.0
0.18600000000000014,-14.700733274183404,-14.700733274183404,-14.700733274183404,93.42472104798902,0.0,0.0
0.18800000000000014,-14.704379774708938,-14.704379774708938,-14.704379774708938,93.44962127732906,0.0,0.0
0.19000000000000014,-14.7077742264744,-14.7077742264744,-14.7077742264744,93.47280135186978,0.0,0.0
0.19200000000000014,-14.71093393104172,-14.71093393104172,-14.71093393104172,93.49437920285247,0.0,0.0
0.19400000000000014,-14.7138750205504,-14.7138750205504,-14.7138750205504,93.51446481284601,0.0,0.0
0.19600000000000015,-14.716612533979077,-14.716612533979077,-14.716612533979077,93.53316073063478,0.0,0.0
0.19800000000000015,-14.719160488864196,-14.719160488864196,-14.719160488864196,93.5505625559982,0.0,0.0
0.20000000000000015,-14.721531948678367,-14.721531948678367,-14.721531948678367,93.56675939561192,0.0,0.0
0.20200000000000015,-14.723739086072024,-14.723739086072024,-14.723739086072024,93.58183429135865,0.0,0.0
0.20400000000000015,-14.725793242183999,-14.725793242183999,-14.725793242183999,93.59586462234265,0.0,0.0
0.20600000000000016,-14.727704982223404,-14.727704982223404,-14.727704982223404,93.60892248191524,0.0,0.0
0.20800000000000016,-14.729484147523209,-14.729484147523209,-14.729484147523209,93.62107503099774,0.0,0.0
0.21000000000000016,-14.73113990426003,-14.73113990426003,-14.73113990426003,93.63238482897553,0.0,0.0
0.21200000000000016,-14.732680789029283,-14.732680789029283,-14.732680789029283,93.64291014340016,0.0,0.0
0.21400000000000016,-14.734114751456701,-14.734114751456701,-14.734114751456701,93.65270523970135,0.0,0.0
0.21600000000000016,-14.735449194022591,-14.735449194022591,-14.735449194022591,93.66182065205997,0.0,0.0
0.21800000000000017,-14.736691009265428,-14.736691009265428,-14.736691009265428,93.6703034365628,0.0,0.0
0.22000000000000017,-14.737846614525063,-14.737846614525063,-14.737846614525063,93.67819740769848,0.0,0.0
0.22200000000000017,-14.738921984377546,-14.738921984377546,-14.738921984377546,93.68554335921293,0.0,0.0
0.22400000000000017,-14.739922680905684,-14.739922680905684,-14.739922680905684,93.6923792702912,0.0,0.0
0.22600000000000017,-14.740853881942197,-14.740853881942197,-14.740853881942197,93.69874049798125,0.0,0.0
0.22800000000000017,-14.741720407415038,-14.741720407415038,-14.741720407415038,93.70465995673015,0.0,0.0
0.23000000000000018,-14.742526743916669,-14.742526743916669,-14.742526743916669,93.71016828585591,0.0,0.0
0.23200000000000018,-14.743277067612594,-14.743277067612594,-14.743277067612594,93.71529400572948,0.0,0.0
0.23400000000000018,-14.743975265597166,-14.743975265597166,-14.743975265597166,93.72006366339974,0.0,0.0
0.23600000000000018,-14.74462495579883,-14.74462495579883,-14.74462495579883,93.72450196834808,0.0,0.0
0.23800000000000018,-14.745229505530755,-14.745229505530755,-14.745229505530755,93.728631919022,0.0,0.0
0.24000000000000019,-14.745792048775867,-14.745792048775867,-14.745792048775867,93.73247492075791,0.0,0.0
0.2420000000000002,-14.746315502291278,-14.746315502291278,-14.746315502291278,93.73605089565842,0.0,0.0
0.2440000000000002,-14.746802580610854,-14.746802580610854,-14.746802580610854,93.73937838496519,0.0,0.0
0.2460000000000002,-14.747255810019592,-14.747255810019592,-14.747255810019592,93.74247464442708,0.0,0.0
0.2480000000000002,-14.747677541569537,-14.747677541569537,-14.747677541569537,93.74535573313254,0.0,0.0
0.25000000000000017,-14.748069963201578,-14.748069963201578,-14.748069963201578,93.74803659624924,0.0,0.0
0.25200000000000017,-14.74843511103362,-14.74843511103362,-14.74843511103362,93.7505311420798,0.0,0.0
0.25400000000000017,-14.74877487987178,-14.74877487987178,-14.74877487987178,93.75285231381852,0.0,0.0
0.25600000000000017,-14.74909103299754,-14.74909103299754,-14.74909103299754,93.75501215636893,0.0,0.0
0.2580000000000002,-14.749385211280051,-14.749385211280051,-14.749385211280051,93.75702187855877,0.0,0.0
0.2600000000000002,-14.74965894165993,-14.74965894165993,-14.74965894165993,93.75889191106504,0.0,0.0
0.2620000000000002,-14.74991364504688,-14.74991364504688,-14.74991364504688,93.76063196034386,0.0,0.0
0.2640000000000002,-14.750150643672002,-14.750150643672002,-14.750150643672002,93.762251058834,0.0,0.0
0.2660000000000002,-14.750371167931913,-14.750371167931913,-14.750371167931913,93.76375761169419,0.0,0.0
0.2680000000000002,-14.750576362759316,-14.750576362759316,-14.750576362759316,93.76515944030959,0.0,0.0
0.2700000000000002,-14.75076729355299,-14.75076729355299,-14.75076729355299,93.76646382278842,0.0,0.0
0.2720000000000002,-14.750944951697115,-14.750944951697115,-14.750944951697115,93.76767753165764,0.0,0.0
0.2740000000000002,-14.751110259698743,-14.751110259698743,-14.751110259698743,93.76880686894822,0.0,0.0
0.2760000000000002,-14.751264075968752,-14.751264075968752,-14.751264075968752,93.76985769885297,0.0,0.0
0.2780000000000002,-14.751407199272307,-14.751407199272307,-14.751407199272307,93.77083547811817,0.0,0.0
0.2800000000000002,-14.751540372869995,-14.751540372869995,-14.751540372869995,93.77174528433422,0.0,0.0
0.2820000000000002,-14.751664288372675,-14.751664288372675,-14.751664288372675,93.77259184225998,0.0,0.0
0.2840000000000002,-14.75177958932846,-14.75177958932846,-14.75177958932846,93.77337954832743,0.0,0.0
0.2860000000000002,-14.751886874561016,-14.751886874561016,-14.751886874561016,93.77411249344316,0.0,0.0
0.2880000000000002,-14.751986701276332,-14.751986701276332,-14.751986701276332,93.77479448420947,0.0,0.0
0.2900000000000002,-14.7520795879539,-14.7520795879539,-14.7520795879539,93.7754290626734,0.0,0.0
0.2920000000000002,-14.75216601703693,-14.75216601703693,-14.75216601703693,93.77601952470536,0.0,0.0
0.2940000000000002,-14.752246437436316,-14.752246437436316,-14.752246437436316,93.77656893710036,0.0,0.0
0.2960000000000002,-14.752321266860548,-14.752321266860548,-14.752321266860548,93.77708015349518,0.0,0.0
0.2980000000000002,-14.752390893983712,-14.752390893983712,-14.752390893983712,93.77755582917914,0.0,0.0
0.3000000000000002,-14.752455680463129,-14.752455680463129,-14.752455680463129,93.77799843487567,0.0,0.0
0.3020000000000002,-14.75251596281677,-14.75251596281677,-14.75251596281677,93.77841026956801,0.0,0.0
0.3040000000000002,-14.752572054170523,-14.752572054170523,-14.752572054170523,93.77879347243365,0.0,0.0
0.3060000000000002,-14.752624245883732,-14.752624245883732,-14.752624245883732,93.77915003395118,0.0,0.0
0.3080000000000002,-14.752672809061988,-14.752672809061988,-14.752672809061988,93.77948180623372,0.0,0.0
0.3100000000000002,-14.752717995964975,-14.752717995964975,-14.752717995964975,93.77979051264525,0.0,0.0
0.3120000000000002,-14.752760041315973,-14.752760041315973,-14.752760041315973,93.78007775675016,0.0,0.0
0.3140000000000002,-14.75279916352108,-14.75279916352108,-14.75279916352108,93.78034503063738,0.0,0.0
0.3160000000000002,-14.75283556580329,-14.75283556580329,-14.75283556580329,93.78059372267082,0.0,0.0
0.3180000000000002,-14.752869437257708,-14.752869437257708,-14.752869437257708,93.78082512469835,0.0,0.0
0.32000000000000023,-14.752900953833858,-14.752900953833858,-14.752900953833858,93.7810404387598,0.0,0.0
0.32200000000000023,-14.75293027924931,-14.75293027924931,-14.75293027924931,93.78124078333107,0.0,0.0
0.32400000000000023,-14.752957565839965,-14.752957565839965,-14.752957565839965,93.78142719913203,0.0,0.0
0.32600000000000023,-14.752982955351293,-14.752982955351293,-14.752982955351293,93.7816006545315,0.0,0.0
0.32800000000000024,-14.753006579674498,-14.753006579674498,-14.753006579674498,93.7817620505771,0.0,0.0
0.33000000000000024,-14.753028561531654,-14.753028561531654,-14.753028561531654,93.78191222567486,0.0,0.0
0.33200000000000024,-14.753049015112676,-14.753049015112676,-14.753049015112676,93.78205195994443,0.0,0.0
0.33400000000000024,-14.753068046669014,-14.753068046669014,-14.753068046669014,93.78218197926826,0.0,0.0
0.33600000000000024,-14.75308575506538,-14.75308575506538,-14.75308575506538,93.78230295906559,0.0,0.0
0.33800000000000024,-14.753102232292902,-14.753102232292902,-14.753102232292902,93.7824155277996,0.0,0.0
0.34000000000000025,-14.753117563947432,-14.753117563947432,-14.753117563947432,93.78252027023952,0.0,0.0
0.34200000000000025,-14.753131829673872,-14.753131829673872,-14.753131829673872,93.78261773050103,0.0,0.0
0.34400000000000025,-14.753145103580064,-14.753145103580064,-14.753145103580064,93.78270841487087,0.0,0.0
0.34600000000000025,-14.753157454621602,-14.753157454621602,-14.753157454621602,93.78279279443775,0.0,0.0
0.34800000000000025,-14.753168946960102,-14.753168946960102,-14.753168946960102,93.7828713075386,0.0,0.0
0.35000000000000026,-14.753179640296324,-14.753179640296324,-14.753179640296324,93.78294436203598,0.0,0.0
0.35200000000000026,-14.753189590180472,-14.753189590180472,-14.753189590180472,93.78301233743568,0.0,0.0
0.35400000000000026,-14.75319884830067,-14.75319884830067,-14.75319884830067,93.78307558685923,0.0,0.0
0.35600000000000026,-14.753207462751625,-14.753207462751625,-14.753207462751625,93.7831344388777,0.0,0.0
0.35800000000000026,-14.753215478284048,-14.753215478284048,-14.753215478284048,93.78318919921954,0.0,0.0
0.36000000000000026,-14.753222936537595,-14.753222936537595,-14.753222936537595,93.78324015235604,0.0,0.0
0.36200000000000027,-14.75322987625684,-14.75322987625684,-14.75322987625684,93.7832875629822,0.0,0.0
0.36400000000000027,-14.753236333492877,-14.753236333492877,-14.753236333492877,93.78333167738948,0.0,0.0
0.36600000000000027,-14.753242341790104,-14.753242341790104,-14.753242341790104,93.78337272474752,0.0,0.0
0.36800000000000027,-14.75324793236092,-14.75324793236092,-14.75324793236092,93.78341091829134,0.0,0.0
0.3700000000000003,-14.75325313424769,-14.75325313424769,-14.75325313424769,93.7834464564319,0.0,0.0
0.3720000000000003,-14.75325797447351,-14.75325797447351,-14.75325797447351,93.78347952378572,0.0,0.0
0.3740000000000003,-14.753262478182899,-14.753262478182899,-14.753262478182899,93.7835102921332,0.0,0.0
0.3760000000000003,-14.753266668772024,-14.753266668772024,-14.753266668772024,93.78353892131305,0.0,0.0
0.3780000000000003,-14.753270568010558,-14.753270568010558,-14.753270568010558,93.78356556005001,0.0,0.0
0.3800000000000003,-14.753274196154523,-14.753274196154523,-14.753274196154523,93.78359034672951,0.0,0.0
0.3820000000000003,-14.753277572051946,-14.753277572051946,-14.753277572051946,93.78361341011508,0.0,0.0
0.3840000000000003,-14.753280713240128,-14.753280713240128,-14.753280713240128,93.78363487001981,0.0,0.0
0.3860000000000003,-14.75328363603735,-14.75328363603735,-14.75328363603735,93.78365483792486,0.0,0.0
0.3880000000000003,-14.753286355627138,-14.753286355627138,-14.753286355627138,93.78367341756223,0.0,0.0
0.3900000000000003,-14.75328888613752,-14.75328888613752,-14.75328888613752,93.7836907054506,0.0,0.0
0.3920000000000003,-14.753291240714088,-14.753291240714088,-14.753291240714088,93.783706791399,0.0,0.0
0.3940000000000003,-14.753293431588716,-14.753293431588716,-14.753293431588716,93.78372175897131,0.0,0.0
0.3960000000000003,-14.753295470142783,-14.753295470142783,-14.753295470142783,93.78373568592316,0.0,0.0
0.3980000000000003,-14.753297366966388,-14.753297366966388,-14.753297366966388,93.78374864460365,0.0,0.0
0.4000000000000003,-14.753299131913252,-14.753299131913252,-14.753299131913252,93.78376070233193,0.0,0.0
0.4020000000000003,-14.753300774152134,-14.753300774152134,-14.753300774152134,93.78377192174617,0.0,0.0
0.4040000000000003,-14.7533023022143,-14.7533023022143,-14.7533023022143,93.78378236113028,0.0,0.0
0.4060000000000003,-14.753303724037929,-14.753303724037929,-14.753303724037929,93.78379207471586,0.0,0.0
0.4080000000000003,-14.753305047009311,-14.753305047009311,-14.753305047009311,93.78380111296431,0.0,0.0
0.4100000000000003,-14.753306278001054,-14.753306278001054,-14.753306278001054,93.78380952282879,0.0,0.0
0.4120000000000003,-14.753307423408096,-14.753307423408096,-14.753307423408096,93.7838173479971,0.0,0.0
0.4140000000000003,-14.753308489180617,-14.753308489180617,-14.753308489180617,93.78382462912059,0.0,0.0
0.4160000000000003,-14.75330948085533,-14.75330948085533,-14.75330948085533,93.78383140402335,0.0,0.0
0.4180000000000003,-14.753310403583852,-14.753310403583852,-14.753310403583852,93.78383770790117,0.0,0.0
0.4200000000000003,-14.753311262159555,-14.753311262159555,-14.753311262159555,93.78384357350183,0.0,0.0
0.4220000000000003,-14.753312061042703,-14.753312061042703,-14.753312061042703,93.78384903129586,0.0,0.0
0.4240000000000003,-14.753312804383363,-14.753312804383363,-14.753312804383363,93.78385410963625,0.0,0.0
0.4260000000000003,-14.753313496043226,-14.753313496043226,-14.753313496043226,93.78385883490417,0.0,0.0
0.4280000000000003,-14.75331413961541,-14.75331413961541,-14.75331413961541,93.78386323164759,0.0,0.0
0.4300000000000003,-14.75331473844314,-14.75331473844314,-14.75331473844314,93.78386732270724,0.0,0.0
0.43200000000000033,-14.753315295637316,-14.753315295637316,-14.753315295637316,93.78387112933534,0.0,0.0
0.43400000000000033,-14.753315814092437,-14.753315814092437,-14.753315814092437,93.78387467130729,0.0,0.0
0.43600000000000033,-14.753316296502053,-14.753316296502053,-14.753316296502053,93.7838779670228,0.0,0.0
0.43800000000000033,-14.753316745372027,-14.753316745372027,-14.753316745372027,93.78388103360425,0.0,0.0
0.44000000000000034,-14.75331716303436,-14.75331716303436,-14.75331716303436,93.7838838869809,0.0,0.0
0.44200000000000034,-14.753317551658718,-14.753317551658718,-14.753317551658718,93.78388654197683,0.0,0.0
0.44400000000000034,-14.753317913264025,-14.753317913264025,-14.753317913264025,93.78388901238414,0.0,0.0
0.44600000000000034,-14.753318249728718,-14.753318249728718,-14.753318249728718,93.78389131103675,0.0,0.0
0.44800000000000034,-14.753318562800706,-14.753318562800706,-14.753318562800706,93.78389344987552,0.0,0.0
0.45000000000000034,-14.753318854106306,-14.753318854106306,-14.753318854106306,93.78389544001152,0.0,0.0
0.45200000000000035,-14.753319125158873,-14.753319125158873,-14.753319125158873,93.78389729178296,0.0,0.0
0.45400000000000035,-14.753319377366505,-14.753319377366505,-14.753319377366505,93.78389901480993,0.0,0.0
0.45600000000000035,-14.753319612039432,-14.753319612039432,-14.753319612039432,93.7839006180434,0.0,0.0
0.45800000000000035,-14.75331983039678,-14.75331983039678,-14.75331983039678,93.78390210981226,0.0,0.0
0.46000000000000035,-14.753320033572773,-14.753320033572773,-14.753320033572773,93.78390349786625,0.0,0.0
0.46200000000000035,-14.753320222622985,-14.753320222622985,-14.753320222622985,93.7839047894154,0.0,0.0
0.46400000000000036,-14.753320398529388,-14.753320398529388,-14.753320398529388,93.78390599116979,0.0,0.0
0.46600000000000036,-14.753320562205856,-14.753320562205856,-14.753320562205856,93.78390710937161,0.0,0.0
0.46800000000000036,-14.75332071450271,-14.75332071450271,-14.75332071450271,93.78390814983018,0.0,0.0
0.47000000000000036,-14.753320856211076,-14.753320856211076,-14.753320856211076,93.78390911795083,0.0,0.0
0.47200000000000036,-14.753320988067193,-14.753320988067193,-14.753320988067193,93.78391001876257,0.0,0.0
0.47400000000000037,-14.753321110755966,-14.753321110755966,-14.753321110755966,93.78391085694554,0.0,0.0
0.47600000000000037,-14.753321224914794,-14.753321224914794,-14.753321224914794,93.78391163685353,0.0,0.0
0.47800000000000037,-14.753321331136739,-14.753321331136739,-14.753321331136739,93.78391236253836,0.0,0.0
0.48000000000000037,-14.753321429973598,-14.753321429973598,-14.753321429973598,93.78391303777003,0.0,0.0
0.4820000000000004,-14.753321521938796,-14.753321521938796,-14.753321521938796,93.78391366605616,0.0,0.0
0.4840000000000004,-14.753321607510147,-14.753321607510147,-14.753321607510147,93.78391425066054,0.0,0.0
0.4860000000000004,-14.753321687132097,-14.753321687132097,-14.753321687132097,93.7839147946205,0.0,0.0
0.4880000000000004,-14.75332176121833,-14.75332176121833,-14.75332176121833,93.78391530076131,0.0,0.0
0.4900000000000004,-14.753321830153736,-14.753321830153736,-14.753321830153736,93.78391577171269,0.0,0.0
0.4920000000000004,-14.753321894296478,-14.753321894296478,-14.753321894296478,93.78391620992127,0.0,0.0
0.4940000000000004,-14.753321953979647,-14.753321953979647,-14.753321953979647,93.78391661766386,0.0,0.0
0.4960000000000004,-14.753322009513276,-14.753322009513276,-14.753322009513276,93.78391699705782,0.0,0.0
0.4980000000000004,-14.753322061185964,-14.753322061185964,-14.753322061185964,93.783917350074,0.0,0.0
0.5000000000000003,-14.75332210926613,-14.75332210926613,-14.75332210926613,93.78391767854694,0.0,0.0
0.5020000000000003,-14.753322154003573,-14.753322154003573,-14.753322154003573,93.78391798418293,0.0,0.0
0.5040000000000003,-14.753322195630627,-14.753322195630627,-14.753322195630627,93.78391826856992,0.0,0.0
0.5060000000000003,-14.75332223436353,-14.75332223436353,-14.75332223436353,93.78391853318477,0.0,0.0
0.5080000000000003,-14.753322270403473,-14.753322270403473,-14.753322270403473,93.78391877940209,0.0,0.0
0.5100000000000003,-14.753322303937765,-14.753322303937765,-14.753322303937765,93.7839190085008,0.0,0.0
0.5120000000000003,-14.753322335140549,-14.753322335140549,-14.753322335140549,93.78391922167158,0.0,0.0
0.5140000000000003,-14.7533223641741,-14.7533223641741,-14.7533223641741,93.78391942002143,0.0,0.0
0.5160000000000003,-14.753322391189023,-14.753322391189023,-14.753322391189023,93.78391960458193,0.0,0.0
0.5180000000000003,-14.753322416325704,-14.753322416325704,-14.753322416325704,93.78391977631038,0.0,0.0
0.5200000000000004,-14.753322439714736,-14.753322439714736,-14.753322439714736,93.78391993609924,0.0,0.0
0.5220000000000004,-14.753322461477747,-14.753322461477747,-14.753322461477747,93.78392008477864,0.0,0.0
0.5240000000000004,-14.753322481727743,-14.753322481727743,-14.753322481727743,93.78392022312175,0.0,0.0
0.5260000000000004,-14.753322500569922,-14.753322500569922,-14.753322500569922,93.78392035184692,0.0,0.0
0.5280000000000004,-14.753322518102078,-14.753322518102078,-14.753322518102078,93.78392047162288,0.0,0.0
0.5300000000000004,-14.753322534415283,-14.753322534415283,-14.753322534415283,93.78392058307129,0.0,0.0
0.5320000000000004,-14.753322549594207,-14.753322549594207,-14.753322549594207,93.78392068677107,0.0,0.0
0.5340000000000004,-14.753322563717857,-14.753322563717857,-14.753322563717857,93.78392078326047,0.0,0.0
0.5360000000000004,-14.753322576859537,-14.753322576859537,-14.753322576859537,93.78392087304167,0.0,0.0
0.5380000000000004,-14.753322589087452,-14.753322589087452,-14.753322589087452,93.7839209565807,0.0,0.0
0.5400000000000004,-14.753322600465221,-14.753322600465221,-14.753322600465221,93.78392103431112,0.0,0.0
0.5420000000000004,-14.753322611052074,-14.753322611052074,-14.753322611052074,93.78392110663732,0.0,0.0
0.5440000000000004,-14.753322620902845,-14.753322620902845,-14.753322620902845,93.78392117393582,0.0,0.0
0.5460000000000004,-14.753322630068661,-14.753322630068661,-14.753322630068661,93.7839212365552,0.0,0.0
0.5480000000000004,-14.7533226385973,-14.7533226385973,-14.7533226385973,93.78392129482047,0.0,0.0
0.5500000000000004,-14.75332264653296,-14.75332264653296,-14.75332264653296,93.78392134903532,0.0,0.0
0.5520000000000004,-14.753322653916827,-14.753322653916827,-14.753322653916827,93.78392139948072,0.0,0.0
0.5540000000000004,-14.753322660787239,-14.753322660787239,-14.753322660787239,93.78392144641849,0.0,0.0
0.5560000000000004,-14.753322667179946,-14.753322667179946,-14.753322667179946,93.78392149009233,0.0,0.0
0.5580000000000004,-14.753322673128258,-14.753322673128258,-14.753322673128258,93.78392153072949,0.0,0.0
0.5600000000000004,-14.753322678663112,-14.753322678663112,-14.753322678663112,93.78392156854171,0.0,0.0
0.5620000000000004,-14.753322683813208,-14.753322683813208,-14.753322683813208,93.78392160372567,0.0,0.0
0.5640000000000004,-14.753322688605317,-14.753322688605317,-14.753322688605317,93.7839216364638,0.0,0.0
0.5660000000000004,-14.753322693064174,-14.753322693064174,-14.753322693064174,93.78392166692629,0.0,0.0
0.5680000000000004,-14.75332269721297,-14.75332269721297,-14.75332269721297,93.78392169527034,0.0,0.0
0.5700000000000004,-14.753322701073273,-14.753322701073273,-14.753322701073273,93.78392172164341,0.0,0.0
0.5720000000000004,-14.753322704665168,-14.753322704665168,-14.753322704665168,93.78392174618259,0.0,0.0
0.5740000000000004,-14.753322708007374,-14.753322708007374,-14.753322708007374,93.78392176901554,0.0,0.0
0.5760000000000004,-14.753322711117207,-14.753322711117207,-14.753322711117207,93.78392179026127,0.0,0.0
0.5780000000000004,-14.753322714010901,-14.753322714010901,-14.753322714010901,93.78392181002985,0.0,0.0
0.5800000000000004,-14.753322716703417,-14.753322716703417,-14.753322716703417,93.7839218284245,0.0,0.0
0.5820000000000004,-14.753322719208791,-14.753322719208791,-14.753322719208791,93.78392184554029,0.0,0.0
0.5840000000000004,-14.753322721539988,-14.753322721539988,-14.753322721539988,93.78392186146644,0.0,0.0
0.5860000000000004,-14.753322723709157,-14.753322723709157,-14.753322723709157,93.78392187628539,0.0,0.0
0.5880000000000004,-14.753322725727552,-14.753322725727552,-14.753322725727552,93.78392189007438,0.0,0.0
0.5900000000000004,-14.753322727605596,-14.753322727605596,-14.753322727605596,93.78392190290491,0.0,0.0
0.5920000000000004,-14.753322729353048,-14.753322729353048,-14.753322729353048,93.78392191484326,0.0,0.0
0.5940000000000004,-14.753322730978942,-14.753322730978942,-14.753322730978942,93.78392192595146,0.0,0.0
0.5960000000000004,-14.753322732491839,-14.753322732491839,-14.753322732491839,93.78392193628694,0.0,0.0
0.5980000000000004,-14.753322733899568,-14.753322733899568,-14.753322733899568,93.78392194590413,0.0,0.0
0.6000000000000004,-14.753322735209291,-14.753322735209291,-14.753322735209291,93.78392195485277,0.0,0.0
0.6020000000000004,-14.753322736427956,-14.753322736427956,-14.753322736427956,93.78392196317843,0.0,0.0
0.6040000000000004,-14.75332273756186,-14.75332273756186,-14.75332273756186,93.78392197092523,0.0,0.0
0.6060000000000004,-14.753322738616912,-14.753322738616912,-14.753322738616912,93.78392197813324,0.0,0.0
0.6080000000000004,-14.753322739598644,-14.753322739598644,-14.753322739598644,93.78392198483999,0.0,0.0
0.6100000000000004,-14.753322740512013,-14.753322740512013,-14.753322740512013,93.78392199108066,0.0,0.0
0.6120000000000004,-14.753322741361853,-14.753322741361853,-14.753322741361853,93.78392199688678,0.0,0.0
0.6140000000000004,-14.75332274215275,-14.75332274215275,-14.75332274215275,93.78392200228903,0.0,0.0
0.6160000000000004,-14.753322742888626,-14.753322742888626,-14.753322742888626,93.7839220073166,0.0,0.0
0.6180000000000004,-14.753322743573339,-14.753322743573339,-14.753322743573339,93.78392201199442,0.0,0.0
0.6200000000000004,-14.753322744210422,-14.753322744210422,-14.753322744210422,93.783922016347,0.0,0.0
0.6220000000000004,-14.753322744803256,-14.753322744803256,-14.753322744803256,93.78392202039682,0.0,0.0
0.6240000000000004,-14.753322745354872,-14.753322745354872,-14.753322745354872,93.78392202416535,0.0,0.0
0.6260000000000004,-14.753322745868095,-14.753322745868095,-14.753322745868095,93.78392202767186,0.0,0.0
0.6280000000000004,-14.753322746345622,-14.753322746345622,-14.753322746345622,93.78392203093432,0.0,0.0
0.6300000000000004,-14.753322746790003,-14.753322746790003,-14.753322746790003,93.78392203396984,0.0,0.0
0.6320000000000005,-14.753322747203507,-14.753322747203507,-14.753322747203507,93.78392203679469,0.0,0.0
0.6340000000000005,-14.753322747588317,-14.753322747588317,-14.753322747588317,93.78392203942326,0.0,0.0
0.6360000000000005,-14.753322747946402,-14.753322747946402,-14.753322747946402,93.78392204186942,0.0,0.0
0.6380000000000005,-14.753322748279588,-14.753322748279588,-14.753322748279588,93.7839220441457,0.0,0.0
0.6400000000000005,-14.75332274858965,-14.75332274858965,-14.75332274858965,93.7839220462637,0.0,0.0
0.6420000000000005,-14.753322748878148,-14.753322748878148,-14.753322748878148,93.78392204823469,0.0,0.0
0.6440000000000005,-14.753322749146562,-14.753322749146562,-14.753322749146562,93.78392205006861,0.0,0.0
0.6460000000000005,-14.753322749396268,-14.753322749396268,-14.753322749396268,93.78392205177487,0.0,0.0
0.6480000000000005,-14.753322749628602,-14.753322749628602,-14.753322749628602,93.7839220533622,0.0,0.0
0.6500000000000005,-14.753322749844724,-14.753322749844724,-14.753322749844724,93.7839220548391,0.0,0.0
0.6520000000000005,-14.75332275004594,-14.75332275004594,-14.75332275004594,93.78392205621294,0.0,0.0
0.6540000000000005,-14.753322750233226,-14.753322750233226,-14.753322750233226,93.78392205749205,0.0,0.0
0.6560000000000005,-14.753322750407465,-14.753322750407465,-14.753322750407465,93.78392205868258,0.0,0.0
0.6580000000000005,-14.7533227505696,-14.7533227505696,-14.7533227505696,93.78392205979017,0.0,0.0
0.6600000000000005,-14.753322750720423,-14.753322750720423,-14.753322750720423,93.78392206082084,0.0,0.0
0.6620000000000005,-14.753322750860676,-14.753322750860676,-14.753322750860676,93.78392206177959,0.0,0.0
0.6640000000000005,-14.753322750991149,-14.753322750991149,-14.753322750991149,93.78392206267114,0.0,0.0
0.6660000000000005,-14.753322751112512,-14.753322751112512,-14.753322751112512,93.78392206350054,0.0,0.0
0.6680000000000005,-14.753322751225543,-14.753322751225543,-14.753322751225543,93.78392206427202,0.0,0.0
0.6700000000000005,-14.753322751330781,-14.753322751330781,-14.753322751330781,93.78392206499053,0.0,0.0
0.6720000000000005,-14.75332275142865,-14.75332275142865,-14.75332275142865,93.78392206565951,0.0,0.0
0.6740000000000005,-14.753322751519654,-14.753322751519654,-14.753322751519654,93.78392206628165,0.0,0.0
0.6760000000000005,-14.753322751604276,-14.753322751604276,-14.753322751604276,93.78392206686014,0.0,0.0
0.6780000000000005,-14.753322751682981,-14.753322751682981,-14.753322751682981,93.78392206739807,0.0,0.0
0.6800000000000005,-14.753322751756262,-14.753322751756262,-14.753322751756262,93.78392206789837,0.0,0.0
0.6820000000000005,-14.753322751824442,-14.753322751824442,-14.753322751824442,93.7839220683642,0.0,0.0
0.6840000000000005,-14.753322751887993,-14.753322751887993,-14.753322751887993,93.78392206879762,0.0,0.0
0.6860000000000005,-14.753322751947158,-14.753322751947158,-14.753322751947158,93.7839220692016,0.0,0.0
0.6880000000000005,-14.753322752002232,-14.753322752002232,-14.753322752002232,93.7839220695777,0.0,0.0
0.6900000000000005,-14.753322752053387,-14.753322752053387,-14.753322752053387,93.7839220699278,0.0,0.0
0.6920000000000005,-14.753322752101113,-14.753322752101113,-14.753322752101113,93.78392207025297,0.0,0.0
0.6940000000000005,-14.7533227521455,-14.7533227521455,-14.7533227521455,93.78392207055636,0.0,0.0
0.6960000000000005,-14.75332275218681,-14.75332275218681,-14.75332275218681,93.78392207083851,0.0,0.0
0.6980000000000005,-14.75332275222522,-14.75332275222522,-14.75332275222522,93.78392207110112,0.0,0.0
0.7000000000000005,-14.753322752260901,-14.753322752260901,-14.753322752260901,93.78392207134527,0.0,0.0
0.7020000000000005,-14.753322752294164,-14.753322752294164,-14.753322752294164,93.7839220715721,0.0,0.0
0.7040000000000005,-14.753322752325184,-14.753322752325184,-14.753322752325184,93.78392207178354,0.0,0.0
0.7060000000000005,-14.753322752354007,-14.753322752354007,-14.753322752354007,93.78392207198073,0.0,0.0
0.7080000000000005,-14.753322752380836,-14.753322752380836,-14.753322752380836,93.78392207216395,0.0,0.0
0.7100000000000005,-14.753322752405778,-14.753322752405778,-14.753322752405778,93.7839220723345,0.0,0.0
0.7120000000000005,-14.753322752428913,-14.753322752428913,-14.753322752428913,93.78392207249306,0.0,0.0
0.7140000000000005,-14.753322752450405,-14.753322752450405,-14.753322752450405,93.78392207264012,0.0,0.0
0.7160000000000005,-14.753322752470432,-14.753322752470432,-14.753322752470432,93.78392207277673,0.0,0.0
0.7180000000000005,-14.753322752489112,-14.753322752489112,-14.753322752489112,93.78392207290405,0.0,0.0
0.7200000000000005,-14.753322752506524,-14.753322752506524,-14.753322752506524,93.7839220730228,0.0,0.0
0.7220000000000005,-14.753322752522699,-14.753322752522699,-14.753322752522699,93.78392207313347,0.0,0.0
0.7240000000000005,-14.753322752537816,-14.753322752537816,-14.753322752537816,93.7839220732363,0.0,0.0
0.7260000000000005,-14.75332275255178,-14.75332275255178,-14.75332275255178,93.78392207333239,0.0,0.0
0.7280000000000005,-14.75332275256471,-14.75332275256471,-14.75332275256471,93.78392207342117,0.0,0.0
0.7300000000000005,-14.753322752576778,-14.753322752576778,-14.753322752576778,93.78392207350335,0.0,0.0
0.7320000000000005,-14.75332275258788,-14.75332275258788,-14.75332275258788,93.78392207358006,0.0,0.0
0.7340000000000005,-14.753322752598269,-14.753322752598269,-14.753322752598269,93.78392207365064,0.0,0.0
0.7360000000000005,-14.753322752607916,-14.753322752607916,-14.753322752607916,93.78392207371668,0.0,0.0
0.7380000000000005,-14.753322752616944,-14.753322752616944,-14.753322752616944,93.783922073778,0.0,0.0
0.7400000000000005,-14.753322752625365,-14.753322752625365,-14.753322752625365,93.78392207383538,0.0,0.0
0.7420000000000005,-14.75332275263319,-14.75332275263319,-14.75332275263319,93.78392207388893,0.0,0.0
0.7440000000000005,-14.753322752640484,-14.753322752640484,-14.753322752640484,93.78392207393865,0.0,0.0
0.7460000000000006,-14.753322752647366,-14.753322752647366,-14.753322752647366,93.78392207398502,0.0,0.0
0.7480000000000006,-14.753322752653691,-14.753322752653691,-14.753322752653691,93.78392207402878,0.0,0.0
0.7500000000000006,-14.753322752659624,-14.753322752659624,-14.753322752659624,93.78392207406898,0.0,0.0
0.7520000000000006,-14.753322752665177,-14.753322752665177,-14.753322752665177,93.78392207410671,0.0,0.0
0.7540000000000006,-14.753322752670352,-14.753322752670352,-14.753322752670352,93.783922074142,0.0,0.0
0.7560000000000006,-14.753322752675095,-14.753322752675095,-14.753322752675095,93.7839220741749,0.0,0.0
0.7580000000000006,-14.753322752679523,-14.753322752679523,-14.753322752679523,93.78392207420505,0.0,0.0
0.7600000000000006,-14.753322752683673,-14.753322752683673,-14.753322752683673,93.78392207423319,0.0,0.0
0.7620000000000006,-14.7533227526875,-14.7533227526875,-14.7533227526875,93.78392207425958,0.0,0.0
0.7640000000000006,-14.753322752691078,-14.753322752691078,-14.753322752691078,93.78392207428391,0.0,0.0
0.7660000000000006,-14.753322752694373,-14.753322752694373,-14.753322752694373,93.78392207430666,0.0,0.0
0.7680000000000006,-14.753322752697596,-14.753322752697596,-14.753322752697596,93.78392207432759,0.0,0.0
0.7700000000000006,-14.753322752700598,-14.753322752700598,-14.753322752700598,93.78392207434808,0.0,0.0
0.7720000000000006,-14.75332275270336,-14.75332275270336,-14.75332275270336,93.78392207436715,0.0,0.0
0.7740000000000006,-14.753322752705941,-14.753322752705941,-14.753322752705941,93.78392207438472,0.0,0.0
0.7760000000000006,-14.753322752708254,-14.753322752708254,-14.753322752708254,93.78392207440112,0.0,0.0
0.7780000000000006,-14.753322752710337,-14.753322752710337,-14.753322752710337,93.78392207441584,0.0,0.0
0.7800000000000006,-14.753322752712284,-14.753322752712284,-14.753322752712284,93.78392207442907,0.0,0.0
0.7820000000000006,-14.753322752714135,-14.753322752714135,-14.753322752714135,93.78392207444145,0.0,0.0
0.7840000000000006,-14.753322752715878,-14.753322752715878,-14.753322752715878,93.78392207445322,0.0,0.0
0.7860000000000006,-14.753322752717494,-14.753322752717494,-14.753322752717494,93.7839220744643,0.0,0.0
0.7880000000000006,-14.753322752719004,-14.753322752719004,-14.753322752719004,93.78392207447457,0.0,0.0
0.7900000000000006,-14.753322752720463,-14.753322752720463,-14.753322752720463,93.78392207448417,0.0,0.0
0.7920000000000006,-14.753322752721775,-14.753322752721775,-14.753322752721775,93.78392207449345,0.0,0.0
0.7940000000000006,-14.753322752722957,-14.753322752722957,-14.753322752722957,93.78392207450177,0.0,0.0
0.7960000000000006,-14.753322752724086,-14.753322752724086,-14.753322752724086,93.78392207450929,0.0,0.0
0.7980000000000006,-14.753322752725149,-14.753322752725149,-14.753322752725149,93.78392207451648,0.0,0.0
0.8000000000000006,-14.753322752726058,-14.753322752726058,-14.753322752726058,93.78392207452323,0.0,0.0
0.8020000000000006,-14.753322752726838,-14.753322752726838,-14.753322752726838,93.783922074529,0.0,0.0
0.8040000000000006,-14.7533227527277,-14.7533227527277,-14.7533227527277,93.78392207453398,0.0,0.0
0.8060000000000006,-14.753322752728431,-14.753322752728431,-14.753322752728431,93.78392207453943,0.0,0.0
0.8080000000000006,-14.753322752729158,-14.753322752729158,-14.753322752729158,93.7839220745441,0.0,0.0
0.8100000000000006,-14.753322752729792,-14.753322752729792,-14.753322752729792,93.78392207454871,0.0,0.0
0.8120000000000006,-14.753322752730348,-14.753322752730348,-14.753322752730348,93.78392207455275,0.0,0.0
0.8140000000000006,-14.753322752730877,-14.753322752730877,-14.753322752730877,93.78392207455627,0.0,0.0
0.8160000000000006,-14.753322752731393,-14.753322752731393,-14.753322752731393,93.78392207455964,0.0,0.0
0.8180000000000006,-14.753322752731924,-14.753322752731924,-14.753322752731924,93.78392207456291,0.0,0.0
0.8200000000000006,-14.753322752732467,-14.753322752732467,-14.753322752732467,93.78392207456629,0.0,0.0
0.8220000000000006,-14.753322752732881,-14.753322752732881,-14.753322752732881,93.78392207456976,0.0,0.0
0.8240000000000006,-14.753322752733366,-14.753322752733366,-14.753322752733366,93.78392207457237,0.0,0.0
0.8260000000000006,-14.753322752733856,-14.753322752733856,-14.753322752733856,93.78392207457547,0.0,0.0
0.8280000000000006,-14.753322752734297,-14.753322752734297,-14.753322752734297,93.78392207457858,0.0,0.0
0.8300000000000006,-14.753322752734698,-14.753322752734698,-14.753322752734698,93.78392207458138,0.0,0.0
0.8320000000000006,-14.753322752735018,-14.753322752735018,-14.753322752735018,93.78392207458393,0.0,0.0
0.8340000000000006,-14.753322752735276,-14.753322752735276,-14.753322752735276,93.78392207458596,0.0,0.0
0.8360000000000006,-14.753322752735484,-14.753322752735484,-14.753322752735484,93.78392207458761,0.0,0.0
0.8380000000000006,-14.75332275273565,-14.75332275273565,-14.75332275273565,93.78392207458893,0.0,0.0
0.8400000000000006,-14.753322752735798,-14.753322752735798,-14.753322752735798,93.78392207459,0.0,0.0
0.8420000000000006,-14.75332275273586,-14.75332275273586,-14.75332275273586,93.78392207459092,0.0,0.0
0.8440000000000006,-14.753322752735901,-14.753322752735901,-14.753322752735901,93.78392207459132,0.0,0.0
0.8460000000000006,-14.75332275273593,-14.75332275273593,-14.75332275273593,93.78392207459157,0.0,0.0
0.8480000000000006,-14.753322752736063,-14.753322752736063,-14.753322752736063,93.78392207459176,0.0,0.0
0.8500000000000006,-14.753322752736203,-14.753322752736203,-14.753322752736203,93.7839220745926,0.0,0.0
0.8520000000000006,-14.75332275273634,-14.75332275273634,-14.75332275273634,93.78392207459349,0.0,0.0
0.8540000000000006,-14.753322752736414,-14.753322752736414,-14.753322752736414,93.78392207459437,0.0,0.0
0.8560000000000006,-14.753322752736457,-14.753322752736457,-14.753322752736457,93.78392207459484,0.0,0.0
0.8580000000000007,-14.753322752736494,-14.753322752736494,-14.753322752736494,93.78392207459511,0.0,0.0
0.8600000000000007,-14.753322752736482,-14.753322752736482,-14.753322752736482,93.78392207459535,0.0,0.0
0.8620000000000007,-14.753322752736448,-14.753322752736448,-14.753322752736448,93.78392207459527,0.0,0.0
0.8640000000000007,-14.753322752736471,-14.753322752736471,-14.753322752736471,93.78392207459505,0.0,0.0
0.8660000000000007,-14.75332275273651,-14.75332275273651,-14.75332275273651,93.78392207459521,0.0,0.0
0.8680000000000007,-14.75332275273654,-14.75332275273654,-14.75332275273654,93.78392207459545,0.0,0.0
0.8700000000000007,-14.75332275273655,-14.75332275273655,-14.75332275273655,93.78392207459565,0.0,0.0
0.8720000000000007,-14.753322752736521,-14.753322752736521,-14.753322752736521,93.7839220745957,0.0,0.0
0.8740000000000007,-14.753322752736473,-14.753322752736473,-14.753322752736473,93.78392207459552,0.0,0.0
0.8760000000000007,-14.753322752736404,-14.753322752736404,-14.753322752736404,93.78392207459521,0.0,0.0
0.8780000000000007,-14.753322752736302,-14.753322752736302,-14.753322752736302,93.78392207459477,0.0,0.0
0.8800000000000007,-14.753322752736223,-14.753322752736223,-14.753322752736223,93.78392207459413,0.0,0.0
0.8820000000000007,-14.75332275273625,-14.75332275273625,-14.75332275273625,93.78392207459363,0.0,0.0
0.8840000000000007,-14.753322752736379,-14.753322752736379,-14.753322752736379,93.78392207459379,0.0,0.0
0.8860000000000007,-14.753322752736477,-14.753322752736477,-14.753322752736477,93.78392207459461,0.0,0.0
0.8880000000000007,-14.753322752736553,-14.753322752736553,-14.753322752736553,93.78392207459524,0.0,0.0
0.8900000000000007,-14.75332275273662,-14.75332275273662,-14.75332275273662,93.78392207459572,0.0,0.0
0.8920000000000007,-14.753322752736738,-14.753322752736738,-14.753322752736738,93.78392207459615,0.0,0.0
0.8940000000000007,-14.753322752736828,-14.753322752736828,-14.753322752736828,93.7839220745969,0.0,0.0
0.8960000000000007,-14.753322752736917,-14.753322752736917,-14.753322752736917,93.78392207459747,0.0,0.0
0.8980000000000007,-14.753322752737029,-14.753322752737029,-14.753322752737029,93.78392207459804,0.0,0.0
0.9000000000000007,-14.753322752737159,-14.753322752737159,-14.753322752737159,93.78392207459875,0.0,0.0
0.9020000000000007,-14.753322752737288,-14.753322752737288,-14.753322752737288,93.78392207459957,0.0,0.0
0.9040000000000007,-14.753322752737443,-14.753322752737443,-14.753322752737443,93.7839220746004,0.0,0.0
0.9060000000000007,-14.753322752737622,-14.753322752737622,-14.753322752737622,93.78392207460138,0.0,0.0
0.9080000000000007,-14.753322752737802,-14.753322752737802,-14.753322752737802,93.78392207460251,0.0,0.0
0.9100000000000007,-14.753322752737992,-14.753322752737992,-14.753322752737992,93.78392207460367,0.0,0.0
0.9120000000000007,-14.753322752738198,-14.753322752738198,-14.753322752738198,93.78392207460486,0.0,0.0
0.9140000000000007,-14.753322752738278,-14.753322752738278,-14.753322752738278,93.78392207460618,0.0,0.0
0.9160000000000007,-14.753322752738395,-14.753322752738395,-14.753322752738395,93.78392207460668,0.0,0.0
0.9180000000000007,-14.753322752738454,-14.753322752738454,-14.753322752738454,93.78392207460743,0.0,0.0
0.9200000000000007,-14.753322752738578,-14.753322752738578,-14.753322752738578,93.7839220746078,0.0,0.0
0.9220000000000007,-14.753322752738761,-14.753322752738761,-14.753322752738761,93.7839220746086,0.0,0.0
0.9240000000000007,-14.75332275273889,-14.75332275273889,-14.75332275273889,93.78392207460976,0.0,0.0
0.9260000000000007,-14.7533227527391,-14.7533227527391,-14.7533227527391,93.78392207461059,0.0,0.0
0.9280000000000007,-14.753322752739228,-14.753322752739228,-14.753322752739228,93.78392207461191,0.0,0.0
0.9300000000000007,-14.753322752739201,-14.753322752739201,-14.753322752739201,93.78392207461273,0.0,0.0
0.9320000000000007,-14.753322752739196,-14.753322752739196,-14.753322752739196,93.78392207461256,0.0,0.0
0.9340000000000007,-14.753322752739136,-14.753322752739136,-14.753322752739136,93.78392207461253,0.0,0.0
0.9360000000000007,-14.753322752739056,-14.753322752739056,-14.753322752739056,93.78392207461214,0.0,0.0
0.9380000000000007,-14.753322752738956,-14.753322752738956,-14.753322752738956,93.78392207461164,0.0,0.0
0.9400000000000007,-14.753322752738933,-14.753322752738933,-14.753322752738933,93.783922074611,0.0,0.0
0.9420000000000007,-14.753322752738988,-14.753322752738988,-14.753322752738988,93.78392207461086,0.0,0.0
0.9440000000000007,-14.753322752739013,-14.753322752739013,-14.753322752739013,93.7839220746112,0.0,0.0
0.9460000000000007,-14.75332275273902,-14.75332275273902,-14.75332275273902,93.78392207461135,0.0,0.0
0.9480000000000007,-14.753322752738995,-14.753322752738995,-14.753322752738995,93.7839220746114,0.0,0.0
0.9500000000000007,-14.753322752739075,-14.753322752739075,-14.753322752739075,93.78392207461125,0.0,0.0
0.9520000000000007,-14.753322752739091,-14.753322752739091,-14.753322752739091,93.78392207461175,0.0,0.0
0.9540000000000007,-14.75332275273904,-14.75332275273904,-14.75332275273904,93.78392207461185,0.0,0.0
0.9560000000000007,-14.753322752738914,-14.753322752738914,-14.753322752738914,93.78392207461154,0.0,0.0
0.9580000000000007,-14.753322752738905,-14.753322752738905,-14.753322752738905,93.78392207461073,0.0,0.0
0.9600000000000007,-14.753322752738892,-14.753322752738892,-14.753322752738892,93.78392207461067,0.0,0.0
0.9620000000000007,-14.753322752738793,-14.753322752738793,-14.753322752738793,93.7839220746106,0.0,0.0
0.9640000000000007,-14.753322752738654,-14.753322752738654,-14.753322752738654,93.78392207460996,0.0,0.0
0.9660000000000007,-14.753322752738585,-14.753322752738585,-14.753322752738585,93.78392207460908,0.0,0.0
0.9680000000000007,-14.753322752738574,-14.753322752738574,-14.753322752738574,93.78392207460864,0.0,0.0
0.9700000000000008,-14.753322752738624,-14.753322752738624,-14.753322752738624,93.78392207460857,0.0,0.0
0.9720000000000008,-14.753322752738743,-14.753322752738743,-14.753322752738743,93.7839220746089,0.0,0.0
0.9740000000000008,-14.75332275273881,-14.75332275273881,-14.75332275273881,93.78392207460965,0.0,0.0
0.9760000000000008,-14.753322752738958,-14.753322752738958,-14.753322752738958,93.78392207461008,0.0,0.0
0.9780000000000008,-14.753322752739075,-14.753322752739075,-14.753322752739075,93.78392207461101,0.0,0.0
0.9800000000000008,-14.753322752739173,-14.753322752739173,-14.753322752739173,93.78392207461175,0.0,0.0
0.9820000000000008,-14.753322752739201,-14.753322752739201,-14.753322752739201,93.78392207461238,0.0,0.0
0.9840000000000008,-14.753322752739344,-14.753322752739344,-14.753322752739344,93.78392207461256,0.0,0.0
0.9860000000000008,-14.753322752739443,-14.753322752739443,-14.753322752739443,93.78392207461347,0.0,0.0
0.9880000000000008,-14.75332275273948,-14.75332275273948,-14.75332275273948,93.7839220746141,0.0,0.0
0.9900000000000008,-14.753322752739473,-14.753322752739473,-14.753322752739473,93.78392207461434,0.0,0.0
0.9920000000000008,-14.753322752739416,-14.753322752739416,-14.753322752739416,93.78392207461428,0.0,0.0
0.9940000000000008,-14.753322752739315,-14.753322752739315,-14.753322752739315,93.78392207461393,0.0,0.0
0.9960000000000008,-14.753322752739228,-14.753322752739228,-14.753322752739228,93.78392207461327,0.0,0.0
0.9980000000000008,-14.753322752739239,-14.753322752739239,-14.753322752739239,93.78392207461273,0.0,0.0
1.0000000000000007,-14.753322752739253,-14.753322752739253,-14.753322752739253,93.78392207461279,0.0,0.0
1.0020000000000007,-14.753322752739376,-14.753322752739376,-14.753322752739376,93.78392207461287,0.0,0.0
1.0040000000000007,-14.75332275273944,-14.75332275273944,-14.75332275273944,93.78392207461367,0.0,0.0
1.0060000000000007,-14.753322752739445,-14.753322752739445,-14.753322752739445,93.78392207461407,0.0,0.0
1.0080000000000007,-14.753322752739555,-14.753322752739555,-14.753322752739555,93.78392207461411,0.0,0.0
1.0100000000000007,-14.75332275273953,-14.75332275273953,-14.75332275273953,93.78392207461481,0.0,0.0
1.0120000000000007,-14.75332275273947,-14.75332275273947,-14.75332275273947,93.78392207461465,0.0,0.0
1.0140000000000007,-14.753322752739361,-14.753322752739361,-14.753322752739361,93.78392207461425,0.0,0.0
1.0160000000000007,-14.753322752739363,-14.753322752739363,-14.753322752739363,93.78392207461357,0.0,0.0
1.0180000000000007,-14.753322752739308,-14.753322752739308,-14.753322752739308,93.78392207461359,0.0,0.0
1.0200000000000007,-14.753322752739194,-14.753322752739194,-14.753322752739194,93.78392207461323,0.0,0.0
1.0220000000000007,-14.753322752739015,-14.753322752739015,-14.753322752739015,93.78392207461252,0.0,0.0
1.0240000000000007,-14.75332275273876,-14.75332275273876,-14.75332275273876,93.78392207461137,0.0,0.0
1.0260000000000007,-14.753322752738619,-14.753322752738619,-14.753322752738619,93.78392207460975,0.0,0.0
1.0280000000000007,-14.753322752738576,-14.753322752738576,-14.753322752738576,93.78392207460885,0.0,0.0
1.0300000000000007,-14.753322752738635,-14.753322752738635,-14.753322752738635,93.78392207460858,0.0,0.0
1.0320000000000007,-14.753322752738658,-14.753322752738658,-14.753322752738658,93.78392207460895,0.0,0.0
1.0340000000000007,-14.753322752738642,-14.753322752738642,-14.753322752738642,93.7839220746091,0.0,0.0
1.0360000000000007,-14.753322752738702,-14.753322752738702,-14.753322752738702,93.783922074609,0.0,0.0
1.0380000000000007,-14.75332275273882,-14.75332275273882,-14.75332275273882,93.78392207460938,0.0,0.0
1.0400000000000007,-14.753322752739031,-14.753322752739031,-14.753322752739031,93.78392207461013,0.0,0.0
1.0420000000000007,-14.753322752739207,-14.753322752739207,-14.753322752739207,93.78392207461147,0.0,0.0
1.0440000000000007,-14.75332275273933,-14.75332275273933,-14.75332275273933,93.78392207461259,0.0,0.0
1.0460000000000007,-14.753322752739393,-14.753322752739393,-14.753322752739393,93.78392207461337,0.0,0.0
1.0480000000000007,-14.753322752739411,-14.753322752739411,-14.753322752739411,93.78392207461377,0.0,0.0
1.0500000000000007,-14.753322752739386,-14.753322752739386,-14.753322752739386,93.7839220746139,0.0,0.0
1.0520000000000007,-14.753322752739479,-14.753322752739479,-14.753322752739479,93.78392207461373,0.0,0.0
1.0540000000000007,-14.75332275273944,-14.75332275273944,-14.75332275273944,93.78392207461432,0.0,0.0
1.0560000000000007,-14.753322752739267,-14.753322752739267,-14.753322752739267,93.78392207461407,0.0,0.0
1.0580000000000007,-14.75332275273925,-14.75332275273925,-14.75332275273925,93.78392207461297,0.0,0.0
1.0600000000000007,-14.753322752739175,-14.753322752739175,-14.753322752739175,93.78392207461286,0.0,0.0
1.0620000000000007,-14.753322752739185,-14.753322752739185,-14.753322752739185,93.78392207461239,0.0,0.0
1.0640000000000007,-14.753322752739203,-14.753322752739203,-14.753322752739203,93.78392207461246,0.0,0.0
1.0660000000000007,-14.753322752739225,-14.753322752739225,-14.753322752739225,93.78392207461258,0.0,0.0
1.0680000000000007,-14.753322752739237,-14.753322752739237,-14.753322752739237,93.7839220746127,0.0,0.0
1.0700000000000007,-14.753322752739239,-14.753322752739239,-14.753322752739239,93.78392207461278,0.0,0.0
1.0720000000000007,-14.753322752739338,-14.753322752739338,-14.753322752739338,93.78392207461279,0.0,0.0
1.0740000000000007,-14.75332275273931,-14.75332275273931,-14.75332275273931,93.78392207461343,0.0,0.0
1.0760000000000007,-14.753322752739223,-14.753322752739223,-14.753322752739223,93.78392207461324,0.0,0.0
1.0780000000000007,-14.753322752739154,-14.753322752739154,-14.753322752739154,93.78392207461269,0.0,0.0
1.0800000000000007,-14.75332275273909,-14.75332275273909,-14.75332275273909,93.78392207461225,0.0,0.0
1.0820000000000007,-14.75332275273896,-14.75332275273896,-14.75332275273896,93.78392207461184,0.0,0.0
1.0840000000000007,-14.753322752738816,-14.753322752738816,-14.753322752738816,93.78392207461103,0.0,0.0
1.0860000000000007,-14.753322752738633,-14.753322752738633,-14.753322752738633,93.78392207461012,0.0,0.0
1.0880000000000007,-14.753322752738521,-14.753322752738521,-14.753322752738521,93.78392207460894,0.0,0.0
1.0900000000000007,-14.753322752738484,-14.753322752738484,-14.753322752738484,93.78392207460824,0.0,0.0
1.0920000000000007,-14.753322752738386,-14.753322752738386,-14.753322752738386,93.783922074608,0.0,0.0
1.0940000000000007,-14.753322752738343,-14.753322752738343,-14.753322752738343,93.78392207460737,0.0,0.0
1.0960000000000008,-14.753322752738354,-14.753322752738354,-14.753322752738354,93.7839220746071,0.0,0.0
1.0980000000000008,-14.7533227527384,-14.7533227527384,-14.7533227527384,93.78392207460716,0.0,0.0
1.1000000000000008,-14.753322752738514,-14.753322752738514,-14.753322752738514,93.78392207460746,0.0,0.0
1.1020000000000008,-14.753322752738566,-14.753322752738566,-14.753322752738566,93.78392207460818,0.0,0.0
1.1040000000000008,-14.753322752738663,-14.753322752738663,-14.753322752738663,93.78392207460851,0.0,0.0
1.1060000000000008,-14.753322752738725,-14.753322752738725,-14.753322752738725,93.78392207460914,0.0,0.0
1.1080000000000008,-14.753322752738896,-14.753322752738896,-14.753322752738896,93.78392207460954,0.0,0.0
1.1100000000000008,-14.753322752739132,-14.753322752739132,-14.753322752739132,93.78392207461062,0.0,0.0
1.1120000000000008,-14.753322752739303,-14.753322752739303,-14.753322752739303,93.78392207461212,0.0,0.0
1.1140000000000008,-14.753322752739415,-14.753322752739415,-14.753322752739415,93.7839220746132,0.0,0.0
1.1160000000000008,-14.75332275273948,-14.75332275273948,-14.75332275273948,93.78392207461391,0.0,0.0
1.1180000000000008,-14.753322752739413,-14.753322752739413,-14.753322752739413,93.78392207461434,0.0,0.0
1.1200000000000008,-14.753322752739301,-14.753322752739301,-14.753322752739301,93.78392207461391,0.0,0.0
1.1220000000000008,-14.753322752739132,-14.753322752739132,-14.753322752739132,93.78392207461319,0.0,0.0
1.1240000000000008,-14.753322752738956,-14.753322752738956,-14.753322752738956,93.78392207461212,0.0,0.0
1.1260000000000008,-14.753322752738915,-14.753322752738915,-14.753322752738915,93.783922074611,0.0,0.0
1.1280000000000008,-14.75332275273886,-14.75332275273886,-14.75332275273886,93.78392207461074,0.0,0.0
1.1300000000000008,-14.753322752738883,-14.753322752738883,-14.753322752738883,93.78392207461039,0.0,0.0
1.1320000000000008,-14.753322752738903,-14.753322752738903,-14.753322752738903,93.78392207461053,0.0,0.0
1.1340000000000008,-14.753322752739018,-14.753322752739018,-14.753322752739018,93.78392207461066,0.0,0.0
1.1360000000000008,-14.7533227527391,-14.7533227527391,-14.7533227527391,93.7839220746114,0.0,0.0
1.1380000000000008,-14.753322752739116,-14.753322752739116,-14.753322752739116,93.78392207461191,0.0,0.0
1.1400000000000008,-14.753322752739113,-14.753322752739113,-14.753322752739113,93.78392207461202,0.0,0.0
1.1420000000000008,-14.753322752739106,-14.753322752739106,-14.753322752739106,93.783922074612,0.0,0.0
1.1440000000000008,-14.753322752739075,-14.753322752739075,-14.753322752739075,93.78392207461194,0.0,0.0
1.1460000000000008,-14.753322752738981,-14.753322752738981,-14.753322752738981,93.78392207461175,0.0,0.0
1.1480000000000008,-14.753322752738859,-14.753322752738859,-14.753322752738859,93.78392207461116,0.0,0.0
1.1500000000000008,-14.753322752738812,-14.753322752738812,-14.753322752738812,93.78392207461037,0.0,0.0
1.1520000000000008,-14.753322752738852,-14.753322752738852,-14.753322752738852,93.78392207461009,0.0,0.0
1.1540000000000008,-14.753322752738956,-14.753322752738956,-14.753322752738956,93.78392207461033,0.0,0.0
1.1560000000000008,-14.753322752738912,-14.753322752738912,-14.753322752738912,93.783922074611,0.0,0.0
1.1580000000000008,-14.753322752738839,-14.753322752738839,-14.753322752738839,93.78392207461071,0.0,0.0
1.1600000000000008,-14.753322752738889,-14.753322752738889,-14.753322752738889,93.78392207461026,0.0,0.0
1.1620000000000008,-14.753322752739017,-14.753322752739017,-14.753322752739017,93.78392207461057,0.0,0.0
1.1640000000000008,-14.75332275273911,-14.75332275273911,-14.75332275273911,93.78392207461138,0.0,0.0
1.1660000000000008,-14.753322752739185,-14.753322752739185,-14.753322752739185,93.783922074612,0.0,0.0
1.1680000000000008,-14.753322752739193,-14.753322752739193,-14.753322752739193,93.78392207461246,0.0,0.0
1.1700000000000008,-14.75332275273919,-14.75332275273919,-14.75332275273919,93.7839220746125,0.0,0.0
1.1720000000000008,-14.753322752739123,-14.753322752739123,-14.753322752739123,93.78392207461249,0.0,0.0
1.1740000000000008,-14.753322752739171,-14.753322752739171,-14.753322752739171,93.78392207461206,0.0,0.0
1.1760000000000008,-14.753322752739223,-14.753322752739223,-14.753322752739223,93.78392207461236,0.0,0.0
1.1780000000000008,-14.75332275273928,-14.75332275273928,-14.75332275273928,93.78392207461269,0.0,0.0
1.1800000000000008,-14.75332275273928,-14.75332275273928,-14.75332275273928,93.78392207461306,0.0,0.0
1.1820000000000008,-14.753322752739225,-14.753322752739225,-14.753322752739225,93.78392207461306,0.0,0.0
1.1840000000000008,-14.75332275273916,-14.75332275273916,-14.75332275273916,93.7839220746127,0.0,0.0
1.1860000000000008,-14.753322752739113,-14.753322752739113,-14.753322752739113,93.78392207461229,0.0,0.0
1.1880000000000008,-14.753322752739166,-14.753322752739166,-14.753322752739166,93.783922074612,0.0,0.0
1.1900000000000008,-14.753322752739196,-14.753322752739196,-14.753322752739196,93.78392207461233,0.0,0.0
1.1920000000000008,-14.753322752739205,-14.753322752739205,-14.753322752739205,93.78392207461253,0.0,0.0
1.1940000000000008,-14.75332275273919,-14.75332275273919,-14.75332275273919,93.78392207461258,0.0,0.0
1.1960000000000008,-14.753322752739182,-14.753322752739182,-14.753322752739182,93.78392207461249,0.0,0.0
1.1980000000000008,-14.753322752739152,-14.753322752739152,-14.753322752739152,93.78392207461243,0.0,0.0
1.2000000000000008,-14.753322752739162,-14.753322752739162,-14.753322752739162,93.78392207461224,0.0,0.0
1.2020000000000008,-14.753322752739093,-14.753322752739093,-14.753322752739093,93.7839220746123,0.0,0.0
1.2040000000000008,-14.753322752738958,-14.753322752738958,-14.753322752738958,93.78392207461187,0.0,0.0
1.2060000000000008,-14.753322752738912,-14.753322752738912,-14.753322752738912,93.78392207461101,0.0,0.0
1.2080000000000009,-14.753322752738852,-14.753322752738852,-14.753322752738852,93.78392207461071,0.0,0.0
1.2100000000000009,-14.75332275273875,-14.75332275273875,-14.75332275273875,93.78392207461033,0.0,0.0
1.2120000000000009,-14.753322752738757,-14.753322752738757,-14.753322752738757,93.78392207460969,0.0,0.0
1.2140000000000009,-14.753322752738725,-14.753322752738725,-14.753322752738725,93.78392207460973,0.0,0.0
1.2160000000000009,-14.75332275273876,-14.75332275273876,-14.75332275273876,93.78392207460954,0.0,0.0
1.2180000000000009,-14.753322752738905,-14.753322752738905,-14.753322752738905,93.78392207460975,0.0,0.0
1.2200000000000009,-14.753322752738962,-14.753322752738962,-14.753322752738962,93.78392207461067,0.0,0.0
1.2220000000000009,-14.753322752738988,-14.753322752738988,-14.753322752738988,93.78392207461104,0.0,0.0
1.2240000000000009,-14.753322752739106,-14.753322752739106,-14.753322752739106,93.7839220746112,0.0,0.0
1.2260000000000009,-14.753322752739159,-14.753322752739159,-14.753322752739159,93.78392207461195,0.0,0.0
1.2280000000000009,-14.753322752739297,-14.753322752739297,-14.753322752739297,93.78392207461229,0.0,0.0
1.2300000000000009,-14.753322752739255,-14.753322752739255,-14.753322752739255,93.78392207461317,0.0,0.0
1.2320000000000009,-14.753322752739226,-14.753322752739226,-14.753322752739226,93.78392207461289,0.0,0.0
1.2340000000000009,-14.753322752739143,-14.753322752739143,-14.753322752739143,93.78392207461272,0.0,0.0
1.2360000000000009,-14.753322752739102,-14.753322752739102,-14.753322752739102,93.78392207461219,0.0,0.0
1.2380000000000009,-14.75332275273904,-14.75332275273904,-14.75332275273904,93.78392207461192,0.0,0.0
1.2400000000000009,-14.753322752738947,-14.753322752738947,-14.753322752738947,93.78392207461154,0.0,0.0
1.2420000000000009,-14.753322752738823,-14.753322752738823,-14.753322752738823,93.78392207461094,0.0,0.0
1.2440000000000009,-14.753322752738798,-14.753322752738798,-14.753322752738798,93.78392207461016,0.0,0.0
1.2460000000000009,-14.753322752738852,-14.753322752738852,-14.753322752738852,93.78392207460999,0.0,0.0
1.2480000000000009,-14.753322752738818,-14.753322752738818,-14.753322752738818,93.78392207461033,0.0,0.0
1.2500000000000009,-14.753322752738866,-14.753322752738866,-14.753322752738866,93.78392207461012,0.0,0.0
1.252000000000001,-14.753322752738871,-14.753322752738871,-14.753322752738871,93.78392207461042,0.0,0.0
1.254000000000001,-14.753322752738834,-14.753322752738834,-14.753322752738834,93.78392207461046,0.0,0.0
1.256000000000001,-14.753322752738757,-14.753322752738757,-14.753322752738757,93.78392207461022,0.0,0.0
1.258000000000001,-14.75332275273863,-14.75332275273863,-14.75332275273863,93.78392207460973,0.0,0.0
1.260000000000001,-14.753322752738574,-14.753322752738574,-14.753322752738574,93.78392207460892,0.0,0.0
1.262000000000001,-14.753322752738578,-14.753322752738578,-14.753322752738578,93.78392207460857,0.0,0.0
1.264000000000001,-14.75332275273853,-14.75332275273853,-14.75332275273853,93.7839220746086,0.0,0.0
1.266000000000001,-14.753322752738542,-14.753322752738542,-14.753322752738542,93.7839220746083,0.0,0.0
1.268000000000001,-14.753322752738628,-14.753322752738628,-14.753322752738628,93.78392207460837,0.0,0.0
1.270000000000001,-14.753322752738661,-14.753322752738661,-14.753322752738661,93.78392207460891,0.0,0.0
1.272000000000001,-14.753322752738754,-14.753322752738754,-14.753322752738754,93.78392207460914,0.0,0.0
1.274000000000001,-14.753322752738795,-14.753322752738795,-14.753322752738795,93.78392207460972,0.0,0.0
1.276000000000001,-14.753322752738914,-14.753322752738914,-14.753322752738914,93.78392207460998,0.0,0.0
1.278000000000001,-14.753322752739123,-14.753322752739123,-14.753322752739123,93.78392207461073,0.0,0.0
1.280000000000001,-14.753322752739265,-14.753322752739265,-14.753322752739265,93.78392207461206,0.0,0.0
1.282000000000001,-14.753322752739352,-14.753322752739352,-14.753322752739352,93.78392207461297,0.0,0.0
1.284000000000001,-14.753322752739452,-14.753322752739452,-14.753322752739452,93.78392207461351,0.0,0.0
1.286000000000001,-14.753322752739656,-14.753322752739656,-14.753322752739656,93.78392207461415,0.0,0.0
1.288000000000001,-14.753322752739882,-14.753322752739882,-14.753322752739882,93.78392207461545,0.0,0.0
1.290000000000001,-14.753322752739976,-14.753322752739976,-14.753322752739976,93.78392207461688,0.0,0.0
1.292000000000001,-14.753322752740024,-14.753322752740024,-14.753322752740024,93.78392207461748,0.0,0.0
1.294000000000001,-14.753322752740067,-14.753322752740067,-14.753322752740067,93.78392207461779,0.0,0.0
1.296000000000001,-14.753322752739972,-14.753322752739972,-14.753322752739972,93.78392207461805,0.0,0.0
1.298000000000001,-14.753322752739873,-14.753322752739873,-14.753322752739873,93.78392207461745,0.0,0.0
1.300000000000001,-14.753322752739818,-14.753322752739818,-14.753322752739818,93.78392207461683,0.0,0.0
1.302000000000001,-14.753322752739749,-14.753322752739749,-14.753322752739749,93.78392207461647,0.0,0.0
1.304000000000001,-14.753322752739653,-14.753322752739653,-14.753322752739653,93.78392207461603,0.0,0.0
1.306000000000001,-14.753322752739534,-14.753322752739534,-14.753322752739534,93.78392207461543,0.0,0.0
1.308000000000001,-14.753322752739379,-14.753322752739379,-14.753322752739379,93.78392207461467,0.0,0.0
1.310000000000001,-14.753322752739331,-14.753322752739331,-14.753322752739331,93.78392207461368,0.0,0.0
1.312000000000001,-14.753322752739157,-14.753322752739157,-14.753322752739157,93.78392207461339,0.0,0.0
1.314000000000001,-14.753322752738987,-14.753322752738987,-14.753322752738987,93.78392207461228,0.0,0.0
1.316000000000001,-14.753322752738907,-14.753322752738907,-14.753322752738907,93.7839220746112,0.0,0.0
1.318000000000001,-14.753322752738752,-14.753322752738752,-14.753322752738752,93.78392207461069,0.0,0.0
1.320000000000001,-14.753322752738706,-14.753322752738706,-14.753322752738706,93.7839220746097,0.0,0.0
1.322000000000001,-14.753322752738745,-14.753322752738745,-14.753322752738745,93.7839220746094,0.0,0.0
1.324000000000001,-14.753322752738745,-14.753322752738745,-14.753322752738745,93.78392207460966,0.0,0.0
1.326000000000001,-14.753322752738708,-14.753322752738708,-14.753322752738708,93.78392207460966,0.0,0.0
1.328000000000001,-14.753322752738779,-14.753322752738779,-14.753322752738779,93.78392207460942,0.0,0.0
1.330000000000001,-14.753322752738796,-14.753322752738796,-14.753322752738796,93.78392207460988,0.0,0.0
1.332000000000001,-14.753322752738892,-14.753322752738892,-14.753322752738892,93.78392207460998,0.0,0.0
1.334000000000001,-14.753322752738903,-14.753322752738903,-14.753322752738903,93.7839220746106,0.0,0.0
1.336000000000001,-14.753322752738883,-14.753322752738883,-14.753322752738883,93.78392207461066,0.0,0.0
1.338000000000001,-14.75332275273894,-14.75332275273894,-14.75332275273894,93.78392207461053,0.0,0.0
1.340000000000001,-14.753322752738967,-14.753322752738967,-14.753322752738967,93.7839220746109,0.0,0.0
1.342000000000001,-14.753322752738963,-14.753322752738963,-14.753322752738963,93.78392207461107,0.0,0.0
1.344000000000001,-14.75332275273905,-14.75332275273905,-14.75332275273905,93.78392207461106,0.0,0.0
1.346000000000001,-14.753322752739074,-14.753322752739074,-14.753322752739074,93.7839220746116,0.0,0.0
1.348000000000001,-14.753322752739088,-14.753322752739088,-14.753322752739088,93.78392207461175,0.0,0.0
1.350000000000001,-14.753322752739082,-14.753322752739082,-14.753322752739082,93.78392207461184,0.0,0.0
1.352000000000001,-14.753322752739177,-14.753322752739177,-14.753322752739177,93.7839220746118,0.0,0.0
1.354000000000001,-14.753322752739203,-14.753322752739203,-14.753322752739203,93.78392207461239,0.0,0.0
1.356000000000001,-14.753322752739317,-14.753322752739317,-14.753322752739317,93.78392207461258,0.0,0.0
1.358000000000001,-14.75332275273943,-14.75332275273943,-14.75332275273943,93.78392207461329,0.0,0.0
1.360000000000001,-14.753322752739459,-14.753322752739459,-14.753322752739459,93.78392207461401,0.0,0.0
1.362000000000001,-14.75332275273944,-14.75332275273944,-14.75332275273944,93.7839220746142,0.0,0.0
1.364000000000001,-14.753322752739418,-14.753322752739418,-14.753322752739418,93.78392207461407,0.0,0.0
1.366000000000001,-14.753322752739352,-14.753322752739352,-14.753322752739352,93.78392207461394,0.0,0.0
1.368000000000001,-14.753322752739287,-14.753322752739287,-14.753322752739287,93.78392207461351,0.0,0.0
1.370000000000001,-14.753322752739166,-14.753322752739166,-14.753322752739166,93.7839220746131,0.0,0.0
1.372000000000001,-14.753322752739034,-14.753322752739034,-14.753322752739034,93.78392207461233,0.0,0.0
1.374000000000001,-14.753322752738828,-14.753322752738828,-14.753322752738828,93.7839220746115,0.0,0.0
1.376000000000001,-14.753322752738706,-14.753322752738706,-14.753322752738706,93.78392207461019,0.0,0.0
1.378000000000001,-14.75332275273865,-14.75332275273865,-14.75332275273865,93.7839220746094,0.0,0.0
1.380000000000001,-14.753322752738502,-14.753322752738502,-14.753322752738502,93.78392207460905,0.0,0.0
1.382000000000001,-14.753322752738411,-14.753322752738411,-14.753322752738411,93.7839220746081,0.0,0.0
1.384000000000001,-14.753322752738416,-14.753322752738416,-14.753322752738416,93.78392207460753,0.0,0.0
1.386000000000001,-14.75332275273847,-14.75332275273847,-14.75332275273847,93.78392207460756,0.0,0.0
1.388000000000001,-14.753322752738589,-14.753322752738589,-14.753322752738589,93.7839220746079,0.0,0.0
1.390000000000001,-14.753322752738644,-14.753322752738644,-14.753322752738644,93.78392207460865,0.0,0.0
1.392000000000001,-14.753322752738768,-14.753322752738768,-14.753322752738768,93.78392207460901,0.0,0.0
1.394000000000001,-14.753322752738796,-14.753322752738796,-14.753322752738796,93.7839220746098,0.0,0.0
1.396000000000001,-14.75332275273889,-14.75332275273889,-14.75332275273889,93.78392207460998,0.0,0.0
1.398000000000001,-14.753322752739063,-14.753322752739063,-14.753322752739063,93.78392207461059,0.0,0.0
1.400000000000001,-14.753322752739324,-14.753322752739324,-14.753322752739324,93.78392207461168,0.0,0.0
1.402000000000001,-14.753322752739525,-14.753322752739525,-14.753322752739525,93.78392207461333,0.0,0.0
1.404000000000001,-14.75332275273965,-14.75332275273965,-14.75332275273965,93.78392207461461,0.0,0.0
1.406000000000001,-14.753322752739624,-14.753322752739624,-14.753322752739624,93.78392207461542,0.0,0.0
1.408000000000001,-14.75332275273956,-14.75332275273956,-14.75332275273956,93.78392207461525,0.0,0.0
1.410000000000001,-14.753322752739521,-14.753322752739521,-14.753322752739521,93.78392207461485,0.0,0.0
1.412000000000001,-14.753322752739447,-14.753322752739447,-14.753322752739447,93.7839220746146,0.0,0.0
1.414000000000001,-14.753322752739326,-14.753322752739326,-14.753322752739326,93.78392207461411,0.0,0.0
1.416000000000001,-14.753322752739146,-14.753322752739146,-14.753322752739146,93.78392207461334,0.0,0.0
1.418000000000001,-14.75332275273895,-14.75332275273895,-14.75332275273895,93.7839220746122,0.0,0.0
1.420000000000001,-14.753322752738857,-14.753322752738857,-14.753322752738857,93.78392207461096,0.0,0.0
1.422000000000001,-14.753322752738844,-14.753322752738844,-14.753322752738844,93.78392207461037,0.0,0.0
1.424000000000001,-14.753322752738745,-14.753322752738745,-14.753322752738745,93.78392207461029,0.0,0.0
1.426000000000001,-14.753322752738733,-14.753322752738733,-14.753322752738733,93.78392207460966,0.0,0.0
1.428000000000001,-14.753322752738786,-14.753322752738786,-14.753322752738786,93.78392207460958,0.0,0.0
1.430000000000001,-14.75332275273881,-14.75332275273881,-14.75332275273881,93.78392207460992,0.0,0.0
1.432000000000001,-14.753322752738752,-14.753322752738752,-14.753322752738752,93.78392207461008,0.0,0.0
1.434000000000001,-14.753322752738777,-14.753322752738777,-14.753322752738777,93.7839220746097,0.0,0.0
1.436000000000001,-14.753322752738763,-14.753322752738763,-14.753322752738763,93.78392207460986,0.0,0.0
1.438000000000001,-14.75332275273865,-14.75332275273865,-14.75332275273865,93.78392207460978,0.0,0.0
1.440000000000001,-14.75332275273849,-14.75332275273849,-14.75332275273849,93.78392207460905,0.0,0.0
1.442000000000001,-14.753322752738388,-14.753322752738388,-14.753322752738388,93.78392207460803,0.0,0.0
1.444000000000001,-14.753322752738324,-14.753322752738324,-14.753322752738324,93.78392207460739,0.0,0.0
1.446000000000001,-14.753322752738287,-14.753322752738287,-14.753322752738287,93.78392207460698,0.0,0.0
1.448000000000001,-14.75332275273829,-14.75332275273829,-14.75332275273829,93.78392207460674,0.0,0.0
1.450000000000001,-14.753322752738331,-14.753322752738331,-14.753322752738331,93.78392207460676,0.0,0.0
1.452000000000001,-14.753322752738455,-14.753322752738455,-14.753322752738455,93.78392207460702,0.0,0.0
1.454000000000001,-14.753322752738521,-14.753322752738521,-14.753322752738521,93.78392207460782,0.0,0.0
1.456000000000001,-14.753322752738635,-14.753322752738635,-14.753322752738635,93.78392207460824,0.0,0.0
1.458000000000001,-14.75332275273882,-14.75332275273882,-14.75332275273882,93.78392207460895,0.0,0.0
1.460000000000001,-14.75332275273892,-14.75332275273892,-14.75332275273892,93.78392207461013,0.0,0.0
1.462000000000001,-14.753322752739098,-14.753322752739098,-14.753322752739098,93.78392207461077,0.0,0.0
1.464000000000001,-14.75332275273921,-14.75332275273921,-14.75332275273921,93.7839220746119,0.0,0.0
1.466000000000001,-14.753322752739313,-14.753322752739313,-14.753322752739313,93.78392207461262,0.0,0.0
1.468000000000001,-14.753322752739358,-14.753322752739358,-14.753322752739358,93.78392207461327,0.0,0.0
1.470000000000001,-14.753322752739345,-14.753322752739345,-14.753322752739345,93.78392207461356,0.0,0.0
1.472000000000001,-14.753322752739289,-14.753322752739289,-14.753322752739289,93.78392207461347,0.0,0.0
1.474000000000001,-14.753322752739354,-14.753322752739354,-14.753322752739354,93.78392207461312,0.0,0.0
1.476000000000001,-14.75332275273929,-14.75332275273929,-14.75332275273929,93.78392207461353,0.0,0.0
1.478000000000001,-14.753322752739336,-14.753322752739336,-14.753322752739336,93.78392207461313,0.0,0.0
1.480000000000001,-14.753322752739328,-14.753322752739328,-14.753322752739328,93.78392207461341,0.0,0.0
1.482000000000001,-14.75332275273933,-14.75332275273933,-14.75332275273933,93.78392207461336,0.0,0.0
1.484000000000001,-14.753322752739345,-14.753322752739345,-14.753322752739345,93.78392207461337,0.0,0.0
1.486000000000001,-14.753322752739304,-14.753322752739304,-14.753322752739304,93.78392207461347,0.0,0.0
1.488000000000001,-14.753322752739207,-14.753322752739207,-14.753322752739207,93.78392207461322,0.0,0.0
1.490000000000001,-14.753322752739209,-14.753322752739209,-14.753322752739209,93.78392207461259,0.0,0.0
1.492000000000001,-14.7533227527392,-14.7533227527392,-14.7533227527392,93.7839220746126,0.0,0.0
1.494000000000001,-14.753322752739196,-14.753322752739196,-14.753322752739196,93.78392207461255,0.0,0.0
1.496000000000001,-14.753322752739184,-14.753322752739184,-14.753322752739184,93.78392207461253,0.0,0.0
1.498000000000001,-14.753322752739189,-14.753322752739189,-14.753322752739189,93.78392207461245,0.0,0.0
1.500000000000001,-14.753322752739304,-14.753322752739304,-14.753322752739304,93.78392207461248,0.0,0.0
1.5020000000000011,-14.753322752739363,-14.753322752739363,-14.753322752739363,93.78392207461322,0.0,0.0
1.5040000000000011,-14.753322752739377,-14.753322752739377,-14.753322752739377,93.78392207461359,0.0,0.0
1.5060000000000011,-14.753322752739498,-14.753322752739498,-14.753322752739498,93.78392207461367,0.0,0.0
1.5080000000000011,-14.753322752739644,-14.753322752739644,-14.753322752739644,93.78392207461445,0.0,0.0
1.5100000000000011,-14.753322752739653,-14.753322752739653,-14.753322752739653,93.78392207461538,0.0,0.0
1.5120000000000011,-14.753322752739683,-14.753322752739683,-14.753322752739683,93.78392207461543,0.0,0.0
1.5140000000000011,-14.753322752739601,-14.753322752739601,-14.753322752739601,93.78392207461562,0.0,0.0
1.5160000000000011,-14.75332275273941,-14.75332275273941,-14.75332275273941,93.78392207461509,0.0,0.0
1.5180000000000011,-14.753322752739352,-14.753322752739352,-14.753322752739352,93.78392207461388,0.0,0.0
1.5200000000000011,-14.753322752739253,-14.753322752739253,-14.753322752739253,93.78392207461351,0.0,0.0
1.5220000000000011,-14.75332275273926,-14.75332275273926,-14.75332275273926,93.78392207461287,0.0,0.0
1.5240000000000011,-14.753322752739258,-14.753322752739258,-14.753322752739258,93.78392207461293,0.0,0.0
1.5260000000000011,-14.753322752739248,-14.753322752739248,-14.753322752739248,93.78392207461293,0.0,0.0
1.5280000000000011,-14.75332275273918,-14.75332275273918,-14.75332275273918,93.78392207461285,0.0,0.0
1.5300000000000011,-14.753322752739116,-14.753322752739116,-14.753322752739116,93.78392207461242,0.0,0.0
1.5320000000000011,-14.753322752739157,-14.753322752739157,-14.753322752739157,93.78392207461202,0.0,0.0
1.5340000000000011,-14.753322752739187,-14.753322752739187,-14.753322752739187,93.78392207461228,0.0,0.0
1.5360000000000011,-14.753322752739196,-14.753322752739196,-14.753322752739196,93.78392207461248,0.0,0.0
1.5380000000000011,-14.753322752739152,-14.753322752739152,-14.753322752739152,93.78392207461253,0.0,0.0
1.5400000000000011,-14.753322752739086,-14.753322752739086,-14.753322752739086,93.78392207461224,0.0,0.0
1.5420000000000011,-14.753322752739013,-14.753322752739013,-14.753322752739013,93.78392207461182,0.0,0.0
1.5440000000000011,-14.753322752739027,-14.753322752739027,-14.753322752739027,93.78392207461135,0.0,0.0
1.5460000000000012,-14.753322752738978,-14.753322752738978,-14.753322752738978,93.78392207461145,0.0,0.0
1.5480000000000012,-14.753322752738898,-14.753322752738898,-14.753322752738898,93.78392207461114,0.0,0.0
1.5500000000000012,-14.753322752738777,-14.753322752738777,-14.753322752738777,93.78392207461063,0.0,0.0
1.5520000000000012,-14.75332275273877,-14.75332275273877,-14.75332275273877,93.78392207460986,0.0,0.0
1.5540000000000012,-14.753322752738711,-14.753322752738711,-14.753322752738711,93.78392207460982,0.0,0.0
1.5560000000000012,-14.753322752738601,-14.753322752738601,-14.753322752738601,93.78392207460944,0.0,0.0
1.5580000000000012,-14.753322752738596,-14.753322752738596,-14.753322752738596,93.78392207460874,0.0,0.0
1.5600000000000012,-14.753322752738669,-14.753322752738669,-14.753322752738669,93.78392207460871,0.0,0.0
1.5620000000000012,-14.753322752738692,-14.753322752738692,-14.753322752738692,93.78392207460918,0.0,0.0
1.5640000000000012,-14.753322752738631,-14.753322752738631,-14.753322752738631,93.78392207460932,0.0,0.0
1.5660000000000012,-14.753322752738642,-14.753322752738642,-14.753322752738642,93.78392207460894,0.0,0.0
1.5680000000000012,-14.753322752738722,-14.753322752738722,-14.753322752738722,93.783922074609,0.0,0.0
1.5700000000000012,-14.753322752738775,-14.753322752738775,-14.753322752738775,93.7839220746095,0.0,0.0
1.5720000000000012,-14.753322752738743,-14.753322752738743,-14.753322752738743,93.78392207460985,0.0,0.0
1.5740000000000012,-14.753322752738674,-14.753322752738674,-14.753322752738674,93.78392207460965,0.0,0.0
1.5760000000000012,-14.753322752738569,-14.753322752738569,-14.753322752738569,93.78392207460921,0.0,0.0
1.5780000000000012,-14.75332275273854,-14.75332275273854,-14.75332275273854,93.78392207460854,0.0,0.0
1.5800000000000012,-14.753322752738452,-14.753322752738452,-14.753322752738452,93.78392207460836,0.0,0.0
1.5820000000000012,-14.753322752738413,-14.753322752738413,-14.753322752738413,93.7839220746078,0.0,0.0
1.5840000000000012,-14.753322752738422,-14.753322752738422,-14.753322752738422,93.78392207460755,0.0,0.0
1.5860000000000012,-14.753322752738521,-14.753322752738521,-14.753322752738521,93.7839220746076,0.0,0.0
1.5880000000000012,-14.753322752738516,-14.753322752738516,-14.753322752738516,93.78392207460824,0.0,0.0
1.5900000000000012,-14.753322752738574,-14.753322752738574,-14.753322752738574,93.7839220746082,0.0,0.0
1.5920000000000012,-14.753322752738706,-14.753322752738706,-14.753322752738706,93.78392207460857,0.0,0.0
1.5940000000000012,-14.753322752738908,-14.753322752738908,-14.753322752738908,93.7839220746094,0.0,0.0
1.5960000000000012,-14.753322752739036,-14.753322752739036,-14.753322752739036,93.7839220746107,0.0,0.0
1.5980000000000012,-14.753322752739146,-14.753322752739146,-14.753322752739146,93.78392207461151,0.0,0.0
1.6000000000000012,-14.753322752739233,-14.753322752739233,-14.753322752739233,93.7839220746122,0.0,0.0
1.6020000000000012,-14.753322752739335,-14.753322752739335,-14.753322752739335,93.78392207461276,0.0,0.0
1.6040000000000012,-14.753322752739425,-14.753322752739425,-14.753322752739425,93.78392207461341,0.0,0.0
1.6060000000000012,-14.753322752739384,-14.753322752739384,-14.753322752739384,93.78392207461398,0.0,0.0
1.6080000000000012,-14.753322752739342,-14.753322752739342,-14.753322752739342,93.78392207461371,0.0,0.0
1.6100000000000012,-14.75332275273941,-14.75332275273941,-14.75332275273941,93.78392207461346,0.0,0.0
1.6120000000000012,-14.753322752739432,-14.753322752739432,-14.753322752739432,93.78392207461388,0.0,0.0
1.6140000000000012,-14.753322752739466,-14.753322752739466,-14.753322752739466,93.78392207461403,0.0,0.0
1.6160000000000012,-14.753322752739496,-14.753322752739496,-14.753322752739496,93.78392207461424,0.0,0.0
1.6180000000000012,-14.753322752739422,-14.753322752739422,-14.753322752739422,93.78392207461444,0.0,0.0
1.6200000000000012,-14.753322752739301,-14.753322752739301,-14.753322752739301,93.78392207461395,0.0,0.0
1.6220000000000012,-14.753322752739289,-14.753322752739289,-14.753322752739289,93.78392207461319,0.0,0.0
1.6240000000000012,-14.753322752739278,-14.753322752739278,-14.753322752739278,93.78392207461312,0.0,0.0
1.6260000000000012,-14.753322752739377,-14.753322752739377,-14.753322752739377,93.78392207461305,0.0,0.0
1.6280000000000012,-14.753322752739345,-14.753322752739345,-14.753322752739345,93.78392207461367,0.0,0.0
1.6300000000000012,-14.753322752739434,-14.753322752739434,-14.753322752739434,93.78392207461347,0.0,0.0
1.6320000000000012,-14.753322752739521,-14.753322752739521,-14.753322752739521,93.78392207461404,0.0,0.0
1.6340000000000012,-14.753322752739573,-14.753322752739573,-14.753322752739573,93.7839220746146,0.0,0.0
1.6360000000000012,-14.753322752739633,-14.753322752739633,-14.753322752739633,93.78392207461492,0.0,0.0
1.6380000000000012,-14.753322752739658,-14.753322752739658,-14.753322752739658,93.7839220746153,0.0,0.0
1.6400000000000012,-14.753322752739656,-14.753322752739656,-14.753322752739656,93.78392207461546,0.0,0.0
1.6420000000000012,-14.75332275273963,-14.75332275273963,-14.75332275273963,93.78392207461545,0.0,0.0
1.6440000000000012,-14.753322752739495,-14.753322752739495,-14.753322752739495,93.78392207461529,0.0,0.0
1.6460000000000012,-14.753322752739328,-14.753322752739328,-14.753322752739328,93.78392207461442,0.0,0.0
1.6480000000000012,-14.753322752739173,-14.753322752739173,-14.753322752739173,93.78392207461336,0.0,0.0
1.6500000000000012,-14.753322752738997,-14.753322752738997,-14.753322752738997,93.78392207461238,0.0,0.0
1.6520000000000012,-14.75332275273891,-14.75332275273891,-14.75332275273891,93.78392207461125,0.0,0.0
1.6540000000000012,-14.753322752738796,-14.753322752738796,-14.753322752738796,93.78392207461071,0.0,0.0
1.6560000000000012,-14.753322752738791,-14.753322752738791,-14.753322752738791,93.78392207460998,0.0,0.0
1.6580000000000013,-14.753322752738853,-14.753322752738853,-14.753322752738853,93.78392207460995,0.0,0.0
1.6600000000000013,-14.753322752738885,-14.753322752738885,-14.753322752738885,93.78392207461035,0.0,0.0
1.6620000000000013,-14.753322752738905,-14.753322752738905,-14.753322752738905,93.78392207461056,0.0,0.0
1.6640000000000013,-14.753322752738836,-14.753322752738836,-14.753322752738836,93.78392207461067,0.0,0.0
1.6660000000000013,-14.753322752738859,-14.753322752738859,-14.753322752738859,93.78392207461023,0.0,0.0
1.6680000000000013,-14.753322752738958,-14.753322752738958,-14.753322752738958,93.78392207461037,0.0,0.0
1.6700000000000013,-14.753322752738912,-14.753322752738912,-14.753322752738912,93.78392207461101,0.0,0.0
1.6720000000000013,-14.753322752738958,-14.753322752738958,-14.753322752738958,93.78392207461071,0.0,0.0
1.6740000000000013,-14.753322752738976,-14.753322752738976,-14.753322752738976,93.78392207461101,0.0,0.0
1.6760000000000013,-14.753322752738988,-14.753322752738988,-14.753322752738988,93.78392207461113,0.0,0.0
1.6780000000000013,-14.753322752739104,-14.753322752739104,-14.753322752739104,93.7839220746112,0.0,0.0
1.6800000000000013,-14.753322752739152,-14.753322752739152,-14.753322752739152,93.78392207461194,0.0,0.0
1.6820000000000013,-14.753322752739285,-14.753322752739285,-14.753322752739285,93.78392207461224,0.0,0.0
1.6840000000000013,-14.753322752739363,-14.753322752739363,-14.753322752739363,93.78392207461309,0.0,0.0
1.6860000000000013,-14.753322752739383,-14.753322752739383,-14.753322752739383,93.78392207461359,0.0,0.0
1.6880000000000013,-14.753322752739402,-14.753322752739402,-14.753322752739402,93.78392207461371,0.0,0.0
1.6900000000000013,-14.753322752739376,-14.753322752739376,-14.753322752739376,93.78392207461383,0.0,0.0
1.6920000000000013,-14.75332275273935,-14.75332275273935,-14.75332275273935,93.78392207461367,0.0,0.0
1.6940000000000013,-14.753322752739447,-14.753322752739447,-14.753322752739447,93.78392207461351,0.0,0.0
1.6960000000000013,-14.753322752739495,-14.753322752739495,-14.753322752739495,93.78392207461411,0.0,0.0
1.6980000000000013,-14.753322752739495,-14.753322752739495,-14.753322752739495,93.78392207461442,0.0,0.0
1.7000000000000013,-14.753322752739448,-14.753322752739448,-14.753322752739448,93.78392207461442,0.0,0.0
1.7020000000000013,-14.7533227527394,-14.7533227527394,-14.7533227527394,93.78392207461413,0.0,0.0
1.7040000000000013,-14.75332275273935,-14.75332275273935,-14.75332275273935,93.78392207461381,0.0,0.0
1.7060000000000013,-14.75332275273929,-14.75332275273929,-14.75332275273929,93.78392207461351,0.0,0.0
1.7080000000000013,-14.75332275273922,-14.75332275273922,-14.75332275273922,93.78392207461313,0.0,0.0
1.7100000000000013,-14.753322752739154,-14.753322752739154,-14.753322752739154,93.78392207461268,0.0,0.0
1.7120000000000013,-14.753322752739066,-14.753322752739066,-14.753322752739066,93.78392207461225,0.0,0.0
1.7140000000000013,-14.753322752738915,-14.753322752738915,-14.753322752738915,93.7839220746117,0.0,0.0
1.7160000000000013,-14.753322752738855,-14.753322752738855,-14.753322752738855,93.78392207461074,0.0,0.0
1.7180000000000013,-14.753322752738917,-14.753322752738917,-14.753322752738917,93.78392207461036,0.0,0.0
1.7200000000000013,-14.753322752738962,-14.753322752738962,-14.753322752738962,93.78392207461076,0.0,0.0
1.7220000000000013,-14.753322752738992,-14.753322752738992,-14.753322752738992,93.78392207461104,0.0,0.0
1.7240000000000013,-14.753322752739109,-14.753322752739109,-14.753322752739109,93.78392207461123,0.0,0.0
1.7260000000000013,-14.753322752739162,-14.753322752739162,-14.753322752739162,93.78392207461198,0.0,0.0
1.7280000000000013,-14.75332275273919,-14.75332275273919,-14.75332275273919,93.7839220746123,0.0,0.0
1.7300000000000013,-14.753322752739168,-14.753322752739168,-14.753322752739168,93.78392207461249,0.0,0.0
1.7320000000000013,-14.75332275273899,-14.75332275273899,-14.75332275273899,93.78392207461233,0.0,0.0
1.7340000000000013,-14.753322752738919,-14.753322752738919,-14.753322752738919,93.78392207461121,0.0,0.0
1.7360000000000013,-14.75332275273894,-14.75332275273894,-14.75332275273894,93.78392207461076,0.0,0.0
1.7380000000000013,-14.753322752738885,-14.753322752738885,-14.753322752738885,93.7839220746109,0.0,0.0
1.7400000000000013,-14.753322752738814,-14.753322752738814,-14.753322752738814,93.78392207461054,0.0,0.0
1.7420000000000013,-14.753322752738873,-14.753322752738873,-14.753322752738873,93.7839220746101,0.0,0.0
1.7440000000000013,-14.753322752738843,-14.753322752738843,-14.753322752738843,93.78392207461046,0.0,0.0
1.7460000000000013,-14.753322752738772,-14.753322752738772,-14.753322752738772,93.78392207461027,0.0,0.0
1.7480000000000013,-14.753322752738786,-14.753322752738786,-14.753322752738786,93.78392207460982,0.0,0.0
1.7500000000000013,-14.753322752738772,-14.753322752738772,-14.753322752738772,93.78392207460992,0.0,0.0
1.7520000000000013,-14.753322752738837,-14.753322752738837,-14.753322752738837,93.78392207460982,0.0,0.0
1.7540000000000013,-14.753322752738862,-14.753322752738862,-14.753322752738862,93.78392207461025,0.0,0.0
1.7560000000000013,-14.753322752738955,-14.753322752738955,-14.753322752738955,93.7839220746104,0.0,0.0
1.7580000000000013,-14.753322752739027,-14.753322752739027,-14.753322752739027,93.78392207461098,0.0,0.0
1.7600000000000013,-14.753322752739068,-14.753322752739068,-14.753322752739068,93.78392207461145,0.0,0.0
1.7620000000000013,-14.753322752739209,-14.753322752739209,-14.753322752739209,93.78392207461171,0.0,0.0
1.7640000000000013,-14.75332275273934,-14.75332275273934,-14.75332275273934,93.7839220746126,0.0,0.0
1.7660000000000013,-14.753322752739459,-14.753322752739459,-14.753322752739459,93.78392207461344,0.0,0.0
1.7680000000000013,-14.75332275273953,-14.75332275273953,-14.75332275273953,93.7839220746142,0.0,0.0
1.7700000000000014,-14.753322752739566,-14.753322752739566,-14.753322752739566,93.78392207461465,0.0,0.0
1.7720000000000014,-14.75332275273958,-14.75332275273958,-14.75332275273958,93.78392207461488,0.0,0.0
1.7740000000000014,-14.753322752739603,-14.753322752739603,-14.753322752739603,93.78392207461496,0.0,0.0
1.7760000000000014,-14.753322752739516,-14.753322752739516,-14.753322752739516,93.7839220746151,0.0,0.0
1.7780000000000014,-14.753322752739441,-14.753322752739441,-14.753322752739441,93.78392207461455,0.0,0.0
1.7800000000000014,-14.753322752739365,-14.753322752739365,-14.753322752739365,93.78392207461408,0.0,0.0
1.7820000000000014,-14.75332275273929,-14.75332275273929,-14.75332275273929,93.7839220746136,0.0,0.0
1.7840000000000014,-14.753322752739217,-14.753322752739217,-14.753322752739217,93.78392207461313,0.0,0.0
1.7860000000000014,-14.753322752739257,-14.753322752739257,-14.753322752739257,93.78392207461266,0.0,0.0
1.7880000000000014,-14.753322752739287,-14.753322752739287,-14.753322752739287,93.78392207461292,0.0,0.0
1.7900000000000014,-14.753322752739187,-14.753322752739187,-14.753322752739187,93.7839220746131,0.0,0.0
1.7920000000000014,-14.753322752739068,-14.753322752739068,-14.753322752739068,93.78392207461248,0.0,0.0
1.7940000000000014,-14.753322752739049,-14.753322752739049,-14.753322752739049,93.78392207461171,0.0,0.0
1.7960000000000014,-14.75332275273913,-14.75332275273913,-14.75332275273913,93.7839220746116,0.0,0.0
1.7980000000000014,-14.75332275273906,-14.75332275273906,-14.75332275273906,93.78392207461211,0.0,0.0
1.8000000000000014,-14.753322752738958,-14.753322752738958,-14.753322752738958,93.78392207461165,0.0,0.0
1.8020000000000014,-14.753322752738958,-14.753322752738958,-14.753322752738958,93.78392207461101,0.0,0.0
1.8040000000000014,-14.753322752738953,-14.753322752738953,-14.753322752738953,93.78392207461101,0.0,0.0
1.8060000000000014,-14.753322752738917,-14.753322752738917,-14.753322752738917,93.78392207461097,0.0,0.0
1.8080000000000014,-14.75332275273884,-14.75332275273884,-14.75332275273884,93.78392207461076,0.0,0.0
1.8100000000000014,-14.753322752738843,-14.753322752738843,-14.753322752738843,93.78392207461027,0.0,0.0
1.8120000000000014,-14.753322752738805,-14.753322752738805,-14.753322752738805,93.78392207461027,0.0,0.0
1.8140000000000014,-14.753322752738834,-14.753322752738834,-14.753322752738834,93.78392207461003,0.0,0.0
1.8160000000000014,-14.753322752738834,-14.753322752738834,-14.753322752738834,93.78392207461022,0.0,0.0
1.8180000000000014,-14.753322752738912,-14.753322752738912,-14.753322752738912,93.78392207461022,0.0,0.0
1.8200000000000014,-14.75332275273908,-14.75332275273908,-14.75332275273908,93.78392207461071,0.0,0.0
1.8220000000000014,-14.753322752739184,-14.753322752739184,-14.753322752739184,93.7839220746118,0.0,0.0
1.8240000000000014,-14.753322752739265,-14.753322752739265,-14.753322752739265,93.78392207461245,0.0,0.0
1.8260000000000014,-14.753322752739349,-14.753322752739349,-14.753322752739349,93.78392207461297,0.0,0.0
1.8280000000000014,-14.753322752739376,-14.753322752739376,-14.753322752739376,93.7839220746135,0.0,0.0
1.8300000000000014,-14.753322752739402,-14.753322752739402,-14.753322752739402,93.78392207461367,0.0,0.0
1.8320000000000014,-14.753322752739383,-14.753322752739383,-14.753322752739383,93.78392207461383,0.0,0.0
1.8340000000000014,-14.753322752739363,-14.753322752739363,-14.753322752739363,93.78392207461371,0.0,0.0
1.8360000000000014,-14.753322752739345,-14.753322752739345,-14.753322752739345,93.78392207461359,0.0,0.0
1.8380000000000014,-14.753322752739198,-14.753322752739198,-14.753322752739198,93.78392207461347,0.0,0.0
1.8400000000000014,-14.753322752739042,-14.753322752739042,-14.753322752739042,93.78392207461253,0.0,0.0
1.8420000000000014,-14.753322752738974,-14.753322752738974,-14.753322752738974,93.78392207461155,0.0,0.0
1.8440000000000014,-14.753322752738889,-14.753322752738889,-14.753322752738889,93.78392207461111,0.0,0.0
1.8460000000000014,-14.753322752738871,-14.753322752738871,-14.753322752738871,93.78392207461057,0.0,0.0
1.8480000000000014,-14.75332275273897,-14.75332275273897,-14.75332275273897,93.78392207461046,0.0,0.0
1.8500000000000014,-14.75332275273904,-14.75332275273904,-14.75332275273904,93.7839220746111,0.0,0.0
1.8520000000000014,-14.753322752739104,-14.753322752739104,-14.753322752739104,93.78392207461154,0.0,0.0
1.8540000000000014,-14.753322752739264,-14.753322752739264,-14.753322752739264,93.78392207461194,0.0,0.0
1.8560000000000014,-14.75332275273937,-14.75332275273937,-14.75332275273937,93.78392207461296,0.0,0.0
1.8580000000000014,-14.753322752739477,-14.753322752739477,-14.753322752739477,93.78392207461363,0.0,0.0
1.8600000000000014,-14.753322752739534,-14.753322752739534,-14.753322752739534,93.78392207461431,0.0,0.0
1.8620000000000014,-14.753322752739555,-14.753322752739555,-14.753322752739555,93.78392207461467,0.0,0.0
1.8640000000000014,-14.753322752739543,-14.753322752739543,-14.753322752739543,93.78392207461481,0.0,0.0
1.8660000000000014,-14.753322752739395,-14.753322752739395,-14.753322752739395,93.78392207461472,0.0,0.0
1.8680000000000014,-14.753322752739248,-14.753322752739248,-14.753322752739248,93.78392207461378,0.0,0.0
1.8700000000000014,-14.753322752739045,-14.753322752739045,-14.753322752739045,93.78392207461285,0.0,0.0
1.8720000000000014,-14.75332275273892,-14.75332275273892,-14.75332275273892,93.78392207461157,0.0,0.0
1.8740000000000014,-14.75332275273878,-14.75332275273878,-14.75332275273878,93.78392207461077,0.0,0.0
1.8760000000000014,-14.75332275273871,-14.75332275273871,-14.75332275273871,93.78392207460988,0.0,0.0
1.8780000000000014,-14.753322752738706,-14.753322752738706,-14.753322752738706,93.78392207460944,0.0,0.0
1.8800000000000014,-14.753322752738788,-14.753322752738788,-14.753322752738788,93.7839220746094,0.0,0.0
1.8820000000000014,-14.753322752738828,-14.753322752738828,-14.753322752738828,93.78392207460992,0.0,0.0
1.8840000000000015,-14.753322752738843,-14.753322752738843,-14.753322752738843,93.78392207461019,0.0,0.0
1.8860000000000015,-14.75332275273877,-14.75332275273877,-14.75332275273877,93.78392207461027,0.0,0.0
1.8880000000000015,-14.753322752738766,-14.753322752738766,-14.753322752738766,93.78392207460982,0.0,0.0
1.8900000000000015,-14.753322752738711,-14.753322752738711,-14.753322752738711,93.78392207460979,0.0,0.0
1.8920000000000015,-14.753322752738766,-14.753322752738766,-14.753322752738766,93.78392207460944,0.0,0.0
1.8940000000000015,-14.753322752738901,-14.753322752738901,-14.753322752738901,93.78392207460979,0.0,0.0
1.8960000000000015,-14.753322752738995,-14.753322752738995,-14.753322752738995,93.78392207461066,0.0,0.0
1.8980000000000015,-14.753322752739072,-14.753322752739072,-14.753322752739072,93.78392207461125,0.0,0.0
1.9000000000000015,-14.753322752739235,-14.753322752739235,-14.753322752739235,93.78392207461174,0.0,0.0
1.9020000000000015,-14.753322752739388,-14.753322752739388,-14.753322752739388,93.78392207461278,0.0,0.0
1.9040000000000015,-14.753322752739495,-14.753322752739495,-14.753322752739495,93.78392207461374,0.0,0.0
1.9060000000000015,-14.753322752739638,-14.753322752739638,-14.753322752739638,93.78392207461442,0.0,0.0
1.9080000000000015,-14.753322752739757,-14.753322752739757,-14.753322752739757,93.78392207461533,0.0,0.0
1.9100000000000015,-14.753322752739894,-14.753322752739894,-14.753322752739894,93.78392207461609,0.0,0.0
1.9120000000000015,-14.753322752740013,-14.753322752740013,-14.753322752740013,93.78392207461697,0.0,0.0
1.9140000000000015,-14.753322752740013,-14.753322752740013,-14.753322752740013,93.78392207461772,0.0,0.0
1.9160000000000015,-14.753322752740008,-14.753322752740008,-14.753322752740008,93.78392207461772,0.0,0.0
1.9180000000000015,-14.753322752739995,-14.753322752739995,-14.753322752739995,93.78392207461769,0.0,0.0
1.9200000000000015,-14.75332275273998,-14.75332275273998,-14.75332275273998,93.7839220746176,0.0,0.0
1.9220000000000015,-14.753322752739845,-14.753322752739845,-14.753322752739845,93.78392207461751,0.0,0.0
1.9240000000000015,-14.753322752739754,-14.753322752739754,-14.753322752739754,93.78392207461664,0.0,0.0
1.9260000000000015,-14.753322752739694,-14.753322752739694,-14.753322752739694,93.78392207461607,0.0,0.0
1.9280000000000015,-14.753322752739653,-14.753322752739653,-14.753322752739653,93.78392207461569,0.0,0.0
1.9300000000000015,-14.753322752739589,-14.753322752739589,-14.753322752739589,93.78392207461543,0.0,0.0
1.9320000000000015,-14.753322752739487,-14.753322752739487,-14.753322752739487,93.78392207461502,0.0,0.0
1.9340000000000015,-14.75332275273934,-14.75332275273934,-14.75332275273934,93.78392207461438,0.0,0.0
1.9360000000000015,-14.753322752739303,-14.753322752739303,-14.753322752739303,93.78392207461344,0.0,0.0
1.9380000000000015,-14.753322752739207,-14.753322752739207,-14.753322752739207,93.7839220746132,0.0,0.0
1.9400000000000015,-14.753322752739129,-14.753322752739129,-14.753322752739129,93.78392207461259,0.0,0.0
1.9420000000000015,-14.753322752739042,-14.753322752739042,-14.753322752739042,93.7839220746121,0.0,0.0
1.9440000000000015,-14.753322752739084,-14.753322752739084,-14.753322752739084,93.78392207461155,0.0,0.0
1.9460000000000015,-14.753322752739106,-14.753322752739106,-14.753322752739106,93.78392207461181,0.0,0.0
1.9480000000000015,-14.753322752739118,-14.753322752739118,-14.753322752739118,93.78392207461194,0.0,0.0
1.9500000000000015,-14.753322752739052,-14.753322752739052,-14.753322752739052,93.78392207461204,0.0,0.0
1.9520000000000015,-14.753322752738956,-14.753322752738956,-14.753322752738956,93.78392207461161,0.0,0.0
1.9540000000000015,-14.753322752738947,-14.753322752738947,-14.753322752738947,93.783922074611,0.0,0.0
1.9560000000000015,-14.753322752738908,-14.753322752738908,-14.753322752738908,93.78392207461094,0.0,0.0
1.9580000000000015,-14.75332275273895,-14.75332275273895,-14.75332275273895,93.7839220746107,0.0,0.0
1.9600000000000015,-14.753322752739077,-14.753322752739077,-14.753322752739077,93.78392207461096,0.0,0.0
1.9620000000000015,-14.753322752739141,-14.753322752739141,-14.753322752739141,93.78392207461177,0.0,0.0
1.9640000000000015,-14.753322752739138,-14.753322752739138,-14.753322752739138,93.78392207461218,0.0,0.0
1.9660000000000015,-14.753322752739113,-14.753322752739113,-14.753322752739113,93.78392207461215,0.0,0.0
1.9680000000000015,-14.75332275273907,-14.75332275273907,-14.75332275273907,93.783922074612,0.0,0.0
1.9700000000000015,-14.753322752739125,-14.753322752739125,-14.753322752739125,93.78392207461172,0.0,0.0
1.9720000000000015,-14.753322752739162,-14.753322752739162,-14.753322752739162,93.78392207461208,0.0,0.0
1.9740000000000015,-14.753322752739214,-14.753322752739214,-14.753322752739214,93.7839220746123,0.0,0.0
1.9760000000000015,-14.753322752739212,-14.753322752739212,-14.753322752739212,93.78392207461263,0.0,0.0
1.9780000000000015,-14.753322752739157,-14.753322752739157,-14.753322752739157,93.78392207461263,0.0,0.0
1.9800000000000015,-14.75332275273908,-14.75332275273908,-14.75332275273908,93.78392207461228,0.0,0.0
1.9820000000000015,-14.753322752738995,-14.753322752738995,-14.753322752738995,93.7839220746118,0.0,0.0
1.9840000000000015,-14.753322752738892,-14.753322752738892,-14.753322752738892,93.78392207461125,0.0,0.0
1.9860000000000015,-14.75332275273887,-14.75332275273887,-14.75332275273887,93.7839220746106,0.0,0.0
1.9880000000000015,-14.753322752738926,-14.753322752738926,-14.753322752738926,93.78392207461044,0.0,0.0
1.9900000000000015,-14.753322752738955,-14.753322752738955,-14.753322752738955,93.78392207461081,0.0,0.0
1.9920000000000015,-14.753322752738907,-14.753322752738907,-14.753322752738907,93.78392207461098,0.0,0.0
1.9940000000000015,-14.753322752738816,-14.753322752738816,-14.753322752738816,93.78392207461069,0.0,0.0
1.9960000000000016,-14.753322752738688,-14.753322752738688,-14.753322752738688,93.78392207461012,0.0,0.0
1.9980000000000016,-14.753322752738645,-14.753322752738645,-14.753322752738645,93.7839220746093,0.0,0.0
2.0000000000000013,-14.753322752738674,-14.753322752738674,-14.753322752738674,93.78392207460902,0.0,0.0
2.002000000000001,-14.753322752738791,-14.753322752738791,-14.753322752738791,93.78392207460921,0.0,0.0
2.004000000000001,-14.75332275273888,-14.75332275273888,-14.75332275273888,93.78392207460995,0.0,0.0
2.0060000000000007,-14.753322752739033,-14.753322752739033,-14.753322752739033,93.78392207461052,0.0,0.0
2.0080000000000005,-14.75332275273926,-14.75332275273926,-14.75332275273926,93.78392207461148,0.0,0.0
2.0100000000000002,-14.753322752739333,-14.753322752739333,-14.753322752739333,93.78392207461293,0.0,0.0
2.012,-14.753322752739408,-14.753322752739408,-14.753322752739408,93.7839220746134,0.0,0.0
2.014,-14.75332275273935,-14.75332275273935,-14.75332275273935,93.78392207461387,0.0,0.0
2.0159999999999996,-14.753322752739296,-14.753322752739296,-14.753322752739296,93.78392207461351,0.0,0.0
2.0179999999999993,-14.753322752739335,-14.753322752739335,-14.753322752739335,93.78392207461316,0.0,0.0
2.019999999999999,-14.753322752739248,-14.753322752739248,-14.753322752739248,93.78392207461341,0.0,0.0
2.021999999999999,-14.753322752739104,-14.753322752739104,-14.753322752739104,93.78392207461285,0.0,0.0
2.0239999999999987,-14.7533227527391,-14.7533227527391,-14.7533227527391,93.78392207461194,0.0,0.0
2.0259999999999985,-14.753322752739194,-14.753322752739194,-14.753322752739194,93.78392207461191,0.0,0.0
2.0279999999999982,-14.753322752739296,-14.753322752739296,-14.753322752739296,93.78392207461252,0.0,0.0
2.029999999999998,-14.753322752739491,-14.753322752739491,-14.753322752739491,93.78392207461316,0.0,0.0
2.031999999999998,-14.753322752739653,-14.753322752739653,-14.753322752739653,93.78392207461441,0.0,0.0
2.0339999999999976,-14.753322752739836,-14.753322752739836,-14.753322752739836,93.78392207461543,0.0,0.0
2.0359999999999974,-14.753322752739873,-14.753322752739873,-14.753322752739873,93.78392207461658,0.0,0.0
2.037999999999997,-14.753322752739953,-14.753322752739953,-14.753322752739953,93.78392207461683,0.0,0.0
2.039999999999997,-14.75332275274003,-14.75332275274003,-14.75332275274003,93.78392207461734,0.0,0.0
2.0419999999999967,-14.75332275273997,-14.75332275273997,-14.75332275273997,93.78392207461782,0.0,0.0
2.0439999999999965,-14.753322752739821,-14.753322752739821,-14.753322752739821,93.78392207461745,0.0,0.0
2.0459999999999963,-14.753322752739766,-14.753322752739766,-14.753322752739766,93.7839220746165,0.0,0.0
2.047999999999996,-14.753322752739683,-14.753322752739683,-14.753322752739683,93.78392207461614,0.0,0.0
2.049999999999996,-14.75332275273962,-14.75332275273962,-14.75332275273962,93.78392207461562,0.0,0.0
2.0519999999999956,-14.753322752739521,-14.753322752739521,-14.753322752739521,93.78392207461522,0.0,0.0
2.0539999999999954,-14.753322752739388,-14.753322752739388,-14.753322752739388,93.7839220746146,0.0,0.0
2.055999999999995,-14.753322752739255,-14.753322752739255,-14.753322752739255,93.78392207461374,0.0,0.0
2.057999999999995,-14.753322752739125,-14.753322752739125,-14.753322752739125,93.78392207461289,0.0,0.0
2.0599999999999947,-14.753322752739084,-14.753322752739084,-14.753322752739084,93.78392207461208,0.0,0.0
2.0619999999999945,-14.753322752739141,-14.753322752739141,-14.753322752739141,93.78392207461181,0.0,0.0
2.0639999999999943,-14.753322752739189,-14.753322752739189,-14.753322752739189,93.78392207461218,0.0,0.0
2.065999999999994,-14.753322752739198,-14.753322752739198,-14.753322752739198,93.78392207461248,0.0,0.0
2.067999999999994,-14.753322752739184,-14.753322752739184,-14.753322752739184,93.78392207461253,0.0,0.0
2.0699999999999936,-14.753322752739148,-14.753322752739148,-14.753322752739148,93.78392207461245,0.0,0.0
2.0719999999999934,-14.75332275273921,-14.75332275273921,-14.75332275273921,93.78392207461222,0.0,0.0
2.073999999999993,-14.75332275273922,-14.75332275273922,-14.75332275273922,93.78392207461262,0.0,0.0
2.075999999999993,-14.753322752739173,-14.753322752739173,-14.753322752739173,93.78392207461268,0.0,0.0
2.0779999999999927,-14.753322752739106,-14.753322752739106,-14.753322752739106,93.78392207461238,0.0,0.0
2.0799999999999925,-14.753322752739136,-14.753322752739136,-14.753322752739136,93.78392207461194,0.0,0.0
2.0819999999999923,-14.753322752739102,-14.753322752739102,-14.753322752739102,93.78392207461214,0.0,0.0
2.083999999999992,-14.753322752739154,-14.753322752739154,-14.753322752739154,93.78392207461192,0.0,0.0
2.085999999999992,-14.753322752739292,-14.753322752739292,-14.753322752739292,93.78392207461225,0.0,0.0
2.0879999999999916,-14.753322752739274,-14.753322752739274,-14.753322752739274,93.78392207461313,0.0,0.0
2.0899999999999914,-14.753322752739367,-14.753322752739367,-14.753322752739367,93.78392207461303,0.0,0.0
2.091999999999991,-14.7533227527394,-14.7533227527394,-14.7533227527394,93.78392207461361,0.0,0.0
2.093999999999991,-14.753322752739432,-14.753322752739432,-14.753322752739432,93.78392207461381,0.0,0.0
2.0959999999999908,-14.75332275273942,-14.75332275273942,-14.75332275273942,93.78392207461403,0.0,0.0
2.0979999999999905,-14.753322752739276,-14.753322752739276,-14.753322752739276,93.78392207461395,0.0,0.0
2.0999999999999903,-14.753322752739242,-14.753322752739242,-14.753322752739242,93.78392207461303,0.0,0.0
2.10199999999999,-14.753322752739196,-14.753322752739196,-14.753322752739196,93.78392207461282,0.0,0.0
2.10399999999999,-14.753322752739155,-14.753322752739155,-14.753322752739155,93.78392207461253,0.0,0.0
2.1059999999999897,-14.753322752739118,-14.753322752739118,-14.753322752739118,93.78392207461226,0.0,0.0
2.1079999999999894,-14.753322752739063,-14.753322752739063,-14.753322752739063,93.78392207461204,0.0,0.0
2.109999999999989,-14.753322752739107,-14.753322752739107,-14.753322752739107,93.78392207461168,0.0,0.0
2.111999999999989,-14.753322752739132,-14.753322752739132,-14.753322752739132,93.78392207461197,0.0,0.0
2.1139999999999888,-14.753322752739136,-14.753322752739136,-14.753322752739136,93.78392207461212,0.0,0.0
2.1159999999999886,-14.753322752739074,-14.753322752739074,-14.753322752739074,93.78392207461214,0.0,0.0
2.1179999999999883,-14.753322752739114,-14.753322752739114,-14.753322752739114,93.78392207461175,0.0,0.0
2.119999999999988,-14.753322752739244,-14.753322752739244,-14.753322752739244,93.78392207461201,0.0,0.0
2.121999999999988,-14.753322752739317,-14.753322752739317,-14.753322752739317,93.78392207461283,0.0,0.0
2.1239999999999877,-14.753322752739377,-14.753322752739377,-14.753322752739377,93.78392207461329,0.0,0.0
2.1259999999999875,-14.753322752739393,-14.753322752739393,-14.753322752739393,93.78392207461367,0.0,0.0
2.1279999999999872,-14.753322752739363,-14.753322752739363,-14.753322752739363,93.78392207461377,0.0,0.0
2.129999999999987,-14.753322752739276,-14.753322752739276,-14.753322752739276,93.78392207461359,0.0,0.0
2.131999999999987,-14.753322752739297,-14.753322752739297,-14.753322752739297,93.78392207461303,0.0,0.0
2.1339999999999866,-14.753322752739276,-14.753322752739276,-14.753322752739276,93.78392207461317,0.0,0.0
2.1359999999999864,-14.753322752739363,-14.753322752739363,-14.753322752739363,93.78392207461303,0.0,0.0
2.137999999999986,-14.753322752739404,-14.753322752739404,-14.753322752739404,93.78392207461359,0.0,0.0
2.139999999999986,-14.753322752739317,-14.753322752739317,-14.753322752739317,93.78392207461386,0.0,0.0
2.1419999999999857,-14.753322752739349,-14.753322752739349,-14.753322752739349,93.78392207461329,0.0,0.0
2.1439999999999855,-14.753322752739336,-14.753322752739336,-14.753322752739336,93.7839220746135,0.0,0.0
2.1459999999999853,-14.753322752739281,-14.753322752739281,-14.753322752739281,93.78392207461341,0.0,0.0
2.147999999999985,-14.75332275273924,-14.75332275273924,-14.75332275273924,93.78392207461307,0.0,0.0
2.149999999999985,-14.753322752739201,-14.753322752739201,-14.753322752739201,93.7839220746128,0.0,0.0
2.1519999999999846,-14.753322752739036,-14.753322752739036,-14.753322752739036,93.78392207461256,0.0,0.0
2.1539999999999844,-14.753322752738855,-14.753322752738855,-14.753322752738855,93.78392207461151,0.0,0.0
2.155999999999984,-14.753322752738644,-14.753322752738644,-14.753322752738644,93.78392207461036,0.0,0.0
2.157999999999984,-14.753322752738503,-14.753322752738503,-14.753322752738503,93.78392207460901,0.0,0.0
2.1599999999999837,-14.753322752738422,-14.753322752738422,-14.753322752738422,93.78392207460811,0.0,0.0
2.1619999999999835,-14.753322752738402,-14.753322752738402,-14.753322752738402,93.7839220746076,0.0,0.0
2.1639999999999833,-14.753322752738324,-14.753322752738324,-14.753322752738324,93.78392207460747,0.0,0.0
2.165999999999983,-14.753322752738296,-14.753322752738296,-14.753322752738296,93.78392207460698,0.0,0.0
2.167999999999983,-14.753322752738324,-14.753322752738324,-14.753322752738324,93.7839220746068,0.0,0.0
2.1699999999999826,-14.753322752738388,-14.753322752738388,-14.753322752738388,93.78392207460698,0.0,0.0
2.1719999999999824,-14.75332275273849,-14.75332275273849,-14.75332275273849,93.78392207460739,0.0,0.0
2.173999999999982,-14.75332275273853,-14.75332275273853,-14.75332275273853,93.78392207460803,0.0,0.0
2.175999999999982,-14.753322752738645,-14.753322752738645,-14.753322752738645,93.7839220746083,0.0,0.0
2.1779999999999817,-14.753322752738828,-14.753322752738828,-14.753322752738828,93.78392207460902,0.0,0.0
2.1799999999999815,-14.753322752738926,-14.753322752738926,-14.753322752738926,93.78392207461019,0.0,0.0
2.1819999999999813,-14.753322752738994,-14.753322752738994,-14.753322752738994,93.78392207461081,0.0,0.0
2.183999999999981,-14.753322752739138,-14.753322752739138,-14.753322752739138,93.78392207461124,0.0,0.0
2.185999999999981,-14.753322752739175,-14.753322752739175,-14.753322752739175,93.78392207461215,0.0,0.0
2.1879999999999806,-14.753322752739058,-14.753322752739058,-14.753322752739058,93.78392207461239,0.0,0.0
2.1899999999999804,-14.753322752738878,-14.753322752738878,-14.753322752738878,93.78392207461165,0.0,0.0
2.19199999999998,-14.753322752738683,-14.753322752738683,-14.753322752738683,93.7839220746105,0.0,0.0
2.19399999999998,-14.753322752738576,-14.753322752738576,-14.753322752738576,93.78392207460926,0.0,0.0
2.1959999999999797,-14.75332275273853,-14.75332275273853,-14.75332275273853,93.78392207460858,0.0,0.0
2.1979999999999795,-14.753322752738544,-14.753322752738544,-14.753322752738544,93.7839220746083,0.0,0.0
2.1999999999999793,-14.753322752738509,-14.753322752738509,-14.753322752738509,93.78392207460838,0.0,0.0
2.201999999999979,-14.753322752738413,-14.753322752738413,-14.753322752738413,93.78392207460816,0.0,0.0
2.203999999999979,-14.75332275273841,-14.75332275273841,-14.75332275273841,93.78392207460755,0.0,0.0
2.2059999999999786,-14.753322752738468,-14.753322752738468,-14.753322752738468,93.78392207460752,0.0,0.0
2.2079999999999784,-14.75332275273841,-14.75332275273841,-14.75332275273841,93.7839220746079,0.0,0.0
2.209999999999978,-14.753322752738399,-14.753322752738399,-14.753322752738399,93.78392207460752,0.0,0.0
2.211999999999978,-14.753322752738441,-14.753322752738441,-14.753322752738441,93.78392207460746,0.0,0.0
2.2139999999999778,-14.753322752738436,-14.753322752738436,-14.753322752738436,93.78392207460772,0.0,0.0
2.2159999999999775,-14.75332275273836,-14.75332275273836,-14.75332275273836,93.78392207460769,0.0,0.0
2.2179999999999773,-14.753322752738363,-14.753322752738363,-14.753322752738363,93.7839220746072,0.0,0.0
2.219999999999977,-14.753322752738416,-14.753322752738416,-14.753322752738416,93.78392207460722,0.0,0.0
2.221999999999977,-14.753322752738516,-14.753322752738516,-14.753322752738516,93.78392207460756,0.0,0.0
2.2239999999999767,-14.753322752738676,-14.753322752738676,-14.753322752738676,93.7839220746082,0.0,0.0
2.2259999999999764,-14.753322752738727,-14.753322752738727,-14.753322752738727,93.78392207460922,0.0,0.0
2.227999999999976,-14.753322752738832,-14.753322752738832,-14.753322752738832,93.78392207460954,0.0,0.0
2.229999999999976,-14.753322752739006,-14.753322752739006,-14.753322752739006,93.78392207461022,0.0,0.0
2.231999999999976,-14.753322752739003,-14.753322752739003,-14.753322752739003,93.78392207461131,0.0,0.0
2.2339999999999756,-14.753322752738923,-14.753322752738923,-14.753322752738923,93.7839220746113,0.0,0.0
2.2359999999999753,-14.753322752738933,-14.753322752738933,-14.753322752738933,93.78392207461079,0.0,0.0
2.237999999999975,-14.753322752738883,-14.753322752738883,-14.753322752738883,93.78392207461086,0.0,0.0
2.239999999999975,-14.753322752738745,-14.753322752738745,-14.753322752738745,93.78392207461053,0.0,0.0
2.2419999999999747,-14.753322752738583,-14.753322752738583,-14.753322752738583,93.78392207460966,0.0,0.0
2.2439999999999745,-14.753322752738521,-14.753322752738521,-14.753322752738521,93.78392207460863,0.0,0.0
2.2459999999999742,-14.75332275273852,-14.75332275273852,-14.75332275273852,93.78392207460824,0.0,0.0
2.247999999999974,-14.753322752738578,-14.753322752738578,-14.753322752738578,93.78392207460823,0.0,0.0
2.249999999999974,-14.753322752738574,-14.753322752738574,-14.753322752738574,93.7839220746086,0.0,0.0
2.2519999999999736,-14.753322752738628,-14.753322752738628,-14.753322752738628,93.78392207460857,0.0,0.0
2.2539999999999734,-14.753322752738754,-14.753322752738754,-14.753322752738754,93.78392207460891,0.0,0.0
2.255999999999973,-14.753322752738784,-14.753322752738784,-14.753322752738784,93.78392207460972,0.0,0.0
2.257999999999973,-14.753322752738773,-14.753322752738773,-14.753322752738773,93.7839220746099,0.0,0.0
2.2599999999999727,-14.753322752738725,-14.753322752738725,-14.753322752738725,93.78392207460983,0.0,0.0
2.2619999999999725,-14.753322752738624,-14.753322752738624,-14.753322752738624,93.78392207460954,0.0,0.0
2.2639999999999723,-14.753322752738594,-14.753322752738594,-14.753322752738594,93.7839220746089,0.0,0.0
2.265999999999972,-14.753322752738503,-14.753322752738503,-14.753322752738503,93.7839220746087,0.0,0.0
2.267999999999972,-14.753322752738475,-14.753322752738475,-14.753322752738475,93.78392207460811,0.0,0.0
2.2699999999999716,-14.75332275273854,-14.75332275273854,-14.75332275273854,93.78392207460794,0.0,0.0
2.2719999999999714,-14.753322752738546,-14.753322752738546,-14.753322752738546,93.78392207460836,0.0,0.0
2.273999999999971,-14.753322752738491,-14.753322752738491,-14.753322752738491,93.7839220746084,0.0,0.0
2.275999999999971,-14.753322752738496,-14.753322752738496,-14.753322752738496,93.78392207460804,0.0,0.0
2.2779999999999707,-14.753322752738564,-14.753322752738564,-14.753322752738564,93.78392207460807,0.0,0.0
2.2799999999999705,-14.753322752738706,-14.753322752738706,-14.753322752738706,93.7839220746085,0.0,0.0
2.2819999999999703,-14.75332275273875,-14.75332275273875,-14.75332275273875,93.7839220746094,0.0,0.0
2.28399999999997,-14.753322752738757,-14.753322752738757,-14.753322752738757,93.78392207460969,0.0,0.0
2.28599999999997,-14.753322752738667,-14.753322752738667,-14.753322752738667,93.78392207460973,0.0,0.0
2.2879999999999696,-14.75332275273869,-14.75332275273869,-14.75332275273869,93.78392207460917,0.0,0.0
2.2899999999999694,-14.75332275273877,-14.75332275273877,-14.75332275273877,93.78392207460931,0.0,0.0
2.291999999999969,-14.753322752738821,-14.753322752738821,-14.753322752738821,93.78392207460982,0.0,0.0
2.293999999999969,-14.753322752738834,-14.753322752738834,-14.753322752738834,93.78392207461015,0.0,0.0
2.2959999999999687,-14.753322752738816,-14.753322752738816,-14.753322752738816,93.78392207461022,0.0,0.0
2.2979999999999685,-14.75332275273876,-14.75332275273876,-14.75332275273876,93.78392207461012,0.0,0.0
2.2999999999999683,-14.753322752738676,-14.753322752738676,-14.753322752738676,93.78392207460975,0.0,0.0
2.301999999999968,-14.753322752738661,-14.753322752738661,-14.753322752738661,93.78392207460922,0.0,0.0
2.303999999999968,-14.75332275273861,-14.75332275273861,-14.75332275273861,93.78392207460914,0.0,0.0
2.3059999999999676,-14.753322752738631,-14.753322752738631,-14.753322752738631,93.7839220746088,0.0,0.0
2.3079999999999674,-14.753322752738724,-14.753322752738724,-14.753322752738724,93.78392207460894,0.0,0.0
2.309999999999967,-14.753322752738763,-14.753322752738763,-14.753322752738763,93.78392207460952,0.0,0.0
2.311999999999967,-14.753322752738706,-14.753322752738706,-14.753322752738706,93.78392207460978,0.0,0.0
2.3139999999999668,-14.75332275273876,-14.75332275273876,-14.75332275273876,93.7839220746094,0.0,0.0
2.3159999999999665,-14.75332275273887,-14.75332275273887,-14.75332275273887,93.78392207460975,0.0,0.0
2.3179999999999663,-14.75332275273889,-14.75332275273889,-14.75332275273889,93.78392207461044,0.0,0.0
2.319999999999966,-14.75332275273899,-14.75332275273899,-14.75332275273899,93.78392207461059,0.0,0.0
2.321999999999966,-14.753322752739013,-14.753322752739013,-14.753322752739013,93.78392207461121,0.0,0.0
2.3239999999999656,-14.753322752738958,-14.753322752738958,-14.753322752738958,93.78392207461135,0.0,0.0
2.3259999999999654,-14.753322752738876,-14.753322752738876,-14.753322752738876,93.78392207461101,0.0,0.0
2.327999999999965,-14.753322752738779,-14.753322752738779,-14.753322752738779,93.78392207461049,0.0,0.0
2.329999999999965,-14.753322752738764,-14.753322752738764,-14.753322752738764,93.78392207460988,0.0,0.0
2.3319999999999648,-14.753322752738834,-14.753322752738834,-14.753322752738834,93.78392207460978,0.0,0.0
2.3339999999999645,-14.753322752738864,-14.753322752738864,-14.753322752738864,93.78392207461022,0.0,0.0
2.3359999999999643,-14.753322752738852,-14.753322752738852,-14.753322752738852,93.78392207461042,0.0,0.0
2.337999999999964,-14.753322752738905,-14.753322752738905,-14.753322752738905,93.78392207461033,0.0,0.0
2.339999999999964,-14.753322752739036,-14.753322752739036,-14.753322752739036,93.78392207461067,0.0,0.0
2.3419999999999637,-14.753322752739136,-14.753322752739136,-14.753322752739136,93.78392207461151,0.0,0.0
2.3439999999999634,-14.75332275273917,-14.75332275273917,-14.75332275273917,93.78392207461214,0.0,0.0
2.3459999999999632,-14.753322752739049,-14.753322752739049,-14.753322752739049,93.78392207461235,0.0,0.0
2.347999999999963,-14.753322752739031,-14.753322752739031,-14.753322752739031,93.7839220746116,0.0,0.0
2.349999999999963,-14.753322752739088,-14.753322752739088,-14.753322752739088,93.78392207461147,0.0,0.0
2.3519999999999626,-14.753322752739123,-14.753322752739123,-14.753322752739123,93.78392207461184,0.0,0.0
2.3539999999999623,-14.753322752739141,-14.753322752739141,-14.753322752739141,93.78392207461206,0.0,0.0
2.355999999999962,-14.753322752739255,-14.753322752739255,-14.753322752739255,93.78392207461218,0.0,0.0
2.357999999999962,-14.753322752739315,-14.753322752739315,-14.753322752739315,93.7839220746129,0.0,0.0
2.3599999999999617,-14.753322752739317,-14.753322752739317,-14.753322752739317,93.78392207461327,0.0,0.0
2.3619999999999615,-14.75332275273926,-14.75332275273926,-14.75332275273926,93.78392207461329,0.0,0.0
2.3639999999999612,-14.753322752739152,-14.753322752739152,-14.753322752739152,93.78392207461293,0.0,0.0
2.365999999999961,-14.75332275273914,-14.75332275273914,-14.75332275273914,93.78392207461224,0.0,0.0
2.367999999999961,-14.753322752739106,-14.753322752739106,-14.753322752739106,93.78392207461216,0.0,0.0
2.3699999999999606,-14.75332275273901,-14.75332275273901,-14.75332275273901,93.78392207461195,0.0,0.0
2.3719999999999604,-14.753322752739004,-14.753322752739004,-14.753322752739004,93.78392207461134,0.0,0.0
2.37399999999996,-14.753322752738992,-14.753322752738992,-14.753322752738992,93.7839220746113,0.0,0.0
2.37599999999996,-14.753322752738974,-14.753322752738974,-14.753322752738974,93.78392207461123,0.0,0.0
2.3779999999999597,-14.753322752739045,-14.753322752739045,-14.753322752739045,93.78392207461111,0.0,0.0
2.3799999999999595,-14.753322752739098,-14.753322752739098,-14.753322752739098,93.78392207461157,0.0,0.0
2.3819999999999593,-14.753322752739086,-14.753322752739086,-14.753322752739086,93.7839220746119,0.0,0.0
2.383999999999959,-14.753322752739173,-14.753322752739173,-14.753322752739173,93.78392207461182,0.0,0.0
2.385999999999959,-14.75332275273919,-14.75332275273919,-14.75332275273919,93.78392207461238,0.0,0.0
2.3879999999999586,-14.75332275273931,-14.75332275273931,-14.75332275273931,93.78392207461249,0.0,0.0
2.3899999999999584,-14.753322752739416,-14.753322752739416,-14.753322752739416,93.78392207461324,0.0,0.0
2.391999999999958,-14.753322752739477,-14.753322752739477,-14.753322752739477,93.78392207461393,0.0,0.0
2.393999999999958,-14.753322752739491,-14.753322752739491,-14.753322752739491,93.78392207461431,0.0,0.0
2.3959999999999577,-14.753322752739502,-14.753322752739502,-14.753322752739502,93.78392207461441,0.0,0.0
2.3979999999999575,-14.753322752739479,-14.753322752739479,-14.753322752739479,93.78392207461447,0.0,0.0
2.3999999999999573,-14.753322752739408,-14.753322752739408,-14.753322752739408,93.78392207461432,0.0,0.0
2.401999999999957,-14.753322752739336,-14.753322752739336,-14.753322752739336,93.78392207461387,0.0,0.0
2.403999999999957,-14.753322752739267,-14.753322752739267,-14.753322752739267,93.78392207461341,0.0,0.0
2.4059999999999566,-14.753322752739308,-14.753322752739308,-14.753322752739308,93.78392207461297,0.0,0.0
2.4079999999999564,-14.753322752739361,-14.753322752739361,-14.753322752739361,93.78392207461323,0.0,0.0
2.409999999999956,-14.753322752739416,-14.753322752739416,-14.753322752739416,93.78392207461357,0.0,0.0
2.411999999999956,-14.753322752739471,-14.753322752739471,-14.753322752739471,93.78392207461393,0.0,0.0
2.4139999999999557,-14.753322752739363,-14.753322752739363,-14.753322752739363,93.78392207461427,0.0,0.0
2.4159999999999555,-14.753322752739127,-14.753322752739127,-14.753322752739127,93.78392207461359,0.0,0.0
2.4179999999999553,-14.753322752738994,-14.753322752738994,-14.753322752738994,93.7839220746121,0.0,0.0
2.419999999999955,-14.753322752738784,-14.753322752738784,-14.753322752738784,93.78392207461124,0.0,0.0
2.421999999999955,-14.753322752738681,-14.753322752738681,-14.753322752738681,93.7839220746099,0.0,0.0
2.4239999999999546,-14.753322752738692,-14.753322752738692,-14.753322752738692,93.78392207460925,0.0,0.0
2.4259999999999544,-14.75332275273876,-14.75332275273876,-14.75332275273876,93.78392207460932,0.0,0.0
2.427999999999954,-14.75332275273891,-14.75332275273891,-14.75332275273891,93.78392207460975,0.0,0.0
2.429999999999954,-14.753322752739043,-14.753322752739043,-14.753322752739043,93.78392207461071,0.0,0.0
2.4319999999999538,-14.753322752739145,-14.753322752739145,-14.753322752739145,93.78392207461155,0.0,0.0
2.4339999999999535,-14.753322752739225,-14.753322752739225,-14.753322752739225,93.78392207461219,0.0,0.0
2.4359999999999533,-14.75332275273925,-14.75332275273925,-14.75332275273925,93.7839220746127,0.0,0.0
2.437999999999953,-14.75332275273937,-14.75332275273937,-14.75332275273937,93.78392207461286,0.0,0.0
2.439999999999953,-14.753322752739335,-14.753322752739335,-14.753322752739335,93.78392207461363,0.0,0.0
2.4419999999999527,-14.753322752739255,-14.753322752739255,-14.753322752739255,93.78392207461341,0.0,0.0
2.4439999999999524,-14.753322752739134,-14.753322752739134,-14.753322752739134,93.7839220746129,0.0,0.0
2.445999999999952,-14.753322752739004,-14.753322752739004,-14.753322752739004,93.78392207461214,0.0,0.0
2.447999999999952,-14.753322752738963,-14.753322752738963,-14.753322752738963,93.7839220746113,0.0,0.0
2.4499999999999518,-14.753322752739017,-14.753322752739017,-14.753322752739017,93.78392207461106,0.0,0.0
2.4519999999999516,-14.753322752738992,-14.753322752738992,-14.753322752738992,93.78392207461138,0.0,0.0
2.4539999999999513,-14.753322752738951,-14.753322752738951,-14.753322752738951,93.78392207461123,0.0,0.0
2.455999999999951,-14.753322752738832,-14.753322752738832,-14.753322752738832,93.78392207461096,0.0,0.0
2.457999999999951,-14.753322752738837,-14.753322752738837,-14.753322752738837,93.78392207461022,0.0,0.0
2.4599999999999507,-14.753322752738757,-14.753322752738757,-14.753322752738757,93.78392207461025,0.0,0.0
2.4619999999999505,-14.753322752738757,-14.753322752738757,-14.753322752738757,93.78392207460973,0.0,0.0
2.4639999999999502,-14.753322752738706,-14.753322752738706,-14.753322752738706,93.78392207460973,0.0,0.0
2.46599999999995,-14.753322752738724,-14.753322752738724,-14.753322752738724,93.7839220746094,0.0,0.0
2.46799999999995,-14.753322752738688,-14.753322752738688,-14.753322752738688,93.78392207460952,0.0,0.0
2.4699999999999496,-14.753322752738727,-14.753322752738727,-14.753322752738727,93.7839220746093,0.0,0.0
2.4719999999999493,-14.75332275273882,-14.75332275273882,-14.75332275273882,93.78392207460954,0.0,0.0
2.473999999999949,-14.753322752738827,-14.753322752738827,-14.753322752738827,93.78392207461013,0.0,0.0
2.475999999999949,-14.753322752738914,-14.753322752738914,-14.753322752738914,93.78392207461017,0.0,0.0
2.4779999999999487,-14.753322752738958,-14.753322752738958,-14.753322752738958,93.78392207461073,0.0,0.0
2.4799999999999485,-14.753322752739091,-14.753322752739091,-14.753322752739091,93.78392207461101,0.0,0.0
2.4819999999999482,-14.753322752739312,-14.753322752739312,-14.753322752739312,93.78392207461185,0.0,0.0
2.483999999999948,-14.753322752739475,-14.753322752739475,-14.753322752739475,93.78392207461326,0.0,0.0
2.485999999999948,-14.753322752739503,-14.753322752739503,-14.753322752739503,93.7839220746143,0.0,0.0
2.4879999999999476,-14.753322752739544,-14.753322752739544,-14.753322752739544,93.78392207461448,0.0,0.0
2.4899999999999474,-14.753322752739594,-14.753322752739594,-14.753322752739594,93.78392207461474,0.0,0.0
2.491999999999947,-14.753322752739608,-14.753322752739608,-14.753322752739608,93.78392207461505,0.0,0.0
2.493999999999947,-14.753322752739749,-14.753322752739749,-14.753322752739749,93.78392207461515,0.0,0.0
2.4959999999999467,-14.753322752739862,-14.753322752739862,-14.753322752739862,93.78392207461603,0.0,0.0
2.4979999999999465,-14.753322752740004,-14.753322752740004,-14.753322752740004,93.78392207461677,0.0,0.0
2.4999999999999463,-14.753322752740056,-14.753322752740056,-14.753322752740056,93.78392207461766,0.0,0.0
2.501999999999946,-14.75332275274004,-14.75332275274004,-14.75332275274004,93.78392207461799,0.0,0.0
2.503999999999946,-14.753322752740017,-14.753322752740017,-14.753322752740017,93.78392207461789,0.0,0.0
2.5059999999999456,-14.753322752739875,-14.753322752739875,-14.753322752739875,93.78392207461775,0.0,0.0
2.5079999999999454,-14.753322752739717,-14.753322752739717,-14.753322752739717,93.78392207461684,0.0,0.0
2.509999999999945,-14.75332275273958,-14.75332275273958,-14.75332275273958,93.78392207461583,0.0,0.0
2.511999999999945,-14.753322752739477,-14.753322752739477,-14.753322752739477,93.78392207461496,0.0,0.0
2.5139999999999447,-14.7533227527394,-14.7533227527394,-14.7533227527394,93.78392207461431,0.0,0.0
2.5159999999999445,-14.753322752739322,-14.753322752739322,-14.753322752739322,93.78392207461381,0.0,0.0
2.5179999999999443,-14.75332275273934,-14.75332275273934,-14.75332275273934,93.78392207461332,0.0,0.0
2.519999999999944,-14.753322752739303,-14.753322752739303,-14.753322752739303,93.78392207461344,0.0,0.0
2.521999999999944,-14.753322752739376,-14.753322752739376,-14.753322752739376,93.7839220746132,0.0,0.0
2.5239999999999436,-14.753322752739402,-14.753322752739402,-14.753322752739402,93.78392207461367,0.0,0.0
2.5259999999999434,-14.75332275273943,-14.75332275273943,-14.75332275273943,93.78392207461384,0.0,0.0
2.527999999999943,-14.753322752739457,-14.753322752739457,-14.753322752739457,93.78392207461401,0.0,0.0
2.529999999999943,-14.75332275273935,-14.75332275273935,-14.75332275273935,93.78392207461418,0.0,0.0
2.5319999999999427,-14.753322752739248,-14.753322752739248,-14.753322752739248,93.78392207461351,0.0,0.0
2.5339999999999425,-14.753322752739253,-14.753322752739253,-14.753322752739253,93.78392207461285,0.0,0.0
2.5359999999999423,-14.753322752739201,-14.753322752739201,-14.753322752739201,93.78392207461287,0.0,0.0
2.537999999999942,-14.75332275273917,-14.75332275273917,-14.75332275273917,93.78392207461256,0.0,0.0
2.539999999999942,-14.753322752739068,-14.753322752739068,-14.753322752739068,93.78392207461235,0.0,0.0
2.5419999999999416,-14.753322752738951,-14.753322752738951,-14.753322752738951,93.78392207461171,0.0,0.0
2.5439999999999414,-14.753322752738827,-14.753322752738827,-14.753322752738827,93.78392207461096,0.0,0.0
2.545999999999941,-14.753322752738784,-14.753322752738784,-14.753322752738784,93.78392207461017,0.0,0.0
2.547999999999941,-14.753322752738809,-14.753322752738809,-14.753322752738809,93.7839220746099,0.0,0.0
2.5499999999999408,-14.753322752738747,-14.753322752738747,-14.753322752738747,93.78392207461006,0.0,0.0
2.5519999999999405,-14.753322752738754,-14.753322752738754,-14.753322752738754,93.78392207460968,0.0,0.0
2.5539999999999403,-14.753322752738734,-14.753322752738734,-14.753322752738734,93.78392207460972,0.0,0.0
2.55599999999994,-14.753322752738686,-14.753322752738686,-14.753322752738686,93.78392207460958,0.0,0.0
2.55799999999994,-14.75332275273871,-14.75332275273871,-14.75332275273871,93.78392207460928,0.0,0.0
2.5599999999999397,-14.753322752738816,-14.753322752738816,-14.753322752738816,93.78392207460944,0.0,0.0
2.5619999999999394,-14.753322752738885,-14.753322752738885,-14.753322752738885,93.78392207461012,0.0,0.0
2.563999999999939,-14.75332275273892,-14.75332275273892,-14.75332275273892,93.78392207461054,0.0,0.0
2.565999999999939,-14.753322752739047,-14.753322752739047,-14.753322752739047,93.78392207461077,0.0,0.0
2.5679999999999388,-14.753322752739097,-14.753322752739097,-14.753322752739097,93.78392207461158,0.0,0.0
2.5699999999999386,-14.753322752739244,-14.753322752739244,-14.753322752739244,93.7839220746119,0.0,0.0
2.5719999999999383,-14.753322752739264,-14.753322752739264,-14.753322752739264,93.78392207461283,0.0,0.0
2.573999999999938,-14.753322752739397,-14.753322752739397,-14.753322752739397,93.78392207461296,0.0,0.0
2.575999999999938,-14.753322752739399,-14.753322752739399,-14.753322752739399,93.7839220746138,0.0,0.0
2.5779999999999377,-14.75332275273941,-14.75332275273941,-14.75332275273941,93.78392207461381,0.0,0.0
2.5799999999999375,-14.753322752739377,-14.753322752739377,-14.753322752739377,93.78392207461388,0.0,0.0
2.5819999999999372,-14.7533227527393,-14.7533227527393,-14.7533227527393,93.78392207461367,0.0,0.0
2.583999999999937,-14.753322752739152,-14.753322752739152,-14.753322752739152,93.78392207461317,0.0,0.0
2.585999999999937,-14.753322752739091,-14.753322752739091,-14.753322752739091,93.78392207461224,0.0,0.0
2.5879999999999366,-14.753322752739145,-14.753322752739145,-14.753322752739145,93.78392207461185,0.0,0.0
2.5899999999999364,-14.753322752739203,-14.753322752739203,-14.753322752739203,93.78392207461219,0.0,0.0
2.591999999999936,-14.753322752739207,-14.753322752739207,-14.753322752739207,93.78392207461258,0.0,0.0
2.593999999999936,-14.753322752739216,-14.753322752739216,-14.753322752739216,93.78392207461259,0.0,0.0
2.5959999999999357,-14.753322752739098,-14.753322752739098,-14.753322752739098,93.78392207461265,0.0,0.0
2.5979999999999355,-14.753322752739068,-14.753322752739068,-14.753322752739068,93.7839220746119,0.0,0.0
2.5999999999999353,-14.75332275273914,-14.75332275273914,-14.75332275273914,93.78392207461171,0.0,0.0
2.601999999999935,-14.753322752739187,-14.753322752739187,-14.753322752739187,93.78392207461216,0.0,0.0
2.603999999999935,-14.753322752739084,-14.753322752739084,-14.753322752739084,93.78392207461248,0.0,0.0
2.6059999999999346,-14.75332275273896,-14.75332275273896,-14.75332275273896,93.78392207461181,0.0,0.0
2.6079999999999344,-14.753322752738821,-14.753322752738821,-14.753322752738821,93.78392207461103,0.0,0.0
2.609999999999934,-14.753322752738656,-14.753322752738656,-14.753322752738656,93.78392207461015,0.0,0.0
2.611999999999934,-14.753322752738546,-14.753322752738546,-14.753322752738546,93.78392207460908,0.0,0.0
2.6139999999999337,-14.753322752738496,-14.753322752738496,-14.753322752738496,93.7839220746084,0.0,0.0
2.6159999999999335,-14.753322752738507,-14.753322752738507,-14.753322752738507,93.78392207460807,0.0,0.0
2.6179999999999333,-14.75332275273858,-14.75332275273858,-14.75332275273858,93.78392207460814,0.0,0.0
2.619999999999933,-14.753322752738727,-14.753322752738727,-14.753322752738727,93.7839220746086,0.0,0.0
2.621999999999933,-14.753322752738763,-14.753322752738763,-14.753322752738763,93.78392207460954,0.0,0.0
2.6239999999999326,-14.753322752738747,-14.753322752738747,-14.753322752738747,93.78392207460978,0.0,0.0
2.6259999999999324,-14.753322752738812,-14.753322752738812,-14.753322752738812,93.78392207460968,0.0,0.0
2.627999999999932,-14.753322752738958,-14.753322752738958,-14.753322752738958,93.78392207461009,0.0,0.0
2.629999999999932,-14.753322752739026,-14.753322752739026,-14.753322752739026,93.78392207461101,0.0,0.0
2.6319999999999317,-14.753322752739075,-14.753322752739075,-14.753322752739075,93.78392207461144,0.0,0.0
2.6339999999999315,-14.753322752739106,-14.753322752739106,-14.753322752739106,93.78392207461175,0.0,0.0
2.6359999999999313,-14.753322752739116,-14.753322752739116,-14.753322752739116,93.78392207461195,0.0,0.0
2.637999999999931,-14.753322752739106,-14.753322752739106,-14.753322752739106,93.78392207461202,0.0,0.0
2.639999999999931,-14.753322752739033,-14.753322752739033,-14.753322752739033,93.78392207461195,0.0,0.0
2.6419999999999306,-14.753322752739061,-14.753322752739061,-14.753322752739061,93.78392207461148,0.0,0.0
2.6439999999999304,-14.75332275273919,-14.75332275273919,-14.75332275273919,93.78392207461167,0.0,0.0
2.64599999999993,-14.753322752739326,-14.753322752739326,-14.753322752739326,93.78392207461249,0.0,0.0
2.64799999999993,-14.75332275273933,-14.75332275273933,-14.75332275273933,93.78392207461334,0.0,0.0
2.6499999999999297,-14.753322752739322,-14.753322752739322,-14.753322752739322,93.78392207461337,0.0,0.0
2.6519999999999295,-14.75332275273923,-14.75332275273923,-14.75332275273923,93.78392207461332,0.0,0.0
2.6539999999999293,-14.753322752739155,-14.753322752739155,-14.753322752739155,93.78392207461273,0.0,0.0
2.655999999999929,-14.753322752739058,-14.753322752739058,-14.753322752739058,93.78392207461226,0.0,0.0
2.657999999999929,-14.753322752739036,-14.753322752739036,-14.753322752739036,93.78392207461165,0.0,0.0
2.6599999999999286,-14.753322752738985,-14.753322752738985,-14.753322752738985,93.78392207461151,0.0,0.0
2.6619999999999284,-14.753322752738928,-14.753322752738928,-14.753322752738928,93.78392207461118,0.0,0.0
2.663999999999928,-14.75332275273896,-14.75332275273896,-14.75332275273896,93.78392207461081,0.0,0.0
2.665999999999928,-14.753322752739125,-14.753322752739125,-14.753322752739125,93.78392207461103,0.0,0.0
2.6679999999999278,-14.753322752739269,-14.753322752739269,-14.753322752739269,93.78392207461208,0.0,0.0
2.6699999999999275,-14.753322752739356,-14.753322752739356,-14.753322752739356,93.78392207461299,0.0,0.0
2.6719999999999273,-14.75332275273927,-14.75332275273927,-14.75332275273927,93.78392207461354,0.0,0.0
2.673999999999927,-14.753322752739145,-14.753322752739145,-14.753322752739145,93.783922074613,0.0,0.0
2.675999999999927,-14.753322752738997,-14.753322752738997,-14.753322752738997,93.78392207461219,0.0,0.0
2.6779999999999267,-14.753322752738983,-14.753322752738983,-14.753322752738983,93.78392207461125,0.0,0.0
2.6799999999999264,-14.753322752738951,-14.753322752738951,-14.753322752738951,93.78392207461117,0.0,0.0
2.681999999999926,-14.7533227527389,-14.7533227527389,-14.7533227527389,93.78392207461096,0.0,0.0
2.683999999999926,-14.753322752738836,-14.753322752738836,-14.753322752738836,93.78392207461064,0.0,0.0
2.685999999999926,-14.753322752738837,-14.753322752738837,-14.753322752738837,93.78392207461023,0.0,0.0
2.6879999999999256,-14.7533227527388,-14.7533227527388,-14.7533227527388,93.78392207461025,0.0,0.0
2.6899999999999253,-14.75332275273884,-14.75332275273884,-14.75332275273884,93.78392207461,0.0,0.0
2.691999999999925,-14.753322752738796,-14.753322752738796,-14.753322752738796,93.78392207461027,0.0,0.0
2.693999999999925,-14.753322752738713,-14.753322752738713,-14.753322752738713,93.78392207460998,0.0,0.0
2.6959999999999247,-14.753322752738578,-14.753322752738578,-14.753322752738578,93.78392207460945,0.0,0.0
2.6979999999999245,-14.753322752738548,-14.753322752738548,-14.753322752738548,93.7839220746086,0.0,0.0
2.6999999999999242,-14.753322752738594,-14.753322752738594,-14.753322752738594,93.7839220746084,0.0,0.0
2.701999999999924,-14.753322752738534,-14.753322752738534,-14.753322752738534,93.7839220746087,0.0,0.0
2.703999999999924,-14.753322752738576,-14.753322752738576,-14.753322752738576,93.78392207460831,0.0,0.0
2.7059999999999236,-14.753322752738677,-14.753322752738677,-14.753322752738677,93.78392207460858,0.0,0.0
2.7079999999999234,-14.753322752738837,-14.753322752738837,-14.753322752738837,93.78392207460924,0.0,0.0
2.709999999999923,-14.753322752738956,-14.753322752738956,-14.753322752738956,93.78392207461025,0.0,0.0
2.711999999999923,-14.753322752739068,-14.753322752739068,-14.753322752739068,93.783922074611,0.0,0.0
2.7139999999999227,-14.753322752739162,-14.753322752739162,-14.753322752739162,93.78392207461171,0.0,0.0
2.7159999999999225,-14.753322752739104,-14.753322752739104,-14.753322752739104,93.7839220746123,0.0,0.0
2.7179999999999223,-14.75332275273898,-14.75332275273898,-14.75332275273898,93.78392207461194,0.0,0.0
2.719999999999922,-14.753322752738852,-14.753322752738852,-14.753322752738852,93.78392207461116,0.0,0.0
2.721999999999922,-14.753322752738802,-14.753322752738802,-14.753322752738802,93.78392207461033,0.0,0.0
2.7239999999999216,-14.753322752738724,-14.753322752738724,-14.753322752738724,93.78392207461002,0.0,0.0
2.7259999999999214,-14.753322752738606,-14.753322752738606,-14.753322752738606,93.78392207460952,0.0,0.0
2.727999999999921,-14.753322752738566,-14.753322752738566,-14.753322752738566,93.78392207460878,0.0,0.0
2.729999999999921,-14.753322752738626,-14.753322752738626,-14.753322752738626,93.78392207460851,0.0,0.0
2.7319999999999207,-14.753322752738624,-14.753322752738624,-14.753322752738624,93.7839220746089,0.0,0.0
2.7339999999999205,-14.753322752738692,-14.753322752738692,-14.753322752738692,93.7839220746089,0.0,0.0
2.7359999999999203,-14.753322752738816,-14.753322752738816,-14.753322752738816,93.78392207460932,0.0,0.0
2.73799999999992,-14.75332275273901,-14.75332275273901,-14.75332275273901,93.78392207461012,0.0,0.0
2.73999999999992,-14.753322752739026,-14.753322752739026,-14.753322752739026,93.78392207461134,0.0,0.0
2.7419999999999196,-14.753322752738963,-14.753322752738963,-14.753322752738963,93.78392207461144,0.0,0.0
2.7439999999999194,-14.753322752738885,-14.753322752738885,-14.753322752738885,93.78392207461106,0.0,0.0
2.745999999999919,-14.753322752738885,-14.753322752738885,-14.753322752738885,93.78392207461056,0.0,0.0
2.747999999999919,-14.753322752738976,-14.753322752738976,-14.753322752738976,93.78392207461056,0.0,0.0
2.7499999999999187,-14.753322752739024,-14.753322752739024,-14.753322752739024,93.78392207461113,0.0,0.0
2.7519999999999185,-14.753322752739038,-14.753322752739038,-14.753322752739038,93.78392207461143,0.0,0.0
2.7539999999999183,-14.753322752739129,-14.753322752739129,-14.753322752739129,93.78392207461152,0.0,0.0
2.755999999999918,-14.753322752739154,-14.753322752739154,-14.753322752739154,93.7839220746121,0.0,0.0
2.757999999999918,-14.75332275273911,-14.75332275273911,-14.75332275273911,93.78392207461225,0.0,0.0
2.7599999999999176,-14.753322752739004,-14.753322752739004,-14.753322752739004,93.783922074612,0.0,0.0
2.7619999999999174,-14.75332275273882,-14.75332275273882,-14.75332275273882,93.7839220746113,0.0,0.0
2.763999999999917,-14.75332275273873,-14.75332275273873,-14.75332275273873,93.78392207461013,0.0,0.0
2.765999999999917,-14.753322752738613,-14.753322752738613,-14.753322752738613,93.78392207460956,0.0,0.0
2.7679999999999167,-14.753322752738598,-14.753322752738598,-14.753322752738598,93.78392207460882,0.0,0.0
2.7699999999999165,-14.753322752738548,-14.753322752738548,-14.753322752738548,93.78392207460872,0.0,0.0
2.7719999999999163,-14.75332275273856,-14.75332275273856,-14.75332275273856,93.7839220746084,0.0,0.0
2.773999999999916,-14.753322752738619,-14.753322752738619,-14.753322752738619,93.78392207460848,0.0,0.0
2.775999999999916,-14.753322752738615,-14.753322752738615,-14.753322752738615,93.78392207460885,0.0,0.0
2.7779999999999156,-14.75332275273867,-14.75332275273867,-14.75332275273867,93.78392207460884,0.0,0.0
2.7799999999999154,-14.753322752738796,-14.753322752738796,-14.753322752738796,93.78392207460918,0.0,0.0
2.781999999999915,-14.753322752738988,-14.753322752738988,-14.753322752738988,93.78392207460998,0.0,0.0
2.783999999999915,-14.753322752739269,-14.753322752739269,-14.753322752739269,93.7839220746112,0.0,0.0
2.7859999999999148,-14.753322752739539,-14.753322752739539,-14.753322752739539,93.78392207461299,0.0,0.0
2.7879999999999145,-14.753322752739646,-14.753322752739646,-14.753322752739646,93.7839220746147,0.0,0.0
2.7899999999999143,-14.753322752739727,-14.753322752739727,-14.753322752739727,93.78392207461539,0.0,0.0
2.791999999999914,-14.753322752739669,-14.753322752739669,-14.753322752739669,93.7839220746159,0.0,0.0
2.793999999999914,-14.75332275273963,-14.75332275273963,-14.75332275273963,93.78392207461553,0.0,0.0
2.7959999999999137,-14.753322752739615,-14.753322752739615,-14.753322752739615,93.78392207461529,0.0,0.0
2.7979999999999134,-14.75332275273962,-14.75332275273962,-14.75332275273962,93.78392207461519,0.0,0.0
2.7999999999999132,-14.753322752739502,-14.753322752739502,-14.753322752739502,93.78392207461522,0.0,0.0
2.801999999999913,-14.753322752739335,-14.753322752739335,-14.753322752739335,93.78392207461447,0.0,0.0
2.803999999999913,-14.753322752739276,-14.753322752739276,-14.753322752739276,93.78392207461341,0.0,0.0
2.8059999999999126,-14.753322752739315,-14.753322752739315,-14.753322752739315,93.78392207461303,0.0,0.0
2.8079999999999123,-14.753322752739354,-14.753322752739354,-14.753322752739354,93.78392207461327,0.0,0.0
2.809999999999912,-14.75332275273935,-14.75332275273935,-14.75332275273935,93.78392207461353,0.0,0.0
2.811999999999912,-14.753322752739347,-14.753322752739347,-14.753322752739347,93.78392207461351,0.0,0.0
2.8139999999999117,-14.753322752739216,-14.753322752739216,-14.753322752739216,93.78392207461349,0.0,0.0
2.8159999999999115,-14.753322752739031,-14.753322752739031,-14.753322752739031,93.78392207461265,0.0,0.0
2.8179999999999112,-14.753322752738946,-14.753322752738946,-14.753322752738946,93.78392207461147,0.0,0.0
2.819999999999911,-14.753322752738939,-14.753322752738939,-14.753322752738939,93.78392207461093,0.0,0.0
2.821999999999911,-14.753322752738915,-14.753322752738915,-14.753322752738915,93.78392207461089,0.0,0.0
2.8239999999999106,-14.753322752738983,-14.753322752738983,-14.753322752738983,93.78392207461074,0.0,0.0
2.8259999999999104,-14.75332275273914,-14.75332275273914,-14.75332275273914,93.78392207461117,0.0,0.0
2.82799999999991,-14.75332275273923,-14.75332275273923,-14.75332275273923,93.78392207461216,0.0,0.0
2.82999999999991,-14.753322752739166,-14.753322752739166,-14.753322752739166,93.78392207461273,0.0,0.0
2.8319999999999097,-14.753322752739033,-14.753322752739033,-14.753322752739033,93.78392207461233,0.0,0.0
2.8339999999999095,-14.753322752738994,-14.753322752738994,-14.753322752738994,93.7839220746115,0.0,0.0
2.8359999999999093,-14.753322752739042,-14.753322752739042,-14.753322752739042,93.78392207461124,0.0,0.0
2.837999999999909,-14.753322752739072,-14.753322752739072,-14.753322752739072,93.78392207461155,0.0,0.0
2.839999999999909,-14.753322752739036,-14.753322752739036,-14.753322752739036,93.78392207461174,0.0,0.0
2.8419999999999086,-14.753322752739079,-14.753322752739079,-14.753322752739079,93.78392207461151,0.0,0.0
2.8439999999999084,-14.753322752739207,-14.753322752739207,-14.753322752739207,93.78392207461178,0.0,0.0
2.845999999999908,-14.753322752739281,-14.753322752739281,-14.753322752739281,93.78392207461259,0.0,0.0
2.847999999999908,-14.75332275273937,-14.75332275273937,-14.75332275273937,93.78392207461307,0.0,0.0
2.8499999999999077,-14.753322752739413,-14.753322752739413,-14.753322752739413,93.78392207461363,0.0,0.0
2.8519999999999075,-14.75332275273941,-14.75332275273941,-14.75332275273941,93.78392207461391,0.0,0.0
2.8539999999999073,-14.753322752739276,-14.753322752739276,-14.753322752739276,93.78392207461388,0.0,0.0
2.855999999999907,-14.753322752739253,-14.753322752739253,-14.753322752739253,93.78392207461303,0.0,0.0
2.857999999999907,-14.753322752739217,-14.753322752739217,-14.753322752739217,93.78392207461287,0.0,0.0
2.8599999999999066,-14.753322752739281,-14.753322752739281,-14.753322752739281,93.78392207461266,0.0,0.0
2.8619999999999064,-14.753322752739333,-14.753322752739333,-14.753322752739333,93.78392207461307,0.0,0.0
2.863999999999906,-14.753322752739496,-14.753322752739496,-14.753322752739496,93.7839220746134,0.0,0.0
2.865999999999906,-14.753322752739624,-14.753322752739624,-14.753322752739624,93.78392207461444,0.0,0.0
2.8679999999999057,-14.75332275273969,-14.75332275273969,-14.75332275273969,93.78392207461525,0.0,0.0
2.8699999999999055,-14.753322752739713,-14.753322752739713,-14.753322752739713,93.78392207461566,0.0,0.0
2.8719999999999053,-14.753322752739601,-14.753322752739601,-14.753322752739601,93.78392207461582,0.0,0.0
2.873999999999905,-14.753322752739496,-14.753322752739496,-14.753322752739496,93.78392207461509,0.0,0.0
2.875999999999905,-14.753322752739523,-14.753322752739523,-14.753322752739523,93.78392207461444,0.0,0.0
2.8779999999999046,-14.753322752739573,-14.753322752739573,-14.753322752739573,93.7839220746146,0.0,0.0
2.8799999999999044,-14.753322752739587,-14.753322752739587,-14.753322752739587,93.78392207461492,0.0,0.0
2.881999999999904,-14.753322752739564,-14.753322752739564,-14.753322752739564,93.783922074615,0.0,0.0
2.883999999999904,-14.753322752739505,-14.753322752739505,-14.753322752739505,93.78392207461486,0.0,0.0
2.8859999999999038,-14.753322752739473,-14.753322752739473,-14.753322752739473,93.7839220746145,0.0,0.0
2.8879999999999035,-14.753322752739477,-14.753322752739477,-14.753322752739477,93.78392207461428,0.0,0.0
2.8899999999999033,-14.753322752739598,-14.753322752739598,-14.753322752739598,93.78392207461431,0.0,0.0
2.891999999999903,-14.753322752739725,-14.753322752739725,-14.753322752739725,93.78392207461508,0.0,0.0
2.893999999999903,-14.753322752739873,-14.753322752739873,-14.753322752739873,93.78392207461589,0.0,0.0
2.8959999999999027,-14.753322752739932,-14.753322752739932,-14.753322752739932,93.78392207461683,0.0,0.0
2.8979999999999024,-14.753322752739859,-14.753322752739859,-14.753322752739859,93.78392207461721,0.0,0.0
2.899999999999902,-14.753322752739816,-14.753322752739816,-14.753322752739816,93.78392207461674,0.0,0.0
2.901999999999902,-14.75332275273991,-14.75332275273991,-14.75332275273991,93.78392207461647,0.0,0.0
2.9039999999999018,-14.753322752739859,-14.753322752739859,-14.753322752739859,93.78392207461707,0.0,0.0
2.9059999999999016,-14.753322752739807,-14.753322752739807,-14.753322752739807,93.78392207461674,0.0,0.0
2.9079999999999013,-14.753322752739797,-14.753322752739797,-14.753322752739797,93.78392207461641,0.0,0.0
2.909999999999901,-14.753322752739674,-14.753322752739674,-14.753322752739674,93.78392207461634,0.0,0.0
2.911999999999901,-14.753322752739583,-14.753322752739583,-14.753322752739583,93.78392207461556,0.0,0.0
2.9139999999999007,-14.753322752739502,-14.753322752739502,-14.753322752739502,93.78392207461499,0.0,0.0
2.9159999999999004,-14.753322752739445,-14.753322752739445,-14.753322752739445,93.78392207461447,0.0,0.0
2.9179999999999002,-14.753322752739413,-14.753322752739413,-14.753322752739413,93.78392207461411,0.0,0.0
2.9199999999999,-14.753322752739383,-14.753322752739383,-14.753322752739383,93.78392207461391,0.0,0.0
2.9219999999999,-14.75332275273935,-14.75332275273935,-14.75332275273935,93.78392207461371,0.0,0.0
2.9239999999998996,-14.753322752739308,-14.753322752739308,-14.753322752739308,93.78392207461351,0.0,0.0
2.9259999999998993,-14.753322752739278,-14.753322752739278,-14.753322752739278,93.78392207461323,0.0,0.0
2.927999999999899,-14.753322752739239,-14.753322752739239,-14.753322752739239,93.78392207461305,0.0,0.0
2.929999999999899,-14.753322752739145,-14.753322752739145,-14.753322752739145,93.78392207461279,0.0,0.0
2.9319999999998987,-14.753322752739031,-14.753322752739031,-14.753322752739031,93.78392207461219,0.0,0.0
2.9339999999998985,-14.753322752739004,-14.753322752739004,-14.753322752739004,93.78392207461147,0.0,0.0
2.9359999999998982,-14.753322752738958,-14.753322752738958,-14.753322752738958,93.7839220746113,0.0,0.0
2.937999999999898,-14.753322752738944,-14.753322752738944,-14.753322752738944,93.78392207461101,0.0,0.0
2.939999999999898,-14.753322752738914,-14.753322752738914,-14.753322752738914,93.78392207461091,0.0,0.0
2.9419999999998976,-14.753322752738962,-14.753322752738962,-14.753322752738962,93.78392207461073,0.0,0.0
2.9439999999998974,-14.753322752739104,-14.753322752739104,-14.753322752739104,93.78392207461104,0.0,0.0
2.945999999999897,-14.753322752739178,-14.753322752739178,-14.753322752739178,93.78392207461194,0.0,0.0
2.947999999999897,-14.753322752739232,-14.753322752739232,-14.753322752739232,93.7839220746124,0.0,0.0
2.9499999999998967,-14.75332275273923,-14.75332275273923,-14.75332275273923,93.78392207461275,0.0,0.0
2.9519999999998965,-14.75332275273922,-14.75332275273922,-14.75332275273922,93.78392207461273,0.0,0.0
2.9539999999998963,-14.753322752739154,-14.753322752739154,-14.753322752739154,93.78392207461268,0.0,0.0
2.955999999999896,-14.753322752739106,-14.753322752739106,-14.753322752739106,93.78392207461225,0.0,0.0
2.957999999999896,-14.753322752739049,-14.753322752739049,-14.753322752739049,93.78392207461194,0.0,0.0
2.9599999999998956,-14.753322752738974,-14.753322752738974,-14.753322752738974,93.7839220746116,0.0,0.0
2.9619999999998954,-14.753322752738885,-14.753322752738885,-14.753322752738885,93.78392207461111,0.0,0.0
2.963999999999895,-14.753322752738915,-14.753322752738915,-14.753322752738915,93.78392207461054,0.0,0.0
2.965999999999895,-14.753322752739038,-14.753322752739038,-14.753322752739038,93.78392207461074,0.0,0.0
2.9679999999998947,-14.753322752739086,-14.753322752739086,-14.753322752739086,93.78392207461152,0.0,0.0
2.9699999999998945,-14.753322752739232,-14.753322752739232,-14.753322752739232,93.78392207461182,0.0,0.0
2.9719999999998943,-14.753322752739367,-14.753322752739367,-14.753322752739367,93.78392207461275,0.0,0.0
2.973999999999894,-14.753322752739502,-14.753322752739502,-14.753322752739502,93.78392207461361,0.0,0.0
2.975999999999894,-14.753322752739589,-14.753322752739589,-14.753322752739589,93.78392207461447,0.0,0.0
2.9779999999998936,-14.753322752739614,-14.753322752739614,-14.753322752739614,93.78392207461502,0.0,0.0
2.9799999999998934,-14.753322752739601,-14.753322752739601,-14.753322752739601,93.78392207461518,0.0,0.0
2.981999999999893,-14.753322752739598,-14.753322752739598,-14.753322752739598,93.78392207461509,0.0,0.0
2.983999999999893,-14.753322752739555,-14.753322752739555,-14.753322752739555,93.78392207461508,0.0,0.0
2.9859999999998927,-14.753322752739525,-14.753322752739525,-14.753322752739525,93.78392207461481,0.0,0.0
2.9879999999998925,-14.753322752739503,-14.753322752739503,-14.753322752739503,93.78392207461461,0.0,0.0
2.9899999999998923,-14.753322752739448,-14.753322752739448,-14.753322752739448,93.78392207461448,0.0,0.0
2.991999999999892,-14.753322752739418,-14.753322752739418,-14.753322752739418,93.78392207461413,0.0,0.0
2.993999999999892,-14.753322752739402,-14.753322752739402,-14.753322752739402,93.78392207461394,0.0,0.0
2.9959999999998916,-14.753322752739338,-14.753322752739338,-14.753322752739338,93.78392207461383,0.0,0.0
2.9979999999998914,-14.753322752739278,-14.753322752739278,-14.753322752739278,93.78392207461343,0.0,0.0
2.999999999999891,-14.753322752739207,-14.753322752739207,-14.753322752739207,93.78392207461305,0.0,0.0
