ISO-10303-21;
HEADER;
FILE_DESCRIPTION(('Open CASCADE Model'),'2;1');
FILE_NAME('Open CASCADE Shape Model','2026-07-27T16:48:08',('Author'),(
    'Open CASCADE'),'Open CASCADE STEP processor 7.9','build123d',
  'Unknown');
FILE_SCHEMA(('AUTOMOTIVE_DESIGN { 1 0 10303 214 1 1 1 1 }'));
ENDSEC;
DATA;
#1 = APPLICATION_PROTOCOL_DEFINITION('international standard',
  'automotive_design',2000,#2);
#2 = APPLICATION_CONTEXT(
  'core data for automotive mechanical design processes');
#3 = SHAPE_DEFINITION_REPRESENTATION(#4,#10);
#4 = PRODUCT_DEFINITION_SHAPE('','',#5);
#5 = PRODUCT_DEFINITION('design','',#6,#9);
#6 = PRODUCT_DEFINITION_FORMATION('','',#7);
#7 = PRODUCT('COMPOUND','COMPOUND','',(#8));
#8 = PRODUCT_CONTEXT('',#2,'mechanical');
#9 = PRODUCT_DEFINITION_CONTEXT('part definition',#2,'design');
#10 = SHAPE_REPRESENTATION('',(#11,#15,#1927),#2575);
#11 = AXIS2_PLACEMENT_3D('',#12,#13,#14);
#12 = CARTESIAN_POINT('',(0.,0.,0.));
#13 = DIRECTION('',(0.,0.,1.));
#14 = DIRECTION('',(1.,0.,-0.));
#15 = MANIFOLD_SOLID_BREP('',#16);
#16 = CLOSED_SHELL('',(#17,#456,#545,#550,#670,#905,#1210,#1239,#1244,
    #1320,#1369,#1418,#1445,#1449,#1453,#1671,#1764,#1884,#1913,#1918,
    #1923));
#17 = ADVANCED_FACE('',(#18,#342),#32,.T.);
#18 = FACE_BOUND('',#19,.T.);
#19 = EDGE_LOOP('',(#20,#55,#82,#105,#134,#161,#194,#221,#248,#270,#298,
    #320));
#20 = ORIENTED_EDGE('',*,*,#21,.T.);
#21 = EDGE_CURVE('',#22,#24,#26,.T.);
#22 = VERTEX_POINT('',#23);
#23 = CARTESIAN_POINT('',(-3.,-2.645751311065,3.));
#24 = VERTEX_POINT('',#25);
#25 = CARTESIAN_POINT('',(-40.,-2.645751311065,3.));
#26 = SURFACE_CURVE('',#27,(#31,#43),.PCURVE_S1.);
#27 = LINE('',#28,#29);
#28 = CARTESIAN_POINT('',(-3.,-2.645751311065,3.));
#29 = VECTOR('',#30,1.);
#30 = DIRECTION('',(-1.,2.160433993865E-16,0.));
#31 = PCURVE('',#32,#37);
#32 = PLANE('',#33);
#33 = AXIS2_PLACEMENT_3D('',#34,#35,#36);
#34 = CARTESIAN_POINT('',(-20.,-5.,3.));
#35 = DIRECTION('',(0.,0.,1.));
#36 = DIRECTION('',(1.,0.,-0.));
#37 = DEFINITIONAL_REPRESENTATION('',(#38),#42);
#38 = LINE('',#39,#40);
#39 = CARTESIAN_POINT('',(17.,2.354248688935));
#40 = VECTOR('',#41,1.);
#41 = DIRECTION('',(-1.,2.160433993865E-16));
#42 = ( GEOMETRIC_REPRESENTATION_CONTEXT(2) 
PARAMETRIC_REPRESENTATION_CONTEXT() REPRESENTATION_CONTEXT('2D SPACE',''
  ) );
#43 = PCURVE('',#44,#49);
#44 = CYLINDRICAL_SURFACE('',#45,4.);
#45 = AXIS2_PLACEMENT_3D('',#46,#47,#48);
#46 = CARTESIAN_POINT('',(-40.,0.,-8.881784197001E-15));
#47 = DIRECTION('',(1.,0.,2.22044604925E-16));
#48 = DIRECTION('',(2.22044604925E-16,0.,-1.));
#49 = DEFINITIONAL_REPRESENTATION('',(#50),#54);
#50 = LINE('',#51,#52);
#51 = CARTESIAN_POINT('',(3.864326901403,37.));
#52 = VECTOR('',#53,1.);
#53 = DIRECTION('',(-0.,-1.));
#54 = ( GEOMETRIC_REPRESENTATION_CONTEXT(2) 
PARAMETRIC_REPRESENTATION_CONTEXT() REPRESENTATION_CONTEXT('2D SPACE',''
  ) );
#55 = ORIENTED_EDGE('',*,*,#56,.F.);
#56 = EDGE_CURVE('',#57,#24,#59,.T.);
#57 = VERTEX_POINT('',#58);
#58 = CARTESIAN_POINT('',(-40.,2.645751311065,3.));
#59 = SURFACE_CURVE('',#60,(#64,#71),.PCURVE_S1.);
#60 = LINE('',#61,#62);
#61 = CARTESIAN_POINT('',(-40.,-21.,3.));
#62 = VECTOR('',#63,1.);
#63 = DIRECTION('',(0.,-1.,0.));
#64 = PCURVE('',#32,#65);
#65 = DEFINITIONAL_REPRESENTATION('',(#66),#70);
#66 = LINE('',#67,#68);
#67 = CARTESIAN_POINT('',(-20.,-16.));
#68 = VECTOR('',#69,1.);
#69 = DIRECTION('',(0.,-1.));
#70 = ( GEOMETRIC_REPRESENTATION_CONTEXT(2) 
PARAMETRIC_REPRESENTATION_CONTEXT() REPRESENTATION_CONTEXT('2D SPACE',''
  ) );
#71 = PCURVE('',#72,#77);
#72 = PLANE('',#73);
#73 = AXIS2_PLACEMENT_3D('',#74,#75,#76);
#74 = CARTESIAN_POINT('',(-40.,0.,-8.881784197001E-15));
#75 = DIRECTION('',(1.,0.,2.22044604925E-16));
#76 = DIRECTION('',(2.22044604925E-16,0.,-1.));
#77 = DEFINITIONAL_REPRESENTATION('',(#78),#81);
#78 = B_SPLINE_CURVE_WITH_KNOTS('',1,(#79,#80),.UNSPECIFIED.,.F.,.F.,(2,
    2),(-25.,-17.),.PIECEWISE_BEZIER_KNOTS.);
#79 = CARTESIAN_POINT('',(-3.,4.));
#80 = CARTESIAN_POINT('',(-3.,-4.));
#81 = ( GEOMETRIC_REPRESENTATION_CONTEXT(2) 
PARAMETRIC_REPRESENTATION_CONTEXT() REPRESENTATION_CONTEXT('2D SPACE',''
  ) );
#82 = ORIENTED_EDGE('',*,*,#83,.T.);
#83 = EDGE_CURVE('',#57,#84,#86,.T.);
#84 = VERTEX_POINT('',#85);
#85 = CARTESIAN_POINT('',(-3.,2.645751311065,3.));
#86 = SURFACE_CURVE('',#87,(#91,#98),.PCURVE_S1.);
#87 = LINE('',#88,#89);
#88 = CARTESIAN_POINT('',(-40.,2.645751311065,3.));
#89 = VECTOR('',#90,1.);
#90 = DIRECTION('',(1.,2.160433993865E-16,2.400482215406E-17));
#91 = PCURVE('',#32,#92);
#92 = DEFINITIONAL_REPRESENTATION('',(#93),#97);
#93 = LINE('',#94,#95);
#94 = CARTESIAN_POINT('',(-20.,7.645751311065));
#95 = VECTOR('',#96,1.);
#96 = DIRECTION('',(1.,2.160433993865E-16));
#97 = ( GEOMETRIC_REPRESENTATION_CONTEXT(2) 
PARAMETRIC_REPRESENTATION_CONTEXT() REPRESENTATION_CONTEXT('2D SPACE',''
  ) );
#98 = PCURVE('',#44,#99);
#99 = DEFINITIONAL_REPRESENTATION('',(#100),#104);
#100 = LINE('',#101,#102);
#101 = CARTESIAN_POINT('',(2.418858405776,6.661338147751E-16));
#102 = VECTOR('',#103,1.);
#103 = DIRECTION('',(0.,1.));
#104 = ( GEOMETRIC_REPRESENTATION_CONTEXT(2) 
PARAMETRIC_REPRESENTATION_CONTEXT() REPRESENTATION_CONTEXT('2D SPACE',''
  ) );
#105 = ORIENTED_EDGE('',*,*,#106,.F.);
#106 = EDGE_CURVE('',#107,#84,#109,.T.);
#107 = VERTEX_POINT('',#108);
#108 = CARTESIAN_POINT('',(3.,2.645751311065,3.));
#109 = SURFACE_CURVE('',#110,(#115,#122),.PCURVE_S1.);
#110 = CIRCLE('',#111,4.);
#111 = AXIS2_PLACEMENT_3D('',#112,#113,#114);
#112 = CARTESIAN_POINT('',(0.,0.,3.));
#113 = DIRECTION('',(0.,0.,1.));
#114 = DIRECTION('',(1.,0.,-0.));
#115 = PCURVE('',#32,#116);
#116 = DEFINITIONAL_REPRESENTATION('',(#117),#121);
#117 = CIRCLE('',#118,4.);
#118 = AXIS2_PLACEMENT_2D('',#119,#120);
#119 = CARTESIAN_POINT('',(20.,5.));
#120 = DIRECTION('',(1.,0.));
#121 = ( GEOMETRIC_REPRESENTATION_CONTEXT(2) 
PARAMETRIC_REPRESENTATION_CONTEXT() REPRESENTATION_CONTEXT('2D SPACE',''
  ) );
#122 = PCURVE('',#123,#128);
#123 = CYLINDRICAL_SURFACE('',#124,4.);
#124 = AXIS2_PLACEMENT_3D('',#125,#126,#127);
#125 = CARTESIAN_POINT('',(0.,0.,-58.));
#126 = DIRECTION('',(0.,0.,1.));
#127 = DIRECTION('',(1.,0.,-0.));
#128 = DEFINITIONAL_REPRESENTATION('',(#129),#133);
#129 = LINE('',#130,#131);
#130 = CARTESIAN_POINT('',(0.,61.));
#131 = VECTOR('',#132,1.);
#132 = DIRECTION('',(1.,0.));
#133 = ( GEOMETRIC_REPRESENTATION_CONTEXT(2) 
PARAMETRIC_REPRESENTATION_CONTEXT() REPRESENTATION_CONTEXT('2D SPACE',''
  ) );
#134 = ORIENTED_EDGE('',*,*,#135,.T.);
#135 = EDGE_CURVE('',#107,#136,#138,.T.);
#136 = VERTEX_POINT('',#137);
#137 = CARTESIAN_POINT('',(14.614835192865,2.645751311065,3.));
#138 = SURFACE_CURVE('',#139,(#143,#150),.PCURVE_S1.);
#139 = LINE('',#140,#141);
#140 = CARTESIAN_POINT('',(-40.,2.645751311065,3.));
#141 = VECTOR('',#142,1.);
#142 = DIRECTION('',(1.,0.,2.22044604925E-16));
#143 = PCURVE('',#32,#144);
#144 = DEFINITIONAL_REPRESENTATION('',(#145),#149);
#145 = LINE('',#146,#147);
#146 = CARTESIAN_POINT('',(-20.,7.645751311065));
#147 = VECTOR('',#148,1.);
#148 = DIRECTION('',(1.,0.));
#149 = ( GEOMETRIC_REPRESENTATION_CONTEXT(2) 
PARAMETRIC_REPRESENTATION_CONTEXT() REPRESENTATION_CONTEXT('2D SPACE',''
  ) );
#150 = PCURVE('',#151,#156);
#151 = CYLINDRICAL_SURFACE('',#152,4.);
#152 = AXIS2_PLACEMENT_3D('',#153,#154,#155);
#153 = CARTESIAN_POINT('',(-40.,0.,-8.881784197001E-15));
#154 = DIRECTION('',(1.,0.,2.22044604925E-16));
#155 = DIRECTION('',(2.22044604925E-16,0.,-1.));
#156 = DEFINITIONAL_REPRESENTATION('',(#157),#160);
#157 = B_SPLINE_CURVE_WITH_KNOTS('',1,(#158,#159),.UNSPECIFIED.,.F.,.F.,
  (2,2),(16.331662479036,60.351712730609),.PIECEWISE_BEZIER_KNOTS.);
#158 = CARTESIAN_POINT('',(2.418858405776,16.331662479036));
#159 = CARTESIAN_POINT('',(2.418858405776,60.351712730609));
#160 = ( GEOMETRIC_REPRESENTATION_CONTEXT(2) 
PARAMETRIC_REPRESENTATION_CONTEXT() REPRESENTATION_CONTEXT('2D SPACE',''
  ) );
#161 = ORIENTED_EDGE('',*,*,#162,.T.);
#162 = EDGE_CURVE('',#136,#163,#165,.T.);
#163 = VERTEX_POINT('',#164);
#164 = CARTESIAN_POINT('',(25.38516478772,2.645751310898,3.));
#165 = SURFACE_CURVE('',#166,(#171,#182),.PCURVE_S1.);
#166 = CIRCLE('',#167,6.);
#167 = AXIS2_PLACEMENT_3D('',#168,#169,#170);
#168 = CARTESIAN_POINT('',(20.,0.,3.));
#169 = DIRECTION('',(0.,0.,-1.));
#170 = DIRECTION('',(-0.897527467856,0.440958551844,0.));
#171 = PCURVE('',#32,#172);
#172 = DEFINITIONAL_REPRESENTATION('',(#173),#181);
#173 = ( BOUNDED_CURVE() B_SPLINE_CURVE(2,(#174,#175,#176,#177,#178,#179
,#180),.UNSPECIFIED.,.T.,.F.) B_SPLINE_CURVE_WITH_KNOTS((1,2,2,2,2,1),(
    -2.094395102393,0.,2.094395102393,4.188790204786,6.28318530718,
8.377580409573),.UNSPECIFIED.) CURVE() GEOMETRIC_REPRESENTATION_ITEM() 
RATIONAL_B_SPLINE_CURVE((1.,0.5,1.,0.5,1.,0.5,1.)) REPRESENTATION_ITEM(
  '') );
#174 = CARTESIAN_POINT('',(34.614835192865,7.645751311065));
#175 = CARTESIAN_POINT('',(39.197410887821,16.973130364153));
#176 = CARTESIAN_POINT('',(44.983870251045,8.340813871012));
#177 = CARTESIAN_POINT('',(50.770329614269,-0.291502622129));
#178 = CARTESIAN_POINT('',(40.401294556089,-0.986565182077));
#179 = CARTESIAN_POINT('',(30.03225949791,-1.681627742024));
#180 = CARTESIAN_POINT('',(34.614835192865,7.645751311065));
#181 = ( GEOMETRIC_REPRESENTATION_CONTEXT(2) 
PARAMETRIC_REPRESENTATION_CONTEXT() REPRESENTATION_CONTEXT('2D SPACE',''
  ) );
#182 = PCURVE('',#183,#188);
#183 = CYLINDRICAL_SURFACE('',#184,6.);
#184 = AXIS2_PLACEMENT_3D('',#185,#186,#187);
#185 = CARTESIAN_POINT('',(20.,0.,0.));
#186 = DIRECTION('',(0.,0.,1.));
#187 = DIRECTION('',(1.,0.,-0.));
#188 = DEFINITIONAL_REPRESENTATION('',(#189),#193);
#189 = LINE('',#190,#191);
#190 = CARTESIAN_POINT('',(2.684926268383,3.));
#191 = VECTOR('',#192,1.);
#192 = DIRECTION('',(-1.,-0.));
#193 = ( GEOMETRIC_REPRESENTATION_CONTEXT(2) 
PARAMETRIC_REPRESENTATION_CONTEXT() REPRESENTATION_CONTEXT('2D SPACE',''
  ) );
#194 = ORIENTED_EDGE('',*,*,#195,.T.);
#195 = EDGE_CURVE('',#163,#196,#198,.T.);
#196 = VERTEX_POINT('',#197);
#197 = CARTESIAN_POINT('',(40.,2.645751311065,3.));
#198 = SURFACE_CURVE('',#199,(#203,#210),.PCURVE_S1.);
#199 = LINE('',#200,#201);
#200 = CARTESIAN_POINT('',(-40.,2.645751311065,3.));
#201 = VECTOR('',#202,1.);
#202 = DIRECTION('',(1.,0.,2.22044604925E-16));
#203 = PCURVE('',#32,#204);
#204 = DEFINITIONAL_REPRESENTATION('',(#205),#209);
#205 = LINE('',#206,#207);
#206 = CARTESIAN_POINT('',(-20.,7.645751311065));
#207 = VECTOR('',#208,1.);
#208 = DIRECTION('',(1.,0.));
#209 = ( GEOMETRIC_REPRESENTATION_CONTEXT(2) 
PARAMETRIC_REPRESENTATION_CONTEXT() REPRESENTATION_CONTEXT('2D SPACE',''
  ) );
#210 = PCURVE('',#211,#216);
#211 = CYLINDRICAL_SURFACE('',#212,4.);
#212 = AXIS2_PLACEMENT_3D('',#213,#214,#215);
#213 = CARTESIAN_POINT('',(-40.,0.,-8.881784197001E-15));
#214 = DIRECTION('',(1.,0.,2.22044604925E-16));
#215 = DIRECTION('',(2.22044604925E-16,0.,-1.));
#216 = DEFINITIONAL_REPRESENTATION('',(#217),#220);
#217 = B_SPLINE_CURVE_WITH_KNOTS('',1,(#218,#219),.UNSPECIFIED.,.F.,.F.,
  (2,2),(42.9999976,80.0000024),.PIECEWISE_BEZIER_KNOTS.);
#218 = CARTESIAN_POINT('',(2.418858405776,42.9999976));
#219 = CARTESIAN_POINT('',(2.418858405776,80.0000024));
#220 = ( GEOMETRIC_REPRESENTATION_CONTEXT(2) 
PARAMETRIC_REPRESENTATION_CONTEXT() REPRESENTATION_CONTEXT('2D SPACE',''
  ) );
#221 = ORIENTED_EDGE('',*,*,#222,.T.);
#222 = EDGE_CURVE('',#196,#223,#225,.T.);
#223 = VERTEX_POINT('',#224);
#224 = CARTESIAN_POINT('',(40.,-2.645751311065,3.));
#225 = SURFACE_CURVE('',#226,(#230,#237),.PCURVE_S1.);
#226 = LINE('',#227,#228);
#227 = CARTESIAN_POINT('',(40.,-21.,3.));
#228 = VECTOR('',#229,1.);
#229 = DIRECTION('',(0.,-1.,0.));
#230 = PCURVE('',#32,#231);
#231 = DEFINITIONAL_REPRESENTATION('',(#232),#236);
#232 = LINE('',#233,#234);
#233 = CARTESIAN_POINT('',(60.,-16.));
#234 = VECTOR('',#235,1.);
#235 = DIRECTION('',(0.,-1.));
#236 = ( GEOMETRIC_REPRESENTATION_CONTEXT(2) 
PARAMETRIC_REPRESENTATION_CONTEXT() REPRESENTATION_CONTEXT('2D SPACE',''
  ) );
#237 = PCURVE('',#238,#243);
#238 = PLANE('',#239);
#239 = AXIS2_PLACEMENT_3D('',#240,#241,#242);
#240 = CARTESIAN_POINT('',(40.,0.,8.881784197001E-15));
#241 = DIRECTION('',(1.,0.,2.22044604925E-16));
#242 = DIRECTION('',(2.22044604925E-16,0.,-1.));
#243 = DEFINITIONAL_REPRESENTATION('',(#244),#247);
#244 = B_SPLINE_CURVE_WITH_KNOTS('',1,(#245,#246),.UNSPECIFIED.,.F.,.F.,
  (2,2),(-25.,-17.),.PIECEWISE_BEZIER_KNOTS.);
#245 = CARTESIAN_POINT('',(-3.,4.));
#246 = CARTESIAN_POINT('',(-3.,-4.));
#247 = ( GEOMETRIC_REPRESENTATION_CONTEXT(2) 
PARAMETRIC_REPRESENTATION_CONTEXT() REPRESENTATION_CONTEXT('2D SPACE',''
  ) );
#248 = ORIENTED_EDGE('',*,*,#249,.F.);
#249 = EDGE_CURVE('',#250,#223,#252,.T.);
#250 = VERTEX_POINT('',#251);
#251 = CARTESIAN_POINT('',(25.385164787938,-2.645751310007,3.));
#252 = SURFACE_CURVE('',#253,(#257,#264),.PCURVE_S1.);
#253 = LINE('',#254,#255);
#254 = CARTESIAN_POINT('',(-40.,-2.645751311065,3.));
#255 = VECTOR('',#256,1.);
#256 = DIRECTION('',(1.,0.,2.22044604925E-16));
#257 = PCURVE('',#32,#258);
#258 = DEFINITIONAL_REPRESENTATION('',(#259),#263);
#259 = LINE('',#260,#261);
#260 = CARTESIAN_POINT('',(-20.,2.354248688935));
#261 = VECTOR('',#262,1.);
#262 = DIRECTION('',(1.,0.));
#263 = ( GEOMETRIC_REPRESENTATION_CONTEXT(2) 
PARAMETRIC_REPRESENTATION_CONTEXT() REPRESENTATION_CONTEXT('2D SPACE',''
  ) );
#264 = PCURVE('',#211,#265);
#265 = DEFINITIONAL_REPRESENTATION('',(#266),#269);
#266 = B_SPLINE_CURVE_WITH_KNOTS('',1,(#267,#268),.UNSPECIFIED.,.F.,.F.,
  (2,2),(42.9999976,80.0000024),.PIECEWISE_BEZIER_KNOTS.);
#267 = CARTESIAN_POINT('',(3.864326901403,42.9999976));
#268 = CARTESIAN_POINT('',(3.864326901403,80.0000024));
#269 = ( GEOMETRIC_REPRESENTATION_CONTEXT(2) 
PARAMETRIC_REPRESENTATION_CONTEXT() REPRESENTATION_CONTEXT('2D SPACE',''
  ) );
#270 = ORIENTED_EDGE('',*,*,#271,.T.);
#271 = EDGE_CURVE('',#250,#272,#274,.T.);
#272 = VERTEX_POINT('',#273);
#273 = CARTESIAN_POINT('',(14.614835192865,-2.645751311065,3.));
#274 = SURFACE_CURVE('',#275,(#280,#291),.PCURVE_S1.);
#275 = CIRCLE('',#276,6.);
#276 = AXIS2_PLACEMENT_3D('',#277,#278,#279);
#277 = CARTESIAN_POINT('',(20.,0.,3.));
#278 = DIRECTION('',(0.,-0.,-1.));
#279 = DIRECTION('',(0.897527467303,-0.440958552968,0.));
#280 = PCURVE('',#32,#281);
#281 = DEFINITIONAL_REPRESENTATION('',(#282),#290);
#282 = ( BOUNDED_CURVE() B_SPLINE_CURVE(2,(#283,#284,#285,#286,#287,#288
,#289),.UNSPECIFIED.,.T.,.F.) B_SPLINE_CURVE_WITH_KNOTS((1,2,2,2,2,1),(
    -2.094395102393,0.,2.094395102393,4.188790204786,6.28318530718,
8.377580409573),.UNSPECIFIED.) CURVE() GEOMETRIC_REPRESENTATION_ITEM() 
RATIONAL_B_SPLINE_CURVE((1.,0.5,1.,0.5,1.,0.5,1.)) REPRESENTATION_ITEM(
  '') );
#283 = CARTESIAN_POINT('',(45.385164803821,2.35424868219));
#284 = CARTESIAN_POINT('',(40.802589097182,-6.973130365159));
#285 = CARTESIAN_POINT('',(35.01612974477,1.65918613523));
#286 = CARTESIAN_POINT('',(29.229670392359,10.29150263562));
#287 = CARTESIAN_POINT('',(39.598705451409,10.986565182579));
#288 = CARTESIAN_POINT('',(49.967740510459,11.681627729539));
#289 = CARTESIAN_POINT('',(45.385164803821,2.35424868219));
#290 = ( GEOMETRIC_REPRESENTATION_CONTEXT(2) 
PARAMETRIC_REPRESENTATION_CONTEXT() REPRESENTATION_CONTEXT('2D SPACE',''
  ) );
#291 = PCURVE('',#183,#292);
#292 = DEFINITIONAL_REPRESENTATION('',(#293),#297);
#293 = LINE('',#294,#295);
#294 = CARTESIAN_POINT('',(5.82651892072,3.));
#295 = VECTOR('',#296,1.);
#296 = DIRECTION('',(-1.,-0.));
#297 = ( GEOMETRIC_REPRESENTATION_CONTEXT(2) 
PARAMETRIC_REPRESENTATION_CONTEXT() REPRESENTATION_CONTEXT('2D SPACE',''
  ) );
#298 = ORIENTED_EDGE('',*,*,#299,.F.);
#299 = EDGE_CURVE('',#300,#272,#302,.T.);
#300 = VERTEX_POINT('',#301);
#301 = CARTESIAN_POINT('',(3.,-2.645751311065,3.));
#302 = SURFACE_CURVE('',#303,(#307,#314),.PCURVE_S1.);
#303 = LINE('',#304,#305);
#304 = CARTESIAN_POINT('',(-40.,-2.645751311065,3.));
#305 = VECTOR('',#306,1.);
#306 = DIRECTION('',(1.,0.,2.22044604925E-16));
#307 = PCURVE('',#32,#308);
#308 = DEFINITIONAL_REPRESENTATION('',(#309),#313);
#309 = LINE('',#310,#311);
#310 = CARTESIAN_POINT('',(-20.,2.354248688935));
#311 = VECTOR('',#312,1.);
#312 = DIRECTION('',(1.,0.));
#313 = ( GEOMETRIC_REPRESENTATION_CONTEXT(2) 
PARAMETRIC_REPRESENTATION_CONTEXT() REPRESENTATION_CONTEXT('2D SPACE',''
  ) );
#314 = PCURVE('',#151,#315);
#315 = DEFINITIONAL_REPRESENTATION('',(#316),#319);
#316 = B_SPLINE_CURVE_WITH_KNOTS('',1,(#317,#318),.UNSPECIFIED.,.F.,.F.,
  (2,2),(16.331662479036,60.351712730609),.PIECEWISE_BEZIER_KNOTS.);
#317 = CARTESIAN_POINT('',(3.864326901403,16.331662479036));
#318 = CARTESIAN_POINT('',(3.864326901403,60.351712730609));
#319 = ( GEOMETRIC_REPRESENTATION_CONTEXT(2) 
PARAMETRIC_REPRESENTATION_CONTEXT() REPRESENTATION_CONTEXT('2D SPACE',''
  ) );
#320 = ORIENTED_EDGE('',*,*,#321,.F.);
#321 = EDGE_CURVE('',#22,#300,#322,.T.);
#322 = SURFACE_CURVE('',#323,(#328,#335),.PCURVE_S1.);
#323 = CIRCLE('',#324,4.);
#324 = AXIS2_PLACEMENT_3D('',#325,#326,#327);
#325 = CARTESIAN_POINT('',(0.,0.,3.));
#326 = DIRECTION('',(0.,0.,1.));
#327 = DIRECTION('',(1.,0.,-0.));
#328 = PCURVE('',#32,#329);
#329 = DEFINITIONAL_REPRESENTATION('',(#330),#334);
#330 = CIRCLE('',#331,4.);
#331 = AXIS2_PLACEMENT_2D('',#332,#333);
#332 = CARTESIAN_POINT('',(20.,5.));
#333 = DIRECTION('',(1.,0.));
#334 = ( GEOMETRIC_REPRESENTATION_CONTEXT(2) 
PARAMETRIC_REPRESENTATION_CONTEXT() REPRESENTATION_CONTEXT('2D SPACE',''
  ) );
#335 = PCURVE('',#123,#336);
#336 = DEFINITIONAL_REPRESENTATION('',(#337),#341);
#337 = LINE('',#338,#339);
#338 = CARTESIAN_POINT('',(0.,61.));
#339 = VECTOR('',#340,1.);
#340 = DIRECTION('',(1.,0.));
#341 = ( GEOMETRIC_REPRESENTATION_CONTEXT(2) 
PARAMETRIC_REPRESENTATION_CONTEXT() REPRESENTATION_CONTEXT('2D SPACE',''
  ) );
#342 = FACE_BOUND('',#343,.T.);
#343 = EDGE_LOOP('',(#344,#374,#402,#430));
#344 = ORIENTED_EDGE('',*,*,#345,.F.);
#345 = EDGE_CURVE('',#346,#348,#350,.T.);
#346 = VERTEX_POINT('',#347);
#347 = CARTESIAN_POINT('',(-52.,-42.,3.));
#348 = VERTEX_POINT('',#349);
#349 = CARTESIAN_POINT('',(-52.,42.,3.));
#350 = SURFACE_CURVE('',#351,(#355,#362),.PCURVE_S1.);
#351 = LINE('',#352,#353);
#352 = CARTESIAN_POINT('',(-52.,-42.,3.));
#353 = VECTOR('',#354,1.);
#354 = DIRECTION('',(-0.,1.,0.));
#355 = PCURVE('',#32,#356);
#356 = DEFINITIONAL_REPRESENTATION('',(#357),#361);
#357 = LINE('',#358,#359);
#358 = CARTESIAN_POINT('',(-32.,-37.));
#359 = VECTOR('',#360,1.);
#360 = DIRECTION('',(0.,1.));
#361 = ( GEOMETRIC_REPRESENTATION_CONTEXT(2) 
PARAMETRIC_REPRESENTATION_CONTEXT() REPRESENTATION_CONTEXT('2D SPACE',''
  ) );
#362 = PCURVE('',#363,#368);
#363 = PLANE('',#364);
#364 = AXIS2_PLACEMENT_3D('',#365,#366,#367);
#365 = CARTESIAN_POINT('',(-52.,-42.,-3.));
#366 = DIRECTION('',(1.,0.,-0.));
#367 = DIRECTION('',(0.,0.,1.));
#368 = DEFINITIONAL_REPRESENTATION('',(#369),#373);
#369 = LINE('',#370,#371);
#370 = CARTESIAN_POINT('',(6.,0.));
#371 = VECTOR('',#372,1.);
#372 = DIRECTION('',(0.,-1.));
#373 = ( GEOMETRIC_REPRESENTATION_CONTEXT(2) 
PARAMETRIC_REPRESENTATION_CONTEXT() REPRESENTATION_CONTEXT('2D SPACE',''
  ) );
#374 = ORIENTED_EDGE('',*,*,#375,.T.);
#375 = EDGE_CURVE('',#346,#376,#378,.T.);
#376 = VERTEX_POINT('',#377);
#377 = CARTESIAN_POINT('',(52.,-42.,3.));
#378 = SURFACE_CURVE('',#379,(#383,#390),.PCURVE_S1.);
#379 = LINE('',#380,#381);
#380 = CARTESIAN_POINT('',(-52.,-42.,3.));
#381 = VECTOR('',#382,1.);
#382 = DIRECTION('',(1.,0.,-0.));
#383 = PCURVE('',#32,#384);
#384 = DEFINITIONAL_REPRESENTATION('',(#385),#389);
#385 = LINE('',#386,#387);
#386 = CARTESIAN_POINT('',(-32.,-37.));
#387 = VECTOR('',#388,1.);
#388 = DIRECTION('',(1.,0.));
#389 = ( GEOMETRIC_REPRESENTATION_CONTEXT(2) 
PARAMETRIC_REPRESENTATION_CONTEXT() REPRESENTATION_CONTEXT('2D SPACE',''
  ) );
#390 = PCURVE('',#391,#396);
#391 = PLANE('',#392);
#392 = AXIS2_PLACEMENT_3D('',#393,#394,#395);
#393 = CARTESIAN_POINT('',(-52.,-42.,-3.));
#394 = DIRECTION('',(-0.,1.,0.));
#395 = DIRECTION('',(0.,0.,1.));
#396 = DEFINITIONAL_REPRESENTATION('',(#397),#401);
#397 = LINE('',#398,#399);
#398 = CARTESIAN_POINT('',(6.,0.));
#399 = VECTOR('',#400,1.);
#400 = DIRECTION('',(0.,1.));
#401 = ( GEOMETRIC_REPRESENTATION_CONTEXT(2) 
PARAMETRIC_REPRESENTATION_CONTEXT() REPRESENTATION_CONTEXT('2D SPACE',''
  ) );
#402 = ORIENTED_EDGE('',*,*,#403,.T.);
#403 = EDGE_CURVE('',#376,#404,#406,.T.);
#404 = VERTEX_POINT('',#405);
#405 = CARTESIAN_POINT('',(52.,42.,3.));
#406 = SURFACE_CURVE('',#407,(#411,#418),.PCURVE_S1.);
#407 = LINE('',#408,#409);
#408 = CARTESIAN_POINT('',(52.,-42.,3.));
#409 = VECTOR('',#410,1.);
#410 = DIRECTION('',(-0.,1.,0.));
#411 = PCURVE('',#32,#412);
#412 = DEFINITIONAL_REPRESENTATION('',(#413),#417);
#413 = LINE('',#414,#415);
#414 = CARTESIAN_POINT('',(72.,-37.));
#415 = VECTOR('',#416,1.);
#416 = DIRECTION('',(0.,1.));
#417 = ( GEOMETRIC_REPRESENTATION_CONTEXT(2) 
PARAMETRIC_REPRESENTATION_CONTEXT() REPRESENTATION_CONTEXT('2D SPACE',''
  ) );
#418 = PCURVE('',#419,#424);
#419 = PLANE('',#420);
#420 = AXIS2_PLACEMENT_3D('',#421,#422,#423);
#421 = CARTESIAN_POINT('',(52.,-42.,-3.));
#422 = DIRECTION('',(1.,0.,-0.));
#423 = DIRECTION('',(0.,0.,1.));
#424 = DEFINITIONAL_REPRESENTATION('',(#425),#429);
#425 = LINE('',#426,#427);
#426 = CARTESIAN_POINT('',(6.,0.));
#427 = VECTOR('',#428,1.);
#428 = DIRECTION('',(0.,-1.));
#429 = ( GEOMETRIC_REPRESENTATION_CONTEXT(2) 
PARAMETRIC_REPRESENTATION_CONTEXT() REPRESENTATION_CONTEXT('2D SPACE',''
  ) );
#430 = ORIENTED_EDGE('',*,*,#431,.F.);
#431 = EDGE_CURVE('',#348,#404,#432,.T.);
#432 = SURFACE_CURVE('',#433,(#437,#444),.PCURVE_S1.);
#433 = LINE('',#434,#435);
#434 = CARTESIAN_POINT('',(-52.,42.,3.));
#435 = VECTOR('',#436,1.);
#436 = DIRECTION('',(1.,0.,-0.));
#437 = PCURVE('',#32,#438);
#438 = DEFINITIONAL_REPRESENTATION('',(#439),#443);
#439 = LINE('',#440,#441);
#440 = CARTESIAN_POINT('',(-32.,47.));
#441 = VECTOR('',#442,1.);
#442 = DIRECTION('',(1.,0.));
#443 = ( GEOMETRIC_REPRESENTATION_CONTEXT(2) 
PARAMETRIC_REPRESENTATION_CONTEXT() REPRESENTATION_CONTEXT('2D SPACE',''
  ) );
#444 = PCURVE('',#445,#450);
#445 = PLANE('',#446);
#446 = AXIS2_PLACEMENT_3D('',#447,#448,#449);
#447 = CARTESIAN_POINT('',(-52.,42.,-3.));
#448 = DIRECTION('',(-0.,1.,0.));
#449 = DIRECTION('',(0.,0.,1.));
#450 = DEFINITIONAL_REPRESENTATION('',(#451),#455);
#451 = LINE('',#452,#453);
#452 = CARTESIAN_POINT('',(6.,0.));
#453 = VECTOR('',#454,1.);
#454 = DIRECTION('',(0.,1.));
#455 = ( GEOMETRIC_REPRESENTATION_CONTEXT(2) 
PARAMETRIC_REPRESENTATION_CONTEXT() REPRESENTATION_CONTEXT('2D SPACE',''
  ) );
#456 = ADVANCED_FACE('',(#457),#44,.T.);
#457 = FACE_BOUND('',#458,.T.);
#458 = EDGE_LOOP('',(#459,#491,#492,#514,#515));
#459 = ORIENTED_EDGE('',*,*,#460,.F.);
#460 = EDGE_CURVE('',#84,#461,#463,.T.);
#461 = VERTEX_POINT('',#462);
#462 = CARTESIAN_POINT('',(-4.,4.898587196589E-16,4.));
#463 = SURFACE_CURVE('',#464,(#469,#480),.PCURVE_S1.);
#464 = ELLIPSE('',#465,5.656854249492,4.);
#465 = AXIS2_PLACEMENT_3D('',#466,#467,#468);
#466 = CARTESIAN_POINT('',(0.,0.,-7.105427357601E-15));
#467 = DIRECTION('',(0.707106781187,0.,0.707106781187));
#468 = DIRECTION('',(-0.707106781187,0.,0.707106781187));
#469 = PCURVE('',#44,#470);
#470 = DEFINITIONAL_REPRESENTATION('',(#471),#479);
#471 = B_SPLINE_CURVE_WITH_KNOTS('',6,(#472,#473,#474,#475,#476,#477,
    #478),.UNSPECIFIED.,.F.,.F.,(7,7),(5.560450152252,6.28318530718),
  .PIECEWISE_BEZIER_KNOTS.);
#472 = CARTESIAN_POINT('',(2.418857498662,37.0000024));
#473 = CARTESIAN_POINT('',(2.539313357817,36.681305824915));
#474 = CARTESIAN_POINT('',(2.659769216971,36.414843999481));
#475 = CARTESIAN_POINT('',(2.780225076126,36.208939053769));
#476 = CARTESIAN_POINT('',(2.900680935281,36.069645995176));
#477 = CARTESIAN_POINT('',(3.021136794435,36.));
#478 = CARTESIAN_POINT('',(3.14159265359,36.));
#479 = ( GEOMETRIC_REPRESENTATION_CONTEXT(2) 
PARAMETRIC_REPRESENTATION_CONTEXT() REPRESENTATION_CONTEXT('2D SPACE',''
  ) );
#480 = PCURVE('',#123,#481);
#481 = DEFINITIONAL_REPRESENTATION('',(#482),#490);
#482 = B_SPLINE_CURVE_WITH_KNOTS('',6,(#483,#484,#485,#486,#487,#488,
    #489),.UNSPECIFIED.,.F.,.F.,(7,7),(5.560450152252,6.28318530718),
  .PIECEWISE_BEZIER_KNOTS.);
#483 = CARTESIAN_POINT('',(2.418857498662,60.9999976));
#484 = CARTESIAN_POINT('',(2.539313357817,61.318694175085));
#485 = CARTESIAN_POINT('',(2.659769216971,61.58515600052));
#486 = CARTESIAN_POINT('',(2.780225076126,61.791060946225));
#487 = CARTESIAN_POINT('',(2.900680935281,61.930354004826));
#488 = CARTESIAN_POINT('',(3.021136794435,62.));
#489 = CARTESIAN_POINT('',(3.14159265359,62.));
#490 = ( GEOMETRIC_REPRESENTATION_CONTEXT(2) 
PARAMETRIC_REPRESENTATION_CONTEXT() REPRESENTATION_CONTEXT('2D SPACE',''
  ) );
#491 = ORIENTED_EDGE('',*,*,#83,.F.);
#492 = ORIENTED_EDGE('',*,*,#493,.T.);
#493 = EDGE_CURVE('',#57,#24,#494,.T.);
#494 = SURFACE_CURVE('',#495,(#500,#507),.PCURVE_S1.);
#495 = CIRCLE('',#496,4.);
#496 = AXIS2_PLACEMENT_3D('',#497,#498,#499);
#497 = CARTESIAN_POINT('',(-40.,0.,-8.881784197001E-15));
#498 = DIRECTION('',(1.,-0.,2.22044604925E-16));
#499 = DIRECTION('',(2.22044604925E-16,0.,-1.));
#500 = PCURVE('',#44,#501);
#501 = DEFINITIONAL_REPRESENTATION('',(#502),#506);
#502 = LINE('',#503,#504);
#503 = CARTESIAN_POINT('',(0.,0.));
#504 = VECTOR('',#505,1.);
#505 = DIRECTION('',(1.,0.));
#506 = ( GEOMETRIC_REPRESENTATION_CONTEXT(2) 
PARAMETRIC_REPRESENTATION_CONTEXT() REPRESENTATION_CONTEXT('2D SPACE',''
  ) );
#507 = PCURVE('',#72,#508);
#508 = DEFINITIONAL_REPRESENTATION('',(#509),#513);
#509 = CIRCLE('',#510,4.);
#510 = AXIS2_PLACEMENT_2D('',#511,#512);
#511 = CARTESIAN_POINT('',(0.,0.));
#512 = DIRECTION('',(1.,0.));
#513 = ( GEOMETRIC_REPRESENTATION_CONTEXT(2) 
PARAMETRIC_REPRESENTATION_CONTEXT() REPRESENTATION_CONTEXT('2D SPACE',''
  ) );
#514 = ORIENTED_EDGE('',*,*,#21,.F.);
#515 = ORIENTED_EDGE('',*,*,#516,.F.);
#516 = EDGE_CURVE('',#461,#22,#517,.T.);
#517 = SURFACE_CURVE('',#518,(#523,#534),.PCURVE_S1.);
#518 = ELLIPSE('',#519,5.656854249492,4.);
#519 = AXIS2_PLACEMENT_3D('',#520,#521,#522);
#520 = CARTESIAN_POINT('',(0.,0.,-7.105427357601E-15));
#521 = DIRECTION('',(0.707106781187,0.,0.707106781187));
#522 = DIRECTION('',(-0.707106781187,0.,0.707106781187));
#523 = PCURVE('',#44,#524);
#524 = DEFINITIONAL_REPRESENTATION('',(#525),#533);
#525 = B_SPLINE_CURVE_WITH_KNOTS('',6,(#526,#527,#528,#529,#530,#531,
    #532),.UNSPECIFIED.,.F.,.F.,(7,7),(0.,0.722735154928),
  .PIECEWISE_BEZIER_KNOTS.);
#526 = CARTESIAN_POINT('',(3.14159265359,36.));
#527 = CARTESIAN_POINT('',(3.262048512744,36.));
#528 = CARTESIAN_POINT('',(3.382504371899,36.069645995176));
#529 = CARTESIAN_POINT('',(3.502960231053,36.20893905377));
#530 = CARTESIAN_POINT('',(3.623416090208,36.414843999481));
#531 = CARTESIAN_POINT('',(3.743871949363,36.681305824915));
#532 = CARTESIAN_POINT('',(3.864327808517,37.0000024));
#533 = ( GEOMETRIC_REPRESENTATION_CONTEXT(2) 
PARAMETRIC_REPRESENTATION_CONTEXT() REPRESENTATION_CONTEXT('2D SPACE',''
  ) );
#534 = PCURVE('',#123,#535);
#535 = DEFINITIONAL_REPRESENTATION('',(#536),#544);
#536 = B_SPLINE_CURVE_WITH_KNOTS('',6,(#537,#538,#539,#540,#541,#542,
    #543),.UNSPECIFIED.,.F.,.F.,(7,7),(0.,0.722735154928),
  .PIECEWISE_BEZIER_KNOTS.);
#537 = CARTESIAN_POINT('',(3.14159265359,62.));
#538 = CARTESIAN_POINT('',(3.262048512744,62.));
#539 = CARTESIAN_POINT('',(3.382504371899,61.930354004825));
#540 = CARTESIAN_POINT('',(3.502960231053,61.791060946227));
#541 = CARTESIAN_POINT('',(3.623416090208,61.585156000519));
#542 = CARTESIAN_POINT('',(3.743871949363,61.318694175085));
#543 = CARTESIAN_POINT('',(3.864327808517,60.9999976));
#544 = ( GEOMETRIC_REPRESENTATION_CONTEXT(2) 
PARAMETRIC_REPRESENTATION_CONTEXT() REPRESENTATION_CONTEXT('2D SPACE',''
  ) );
#545 = ADVANCED_FACE('',(#546),#72,.F.);
#546 = FACE_BOUND('',#547,.F.);
#547 = EDGE_LOOP('',(#548,#549));
#548 = ORIENTED_EDGE('',*,*,#56,.F.);
#549 = ORIENTED_EDGE('',*,*,#493,.T.);
#550 = ADVANCED_FACE('',(#551),#123,.T.);
#551 = FACE_BOUND('',#552,.T.);
#552 = EDGE_LOOP('',(#553,#554,#555,#556,#557,#589,#612,#639,#640));
#553 = ORIENTED_EDGE('',*,*,#106,.T.);
#554 = ORIENTED_EDGE('',*,*,#460,.T.);
#555 = ORIENTED_EDGE('',*,*,#516,.T.);
#556 = ORIENTED_EDGE('',*,*,#321,.T.);
#557 = ORIENTED_EDGE('',*,*,#558,.T.);
#558 = EDGE_CURVE('',#300,#559,#561,.T.);
#559 = VERTEX_POINT('',#560);
#560 = CARTESIAN_POINT('',(4.,-9.797174393179E-16,4.));
#561 = SURFACE_CURVE('',#562,(#567,#578),.PCURVE_S1.);
#562 = ELLIPSE('',#563,5.656854249492,4.);
#563 = AXIS2_PLACEMENT_3D('',#564,#565,#566);
#564 = CARTESIAN_POINT('',(0.,0.,-7.105427357601E-15));
#565 = DIRECTION('',(-0.707106781187,0.,0.707106781187));
#566 = DIRECTION('',(0.707106781187,0.,0.707106781187));
#567 = PCURVE('',#123,#568);
#568 = DEFINITIONAL_REPRESENTATION('',(#569),#577);
#569 = B_SPLINE_CURVE_WITH_KNOTS('',6,(#570,#571,#572,#573,#574,#575,
    #576),.UNSPECIFIED.,.F.,.F.,(7,7),(5.560450152252,6.28318530718),
  .PIECEWISE_BEZIER_KNOTS.);
#570 = CARTESIAN_POINT('',(5.560450152252,60.9999976));
#571 = CARTESIAN_POINT('',(5.680906011407,61.318694175085));
#572 = CARTESIAN_POINT('',(5.801361870561,61.585156000519));
#573 = CARTESIAN_POINT('',(5.921817729716,61.791060946227));
#574 = CARTESIAN_POINT('',(6.04227358887,61.930354004825));
#575 = CARTESIAN_POINT('',(6.162729448025,62.));
#576 = CARTESIAN_POINT('',(6.28318530718,62.));
#577 = ( GEOMETRIC_REPRESENTATION_CONTEXT(2) 
PARAMETRIC_REPRESENTATION_CONTEXT() REPRESENTATION_CONTEXT('2D SPACE',''
  ) );
#578 = PCURVE('',#151,#579);
#579 = DEFINITIONAL_REPRESENTATION('',(#580),#588);
#580 = B_SPLINE_CURVE_WITH_KNOTS('',6,(#581,#582,#583,#584,#585,#586,
    #587),.UNSPECIFIED.,.F.,.F.,(7,7),(5.560450152252,6.28318530718),
  .PIECEWISE_BEZIER_KNOTS.);
#581 = CARTESIAN_POINT('',(3.864327808517,42.9999976));
#582 = CARTESIAN_POINT('',(3.743871949363,43.318694175085));
#583 = CARTESIAN_POINT('',(3.623416090208,43.585156000519));
#584 = CARTESIAN_POINT('',(3.502960231054,43.791060946228));
#585 = CARTESIAN_POINT('',(3.382504371899,43.930354004825));
#586 = CARTESIAN_POINT('',(3.262048512744,44.));
#587 = CARTESIAN_POINT('',(3.14159265359,44.));
#588 = ( GEOMETRIC_REPRESENTATION_CONTEXT(2) 
PARAMETRIC_REPRESENTATION_CONTEXT() REPRESENTATION_CONTEXT('2D SPACE',''
  ) );
#589 = ORIENTED_EDGE('',*,*,#590,.T.);
#590 = EDGE_CURVE('',#559,#591,#593,.T.);
#591 = VERTEX_POINT('',#592);
#592 = CARTESIAN_POINT('',(4.,-9.797174393179E-16,58.));
#593 = SEAM_CURVE('',#594,(#598,#605),.PCURVE_S1.);
#594 = LINE('',#595,#596);
#595 = CARTESIAN_POINT('',(4.,-9.797174393179E-16,4.));
#596 = VECTOR('',#597,1.);
#597 = DIRECTION('',(0.,0.,1.));
#598 = PCURVE('',#123,#599);
#599 = DEFINITIONAL_REPRESENTATION('',(#600),#604);
#600 = LINE('',#601,#602);
#601 = CARTESIAN_POINT('',(0.,62.));
#602 = VECTOR('',#603,1.);
#603 = DIRECTION('',(0.,1.));
#604 = ( GEOMETRIC_REPRESENTATION_CONTEXT(2) 
PARAMETRIC_REPRESENTATION_CONTEXT() REPRESENTATION_CONTEXT('2D SPACE',''
  ) );
#605 = PCURVE('',#123,#606);
#606 = DEFINITIONAL_REPRESENTATION('',(#607),#611);
#607 = LINE('',#608,#609);
#608 = CARTESIAN_POINT('',(6.28318530718,62.));
#609 = VECTOR('',#610,1.);
#610 = DIRECTION('',(0.,1.));
#611 = ( GEOMETRIC_REPRESENTATION_CONTEXT(2) 
PARAMETRIC_REPRESENTATION_CONTEXT() REPRESENTATION_CONTEXT('2D SPACE',''
  ) );
#612 = ORIENTED_EDGE('',*,*,#613,.F.);
#613 = EDGE_CURVE('',#591,#591,#614,.T.);
#614 = SURFACE_CURVE('',#615,(#620,#627),.PCURVE_S1.);
#615 = CIRCLE('',#616,4.);
#616 = AXIS2_PLACEMENT_3D('',#617,#618,#619);
#617 = CARTESIAN_POINT('',(0.,0.,58.));
#618 = DIRECTION('',(0.,0.,1.));
#619 = DIRECTION('',(1.,0.,-0.));
#620 = PCURVE('',#123,#621);
#621 = DEFINITIONAL_REPRESENTATION('',(#622),#626);
#622 = LINE('',#623,#624);
#623 = CARTESIAN_POINT('',(0.,116.));
#624 = VECTOR('',#625,1.);
#625 = DIRECTION('',(1.,0.));
#626 = ( GEOMETRIC_REPRESENTATION_CONTEXT(2) 
PARAMETRIC_REPRESENTATION_CONTEXT() REPRESENTATION_CONTEXT('2D SPACE',''
  ) );
#627 = PCURVE('',#628,#633);
#628 = PLANE('',#629);
#629 = AXIS2_PLACEMENT_3D('',#630,#631,#632);
#630 = CARTESIAN_POINT('',(0.,0.,58.));
#631 = DIRECTION('',(0.,0.,1.));
#632 = DIRECTION('',(1.,0.,-0.));
#633 = DEFINITIONAL_REPRESENTATION('',(#634),#638);
#634 = CIRCLE('',#635,4.);
#635 = AXIS2_PLACEMENT_2D('',#636,#637);
#636 = CARTESIAN_POINT('',(0.,0.));
#637 = DIRECTION('',(1.,0.));
#638 = ( GEOMETRIC_REPRESENTATION_CONTEXT(2) 
PARAMETRIC_REPRESENTATION_CONTEXT() REPRESENTATION_CONTEXT('2D SPACE',''
  ) );
#639 = ORIENTED_EDGE('',*,*,#590,.F.);
#640 = ORIENTED_EDGE('',*,*,#641,.T.);
#641 = EDGE_CURVE('',#559,#107,#642,.T.);
#642 = SURFACE_CURVE('',#643,(#648,#659),.PCURVE_S1.);
#643 = ELLIPSE('',#644,5.656854249492,4.);
#644 = AXIS2_PLACEMENT_3D('',#645,#646,#647);
#645 = CARTESIAN_POINT('',(0.,0.,-7.105427357601E-15));
#646 = DIRECTION('',(-0.707106781187,0.,0.707106781187));
#647 = DIRECTION('',(0.707106781187,0.,0.707106781187));
#648 = PCURVE('',#123,#649);
#649 = DEFINITIONAL_REPRESENTATION('',(#650),#658);
#650 = B_SPLINE_CURVE_WITH_KNOTS('',6,(#651,#652,#653,#654,#655,#656,
    #657),.UNSPECIFIED.,.F.,.F.,(7,7),(0.,0.722735154928),
  .PIECEWISE_BEZIER_KNOTS.);
#651 = CARTESIAN_POINT('',(0.,62.));
#652 = CARTESIAN_POINT('',(0.120455859155,62.));
#653 = CARTESIAN_POINT('',(0.240911718309,61.930354004825));
#654 = CARTESIAN_POINT('',(0.361367577464,61.791060946227));
#655 = CARTESIAN_POINT('',(0.481823436618,61.585156000519));
#656 = CARTESIAN_POINT('',(0.602279295773,61.318694175085));
#657 = CARTESIAN_POINT('',(0.722735154928,60.9999976));
#658 = ( GEOMETRIC_REPRESENTATION_CONTEXT(2) 
PARAMETRIC_REPRESENTATION_CONTEXT() REPRESENTATION_CONTEXT('2D SPACE',''
  ) );
#659 = PCURVE('',#151,#660);
#660 = DEFINITIONAL_REPRESENTATION('',(#661),#669);
#661 = B_SPLINE_CURVE_WITH_KNOTS('',6,(#662,#663,#664,#665,#666,#667,
    #668),.UNSPECIFIED.,.F.,.F.,(7,7),(0.,0.722735154928),
  .PIECEWISE_BEZIER_KNOTS.);
#662 = CARTESIAN_POINT('',(3.14159265359,44.));
#663 = CARTESIAN_POINT('',(3.021136794435,44.));
#664 = CARTESIAN_POINT('',(2.900680935281,43.930354004825));
#665 = CARTESIAN_POINT('',(2.780225076126,43.791060946226));
#666 = CARTESIAN_POINT('',(2.659769216971,43.585156000519));
#667 = CARTESIAN_POINT('',(2.539313357817,43.318694175085));
#668 = CARTESIAN_POINT('',(2.418857498662,42.9999976));
#669 = ( GEOMETRIC_REPRESENTATION_CONTEXT(2) 
PARAMETRIC_REPRESENTATION_CONTEXT() REPRESENTATION_CONTEXT('2D SPACE',''
  ) );
#670 = ADVANCED_FACE('',(#671),#151,.T.);
#671 = FACE_BOUND('',#672,.T.);
#672 = EDGE_LOOP('',(#673,#674,#675,#676,#677));
#673 = ORIENTED_EDGE('',*,*,#135,.F.);
#674 = ORIENTED_EDGE('',*,*,#641,.F.);
#675 = ORIENTED_EDGE('',*,*,#558,.F.);
#676 = ORIENTED_EDGE('',*,*,#299,.T.);
#677 = ORIENTED_EDGE('',*,*,#678,.F.);
#678 = EDGE_CURVE('',#136,#272,#679,.T.);
#679 = SURFACE_CURVE('',#680,(#753,#829),.PCURVE_S1.);
#680 = B_SPLINE_CURVE_WITH_KNOTS('',6,(#681,#682,#683,#684,#685,#686,
    #687,#688,#689,#690,#691,#692,#693,#694,#695,#696,#697,#698,#699,
    #700,#701,#702,#703,#704,#705,#706,#707,#708,#709,#710,#711,#712,
    #713,#714,#715,#716,#717,#718,#719,#720,#721,#722,#723,#724,#725,
    #726,#727,#728,#729,#730,#731,#732,#733,#734,#735,#736,#737,#738,
    #739,#740,#741,#742,#743,#744,#745,#746,#747,#748,#749,#750,#751,
    #752),.UNSPECIFIED.,.F.,.F.,(7,5,5,5,5,5,5,5,5,5,5,5,5,5,7),(0.,
    8.313346419367E-02,0.208820167936,0.306970168089,0.342974387872,
    0.393226572703,0.456454380157,0.544257772795,0.606521685391,
    0.656285661533,0.692758827036,0.78938988489,0.899176597315,
    0.955024502108,1.),.UNSPECIFIED.);
#681 = CARTESIAN_POINT('',(15.527864045,3.999999999999,
    -2.400000000477E-06));
#682 = CARTESIAN_POINT('',(15.527864130087,4.00000009513,0.158548244765)
  );
#683 = CARTESIAN_POINT('',(15.521118926984,3.99245872282,0.316978021614)
  );
#684 = CARTESIAN_POINT('',(15.507647535853,3.977397277857,0.474816265568
    ));
#685 = CARTESIAN_POINT('',(15.48767959305,3.954880437881,0.631580424611)
  );
#686 = CARTESIAN_POINT('',(15.461656876315,3.925022063258,0.786746103774
    ));
#687 = CARTESIAN_POINT('',(15.382641555427,3.832151791617,1.17099317571)
  );
#688 = CARTESIAN_POINT('',(15.322716180237,3.760056342003,1.396992804314
    ));
#689 = CARTESIAN_POINT('',(15.252274264082,3.672209351166,1.617375006557
    ));
#690 = CARTESIAN_POINT('',(15.173403315376,3.568766532927,1.831582786342
    ));
#691 = CARTESIAN_POINT('',(15.088270362938,3.44977824224,2.03883576035)
  );
#692 = CARTESIAN_POINT('',(14.929424886256,3.210164899788,2.393763114689
    ));
#693 = CARTESIAN_POINT('',(14.857215513172,3.095487217854,2.544723991976
    ));
#694 = CARTESIAN_POINT('',(14.783336891723,2.970928272008,2.690848338415
    ));
#695 = CARTESIAN_POINT('',(14.708677651772,2.836071294818,2.831790556238
    ));
#696 = CARTESIAN_POINT('',(14.634211406367,2.690410805616,2.966959736388
    ));
#697 = CARTESIAN_POINT('',(14.534254937184,2.475816526227,3.142589887272
    ));
#698 = CARTESIAN_POINT('',(14.507605237022,2.416690849686,3.188832971781
    ));
#699 = CARTESIAN_POINT('',(14.481186779906,2.356001283571,3.234141471576
    ));
#700 = CARTESIAN_POINT('',(14.455058563583,2.293717993943,3.278465738977
    ));
#701 = CARTESIAN_POINT('',(14.42928389066,2.229812195082,3.321748645477)
  );
#702 = CARTESIAN_POINT('',(14.368543686591,2.072757582357,3.422793214727
    ));
#703 = CARTESIAN_POINT('',(14.333969017721,1.978022386769,3.479520558844
    ));
#704 = CARTESIAN_POINT('',(14.300402270138,1.880000951471,3.533911636836
    ));
#705 = CARTESIAN_POINT('',(14.268054692422,1.778654021502,3.585747678534
    ));
#706 = CARTESIAN_POINT('',(14.237152257174,1.6739531381,3.634786690418)
  );
#707 = CARTESIAN_POINT('',(14.171173652086,1.429903719817,3.738610914831
    ));
#708 = CARTESIAN_POINT('',(14.137025095944,1.288386089551,3.791696632097
    ));
#709 = CARTESIAN_POINT('',(14.106102751113,1.141706870535,3.839275327043
    ));
#710 = CARTESIAN_POINT('',(14.078977805939,0.990291161782,3.880677833068
    ));
#711 = CARTESIAN_POINT('',(14.056165211065,0.834609422915,3.915302217473
    ));
#712 = CARTESIAN_POINT('',(14.013036144278,0.453774487068,3.980520707878
    ));
#713 = CARTESIAN_POINT('',(13.997162474055,0.22536919147,4.004278187676)
  );
#714 = CARTESIAN_POINT('',(13.991878801944,-6.563761276673E-03,
    4.012125075273));
#715 = CARTESIAN_POINT('',(13.99767558013,-0.238429645365,4.003512521352
    ));
#716 = CARTESIAN_POINT('',(14.014034964931,-0.466636474361,
    3.979021928567));
#717 = CARTESIAN_POINT('',(14.057631696417,-0.844490539595,
    3.913075837359));
#718 = CARTESIAN_POINT('',(14.080310118778,-0.9975880247,3.878643068027)
  );
#719 = CARTESIAN_POINT('',(14.10715016963,-1.146524014623,3.837661370236
    ));
#720 = CARTESIAN_POINT('',(14.137659020624,-1.290855429112,3.7907069374)
  );
#721 = CARTESIAN_POINT('',(14.171292174019,-1.430181873861,
    3.738417566959));
#722 = CARTESIAN_POINT('',(14.236378382646,-1.671216863112,
    3.636009851372));
#723 = CARTESIAN_POINT('',(14.266945889908,-1.774981720544,
    3.587512405873));
#724 = CARTESIAN_POINT('',(14.298935555259,-1.875457174513,
    3.536266422761));
#725 = CARTESIAN_POINT('',(14.332127504915,-1.972670138929,
    3.482507564798));
#726 = CARTESIAN_POINT('',(14.366315963555,-2.066657986365,
    3.426449262452));
#727 = CARTESIAN_POINT('',(14.426957696063,-2.224024978274,
    3.325651836488));
#728 = CARTESIAN_POINT('',(14.453042564198,-2.2888862311,3.281880887665)
  );
#729 = CARTESIAN_POINT('',(14.479493939252,-2.35208066875,3.237037849935
    ));
#730 = CARTESIAN_POINT('',(14.506245824382,-2.413638163894,
    3.191182426007));
#731 = CARTESIAN_POINT('',(14.533236752503,-2.47358968173,3.144366458404
    ));
#732 = CARTESIAN_POINT('',(14.632401316605,-2.686631373343,
    2.970172606394));
#733 = CARTESIAN_POINT('',(14.705693761349,-2.830296420025,
    2.837237527272));
#734 = CARTESIAN_POINT('',(14.779195714576,-2.963476899137,
    2.698690214522));
#735 = CARTESIAN_POINT('',(14.851975747558,-3.086657551947,
    2.555099274774));
#736 = CARTESIAN_POINT('',(14.92318398046,-3.200240558991,2.406800716862
    ));
#737 = CARTESIAN_POINT('',(15.070128568955,-3.422938090373,
    2.080307373825));
#738 = CARTESIAN_POINT('',(15.145215732682,-3.529421440639,
    1.900670487702));
#739 = CARTESIAN_POINT('',(15.215809731151,-3.6240385404,1.715660158302)
  );
#740 = CARTESIAN_POINT('',(15.28050247721,-3.706807236311,1.525747464909
    ));
#741 = CARTESIAN_POINT('',(15.337903736157,-3.777655955545,
    1.331272334761));
#742 = CARTESIAN_POINT('',(15.41153398418,-3.8661980343,1.031325484735)
  );
#743 = CARTESIAN_POINT('',(15.434124368598,-3.892891836655,
    0.929114306119));
#744 = CARTESIAN_POINT('',(15.45428411649,-3.916367242553,0.825965777752
    ));
#745 = CARTESIAN_POINT('',(15.471844080563,-3.936580308378,
    0.722008065374));
#746 = CARTESIAN_POINT('',(15.486664174608,-3.953495621475,
    0.617358397878));
#747 = CARTESIAN_POINT('',(15.508278722406,-3.978021194329,
    0.427374925002));
#748 = CARTESIAN_POINT('',(15.516072180613,-3.986799596674,
    0.342263127063));
#749 = CARTESIAN_POINT('',(15.521957616195,-3.993396491433,
    0.256880277064));
#750 = CARTESIAN_POINT('',(15.525895039114,-3.997798838228,
    0.171316704672));
#751 = CARTESIAN_POINT('',(15.527864090971,-4.000000051397,
    8.566051727823E-02));
#752 = CARTESIAN_POINT('',(15.527864045,-3.999999999999,
    -2.399999995945E-06));
#753 = PCURVE('',#151,#754);
#754 = DEFINITIONAL_REPRESENTATION('',(#755),#828);
#755 = B_SPLINE_CURVE_WITH_KNOTS('',6,(#756,#757,#758,#759,#760,#761,
    #762,#763,#764,#765,#766,#767,#768,#769,#770,#771,#772,#773,#774,
    #775,#776,#777,#778,#779,#780,#781,#782,#783,#784,#785,#786,#787,
    #788,#789,#790,#791,#792,#793,#794,#795,#796,#797,#798,#799,#800,
    #801,#802,#803,#804,#805,#806,#807,#808,#809,#810,#811,#812,#813,
    #814,#815,#816,#817,#818,#819,#820,#821,#822,#823,#824,#825,#826,
    #827),.UNSPECIFIED.,.F.,.F.,(7,5,5,5,5,5,5,5,5,5,5,5,5,5,7),(0.,
    8.313346419367E-02,0.208820167936,0.306970168089,0.342974387872,
    0.393226572703,0.456454380157,0.544257772795,0.606521685391,
    0.656285661533,0.692758827036,0.78938988489,0.899176597315,
    0.955024502108,1.),.UNSPECIFIED.);
#756 = CARTESIAN_POINT('',(1.570795726795,55.527864045));
#757 = CARTESIAN_POINT('',(1.610433387986,55.527864130087));
#758 = CARTESIAN_POINT('',(1.650040819345,55.521118926984));
#759 = CARTESIAN_POINT('',(1.689612532404,55.507647535853));
#760 = CARTESIAN_POINT('',(1.729138857691,55.48767959305));
#761 = CARTESIAN_POINT('',(1.768598241199,55.461656876315));
#762 = CARTESIAN_POINT('',(1.867425963665,55.382641555427));
#763 = CARTESIAN_POINT('',(1.926578972869,55.322716180237));
#764 = CARTESIAN_POINT('',(1.98567053674,55.252274264082));
#765 = CARTESIAN_POINT('',(2.044915485916,55.173403315376));
#766 = CARTESIAN_POINT('',(2.104503251928,55.088270362938));
#767 = CARTESIAN_POINT('',(2.211562809167,54.929424886256));
#768 = CARTESIAN_POINT('',(2.258883556487,54.857215513172));
#769 = CARTESIAN_POINT('',(2.30677110299,54.783336891723));
#770 = CARTESIAN_POINT('',(2.355412187973,54.708677651772));
#771 = CARTESIAN_POINT('',(2.404995128725,54.634211406367));
#772 = CARTESIAN_POINT('',(2.474320743871,54.534254937184));
#773 = CARTESIAN_POINT('',(2.493081639053,54.507605237022));
#774 = CARTESIAN_POINT('',(2.512008602658,54.481186779906));
#775 = CARTESIAN_POINT('',(2.531112207931,54.455058563583));
#776 = CARTESIAN_POINT('',(2.550402865915,54.42928389066));
#777 = CARTESIAN_POINT('',(2.597090763405,54.368543686591));
#778 = CARTESIAN_POINT('',(2.624681671027,54.333969017721));
#779 = CARTESIAN_POINT('',(2.652683729633,54.300402270138));
#780 = CARTESIAN_POINT('',(2.681116962643,54.268054692422));
#781 = CARTESIAN_POINT('',(2.710002495399,54.237152257174));
#782 = CARTESIAN_POINT('',(2.776306524377,54.171173652086));
#783 = CARTESIAN_POINT('',(2.814057675305,54.137025095944));
#784 = CARTESIAN_POINT('',(2.852548120726,54.106102751113));
#785 = CARTESIAN_POINT('',(2.891724966344,54.078977805939));
#786 = CARTESIAN_POINT('',(2.931548073691,54.056165211065));
#787 = CARTESIAN_POINT('',(3.028142813407,54.013036144278));
#788 = CARTESIAN_POINT('',(3.085427325566,53.997162474055));
#789 = CARTESIAN_POINT('',(3.143228538858,53.991878801944));
#790 = CARTESIAN_POINT('',(3.201020005133,53.99767558013));
#791 = CARTESIAN_POINT('',(3.258274820199,54.014034964931));
#792 = CARTESIAN_POINT('',(3.354166224128,54.057631696417));
#793 = CARTESIAN_POINT('',(3.393350691613,54.080310118778));
#794 = CARTESIAN_POINT('',(3.431905020561,54.10715016963));
#795 = CARTESIAN_POINT('',(3.469791797996,54.137659020624));
#796 = CARTESIAN_POINT('',(3.506961689927,54.171292174019));
#797 = CARTESIAN_POINT('',(3.572433633467,54.236378382646));
#798 = CARTESIAN_POINT('',(3.601050358346,54.266945889908));
#799 = CARTESIAN_POINT('',(3.629223157417,54.298935555259));
#800 = CARTESIAN_POINT('',(3.656972439423,54.332127504915));
#801 = CARTESIAN_POINT('',(3.684317536916,54.366315963555));
#802 = CARTESIAN_POINT('',(3.731037775587,54.426957696063));
#803 = CARTESIAN_POINT('',(3.750594427524,54.453042564198));
#804 = CARTESIAN_POINT('',(3.769958517157,54.479493939252));
#805 = CARTESIAN_POINT('',(3.789140863192,54.506245824382));
#806 = CARTESIAN_POINT('',(3.808152443921,54.533236752503));
#807 = CARTESIAN_POINT('',(3.87695027294,54.632401316605));
#808 = CARTESIAN_POINT('',(3.925792016821,54.705693761349));
#809 = CARTESIAN_POINT('',(3.973716337148,54.779195714576));
#810 = CARTESIAN_POINT('',(4.020903482048,54.851975747558));
#811 = CARTESIAN_POINT('',(4.067532284522,54.92318398046));
#812 = CARTESIAN_POINT('',(4.166335148072,55.070128568955));
#813 = CARTESIAN_POINT('',(4.218436286885,55.145215732682));
#814 = CARTESIAN_POINT('',(4.270236638313,55.215809731151));
#815 = CARTESIAN_POINT('',(4.321880946274,55.28050247721));
#816 = CARTESIAN_POINT('',(4.373525148938,55.337903736157));
#817 = CARTESIAN_POINT('',(4.451710750454,55.41153398418));
#818 = CARTESIAN_POINT('',(4.478107421508,55.434124368598));
#819 = CARTESIAN_POINT('',(4.504534063061,55.45428411649));
#820 = CARTESIAN_POINT('',(4.530990149105,55.471844080563));
#821 = CARTESIAN_POINT('',(4.557478684701,55.486664174608));
#822 = CARTESIAN_POINT('',(4.605368678234,55.508278722406));
#823 = CARTESIAN_POINT('',(4.626752456366,55.516072180613));
#824 = CARTESIAN_POINT('',(4.648151234933,55.521957616195));
#825 = CARTESIAN_POINT('',(4.669559842068,55.525895039114));
#826 = CARTESIAN_POINT('',(4.690973851065,55.527864090971));
#827 = CARTESIAN_POINT('',(4.712389580385,55.527864045));
#828 = ( GEOMETRIC_REPRESENTATION_CONTEXT(2) 
PARAMETRIC_REPRESENTATION_CONTEXT() REPRESENTATION_CONTEXT('2D SPACE',''
  ) );
#829 = PCURVE('',#183,#830);
#830 = DEFINITIONAL_REPRESENTATION('',(#831),#904);
#831 = B_SPLINE_CURVE_WITH_KNOTS('',6,(#832,#833,#834,#835,#836,#837,
    #838,#839,#840,#841,#842,#843,#844,#845,#846,#847,#848,#849,#850,
    #851,#852,#853,#854,#855,#856,#857,#858,#859,#860,#861,#862,#863,
    #864,#865,#866,#867,#868,#869,#870,#871,#872,#873,#874,#875,#876,
    #877,#878,#879,#880,#881,#882,#883,#884,#885,#886,#887,#888,#889,
    #890,#891,#892,#893,#894,#895,#896,#897,#898,#899,#900,#901,#902,
    #903),.UNSPECIFIED.,.F.,.F.,(7,5,5,5,5,5,5,5,5,5,5,5,5,5,7),(0.,
    8.313346419367E-02,0.208820167936,0.306970168089,0.342974387872,
    0.393226572703,0.456454380157,0.544257772795,0.606521685391,
    0.656285661533,0.692758827036,0.78938988489,0.899176597315,
    0.955024502108,1.),.UNSPECIFIED.);
#832 = CARTESIAN_POINT('',(2.411864997363,-2.4E-06));
#833 = CARTESIAN_POINT('',(2.411864976091,0.158548244765));
#834 = CARTESIAN_POINT('',(2.413551274391,0.316978021614));
#835 = CARTESIAN_POINT('',(2.416919133704,0.474816265568));
#836 = CARTESIAN_POINT('',(2.421934934433,0.631580424611));
#837 = CARTESIAN_POINT('',(2.428535608567,0.786746103774));
#838 = CARTESIAN_POINT('',(2.448858220692,1.17099317571));
#839 = CARTESIAN_POINT('',(2.464481953688,1.396992804314));
#840 = CARTESIAN_POINT('',(2.483244305864,1.617375006557));
#841 = CARTESIAN_POINT('',(2.504912283913,1.831582786342));
#842 = CARTESIAN_POINT('',(2.529281360944,2.03883576035));
#843 = CARTESIAN_POINT('',(2.577195183858,2.393763114689));
#844 = CARTESIAN_POINT('',(2.599775235067,2.544723991976));
#845 = CARTESIAN_POINT('',(2.623898694082,2.690848338415));
#846 = CARTESIAN_POINT('',(2.649569977152,2.831790556238));
#847 = CARTESIAN_POINT('',(2.676817002163,2.966959736388));
#848 = CARTESIAN_POINT('',(2.716272321646,3.142589887272));
#849 = CARTESIAN_POINT('',(2.727080514569,3.188832971781));
#850 = CARTESIAN_POINT('',(2.738110812935,3.234141471576));
#851 = CARTESIAN_POINT('',(2.749366183046,3.278465738977));
#852 = CARTESIAN_POINT('',(2.760849652745,3.321748645477));
#853 = CARTESIAN_POINT('',(2.788914816881,3.422793214727));
#854 = CARTESIAN_POINT('',(2.805719626531,3.479520558844));
#855 = CARTESIAN_POINT('',(2.822982548297,3.533911636836));
#856 = CARTESIAN_POINT('',(2.840707028078,3.585747678534));
#857 = CARTESIAN_POINT('',(2.858896580823,3.634786690418));
#858 = CARTESIAN_POINT('',(2.901031712277,3.738610914831));
#859 = CARTESIAN_POINT('',(2.925285953497,3.791696632097));
#860 = CARTESIAN_POINT('',(2.950253519944,3.839275327043));
#861 = CARTESIAN_POINT('',(2.975872399743,3.880677833068));
#862 = CARTESIAN_POINT('',(3.002082373967,3.915302217473));
#863 = CARTESIAN_POINT('',(3.065960592469,3.980520707878));
#864 = CARTESIAN_POINT('',(3.104084115705,4.004278187676));
#865 = CARTESIAN_POINT('',(3.142685097233,4.012125075273));
#866 = CARTESIAN_POINT('',(3.181277036919,4.003512521352));
#867 = CARTESIAN_POINT('',(3.219373415816,3.979021928567));
#868 = CARTESIAN_POINT('',(3.282766889369,3.913075837359));
#869 = CARTESIAN_POINT('',(3.308548179669,3.878643068027));
#870 = CARTESIAN_POINT('',(3.333752796981,3.837661370236));
#871 = CARTESIAN_POINT('',(3.35832402909,3.7907069374));
#872 = CARTESIAN_POINT('',(3.382203501571,3.738417566959));
#873 = CARTESIAN_POINT('',(3.423814825015,3.636009851372));
#874 = CARTESIAN_POINT('',(3.441839089579,3.587512405873));
#875 = CARTESIAN_POINT('',(3.45940723102,3.536266422761));
#876 = CARTESIAN_POINT('',(3.476522577197,3.482507564798));
#877 = CARTESIAN_POINT('',(3.493188391208,3.426449262452));
#878 = CARTESIAN_POINT('',(3.521296214291,3.325651836488));
#879 = CARTESIAN_POINT('',(3.532946658333,3.281880887665));
#880 = CARTESIAN_POINT('',(3.544362832403,3.237037849935));
#881 = CARTESIAN_POINT('',(3.555547885771,3.191182426007));
#882 = CARTESIAN_POINT('',(3.566504898907,3.144366458404));
#883 = CARTESIAN_POINT('',(3.605669924808,2.970172606394));
#884 = CARTESIAN_POINT('',(3.632532608088,2.837237527272));
#885 = CARTESIAN_POINT('',(3.657866807185,2.698690214522));
#886 = CARTESIAN_POINT('',(3.681699749814,2.555099274774));
#887 = CARTESIAN_POINT('',(3.704036714837,2.406800716862));
#888 = CARTESIAN_POINT('',(3.748504837805,2.080307373825));
#889 = CARTESIAN_POINT('',(3.77021029659,1.900670487702));
#890 = CARTESIAN_POINT('',(3.789876379764,1.715660158302));
#891 = CARTESIAN_POINT('',(3.807380631159,1.525747464909));
#892 = CARTESIAN_POINT('',(3.822576655185,1.331272334761));
#893 = CARTESIAN_POINT('',(3.841769472949,1.031325484735));
#894 = CARTESIAN_POINT('',(3.847597550958,0.929114306119));
#895 = CARTESIAN_POINT('',(3.852754667029,0.825965777752));
#896 = CARTESIAN_POINT('',(3.857217167211,0.722008065374));
#897 = CARTESIAN_POINT('',(3.860965346515,0.617358397878));
#898 = CARTESIAN_POINT('',(3.866413823367,0.427374925002));
#899 = CARTESIAN_POINT('',(3.868370276792,0.342263127063));
#900 = CARTESIAN_POINT('',(3.869843710829,0.256880277064));
#901 = CARTESIAN_POINT('',(3.870828084443,0.171316704672));
#902 = CARTESIAN_POINT('',(3.871320321309,8.566051727823E-02));
#903 = CARTESIAN_POINT('',(3.871320309817,-2.4E-06));
#904 = ( GEOMETRIC_REPRESENTATION_CONTEXT(2) 
PARAMETRIC_REPRESENTATION_CONTEXT() REPRESENTATION_CONTEXT('2D SPACE',''
  ) );
#905 = ADVANCED_FACE('',(#906),#183,.T.);
#906 = FACE_BOUND('',#907,.T.);
#907 = EDGE_LOOP('',(#908,#933,#1056,#1057,#1058,#1059,#1182,#1183));
#908 = ORIENTED_EDGE('',*,*,#909,.F.);
#909 = EDGE_CURVE('',#910,#912,#914,.T.);
#910 = VERTEX_POINT('',#911);
#911 = CARTESIAN_POINT('',(26.,-1.469576158977E-15,4.));
#912 = VERTEX_POINT('',#913);
#913 = CARTESIAN_POINT('',(26.,-1.469576158977E-15,24.));
#914 = SEAM_CURVE('',#915,(#919,#926),.PCURVE_S1.);
#915 = LINE('',#916,#917);
#916 = CARTESIAN_POINT('',(26.,-1.469576158977E-15,0.));
#917 = VECTOR('',#918,1.);
#918 = DIRECTION('',(0.,0.,1.));
#919 = PCURVE('',#183,#920);
#920 = DEFINITIONAL_REPRESENTATION('',(#921),#925);
#921 = LINE('',#922,#923);
#922 = CARTESIAN_POINT('',(0.,-0.));
#923 = VECTOR('',#924,1.);
#924 = DIRECTION('',(0.,1.));
#925 = ( GEOMETRIC_REPRESENTATION_CONTEXT(2) 
PARAMETRIC_REPRESENTATION_CONTEXT() REPRESENTATION_CONTEXT('2D SPACE',''
  ) );
#926 = PCURVE('',#183,#927);
#927 = DEFINITIONAL_REPRESENTATION('',(#928),#932);
#928 = LINE('',#929,#930);
#929 = CARTESIAN_POINT('',(6.28318530718,-0.));
#930 = VECTOR('',#931,1.);
#931 = DIRECTION('',(0.,1.));
#932 = ( GEOMETRIC_REPRESENTATION_CONTEXT(2) 
PARAMETRIC_REPRESENTATION_CONTEXT() REPRESENTATION_CONTEXT('2D SPACE',''
  ) );
#933 = ORIENTED_EDGE('',*,*,#934,.F.);
#934 = EDGE_CURVE('',#163,#910,#935,.T.);
#935 = SURFACE_CURVE('',#936,(#974,#1015),.PCURVE_S1.);
#936 = B_SPLINE_CURVE_WITH_KNOTS('',6,(#937,#938,#939,#940,#941,#942,
    #943,#944,#945,#946,#947,#948,#949,#950,#951,#952,#953,#954,#955,
    #956,#957,#958,#959,#960,#961,#962,#963,#964,#965,#966,#967,#968,
    #969,#970,#971,#972,#973),.UNSPECIFIED.,.F.,.F.,(7,5,5,5,5,5,5,7),(
    0.,0.202816405685,0.417735165002,0.614012304025,0.686012350989,
    0.786505006838,0.865705456782,1.),.UNSPECIFIED.);
#937 = CARTESIAN_POINT('',(24.472135955,3.999999999999,
    -2.399999999484E-06));
#938 = CARTESIAN_POINT('',(24.472135851212,4.000000116039,0.193396458452
    ));
#939 = CARTESIAN_POINT('',(24.482171936073,3.98877940571,0.386491442295)
  );
#940 = CARTESIAN_POINT('',(24.502185884097,3.966403254462,0.578516188054
    ));
#941 = CARTESIAN_POINT('',(24.531682057177,3.933000335435,0.768669554939
    ));
#942 = CARTESIAN_POINT('',(24.569725980823,3.888783074859,0.956047106139
    ));
#943 = CARTESIAN_POINT('',(24.66306882948,3.776431723093,1.334064820275)
  );
#944 = CARTESIAN_POINT('',(24.719300830676,3.706981061179,1.524390626755
    ));
#945 = CARTESIAN_POINT('',(24.782514938011,3.62610607843,1.710342179787)
  );
#946 = CARTESIAN_POINT('',(24.851407179825,3.533876397262,1.891598396742
    ));
#947 = CARTESIAN_POINT('',(24.924655749563,3.43027961322,2.067718111978)
  );
#948 = CARTESIAN_POINT('',(25.070575119506,3.210164891097,2.393763127564
    ));
#949 = CARTESIAN_POINT('',(25.142784477037,3.095487235301,2.544723972264
    ));
#950 = CARTESIAN_POINT('',(25.216663108653,2.970928269506,2.690848337804
    ));
#951 = CARTESIAN_POINT('',(25.291322358211,2.836071276168,2.831790575693
    ));
#952 = CARTESIAN_POINT('',(25.365788587099,2.690410819644,2.966959724907
    ));
#953 = CARTESIAN_POINT('',(25.465745062816,2.475816526227,3.142589887272
    ));
#954 = CARTESIAN_POINT('',(25.492394762978,2.416690849686,3.188832971781
    ));
#955 = CARTESIAN_POINT('',(25.518813220094,2.356001283571,3.234141471576
    ));
#956 = CARTESIAN_POINT('',(25.544941436417,2.293717993943,3.278465738977
    ));
#957 = CARTESIAN_POINT('',(25.57071610934,2.229812195082,3.321748645477)
  );
#958 = CARTESIAN_POINT('',(25.631456313408,2.072757582357,3.422793214727
    ));
#959 = CARTESIAN_POINT('',(25.666030982279,1.978022386769,3.479520558844
    ));
#960 = CARTESIAN_POINT('',(25.699597729862,1.880000951471,3.533911636836
    ));
#961 = CARTESIAN_POINT('',(25.731945307578,1.778654021502,3.585747678534
    ));
#962 = CARTESIAN_POINT('',(25.762847742826,1.6739531381,3.634786690418)
  );
#963 = CARTESIAN_POINT('',(25.815091676735,1.480707135671,3.716997975593
    ));
#964 = CARTESIAN_POINT('',(25.837074524779,1.393428565033,3.751335088459
    ));
#965 = CARTESIAN_POINT('',(25.857876512587,1.304105938019,3.783613512296
    ));
#966 = CARTESIAN_POINT('',(25.877363164743,1.212806748277,3.813676963607
    ));
#967 = CARTESIAN_POINT('',(25.895403644056,1.119605413766,3.841373053196
    ));
#968 = CARTESIAN_POINT('',(25.939795886163,0.863461034708,3.909247791761
    ));
#969 = CARTESIAN_POINT('',(25.963257169682,0.696770737483,3.944795817399
    ));
#970 = CARTESIAN_POINT('',(25.981451570167,0.525758331481,3.972177321773
    ));
#971 = CARTESIAN_POINT('',(25.993802910497,0.351729682139,3.990704374252
    ));
#972 = CARTESIAN_POINT('',(26.,0.1760265384,4.));
#973 = CARTESIAN_POINT('',(26.,7.347880794884E-16,4.));
#974 = PCURVE('',#183,#975);
#975 = DEFINITIONAL_REPRESENTATION('',(#976),#1014);
#976 = B_SPLINE_CURVE_WITH_KNOTS('',6,(#977,#978,#979,#980,#981,#982,
    #983,#984,#985,#986,#987,#988,#989,#990,#991,#992,#993,#994,#995,
    #996,#997,#998,#999,#1000,#1001,#1002,#1003,#1004,#1005,#1006,#1007,
    #1008,#1009,#1010,#1011,#1012,#1013),.UNSPECIFIED.,.F.,.F.,(7,5,5,5,
    5,5,5,7),(0.,0.202816405685,0.417735165002,0.614012304025,
    0.686012350989,0.786505006838,0.865705456782,1.),.UNSPECIFIED.);
#977 = CARTESIAN_POINT('',(0.729727656227,-2.4E-06));
#978 = CARTESIAN_POINT('',(0.729727682174,0.193396458452));
#979 = CARTESIAN_POINT('',(0.727218671741,0.386491442295));
#980 = CARTESIAN_POINT('',(0.7222151341,0.578516188054));
#981 = CARTESIAN_POINT('',(0.714788431905,0.768669554939));
#982 = CARTESIAN_POINT('',(0.705068059794,0.956047106139));
#983 = CARTESIAN_POINT('',(0.680723476983,1.334064820275));
#984 = CARTESIAN_POINT('',(0.665831124589,1.524390626755));
#985 = CARTESIAN_POINT('',(0.648727051294,1.710342179787));
#986 = CARTESIAN_POINT('',(0.629548833724,1.891598396742));
#987 = CARTESIAN_POINT('',(0.608412286654,2.067718111978));
#988 = CARTESIAN_POINT('',(0.564397467994,2.393763127564));
#989 = CARTESIAN_POINT('',(0.541817421865,2.544723972264));
#990 = CARTESIAN_POINT('',(0.517693959113,2.690848337804));
#991 = CARTESIAN_POINT('',(0.492022672905,2.831790575693));
#992 = CARTESIAN_POINT('',(0.464775654005,2.966959724907));
#993 = CARTESIAN_POINT('',(0.425320331943,3.142589887272));
#994 = CARTESIAN_POINT('',(0.414512139021,3.188832971781));
#995 = CARTESIAN_POINT('',(0.403481840655,3.234141471576));
#996 = CARTESIAN_POINT('',(0.392226470544,3.278465738977));
#997 = CARTESIAN_POINT('',(0.380743000845,3.321748645477));
#998 = CARTESIAN_POINT('',(0.352677836709,3.422793214727));
#999 = CARTESIAN_POINT('',(0.335873027058,3.479520558844));
#1000 = CARTESIAN_POINT('',(0.318610105293,3.533911636836));
#1001 = CARTESIAN_POINT('',(0.300885625512,3.585747678534));
#1002 = CARTESIAN_POINT('',(0.282696072766,3.634786690418));
#1003 = CARTESIAN_POINT('',(0.249332150932,3.716997975593));
#1004 = CARTESIAN_POINT('',(0.234333659001,3.751335088459));
#1005 = CARTESIAN_POINT('',(0.219051940616,3.783613512296));
#1006 = CARTESIAN_POINT('',(0.203496829917,3.813676963607));
#1007 = CARTESIAN_POINT('',(0.187677988648,3.841373053196));
#1008 = CARTESIAN_POINT('',(0.144350869195,3.909247791761));
#1009 = CARTESIAN_POINT('',(0.11630948261,3.944795817399));
#1010 = CARTESIAN_POINT('',(8.767181813706E-02,3.972177321773));
#1011 = CARTESIAN_POINT('',(5.862161924079E-02,3.990704374252));
#1012 = CARTESIAN_POINT('',(2.933775639992E-02,4.));
#1013 = CARTESIAN_POINT('',(0.,4.));
#1014 = ( GEOMETRIC_REPRESENTATION_CONTEXT(2) 
PARAMETRIC_REPRESENTATION_CONTEXT() REPRESENTATION_CONTEXT('2D SPACE',''
  ) );
#1015 = PCURVE('',#211,#1016);
#1016 = DEFINITIONAL_REPRESENTATION('',(#1017),#1055);
#1017 = B_SPLINE_CURVE_WITH_KNOTS('',6,(#1018,#1019,#1020,#1021,#1022,
    #1023,#1024,#1025,#1026,#1027,#1028,#1029,#1030,#1031,#1032,#1033,
    #1034,#1035,#1036,#1037,#1038,#1039,#1040,#1041,#1042,#1043,#1044,
    #1045,#1046,#1047,#1048,#1049,#1050,#1051,#1052,#1053,#1054),
  .UNSPECIFIED.,.F.,.F.,(7,5,5,5,5,5,5,7),(0.,0.202816405685,
    0.417735165002,0.614012304025,0.686012350989,0.786505006838,
    0.865705456782,1.),.UNSPECIFIED.);
#1018 = CARTESIAN_POINT('',(1.570795726795,64.472135955));
#1019 = CARTESIAN_POINT('',(1.619145441408,64.472135851212));
#1020 = CARTESIAN_POINT('',(1.667419144455,64.482171936073));
#1021 = CARTESIAN_POINT('',(1.715628973635,64.502185884097));
#1022 = CARTESIAN_POINT('',(1.763773946106,64.531682057177));
#1023 = CARTESIAN_POINT('',(1.811826325188,64.569725980823));
#1024 = CARTESIAN_POINT('',(1.910416454778,64.66306882948));
#1025 = CARTESIAN_POINT('',(1.960972630059,64.719300830676));
#1026 = CARTESIAN_POINT('',(2.011529014041,64.782514938011));
#1027 = CARTESIAN_POINT('',(2.062231427013,64.851407179825));
#1028 = CARTESIAN_POINT('',(2.113215265075,64.924655749563));
#1029 = CARTESIAN_POINT('',(2.21156281305,65.070575119506));
#1030 = CARTESIAN_POINT('',(2.258883549847,65.142784477037));
#1031 = CARTESIAN_POINT('',(2.306771103302,65.216663108653));
#1032 = CARTESIAN_POINT('',(2.355412194769,65.291322358211));
#1033 = CARTESIAN_POINT('',(2.404995124194,65.365788587099));
#1034 = CARTESIAN_POINT('',(2.474320743871,65.465745062816));
#1035 = CARTESIAN_POINT('',(2.493081639053,65.492394762978));
#1036 = CARTESIAN_POINT('',(2.512008602658,65.518813220094));
#1037 = CARTESIAN_POINT('',(2.531112207931,65.544941436417));
#1038 = CARTESIAN_POINT('',(2.550402865915,65.57071610934));
#1039 = CARTESIAN_POINT('',(2.597090763405,65.631456313408));
#1040 = CARTESIAN_POINT('',(2.624681671027,65.666030982279));
#1041 = CARTESIAN_POINT('',(2.652683729633,65.699597729862));
#1042 = CARTESIAN_POINT('',(2.681116962643,65.731945307578));
#1043 = CARTESIAN_POINT('',(2.710002495399,65.762847742826));
#1044 = CARTESIAN_POINT('',(2.762504110175,65.815091676735));
#1045 = CARTESIAN_POINT('',(2.785942831534,65.837074524779));
#1046 = CARTESIAN_POINT('',(2.809672615216,65.857876512587));
#1047 = CARTESIAN_POINT('',(2.833687802676,65.877363164743));
#1048 = CARTESIAN_POINT('',(2.85798435555,65.895403644056));
#1049 = CARTESIAN_POINT('',(2.924230545563,65.939795886163));
#1050 = CARTESIAN_POINT('',(2.966789213329,65.963257169682));
#1051 = CARTESIAN_POINT('',(3.009999661782,65.981451570167));
#1052 = CARTESIAN_POINT('',(3.053660234683,65.993802910497));
#1053 = CARTESIAN_POINT('',(3.09758601899,66.));
#1054 = CARTESIAN_POINT('',(3.14159265359,66.));
#1055 = ( GEOMETRIC_REPRESENTATION_CONTEXT(2) 
PARAMETRIC_REPRESENTATION_CONTEXT() REPRESENTATION_CONTEXT('2D SPACE',''
  ) );
#1056 = ORIENTED_EDGE('',*,*,#162,.F.);
#1057 = ORIENTED_EDGE('',*,*,#678,.T.);
#1058 = ORIENTED_EDGE('',*,*,#271,.F.);
#1059 = ORIENTED_EDGE('',*,*,#1060,.F.);
#1060 = EDGE_CURVE('',#910,#250,#1061,.T.);
#1061 = SURFACE_CURVE('',#1062,(#1100,#1141),.PCURVE_S1.);
#1062 = B_SPLINE_CURVE_WITH_KNOTS('',6,(#1063,#1064,#1065,#1066,#1067,
    #1068,#1069,#1070,#1071,#1072,#1073,#1074,#1075,#1076,#1077,#1078,
    #1079,#1080,#1081,#1082,#1083,#1084,#1085,#1086,#1087,#1088,#1089,
    #1090,#1091,#1092,#1093,#1094,#1095,#1096,#1097,#1098,#1099),
  .UNSPECIFIED.,.F.,.F.,(7,5,5,5,5,5,5,7),(0.,0.134690491068,
    0.213237926904,0.312760192345,0.385702355332,0.578953412137,
    0.805857405102,1.),.UNSPECIFIED.);
#1063 = CARTESIAN_POINT('',(26.,0.,4.));
#1064 = CARTESIAN_POINT('',(26.,-0.176552641811,4.));
#1065 = CARTESIAN_POINT('',(25.993765809479,-0.352758729726,
    3.990648724018));
#1066 = CARTESIAN_POINT('',(25.981343472384,-0.527265592066,
    3.972015172309));
#1067 = CARTESIAN_POINT('',(25.963048072591,-0.698729988877,
    3.944481095069));
#1068 = CARTESIAN_POINT('',(25.939460325917,-0.865844844265,
    3.908739375003));
#1069 = CARTESIAN_POINT('',(25.895019226238,-1.121556325201,
    3.840782513066));
#1070 = CARTESIAN_POINT('',(25.877105215323,-1.213956325171,
    3.813278073274));
#1071 = CARTESIAN_POINT('',(25.857770379101,-1.304484404366,
    3.783447059748));
#1072 = CARTESIAN_POINT('',(25.837142343972,-1.393068159116,
    3.751438125109));
#1073 = CARTESIAN_POINT('',(25.815352236043,-1.479641883056,
    3.717403661176));
#1074 = CARTESIAN_POINT('',(25.763621617354,-1.671216863112,
    3.636009851372));
#1075 = CARTESIAN_POINT('',(25.733054110092,-1.774981720544,
    3.587512405873));
#1076 = CARTESIAN_POINT('',(25.701064444741,-1.875457174513,
    3.536266422761));
#1077 = CARTESIAN_POINT('',(25.667872495084,-1.972670138929,
    3.482507564798));
#1078 = CARTESIAN_POINT('',(25.633684036445,-2.066657986365,
    3.426449262452));
#1079 = CARTESIAN_POINT('',(25.573042303937,-2.224024978274,
    3.325651836488));
#1080 = CARTESIAN_POINT('',(25.546957435802,-2.2888862311,3.281880887665
    ));
#1081 = CARTESIAN_POINT('',(25.520506060748,-2.35208066875,
    3.237037849935));
#1082 = CARTESIAN_POINT('',(25.493754175618,-2.413638163894,
    3.191182426007));
#1083 = CARTESIAN_POINT('',(25.466763247497,-2.47358968173,
    3.144366458404));
#1084 = CARTESIAN_POINT('',(25.367598689454,-2.686631360326,
    2.970172617038));
#1085 = CARTESIAN_POINT('',(25.294306229351,-2.830296437425,
    2.837237509191));
#1086 = CARTESIAN_POINT('',(25.220804285095,-2.963476901415,
    2.698690215104));
#1087 = CARTESIAN_POINT('',(25.148024261571,-3.086657535644,
    2.555099293099));
#1088 = CARTESIAN_POINT('',(25.076816014152,-3.200240567157,
    2.40680070489));
#1089 = CARTESIAN_POINT('',(24.927257574847,-3.426899442939,
    2.074499697223));
#1090 = CARTESIAN_POINT('',(24.849755101502,-3.53654591893,
    1.888625630751));
#1091 = CARTESIAN_POINT('',(24.777100757652,-3.633521215725,
    1.697024828087));
#1092 = CARTESIAN_POINT('',(24.710855741901,-3.717834483595,
    1.500226927499));
#1093 = CARTESIAN_POINT('',(24.65255592184,-3.789398842142,
    1.298612340842));
#1094 = CARTESIAN_POINT('',(24.561766970918,-3.898017821516,
    0.916016904382));
#1095 = CARTESIAN_POINT('',(24.526753007275,-3.93857943462,
    0.736202447704));
#1096 = CARTESIAN_POINT('',(24.499676598064,-3.969208694782,
    0.553926671325));
#1097 = CARTESIAN_POINT('',(24.481331309995,-3.989719261525,
    0.36999289075));
#1098 = CARTESIAN_POINT('',(24.472135855653,-4.000000111072,
    0.185119537922));
#1099 = CARTESIAN_POINT('',(24.472135955,-3.999999999999,
    -2.399999998504E-06));
#1100 = PCURVE('',#183,#1101);
#1101 = DEFINITIONAL_REPRESENTATION('',(#1102),#1140);
#1102 = B_SPLINE_CURVE_WITH_KNOTS('',6,(#1103,#1104,#1105,#1106,#1107,
    #1108,#1109,#1110,#1111,#1112,#1113,#1114,#1115,#1116,#1117,#1118,
    #1119,#1120,#1121,#1122,#1123,#1124,#1125,#1126,#1127,#1128,#1129,
    #1130,#1131,#1132,#1133,#1134,#1135,#1136,#1137,#1138,#1139),
  .UNSPECIFIED.,.F.,.F.,(7,5,5,5,5,5,5,7),(0.,0.134690491068,
    0.213237926904,0.312760192345,0.385702355332,0.578953412137,
    0.805857405102,1.),.UNSPECIFIED.);
#1103 = CARTESIAN_POINT('',(6.28318530718,4.));
#1104 = CARTESIAN_POINT('',(6.253759866878,4.));
#1105 = CARTESIAN_POINT('',(6.224392179475,3.990648724018));
#1106 = CARTESIAN_POINT('',(6.19526187088,3.972015172309));
#1107 = CARTESIAN_POINT('',(6.166547712442,3.944481095069));
#1108 = CARTESIAN_POINT('',(6.138433424708,3.908739375003));
#1109 = CARTESIAN_POINT('',(6.095175999905,3.840782513066));
#1110 = CARTESIAN_POINT('',(6.079492207024,3.813278073274));
#1111 = CARTESIAN_POINT('',(6.064067960358,3.783447059748));
#1112 = CARTESIAN_POINT('',(6.0489126618,3.751438125109));
#1113 = CARTESIAN_POINT('',(6.034035879606,3.717403661176));
#1114 = CARTESIAN_POINT('',(6.000963135754,3.636009851372));
#1115 = CARTESIAN_POINT('',(5.98293887119,3.587512405873));
#1116 = CARTESIAN_POINT('',(5.96537072975,3.536266422761));
#1117 = CARTESIAN_POINT('',(5.948255383573,3.482507564798));
#1118 = CARTESIAN_POINT('',(5.931589569561,3.426449262452));
#1119 = CARTESIAN_POINT('',(5.903481746479,3.325651836488));
#1120 = CARTESIAN_POINT('',(5.891831302436,3.281880887665));
#1121 = CARTESIAN_POINT('',(5.880415128367,3.237037849935));
#1122 = CARTESIAN_POINT('',(5.869230074999,3.191182426007));
#1123 = CARTESIAN_POINT('',(5.858273061863,3.144366458404));
#1124 = CARTESIAN_POINT('',(5.819108038354,2.970172617038));
#1125 = CARTESIAN_POINT('',(5.792245349386,2.837237509191));
#1126 = CARTESIAN_POINT('',(5.766911153226,2.698690215104));
#1127 = CARTESIAN_POINT('',(5.743078214077,2.555099293099));
#1128 = CARTESIAN_POINT('',(5.720741244302,2.40680070489));
#1129 = CARTESIAN_POINT('',(5.67548212222,2.074499697223));
#1130 = CARTESIAN_POINT('',(5.653114930465,1.888625630752));
#1131 = CARTESIAN_POINT('',(5.632929202001,1.697024828087));
#1132 = CARTESIAN_POINT('',(5.615062906314,1.500226927499));
#1133 = CARTESIAN_POINT('',(5.599679859793,1.298612340842));
#1134 = CARTESIAN_POINT('',(5.576085653648,0.916016904382));
#1135 = CARTESIAN_POINT('',(5.567156164234,0.736202447704));
#1136 = CARTESIAN_POINT('',(5.560342840623,0.553926671325));
#1137 = CARTESIAN_POINT('',(5.55575648187,0.36999289075));
#1138 = CARTESIAN_POINT('',(5.553457626116,0.185119537922));
#1139 = CARTESIAN_POINT('',(5.553457650953,-2.4E-06));
#1140 = ( GEOMETRIC_REPRESENTATION_CONTEXT(2) 
PARAMETRIC_REPRESENTATION_CONTEXT() REPRESENTATION_CONTEXT('2D SPACE',''
  ) );
#1141 = PCURVE('',#211,#1142);
#1142 = DEFINITIONAL_REPRESENTATION('',(#1143),#1181);
#1143 = B_SPLINE_CURVE_WITH_KNOTS('',6,(#1144,#1145,#1146,#1147,#1148,
    #1149,#1150,#1151,#1152,#1153,#1154,#1155,#1156,#1157,#1158,#1159,
    #1160,#1161,#1162,#1163,#1164,#1165,#1166,#1167,#1168,#1169,#1170,
    #1171,#1172,#1173,#1174,#1175,#1176,#1177,#1178,#1179,#1180),
  .UNSPECIFIED.,.F.,.F.,(7,5,5,5,5,5,5,7),(0.,0.134690491068,
    0.213237926904,0.312760192345,0.385702355332,0.578953412137,
    0.805857405102,1.),.UNSPECIFIED.);
#1144 = CARTESIAN_POINT('',(3.14159265359,66.));
#1145 = CARTESIAN_POINT('',(3.185730814043,66.));
#1146 = CARTESIAN_POINT('',(3.22978233417,65.993765809479));
#1147 = CARTESIAN_POINT('',(3.273563840655,65.981343472384));
#1148 = CARTESIAN_POINT('',(3.316891203915,65.963048072591));
#1149 = CARTESIAN_POINT('',(3.359563378399,65.939460325917));
#1150 = CARTESIAN_POINT('',(3.425710230444,65.895019226238));
#1151 = CARTESIAN_POINT('',(3.449801379057,65.877105215323));
#1152 = CARTESIAN_POINT('',(3.473615666688,65.857770379101));
#1153 = CARTESIAN_POINT('',(3.497149178,65.837142343972));
#1154 = CARTESIAN_POINT('',(3.520396432076,65.815352236043));
#1155 = CARTESIAN_POINT('',(3.572433633467,65.763621617354));
#1156 = CARTESIAN_POINT('',(3.601050358346,65.733054110092));
#1157 = CARTESIAN_POINT('',(3.629223157417,65.701064444741));
#1158 = CARTESIAN_POINT('',(3.656972439423,65.667872495084));
#1159 = CARTESIAN_POINT('',(3.684317536916,65.633684036445));
#1160 = CARTESIAN_POINT('',(3.731037775587,65.573042303937));
#1161 = CARTESIAN_POINT('',(3.750594427524,65.546957435802));
#1162 = CARTESIAN_POINT('',(3.769958517157,65.520506060748));
#1163 = CARTESIAN_POINT('',(3.789140863192,65.493754175618));
#1164 = CARTESIAN_POINT('',(3.808152443921,65.466763247497));
#1165 = CARTESIAN_POINT('',(3.876950268737,65.367598689454));
#1166 = CARTESIAN_POINT('',(3.925792023147,65.294306229351));
#1167 = CARTESIAN_POINT('',(3.973716337428,65.220804285095));
#1168 = CARTESIAN_POINT('',(4.020903475863,65.148024261571));
#1169 = CARTESIAN_POINT('',(4.067532288145,65.076816014152));
#1170 = CARTESIAN_POINT('',(4.168092657348,64.927257574847));
#1171 = CARTESIAN_POINT('',(4.221927569003,64.849755101502));
#1172 = CARTESIAN_POINT('',(4.275448326804,64.777100757652));
#1173 = CARTESIAN_POINT('',(4.328810811109,64.710855741901));
#1174 = CARTESIAN_POINT('',(4.382184511632,64.65255592184));
#1175 = CARTESIAN_POINT('',(4.481613302319,64.561766970918));
#1176 = CARTESIAN_POINT('',(4.52762733026,64.526753007275));
#1177 = CARTESIAN_POINT('',(4.573728768305,64.499676598064));
#1178 = CARTESIAN_POINT('',(4.619890790654,64.481331309995));
#1179 = CARTESIAN_POINT('',(4.666109095904,64.472135855653));
#1180 = CARTESIAN_POINT('',(4.712389580385,64.472135955));
#1181 = ( GEOMETRIC_REPRESENTATION_CONTEXT(2) 
PARAMETRIC_REPRESENTATION_CONTEXT() REPRESENTATION_CONTEXT('2D SPACE',''
  ) );
#1182 = ORIENTED_EDGE('',*,*,#909,.T.);
#1183 = ORIENTED_EDGE('',*,*,#1184,.F.);
#1184 = EDGE_CURVE('',#912,#912,#1185,.T.);
#1185 = SURFACE_CURVE('',#1186,(#1191,#1198),.PCURVE_S1.);
#1186 = CIRCLE('',#1187,6.);
#1187 = AXIS2_PLACEMENT_3D('',#1188,#1189,#1190);
#1188 = CARTESIAN_POINT('',(20.,0.,24.));
#1189 = DIRECTION('',(0.,0.,1.));
#1190 = DIRECTION('',(1.,0.,-0.));
#1191 = PCURVE('',#183,#1192);
#1192 = DEFINITIONAL_REPRESENTATION('',(#1193),#1197);
#1193 = LINE('',#1194,#1195);
#1194 = CARTESIAN_POINT('',(0.,24.));
#1195 = VECTOR('',#1196,1.);
#1196 = DIRECTION('',(1.,0.));
#1197 = ( GEOMETRIC_REPRESENTATION_CONTEXT(2) 
PARAMETRIC_REPRESENTATION_CONTEXT() REPRESENTATION_CONTEXT('2D SPACE',''
  ) );
#1198 = PCURVE('',#1199,#1204);
#1199 = PLANE('',#1200);
#1200 = AXIS2_PLACEMENT_3D('',#1201,#1202,#1203);
#1201 = CARTESIAN_POINT('',(20.,0.,24.));
#1202 = DIRECTION('',(0.,0.,1.));
#1203 = DIRECTION('',(1.,0.,-0.));
#1204 = DEFINITIONAL_REPRESENTATION('',(#1205),#1209);
#1205 = CIRCLE('',#1206,6.);
#1206 = AXIS2_PLACEMENT_2D('',#1207,#1208);
#1207 = CARTESIAN_POINT('',(0.,0.));
#1208 = DIRECTION('',(1.,0.));
#1209 = ( GEOMETRIC_REPRESENTATION_CONTEXT(2) 
PARAMETRIC_REPRESENTATION_CONTEXT() REPRESENTATION_CONTEXT('2D SPACE',''
  ) );
#1210 = ADVANCED_FACE('',(#1211),#211,.T.);
#1211 = FACE_BOUND('',#1212,.T.);
#1212 = EDGE_LOOP('',(#1213,#1235,#1236,#1237,#1238));
#1213 = ORIENTED_EDGE('',*,*,#1214,.F.);
#1214 = EDGE_CURVE('',#196,#223,#1215,.T.);
#1215 = SURFACE_CURVE('',#1216,(#1221,#1228),.PCURVE_S1.);
#1216 = CIRCLE('',#1217,4.);
#1217 = AXIS2_PLACEMENT_3D('',#1218,#1219,#1220);
#1218 = CARTESIAN_POINT('',(40.,0.,8.881784197001E-15));
#1219 = DIRECTION('',(1.,-0.,2.22044604925E-16));
#1220 = DIRECTION('',(2.22044604925E-16,0.,-1.));
#1221 = PCURVE('',#211,#1222);
#1222 = DEFINITIONAL_REPRESENTATION('',(#1223),#1227);
#1223 = LINE('',#1224,#1225);
#1224 = CARTESIAN_POINT('',(0.,80.));
#1225 = VECTOR('',#1226,1.);
#1226 = DIRECTION('',(1.,0.));
#1227 = ( GEOMETRIC_REPRESENTATION_CONTEXT(2) 
PARAMETRIC_REPRESENTATION_CONTEXT() REPRESENTATION_CONTEXT('2D SPACE',''
  ) );
#1228 = PCURVE('',#238,#1229);
#1229 = DEFINITIONAL_REPRESENTATION('',(#1230),#1234);
#1230 = CIRCLE('',#1231,4.);
#1231 = AXIS2_PLACEMENT_2D('',#1232,#1233);
#1232 = CARTESIAN_POINT('',(0.,0.));
#1233 = DIRECTION('',(1.,0.));
#1234 = ( GEOMETRIC_REPRESENTATION_CONTEXT(2) 
PARAMETRIC_REPRESENTATION_CONTEXT() REPRESENTATION_CONTEXT('2D SPACE',''
  ) );
#1235 = ORIENTED_EDGE('',*,*,#195,.F.);
#1236 = ORIENTED_EDGE('',*,*,#934,.T.);
#1237 = ORIENTED_EDGE('',*,*,#1060,.T.);
#1238 = ORIENTED_EDGE('',*,*,#249,.T.);
#1239 = ADVANCED_FACE('',(#1240),#238,.T.);
#1240 = FACE_BOUND('',#1241,.T.);
#1241 = EDGE_LOOP('',(#1242,#1243));
#1242 = ORIENTED_EDGE('',*,*,#222,.F.);
#1243 = ORIENTED_EDGE('',*,*,#1214,.T.);
#1244 = ADVANCED_FACE('',(#1245),#363,.F.);
#1245 = FACE_BOUND('',#1246,.F.);
#1246 = EDGE_LOOP('',(#1247,#1270,#1298,#1319));
#1247 = ORIENTED_EDGE('',*,*,#1248,.F.);
#1248 = EDGE_CURVE('',#1249,#346,#1251,.T.);
#1249 = VERTEX_POINT('',#1250);
#1250 = CARTESIAN_POINT('',(-52.,-42.,-3.));
#1251 = SURFACE_CURVE('',#1252,(#1256,#1263),.PCURVE_S1.);
#1252 = LINE('',#1253,#1254);
#1253 = CARTESIAN_POINT('',(-52.,-42.,-3.));
#1254 = VECTOR('',#1255,1.);
#1255 = DIRECTION('',(0.,0.,1.));
#1256 = PCURVE('',#363,#1257);
#1257 = DEFINITIONAL_REPRESENTATION('',(#1258),#1262);
#1258 = LINE('',#1259,#1260);
#1259 = CARTESIAN_POINT('',(0.,0.));
#1260 = VECTOR('',#1261,1.);
#1261 = DIRECTION('',(1.,0.));
#1262 = ( GEOMETRIC_REPRESENTATION_CONTEXT(2) 
PARAMETRIC_REPRESENTATION_CONTEXT() REPRESENTATION_CONTEXT('2D SPACE',''
  ) );
#1263 = PCURVE('',#391,#1264);
#1264 = DEFINITIONAL_REPRESENTATION('',(#1265),#1269);
#1265 = LINE('',#1266,#1267);
#1266 = CARTESIAN_POINT('',(0.,0.));
#1267 = VECTOR('',#1268,1.);
#1268 = DIRECTION('',(1.,0.));
#1269 = ( GEOMETRIC_REPRESENTATION_CONTEXT(2) 
PARAMETRIC_REPRESENTATION_CONTEXT() REPRESENTATION_CONTEXT('2D SPACE',''
  ) );
#1270 = ORIENTED_EDGE('',*,*,#1271,.T.);
#1271 = EDGE_CURVE('',#1249,#1272,#1274,.T.);
#1272 = VERTEX_POINT('',#1273);
#1273 = CARTESIAN_POINT('',(-52.,42.,-3.));
#1274 = SURFACE_CURVE('',#1275,(#1279,#1286),.PCURVE_S1.);
#1275 = LINE('',#1276,#1277);
#1276 = CARTESIAN_POINT('',(-52.,-42.,-3.));
#1277 = VECTOR('',#1278,1.);
#1278 = DIRECTION('',(-0.,1.,0.));
#1279 = PCURVE('',#363,#1280);
#1280 = DEFINITIONAL_REPRESENTATION('',(#1281),#1285);
#1281 = LINE('',#1282,#1283);
#1282 = CARTESIAN_POINT('',(0.,0.));
#1283 = VECTOR('',#1284,1.);
#1284 = DIRECTION('',(0.,-1.));
#1285 = ( GEOMETRIC_REPRESENTATION_CONTEXT(2) 
PARAMETRIC_REPRESENTATION_CONTEXT() REPRESENTATION_CONTEXT('2D SPACE',''
  ) );
#1286 = PCURVE('',#1287,#1292);
#1287 = PLANE('',#1288);
#1288 = AXIS2_PLACEMENT_3D('',#1289,#1290,#1291);
#1289 = CARTESIAN_POINT('',(-52.,-42.,-3.));
#1290 = DIRECTION('',(0.,0.,1.));
#1291 = DIRECTION('',(1.,0.,-0.));
#1292 = DEFINITIONAL_REPRESENTATION('',(#1293),#1297);
#1293 = LINE('',#1294,#1295);
#1294 = CARTESIAN_POINT('',(0.,0.));
#1295 = VECTOR('',#1296,1.);
#1296 = DIRECTION('',(0.,1.));
#1297 = ( GEOMETRIC_REPRESENTATION_CONTEXT(2) 
PARAMETRIC_REPRESENTATION_CONTEXT() REPRESENTATION_CONTEXT('2D SPACE',''
  ) );
#1298 = ORIENTED_EDGE('',*,*,#1299,.T.);
#1299 = EDGE_CURVE('',#1272,#348,#1300,.T.);
#1300 = SURFACE_CURVE('',#1301,(#1305,#1312),.PCURVE_S1.);
#1301 = LINE('',#1302,#1303);
#1302 = CARTESIAN_POINT('',(-52.,42.,-3.));
#1303 = VECTOR('',#1304,1.);
#1304 = DIRECTION('',(0.,0.,1.));
#1305 = PCURVE('',#363,#1306);
#1306 = DEFINITIONAL_REPRESENTATION('',(#1307),#1311);
#1307 = LINE('',#1308,#1309);
#1308 = CARTESIAN_POINT('',(0.,-84.));
#1309 = VECTOR('',#1310,1.);
#1310 = DIRECTION('',(1.,0.));
#1311 = ( GEOMETRIC_REPRESENTATION_CONTEXT(2) 
PARAMETRIC_REPRESENTATION_CONTEXT() REPRESENTATION_CONTEXT('2D SPACE',''
  ) );
#1312 = PCURVE('',#445,#1313);
#1313 = DEFINITIONAL_REPRESENTATION('',(#1314),#1318);
#1314 = LINE('',#1315,#1316);
#1315 = CARTESIAN_POINT('',(0.,0.));
#1316 = VECTOR('',#1317,1.);
#1317 = DIRECTION('',(1.,0.));
#1318 = ( GEOMETRIC_REPRESENTATION_CONTEXT(2) 
PARAMETRIC_REPRESENTATION_CONTEXT() REPRESENTATION_CONTEXT('2D SPACE',''
  ) );
#1319 = ORIENTED_EDGE('',*,*,#345,.F.);
#1320 = ADVANCED_FACE('',(#1321),#391,.F.);
#1321 = FACE_BOUND('',#1322,.F.);
#1322 = EDGE_LOOP('',(#1323,#1346,#1347,#1348));
#1323 = ORIENTED_EDGE('',*,*,#1324,.F.);
#1324 = EDGE_CURVE('',#1249,#1325,#1327,.T.);
#1325 = VERTEX_POINT('',#1326);
#1326 = CARTESIAN_POINT('',(52.,-42.,-3.));
#1327 = SURFACE_CURVE('',#1328,(#1332,#1339),.PCURVE_S1.);
#1328 = LINE('',#1329,#1330);
#1329 = CARTESIAN_POINT('',(-52.,-42.,-3.));
#1330 = VECTOR('',#1331,1.);
#1331 = DIRECTION('',(1.,0.,-0.));
#1332 = PCURVE('',#391,#1333);
#1333 = DEFINITIONAL_REPRESENTATION('',(#1334),#1338);
#1334 = LINE('',#1335,#1336);
#1335 = CARTESIAN_POINT('',(0.,0.));
#1336 = VECTOR('',#1337,1.);
#1337 = DIRECTION('',(0.,1.));
#1338 = ( GEOMETRIC_REPRESENTATION_CONTEXT(2) 
PARAMETRIC_REPRESENTATION_CONTEXT() REPRESENTATION_CONTEXT('2D SPACE',''
  ) );
#1339 = PCURVE('',#1287,#1340);
#1340 = DEFINITIONAL_REPRESENTATION('',(#1341),#1345);
#1341 = LINE('',#1342,#1343);
#1342 = CARTESIAN_POINT('',(0.,0.));
#1343 = VECTOR('',#1344,1.);
#1344 = DIRECTION('',(1.,0.));
#1345 = ( GEOMETRIC_REPRESENTATION_CONTEXT(2) 
PARAMETRIC_REPRESENTATION_CONTEXT() REPRESENTATION_CONTEXT('2D SPACE',''
  ) );
#1346 = ORIENTED_EDGE('',*,*,#1248,.T.);
#1347 = ORIENTED_EDGE('',*,*,#375,.T.);
#1348 = ORIENTED_EDGE('',*,*,#1349,.F.);
#1349 = EDGE_CURVE('',#1325,#376,#1350,.T.);
#1350 = SURFACE_CURVE('',#1351,(#1355,#1362),.PCURVE_S1.);
#1351 = LINE('',#1352,#1353);
#1352 = CARTESIAN_POINT('',(52.,-42.,-3.));
#1353 = VECTOR('',#1354,1.);
#1354 = DIRECTION('',(0.,0.,1.));
#1355 = PCURVE('',#391,#1356);
#1356 = DEFINITIONAL_REPRESENTATION('',(#1357),#1361);
#1357 = LINE('',#1358,#1359);
#1358 = CARTESIAN_POINT('',(0.,104.));
#1359 = VECTOR('',#1360,1.);
#1360 = DIRECTION('',(1.,0.));
#1361 = ( GEOMETRIC_REPRESENTATION_CONTEXT(2) 
PARAMETRIC_REPRESENTATION_CONTEXT() REPRESENTATION_CONTEXT('2D SPACE',''
  ) );
#1362 = PCURVE('',#419,#1363);
#1363 = DEFINITIONAL_REPRESENTATION('',(#1364),#1368);
#1364 = LINE('',#1365,#1366);
#1365 = CARTESIAN_POINT('',(0.,0.));
#1366 = VECTOR('',#1367,1.);
#1367 = DIRECTION('',(1.,0.));
#1368 = ( GEOMETRIC_REPRESENTATION_CONTEXT(2) 
PARAMETRIC_REPRESENTATION_CONTEXT() REPRESENTATION_CONTEXT('2D SPACE',''
  ) );
#1369 = ADVANCED_FACE('',(#1370),#419,.T.);
#1370 = FACE_BOUND('',#1371,.T.);
#1371 = EDGE_LOOP('',(#1372,#1373,#1396,#1417));
#1372 = ORIENTED_EDGE('',*,*,#1349,.F.);
#1373 = ORIENTED_EDGE('',*,*,#1374,.T.);
#1374 = EDGE_CURVE('',#1325,#1375,#1377,.T.);
#1375 = VERTEX_POINT('',#1376);
#1376 = CARTESIAN_POINT('',(52.,42.,-3.));
#1377 = SURFACE_CURVE('',#1378,(#1382,#1389),.PCURVE_S1.);
#1378 = LINE('',#1379,#1380);
#1379 = CARTESIAN_POINT('',(52.,-42.,-3.));
#1380 = VECTOR('',#1381,1.);
#1381 = DIRECTION('',(-0.,1.,0.));
#1382 = PCURVE('',#419,#1383);
#1383 = DEFINITIONAL_REPRESENTATION('',(#1384),#1388);
#1384 = LINE('',#1385,#1386);
#1385 = CARTESIAN_POINT('',(0.,0.));
#1386 = VECTOR('',#1387,1.);
#1387 = DIRECTION('',(0.,-1.));
#1388 = ( GEOMETRIC_REPRESENTATION_CONTEXT(2) 
PARAMETRIC_REPRESENTATION_CONTEXT() REPRESENTATION_CONTEXT('2D SPACE',''
  ) );
#1389 = PCURVE('',#1287,#1390);
#1390 = DEFINITIONAL_REPRESENTATION('',(#1391),#1395);
#1391 = LINE('',#1392,#1393);
#1392 = CARTESIAN_POINT('',(104.,0.));
#1393 = VECTOR('',#1394,1.);
#1394 = DIRECTION('',(0.,1.));
#1395 = ( GEOMETRIC_REPRESENTATION_CONTEXT(2) 
PARAMETRIC_REPRESENTATION_CONTEXT() REPRESENTATION_CONTEXT('2D SPACE',''
  ) );
#1396 = ORIENTED_EDGE('',*,*,#1397,.T.);
#1397 = EDGE_CURVE('',#1375,#404,#1398,.T.);
#1398 = SURFACE_CURVE('',#1399,(#1403,#1410),.PCURVE_S1.);
#1399 = LINE('',#1400,#1401);
#1400 = CARTESIAN_POINT('',(52.,42.,-3.));
#1401 = VECTOR('',#1402,1.);
#1402 = DIRECTION('',(0.,0.,1.));
#1403 = PCURVE('',#419,#1404);
#1404 = DEFINITIONAL_REPRESENTATION('',(#1405),#1409);
#1405 = LINE('',#1406,#1407);
#1406 = CARTESIAN_POINT('',(0.,-84.));
#1407 = VECTOR('',#1408,1.);
#1408 = DIRECTION('',(1.,0.));
#1409 = ( GEOMETRIC_REPRESENTATION_CONTEXT(2) 
PARAMETRIC_REPRESENTATION_CONTEXT() REPRESENTATION_CONTEXT('2D SPACE',''
  ) );
#1410 = PCURVE('',#445,#1411);
#1411 = DEFINITIONAL_REPRESENTATION('',(#1412),#1416);
#1412 = LINE('',#1413,#1414);
#1413 = CARTESIAN_POINT('',(0.,104.));
#1414 = VECTOR('',#1415,1.);
#1415 = DIRECTION('',(1.,0.));
#1416 = ( GEOMETRIC_REPRESENTATION_CONTEXT(2) 
PARAMETRIC_REPRESENTATION_CONTEXT() REPRESENTATION_CONTEXT('2D SPACE',''
  ) );
#1417 = ORIENTED_EDGE('',*,*,#403,.F.);
#1418 = ADVANCED_FACE('',(#1419),#445,.T.);
#1419 = FACE_BOUND('',#1420,.T.);
#1420 = EDGE_LOOP('',(#1421,#1442,#1443,#1444));
#1421 = ORIENTED_EDGE('',*,*,#1422,.F.);
#1422 = EDGE_CURVE('',#1272,#1375,#1423,.T.);
#1423 = SURFACE_CURVE('',#1424,(#1428,#1435),.PCURVE_S1.);
#1424 = LINE('',#1425,#1426);
#1425 = CARTESIAN_POINT('',(-52.,42.,-3.));
#1426 = VECTOR('',#1427,1.);
#1427 = DIRECTION('',(1.,0.,-0.));
#1428 = PCURVE('',#445,#1429);
#1429 = DEFINITIONAL_REPRESENTATION('',(#1430),#1434);
#1430 = LINE('',#1431,#1432);
#1431 = CARTESIAN_POINT('',(0.,0.));
#1432 = VECTOR('',#1433,1.);
#1433 = DIRECTION('',(0.,1.));
#1434 = ( GEOMETRIC_REPRESENTATION_CONTEXT(2) 
PARAMETRIC_REPRESENTATION_CONTEXT() REPRESENTATION_CONTEXT('2D SPACE',''
  ) );
#1435 = PCURVE('',#1287,#1436);
#1436 = DEFINITIONAL_REPRESENTATION('',(#1437),#1441);
#1437 = LINE('',#1438,#1439);
#1438 = CARTESIAN_POINT('',(0.,84.));
#1439 = VECTOR('',#1440,1.);
#1440 = DIRECTION('',(1.,0.));
#1441 = ( GEOMETRIC_REPRESENTATION_CONTEXT(2) 
PARAMETRIC_REPRESENTATION_CONTEXT() REPRESENTATION_CONTEXT('2D SPACE',''
  ) );
#1442 = ORIENTED_EDGE('',*,*,#1299,.T.);
#1443 = ORIENTED_EDGE('',*,*,#431,.T.);
#1444 = ORIENTED_EDGE('',*,*,#1397,.F.);
#1445 = ADVANCED_FACE('',(#1446),#628,.T.);
#1446 = FACE_BOUND('',#1447,.T.);
#1447 = EDGE_LOOP('',(#1448));
#1448 = ORIENTED_EDGE('',*,*,#613,.T.);
#1449 = ADVANCED_FACE('',(#1450),#1199,.T.);
#1450 = FACE_BOUND('',#1451,.T.);
#1451 = EDGE_LOOP('',(#1452));
#1452 = ORIENTED_EDGE('',*,*,#1184,.T.);
#1453 = ADVANCED_FACE('',(#1454,#1460),#1287,.F.);
#1454 = FACE_BOUND('',#1455,.F.);
#1455 = EDGE_LOOP('',(#1456,#1457,#1458,#1459));
#1456 = ORIENTED_EDGE('',*,*,#1271,.F.);
#1457 = ORIENTED_EDGE('',*,*,#1324,.T.);
#1458 = ORIENTED_EDGE('',*,*,#1374,.T.);
#1459 = ORIENTED_EDGE('',*,*,#1422,.F.);
#1460 = FACE_BOUND('',#1461,.F.);
#1461 = EDGE_LOOP('',(#1462,#1492,#1521,#1549,#1576,#1599,#1623,#1646));
#1462 = ORIENTED_EDGE('',*,*,#1463,.F.);
#1463 = EDGE_CURVE('',#1464,#1466,#1468,.T.);
#1464 = VERTEX_POINT('',#1465);
#1465 = CARTESIAN_POINT('',(3.,-2.645751311065,-3.));
#1466 = VERTEX_POINT('',#1467);
#1467 = CARTESIAN_POINT('',(40.,-2.645751311065,-3.));
#1468 = SURFACE_CURVE('',#1469,(#1473,#1480),.PCURVE_S1.);
#1469 = LINE('',#1470,#1471);
#1470 = CARTESIAN_POINT('',(3.,-2.645751311065,-3.));
#1471 = VECTOR('',#1472,1.);
#1472 = DIRECTION('',(1.,2.160433993865E-16,3.600723323109E-17));
#1473 = PCURVE('',#1287,#1474);
#1474 = DEFINITIONAL_REPRESENTATION('',(#1475),#1479);
#1475 = LINE('',#1476,#1477);
#1476 = CARTESIAN_POINT('',(55.,39.354248688935));
#1477 = VECTOR('',#1478,1.);
#1478 = DIRECTION('',(1.,2.160433993865E-16));
#1479 = ( GEOMETRIC_REPRESENTATION_CONTEXT(2) 
PARAMETRIC_REPRESENTATION_CONTEXT() REPRESENTATION_CONTEXT('2D SPACE',''
  ) );
#1480 = PCURVE('',#1481,#1486);
#1481 = CYLINDRICAL_SURFACE('',#1482,4.);
#1482 = AXIS2_PLACEMENT_3D('',#1483,#1484,#1485);
#1483 = CARTESIAN_POINT('',(-40.,0.,-8.881784197001E-15));
#1484 = DIRECTION('',(1.,0.,2.22044604925E-16));
#1485 = DIRECTION('',(2.22044604925E-16,0.,-1.));
#1486 = DEFINITIONAL_REPRESENTATION('',(#1487),#1491);
#1487 = LINE('',#1488,#1489);
#1488 = CARTESIAN_POINT('',(5.560451059366,43.));
#1489 = VECTOR('',#1490,1.);
#1490 = DIRECTION('',(0.,1.));
#1491 = ( GEOMETRIC_REPRESENTATION_CONTEXT(2) 
PARAMETRIC_REPRESENTATION_CONTEXT() REPRESENTATION_CONTEXT('2D SPACE',''
  ) );
#1492 = ORIENTED_EDGE('',*,*,#1493,.F.);
#1493 = EDGE_CURVE('',#1494,#1464,#1496,.T.);
#1494 = VERTEX_POINT('',#1495);
#1495 = CARTESIAN_POINT('',(-3.,-2.645751311065,-3.));
#1496 = SURFACE_CURVE('',#1497,(#1502,#1509),.PCURVE_S1.);
#1497 = CIRCLE('',#1498,4.);
#1498 = AXIS2_PLACEMENT_3D('',#1499,#1500,#1501);
#1499 = CARTESIAN_POINT('',(0.,0.,-3.));
#1500 = DIRECTION('',(0.,0.,1.));
#1501 = DIRECTION('',(1.,0.,-0.));
#1502 = PCURVE('',#1287,#1503);
#1503 = DEFINITIONAL_REPRESENTATION('',(#1504),#1508);
#1504 = CIRCLE('',#1505,4.);
#1505 = AXIS2_PLACEMENT_2D('',#1506,#1507);
#1506 = CARTESIAN_POINT('',(52.,42.));
#1507 = DIRECTION('',(1.,0.));
#1508 = ( GEOMETRIC_REPRESENTATION_CONTEXT(2) 
PARAMETRIC_REPRESENTATION_CONTEXT() REPRESENTATION_CONTEXT('2D SPACE',''
  ) );
#1509 = PCURVE('',#1510,#1515);
#1510 = CYLINDRICAL_SURFACE('',#1511,4.);
#1511 = AXIS2_PLACEMENT_3D('',#1512,#1513,#1514);
#1512 = CARTESIAN_POINT('',(0.,0.,-58.));
#1513 = DIRECTION('',(0.,0.,1.));
#1514 = DIRECTION('',(1.,0.,-0.));
#1515 = DEFINITIONAL_REPRESENTATION('',(#1516),#1520);
#1516 = LINE('',#1517,#1518);
#1517 = CARTESIAN_POINT('',(0.,55.));
#1518 = VECTOR('',#1519,1.);
#1519 = DIRECTION('',(1.,0.));
#1520 = ( GEOMETRIC_REPRESENTATION_CONTEXT(2) 
PARAMETRIC_REPRESENTATION_CONTEXT() REPRESENTATION_CONTEXT('2D SPACE',''
  ) );
#1521 = ORIENTED_EDGE('',*,*,#1522,.F.);
#1522 = EDGE_CURVE('',#1523,#1494,#1525,.T.);
#1523 = VERTEX_POINT('',#1524);
#1524 = CARTESIAN_POINT('',(-40.,-2.645751311065,-3.));
#1525 = SURFACE_CURVE('',#1526,(#1530,#1537),.PCURVE_S1.);
#1526 = LINE('',#1527,#1528);
#1527 = CARTESIAN_POINT('',(-40.,-2.645751311065,-3.));
#1528 = VECTOR('',#1529,1.);
#1529 = DIRECTION('',(1.,2.400482215406E-16,0.));
#1530 = PCURVE('',#1287,#1531);
#1531 = DEFINITIONAL_REPRESENTATION('',(#1532),#1536);
#1532 = LINE('',#1533,#1534);
#1533 = CARTESIAN_POINT('',(12.,39.354248688935));
#1534 = VECTOR('',#1535,1.);
#1535 = DIRECTION('',(1.,2.400482215406E-16));
#1536 = ( GEOMETRIC_REPRESENTATION_CONTEXT(2) 
PARAMETRIC_REPRESENTATION_CONTEXT() REPRESENTATION_CONTEXT('2D SPACE',''
  ) );
#1537 = PCURVE('',#1538,#1543);
#1538 = CYLINDRICAL_SURFACE('',#1539,4.);
#1539 = AXIS2_PLACEMENT_3D('',#1540,#1541,#1542);
#1540 = CARTESIAN_POINT('',(-40.,0.,-8.881784197001E-15));
#1541 = DIRECTION('',(1.,0.,2.22044604925E-16));
#1542 = DIRECTION('',(2.22044604925E-16,0.,-1.));
#1543 = DEFINITIONAL_REPRESENTATION('',(#1544),#1548);
#1544 = LINE('',#1545,#1546);
#1545 = CARTESIAN_POINT('',(5.560451059366,-6.661338147751E-16));
#1546 = VECTOR('',#1547,1.);
#1547 = DIRECTION('',(0.,1.));
#1548 = ( GEOMETRIC_REPRESENTATION_CONTEXT(2) 
PARAMETRIC_REPRESENTATION_CONTEXT() REPRESENTATION_CONTEXT('2D SPACE',''
  ) );
#1549 = ORIENTED_EDGE('',*,*,#1550,.F.);
#1550 = EDGE_CURVE('',#1551,#1523,#1553,.T.);
#1551 = VERTEX_POINT('',#1552);
#1552 = CARTESIAN_POINT('',(-40.,2.645751311065,-3.));
#1553 = SURFACE_CURVE('',#1554,(#1558,#1565),.PCURVE_S1.);
#1554 = LINE('',#1555,#1556);
#1555 = CARTESIAN_POINT('',(-40.,-21.,-3.));
#1556 = VECTOR('',#1557,1.);
#1557 = DIRECTION('',(0.,-1.,0.));
#1558 = PCURVE('',#1287,#1559);
#1559 = DEFINITIONAL_REPRESENTATION('',(#1560),#1564);
#1560 = LINE('',#1561,#1562);
#1561 = CARTESIAN_POINT('',(12.,21.));
#1562 = VECTOR('',#1563,1.);
#1563 = DIRECTION('',(0.,-1.));
#1564 = ( GEOMETRIC_REPRESENTATION_CONTEXT(2) 
PARAMETRIC_REPRESENTATION_CONTEXT() REPRESENTATION_CONTEXT('2D SPACE',''
  ) );
#1565 = PCURVE('',#1566,#1571);
#1566 = PLANE('',#1567);
#1567 = AXIS2_PLACEMENT_3D('',#1568,#1569,#1570);
#1568 = CARTESIAN_POINT('',(-40.,0.,-8.881784197001E-15));
#1569 = DIRECTION('',(1.,0.,2.22044604925E-16));
#1570 = DIRECTION('',(2.22044604925E-16,0.,-1.));
#1571 = DEFINITIONAL_REPRESENTATION('',(#1572),#1575);
#1572 = B_SPLINE_CURVE_WITH_KNOTS('',1,(#1573,#1574),.UNSPECIFIED.,.F.,
  .F.,(2,2),(-25.,-17.),.PIECEWISE_BEZIER_KNOTS.);
#1573 = CARTESIAN_POINT('',(3.,4.));
#1574 = CARTESIAN_POINT('',(3.,-4.));
#1575 = ( GEOMETRIC_REPRESENTATION_CONTEXT(2) 
PARAMETRIC_REPRESENTATION_CONTEXT() REPRESENTATION_CONTEXT('2D SPACE',''
  ) );
#1576 = ORIENTED_EDGE('',*,*,#1577,.F.);
#1577 = EDGE_CURVE('',#1578,#1551,#1580,.T.);
#1578 = VERTEX_POINT('',#1579);
#1579 = CARTESIAN_POINT('',(-3.,2.645751311065,-3.));
#1580 = SURFACE_CURVE('',#1581,(#1585,#1592),.PCURVE_S1.);
#1581 = LINE('',#1582,#1583);
#1582 = CARTESIAN_POINT('',(-3.,2.645751311065,-3.));
#1583 = VECTOR('',#1584,1.);
#1584 = DIRECTION('',(-1.,2.280458104635E-16,-1.200241107703E-17));
#1585 = PCURVE('',#1287,#1586);
#1586 = DEFINITIONAL_REPRESENTATION('',(#1587),#1591);
#1587 = LINE('',#1588,#1589);
#1588 = CARTESIAN_POINT('',(49.,44.645751311065));
#1589 = VECTOR('',#1590,1.);
#1590 = DIRECTION('',(-1.,2.280458104635E-16));
#1591 = ( GEOMETRIC_REPRESENTATION_CONTEXT(2) 
PARAMETRIC_REPRESENTATION_CONTEXT() REPRESENTATION_CONTEXT('2D SPACE',''
  ) );
#1592 = PCURVE('',#1538,#1593);
#1593 = DEFINITIONAL_REPRESENTATION('',(#1594),#1598);
#1594 = LINE('',#1595,#1596);
#1595 = CARTESIAN_POINT('',(7.005919554993,37.));
#1596 = VECTOR('',#1597,1.);
#1597 = DIRECTION('',(-0.,-1.));
#1598 = ( GEOMETRIC_REPRESENTATION_CONTEXT(2) 
PARAMETRIC_REPRESENTATION_CONTEXT() REPRESENTATION_CONTEXT('2D SPACE',''
  ) );
#1599 = ORIENTED_EDGE('',*,*,#1600,.F.);
#1600 = EDGE_CURVE('',#1601,#1578,#1603,.T.);
#1601 = VERTEX_POINT('',#1602);
#1602 = CARTESIAN_POINT('',(3.,2.645751311065,-3.));
#1603 = SURFACE_CURVE('',#1604,(#1609,#1616),.PCURVE_S1.);
#1604 = CIRCLE('',#1605,4.);
#1605 = AXIS2_PLACEMENT_3D('',#1606,#1607,#1608);
#1606 = CARTESIAN_POINT('',(0.,0.,-3.));
#1607 = DIRECTION('',(0.,0.,1.));
#1608 = DIRECTION('',(1.,0.,-0.));
#1609 = PCURVE('',#1287,#1610);
#1610 = DEFINITIONAL_REPRESENTATION('',(#1611),#1615);
#1611 = CIRCLE('',#1612,4.);
#1612 = AXIS2_PLACEMENT_2D('',#1613,#1614);
#1613 = CARTESIAN_POINT('',(52.,42.));
#1614 = DIRECTION('',(1.,0.));
#1615 = ( GEOMETRIC_REPRESENTATION_CONTEXT(2) 
PARAMETRIC_REPRESENTATION_CONTEXT() REPRESENTATION_CONTEXT('2D SPACE',''
  ) );
#1616 = PCURVE('',#1510,#1617);
#1617 = DEFINITIONAL_REPRESENTATION('',(#1618),#1622);
#1618 = LINE('',#1619,#1620);
#1619 = CARTESIAN_POINT('',(0.,55.));
#1620 = VECTOR('',#1621,1.);
#1621 = DIRECTION('',(1.,0.));
#1622 = ( GEOMETRIC_REPRESENTATION_CONTEXT(2) 
PARAMETRIC_REPRESENTATION_CONTEXT() REPRESENTATION_CONTEXT('2D SPACE',''
  ) );
#1623 = ORIENTED_EDGE('',*,*,#1624,.F.);
#1624 = EDGE_CURVE('',#1625,#1601,#1627,.T.);
#1625 = VERTEX_POINT('',#1626);
#1626 = CARTESIAN_POINT('',(40.,2.645751311065,-3.));
#1627 = SURFACE_CURVE('',#1628,(#1632,#1639),.PCURVE_S1.);
#1628 = LINE('',#1629,#1630);
#1629 = CARTESIAN_POINT('',(40.,2.645751311065,-3.));
#1630 = VECTOR('',#1631,1.);
#1631 = DIRECTION('',(-1.,2.640530436946E-16,0.));
#1632 = PCURVE('',#1287,#1633);
#1633 = DEFINITIONAL_REPRESENTATION('',(#1634),#1638);
#1634 = LINE('',#1635,#1636);
#1635 = CARTESIAN_POINT('',(92.,44.645751311065));
#1636 = VECTOR('',#1637,1.);
#1637 = DIRECTION('',(-1.,2.640530436946E-16));
#1638 = ( GEOMETRIC_REPRESENTATION_CONTEXT(2) 
PARAMETRIC_REPRESENTATION_CONTEXT() REPRESENTATION_CONTEXT('2D SPACE',''
  ) );
#1639 = PCURVE('',#1481,#1640);
#1640 = DEFINITIONAL_REPRESENTATION('',(#1641),#1645);
#1641 = LINE('',#1642,#1643);
#1642 = CARTESIAN_POINT('',(7.005919554993,80.));
#1643 = VECTOR('',#1644,1.);
#1644 = DIRECTION('',(-0.,-1.));
#1645 = ( GEOMETRIC_REPRESENTATION_CONTEXT(2) 
PARAMETRIC_REPRESENTATION_CONTEXT() REPRESENTATION_CONTEXT('2D SPACE',''
  ) );
#1646 = ORIENTED_EDGE('',*,*,#1647,.T.);
#1647 = EDGE_CURVE('',#1625,#1466,#1648,.T.);
#1648 = SURFACE_CURVE('',#1649,(#1653,#1660),.PCURVE_S1.);
#1649 = LINE('',#1650,#1651);
#1650 = CARTESIAN_POINT('',(40.,-21.,-3.));
#1651 = VECTOR('',#1652,1.);
#1652 = DIRECTION('',(0.,-1.,0.));
#1653 = PCURVE('',#1287,#1654);
#1654 = DEFINITIONAL_REPRESENTATION('',(#1655),#1659);
#1655 = LINE('',#1656,#1657);
#1656 = CARTESIAN_POINT('',(92.,21.));
#1657 = VECTOR('',#1658,1.);
#1658 = DIRECTION('',(0.,-1.));
#1659 = ( GEOMETRIC_REPRESENTATION_CONTEXT(2) 
PARAMETRIC_REPRESENTATION_CONTEXT() REPRESENTATION_CONTEXT('2D SPACE',''
  ) );
#1660 = PCURVE('',#1661,#1666);
#1661 = PLANE('',#1662);
#1662 = AXIS2_PLACEMENT_3D('',#1663,#1664,#1665);
#1663 = CARTESIAN_POINT('',(40.,0.,8.881784197001E-15));
#1664 = DIRECTION('',(1.,0.,2.22044604925E-16));
#1665 = DIRECTION('',(2.22044604925E-16,0.,-1.));
#1666 = DEFINITIONAL_REPRESENTATION('',(#1667),#1670);
#1667 = B_SPLINE_CURVE_WITH_KNOTS('',1,(#1668,#1669),.UNSPECIFIED.,.F.,
  .F.,(2,2),(-25.,-17.),.PIECEWISE_BEZIER_KNOTS.);
#1668 = CARTESIAN_POINT('',(3.,4.));
#1669 = CARTESIAN_POINT('',(3.,-4.));
#1670 = ( GEOMETRIC_REPRESENTATION_CONTEXT(2) 
PARAMETRIC_REPRESENTATION_CONTEXT() REPRESENTATION_CONTEXT('2D SPACE',''
  ) );
#1671 = ADVANCED_FACE('',(#1672),#1481,.T.);
#1672 = FACE_BOUND('',#1673,.T.);
#1673 = EDGE_LOOP('',(#1674,#1706,#1736,#1737,#1763));
#1674 = ORIENTED_EDGE('',*,*,#1675,.T.);
#1675 = EDGE_CURVE('',#1464,#1676,#1678,.T.);
#1676 = VERTEX_POINT('',#1677);
#1677 = CARTESIAN_POINT('',(4.,-9.797174393179E-16,-4.));
#1678 = SURFACE_CURVE('',#1679,(#1684,#1695),.PCURVE_S1.);
#1679 = ELLIPSE('',#1680,5.656854249492,4.);
#1680 = AXIS2_PLACEMENT_3D('',#1681,#1682,#1683);
#1681 = CARTESIAN_POINT('',(0.,0.,-7.105427357601E-15));
#1682 = DIRECTION('',(0.707106781187,0.,0.707106781187));
#1683 = DIRECTION('',(-0.707106781187,0.,0.707106781187));
#1684 = PCURVE('',#1481,#1685);
#1685 = DEFINITIONAL_REPRESENTATION('',(#1686),#1694);
#1686 = B_SPLINE_CURVE_WITH_KNOTS('',6,(#1687,#1688,#1689,#1690,#1691,
    #1692,#1693),.UNSPECIFIED.,.F.,.F.,(7,7),(2.418858405776,
    3.14159265359),.PIECEWISE_BEZIER_KNOTS.);
#1687 = CARTESIAN_POINT('',(5.560451059366,43.));
#1688 = CARTESIAN_POINT('',(5.680906767335,43.318695847283));
#1689 = CARTESIAN_POINT('',(5.801362475304,43.585157034254));
#1690 = CARTESIAN_POINT('',(5.921818183273,43.791061470712));
#1691 = CARTESIAN_POINT('',(6.042273891242,43.930354179652));
#1692 = CARTESIAN_POINT('',(6.162729599211,44.));
#1693 = CARTESIAN_POINT('',(6.28318530718,44.));
#1694 = ( GEOMETRIC_REPRESENTATION_CONTEXT(2) 
PARAMETRIC_REPRESENTATION_CONTEXT() REPRESENTATION_CONTEXT('2D SPACE',''
  ) );
#1695 = PCURVE('',#1510,#1696);
#1696 = DEFINITIONAL_REPRESENTATION('',(#1697),#1705);
#1697 = B_SPLINE_CURVE_WITH_KNOTS('',6,(#1698,#1699,#1700,#1701,#1702,
    #1703,#1704),.UNSPECIFIED.,.F.,.F.,(7,7),(2.418857498662,
    3.14159265359),.PIECEWISE_BEZIER_KNOTS.);
#1698 = CARTESIAN_POINT('',(5.560450152252,55.0000024));
#1699 = CARTESIAN_POINT('',(5.680906011407,54.681305824915));
#1700 = CARTESIAN_POINT('',(5.801361870561,54.414843999482));
#1701 = CARTESIAN_POINT('',(5.921817729716,54.208939053769));
#1702 = CARTESIAN_POINT('',(6.04227358887,54.069645995176));
#1703 = CARTESIAN_POINT('',(6.162729448025,54.));
#1704 = CARTESIAN_POINT('',(6.28318530718,54.));
#1705 = ( GEOMETRIC_REPRESENTATION_CONTEXT(2) 
PARAMETRIC_REPRESENTATION_CONTEXT() REPRESENTATION_CONTEXT('2D SPACE',''
  ) );
#1706 = ORIENTED_EDGE('',*,*,#1707,.T.);
#1707 = EDGE_CURVE('',#1676,#1601,#1708,.T.);
#1708 = SURFACE_CURVE('',#1709,(#1714,#1725),.PCURVE_S1.);
#1709 = ELLIPSE('',#1710,5.656854249492,4.);
#1710 = AXIS2_PLACEMENT_3D('',#1711,#1712,#1713);
#1711 = CARTESIAN_POINT('',(0.,0.,-7.105427357601E-15));
#1712 = DIRECTION('',(0.707106781187,0.,0.707106781187));
#1713 = DIRECTION('',(-0.707106781187,0.,0.707106781187));
#1714 = PCURVE('',#1481,#1715);
#1715 = DEFINITIONAL_REPRESENTATION('',(#1716),#1724);
#1716 = B_SPLINE_CURVE_WITH_KNOTS('',6,(#1717,#1718,#1719,#1720,#1721,
    #1722,#1723),.UNSPECIFIED.,.F.,.F.,(7,7),(3.14159265359,
    3.864326901403),.PIECEWISE_BEZIER_KNOTS.);
#1717 = CARTESIAN_POINT('',(6.28318530718,44.));
#1718 = CARTESIAN_POINT('',(6.403641015148,44.));
#1719 = CARTESIAN_POINT('',(6.524096723117,43.930354179652));
#1720 = CARTESIAN_POINT('',(6.644552431086,43.791061470712));
#1721 = CARTESIAN_POINT('',(6.765008139055,43.585157034254));
#1722 = CARTESIAN_POINT('',(6.885463847024,43.318695847283));
#1723 = CARTESIAN_POINT('',(7.005919554993,43.));
#1724 = ( GEOMETRIC_REPRESENTATION_CONTEXT(2) 
PARAMETRIC_REPRESENTATION_CONTEXT() REPRESENTATION_CONTEXT('2D SPACE',''
  ) );
#1725 = PCURVE('',#1510,#1726);
#1726 = DEFINITIONAL_REPRESENTATION('',(#1727),#1735);
#1727 = B_SPLINE_CURVE_WITH_KNOTS('',6,(#1728,#1729,#1730,#1731,#1732,
    #1733,#1734),.UNSPECIFIED.,.F.,.F.,(7,7),(3.14159265359,
    3.864327808517),.PIECEWISE_BEZIER_KNOTS.);
#1728 = CARTESIAN_POINT('',(-8.881784197001E-16,54.));
#1729 = CARTESIAN_POINT('',(0.120455859155,54.));
#1730 = CARTESIAN_POINT('',(0.240911718309,54.069645995175));
#1731 = CARTESIAN_POINT('',(0.361367577464,54.208939053769));
#1732 = CARTESIAN_POINT('',(0.481823436618,54.414843999481));
#1733 = CARTESIAN_POINT('',(0.602279295773,54.681305824915));
#1734 = CARTESIAN_POINT('',(0.722735154928,55.0000024));
#1735 = ( GEOMETRIC_REPRESENTATION_CONTEXT(2) 
PARAMETRIC_REPRESENTATION_CONTEXT() REPRESENTATION_CONTEXT('2D SPACE',''
  ) );
#1736 = ORIENTED_EDGE('',*,*,#1624,.F.);
#1737 = ORIENTED_EDGE('',*,*,#1738,.T.);
#1738 = EDGE_CURVE('',#1625,#1466,#1739,.T.);
#1739 = SURFACE_CURVE('',#1740,(#1745,#1752),.PCURVE_S1.);
#1740 = CIRCLE('',#1741,4.);
#1741 = AXIS2_PLACEMENT_3D('',#1742,#1743,#1744);
#1742 = CARTESIAN_POINT('',(40.,0.,8.881784197001E-15));
#1743 = DIRECTION('',(-1.,0.,0.));
#1744 = DIRECTION('',(0.,0.661437827766,-0.75));
#1745 = PCURVE('',#1481,#1746);
#1746 = DEFINITIONAL_REPRESENTATION('',(#1747),#1751);
#1747 = LINE('',#1748,#1749);
#1748 = CARTESIAN_POINT('',(7.005919554993,80.));
#1749 = VECTOR('',#1750,1.);
#1750 = DIRECTION('',(-1.,-0.));
#1751 = ( GEOMETRIC_REPRESENTATION_CONTEXT(2) 
PARAMETRIC_REPRESENTATION_CONTEXT() REPRESENTATION_CONTEXT('2D SPACE',''
  ) );
#1752 = PCURVE('',#1661,#1753);
#1753 = DEFINITIONAL_REPRESENTATION('',(#1754),#1762);
#1754 = ( BOUNDED_CURVE() B_SPLINE_CURVE(2,(#1755,#1756,#1757,#1758,
#1759,#1760,#1761),.UNSPECIFIED.,.T.,.F.) B_SPLINE_CURVE_WITH_KNOTS((1,2
    ,2,2,2,1),(-2.094395102393,0.,2.094395102393,4.188790204786,
6.28318530718,8.377580409573),.UNSPECIFIED.) CURVE() 
GEOMETRIC_REPRESENTATION_ITEM() RATIONAL_B_SPLINE_CURVE((1.,0.5,1.,0.5,
1.,0.5,1.)) REPRESENTATION_ITEM('') );
#1755 = CARTESIAN_POINT('',(3.,2.645751311065));
#1756 = CARTESIAN_POINT('',(7.582575694956,-2.550401111642));
#1757 = CARTESIAN_POINT('',(0.791287847478,-3.920951866886));
#1758 = CARTESIAN_POINT('',(-6.,-5.291502622129));
#1759 = CARTESIAN_POINT('',(-3.791287847478,1.275200555821));
#1760 = CARTESIAN_POINT('',(-1.582575694956,7.841903733771));
#1761 = CARTESIAN_POINT('',(3.,2.645751311065));
#1762 = ( GEOMETRIC_REPRESENTATION_CONTEXT(2) 
PARAMETRIC_REPRESENTATION_CONTEXT() REPRESENTATION_CONTEXT('2D SPACE',''
  ) );
#1763 = ORIENTED_EDGE('',*,*,#1463,.F.);
#1764 = ADVANCED_FACE('',(#1765),#1510,.T.);
#1765 = FACE_BOUND('',#1766,.T.);
#1766 = EDGE_LOOP('',(#1767,#1768,#1769,#1792,#1819,#1820,#1821,#1822,
    #1854));
#1767 = ORIENTED_EDGE('',*,*,#1600,.F.);
#1768 = ORIENTED_EDGE('',*,*,#1707,.F.);
#1769 = ORIENTED_EDGE('',*,*,#1770,.T.);
#1770 = EDGE_CURVE('',#1676,#1771,#1773,.T.);
#1771 = VERTEX_POINT('',#1772);
#1772 = CARTESIAN_POINT('',(4.,-9.797174393179E-16,-58.));
#1773 = SEAM_CURVE('',#1774,(#1778,#1785),.PCURVE_S1.);
#1774 = LINE('',#1775,#1776);
#1775 = CARTESIAN_POINT('',(4.,-9.797174393179E-16,-4.));
#1776 = VECTOR('',#1777,1.);
#1777 = DIRECTION('',(0.,0.,-1.));
#1778 = PCURVE('',#1510,#1779);
#1779 = DEFINITIONAL_REPRESENTATION('',(#1780),#1784);
#1780 = LINE('',#1781,#1782);
#1781 = CARTESIAN_POINT('',(6.28318530718,54.));
#1782 = VECTOR('',#1783,1.);
#1783 = DIRECTION('',(-0.,-1.));
#1784 = ( GEOMETRIC_REPRESENTATION_CONTEXT(2) 
PARAMETRIC_REPRESENTATION_CONTEXT() REPRESENTATION_CONTEXT('2D SPACE',''
  ) );
#1785 = PCURVE('',#1510,#1786);
#1786 = DEFINITIONAL_REPRESENTATION('',(#1787),#1791);
#1787 = LINE('',#1788,#1789);
#1788 = CARTESIAN_POINT('',(0.,54.));
#1789 = VECTOR('',#1790,1.);
#1790 = DIRECTION('',(-0.,-1.));
#1791 = ( GEOMETRIC_REPRESENTATION_CONTEXT(2) 
PARAMETRIC_REPRESENTATION_CONTEXT() REPRESENTATION_CONTEXT('2D SPACE',''
  ) );
#1792 = ORIENTED_EDGE('',*,*,#1793,.T.);
#1793 = EDGE_CURVE('',#1771,#1771,#1794,.T.);
#1794 = SURFACE_CURVE('',#1795,(#1800,#1807),.PCURVE_S1.);
#1795 = CIRCLE('',#1796,4.);
#1796 = AXIS2_PLACEMENT_3D('',#1797,#1798,#1799);
#1797 = CARTESIAN_POINT('',(0.,0.,-58.));
#1798 = DIRECTION('',(0.,0.,1.));
#1799 = DIRECTION('',(1.,0.,-0.));
#1800 = PCURVE('',#1510,#1801);
#1801 = DEFINITIONAL_REPRESENTATION('',(#1802),#1806);
#1802 = LINE('',#1803,#1804);
#1803 = CARTESIAN_POINT('',(0.,0.));
#1804 = VECTOR('',#1805,1.);
#1805 = DIRECTION('',(1.,0.));
#1806 = ( GEOMETRIC_REPRESENTATION_CONTEXT(2) 
PARAMETRIC_REPRESENTATION_CONTEXT() REPRESENTATION_CONTEXT('2D SPACE',''
  ) );
#1807 = PCURVE('',#1808,#1813);
#1808 = PLANE('',#1809);
#1809 = AXIS2_PLACEMENT_3D('',#1810,#1811,#1812);
#1810 = CARTESIAN_POINT('',(0.,0.,-58.));
#1811 = DIRECTION('',(0.,0.,1.));
#1812 = DIRECTION('',(1.,0.,-0.));
#1813 = DEFINITIONAL_REPRESENTATION('',(#1814),#1818);
#1814 = CIRCLE('',#1815,4.);
#1815 = AXIS2_PLACEMENT_2D('',#1816,#1817);
#1816 = CARTESIAN_POINT('',(0.,0.));
#1817 = DIRECTION('',(1.,0.));
#1818 = ( GEOMETRIC_REPRESENTATION_CONTEXT(2) 
PARAMETRIC_REPRESENTATION_CONTEXT() REPRESENTATION_CONTEXT('2D SPACE',''
  ) );
#1819 = ORIENTED_EDGE('',*,*,#1770,.F.);
#1820 = ORIENTED_EDGE('',*,*,#1675,.F.);
#1821 = ORIENTED_EDGE('',*,*,#1493,.F.);
#1822 = ORIENTED_EDGE('',*,*,#1823,.F.);
#1823 = EDGE_CURVE('',#1824,#1494,#1826,.T.);
#1824 = VERTEX_POINT('',#1825);
#1825 = CARTESIAN_POINT('',(-4.,-9.797174393179E-16,-4.));
#1826 = SURFACE_CURVE('',#1827,(#1832,#1843),.PCURVE_S1.);
#1827 = ELLIPSE('',#1828,5.656854249492,4.);
#1828 = AXIS2_PLACEMENT_3D('',#1829,#1830,#1831);
#1829 = CARTESIAN_POINT('',(0.,0.,-7.105427357601E-15));
#1830 = DIRECTION('',(-0.707106781187,0.,0.707106781187));
#1831 = DIRECTION('',(0.707106781187,0.,0.707106781187));
#1832 = PCURVE('',#1510,#1833);
#1833 = DEFINITIONAL_REPRESENTATION('',(#1834),#1842);
#1834 = B_SPLINE_CURVE_WITH_KNOTS('',6,(#1835,#1836,#1837,#1838,#1839,
    #1840,#1841),.UNSPECIFIED.,.F.,.F.,(7,7),(3.14159265359,
    3.864327808517),.PIECEWISE_BEZIER_KNOTS.);
#1835 = CARTESIAN_POINT('',(3.14159265359,54.));
#1836 = CARTESIAN_POINT('',(3.262048512744,54.));
#1837 = CARTESIAN_POINT('',(3.382504371899,54.069645995175));
#1838 = CARTESIAN_POINT('',(3.502960231053,54.208939053769));
#1839 = CARTESIAN_POINT('',(3.623416090208,54.414843999481));
#1840 = CARTESIAN_POINT('',(3.743871949363,54.681305824915));
#1841 = CARTESIAN_POINT('',(3.864327808517,55.0000024));
#1842 = ( GEOMETRIC_REPRESENTATION_CONTEXT(2) 
PARAMETRIC_REPRESENTATION_CONTEXT() REPRESENTATION_CONTEXT('2D SPACE',''
  ) );
#1843 = PCURVE('',#1538,#1844);
#1844 = DEFINITIONAL_REPRESENTATION('',(#1845),#1853);
#1845 = B_SPLINE_CURVE_WITH_KNOTS('',6,(#1846,#1847,#1848,#1849,#1850,
    #1851,#1852),.UNSPECIFIED.,.F.,.F.,(7,7),(3.14159265359,
    3.864326901403),.PIECEWISE_BEZIER_KNOTS.);
#1846 = CARTESIAN_POINT('',(6.28318530718,36.));
#1847 = CARTESIAN_POINT('',(6.162729599211,36.));
#1848 = CARTESIAN_POINT('',(6.042273891242,36.069645820349));
#1849 = CARTESIAN_POINT('',(5.921818183273,36.208938529285));
#1850 = CARTESIAN_POINT('',(5.801362475304,36.414842965746));
#1851 = CARTESIAN_POINT('',(5.680906767335,36.681304152717));
#1852 = CARTESIAN_POINT('',(5.560451059366,37.));
#1853 = ( GEOMETRIC_REPRESENTATION_CONTEXT(2) 
PARAMETRIC_REPRESENTATION_CONTEXT() REPRESENTATION_CONTEXT('2D SPACE',''
  ) );
#1854 = ORIENTED_EDGE('',*,*,#1855,.F.);
#1855 = EDGE_CURVE('',#1578,#1824,#1856,.T.);
#1856 = SURFACE_CURVE('',#1857,(#1862,#1873),.PCURVE_S1.);
#1857 = ELLIPSE('',#1858,5.656854249492,4.);
#1858 = AXIS2_PLACEMENT_3D('',#1859,#1860,#1861);
#1859 = CARTESIAN_POINT('',(0.,0.,-7.105427357601E-15));
#1860 = DIRECTION('',(-0.707106781187,0.,0.707106781187));
#1861 = DIRECTION('',(0.707106781187,0.,0.707106781187));
#1862 = PCURVE('',#1510,#1863);
#1863 = DEFINITIONAL_REPRESENTATION('',(#1864),#1872);
#1864 = B_SPLINE_CURVE_WITH_KNOTS('',6,(#1865,#1866,#1867,#1868,#1869,
    #1870,#1871),.UNSPECIFIED.,.F.,.F.,(7,7),(2.418857498662,
    3.14159265359),.PIECEWISE_BEZIER_KNOTS.);
#1865 = CARTESIAN_POINT('',(2.418857498662,55.0000024));
#1866 = CARTESIAN_POINT('',(2.539313357817,54.681305824915));
#1867 = CARTESIAN_POINT('',(2.659769216971,54.414843999482));
#1868 = CARTESIAN_POINT('',(2.780225076126,54.208939053767));
#1869 = CARTESIAN_POINT('',(2.900680935281,54.069645995176));
#1870 = CARTESIAN_POINT('',(3.021136794435,54.));
#1871 = CARTESIAN_POINT('',(3.14159265359,54.));
#1872 = ( GEOMETRIC_REPRESENTATION_CONTEXT(2) 
PARAMETRIC_REPRESENTATION_CONTEXT() REPRESENTATION_CONTEXT('2D SPACE',''
  ) );
#1873 = PCURVE('',#1538,#1874);
#1874 = DEFINITIONAL_REPRESENTATION('',(#1875),#1883);
#1875 = B_SPLINE_CURVE_WITH_KNOTS('',6,(#1876,#1877,#1878,#1879,#1880,
    #1881,#1882),.UNSPECIFIED.,.F.,.F.,(7,7),(2.418858405776,
    3.14159265359),.PIECEWISE_BEZIER_KNOTS.);
#1876 = CARTESIAN_POINT('',(7.005919554993,37.));
#1877 = CARTESIAN_POINT('',(6.885463847024,36.681304152717));
#1878 = CARTESIAN_POINT('',(6.765008139055,36.414842965746));
#1879 = CARTESIAN_POINT('',(6.644552431086,36.208938529286));
#1880 = CARTESIAN_POINT('',(6.524096723117,36.069645820348));
#1881 = CARTESIAN_POINT('',(6.403641015148,36.));
#1882 = CARTESIAN_POINT('',(6.28318530718,36.));
#1883 = ( GEOMETRIC_REPRESENTATION_CONTEXT(2) 
PARAMETRIC_REPRESENTATION_CONTEXT() REPRESENTATION_CONTEXT('2D SPACE',''
  ) );
#1884 = ADVANCED_FACE('',(#1885),#1538,.T.);
#1885 = FACE_BOUND('',#1886,.T.);
#1886 = EDGE_LOOP('',(#1887,#1888,#1889,#1890,#1891));
#1887 = ORIENTED_EDGE('',*,*,#1577,.F.);
#1888 = ORIENTED_EDGE('',*,*,#1855,.T.);
#1889 = ORIENTED_EDGE('',*,*,#1823,.T.);
#1890 = ORIENTED_EDGE('',*,*,#1522,.F.);
#1891 = ORIENTED_EDGE('',*,*,#1892,.T.);
#1892 = EDGE_CURVE('',#1523,#1551,#1893,.T.);
#1893 = SURFACE_CURVE('',#1894,(#1899,#1906),.PCURVE_S1.);
#1894 = CIRCLE('',#1895,4.);
#1895 = AXIS2_PLACEMENT_3D('',#1896,#1897,#1898);
#1896 = CARTESIAN_POINT('',(-40.,0.,-8.881784197001E-15));
#1897 = DIRECTION('',(1.,0.,0.));
#1898 = DIRECTION('',(0.,-0.661437827766,-0.75));
#1899 = PCURVE('',#1538,#1900);
#1900 = DEFINITIONAL_REPRESENTATION('',(#1901),#1905);
#1901 = LINE('',#1902,#1903);
#1902 = CARTESIAN_POINT('',(5.560451059366,0.));
#1903 = VECTOR('',#1904,1.);
#1904 = DIRECTION('',(1.,0.));
#1905 = ( GEOMETRIC_REPRESENTATION_CONTEXT(2) 
PARAMETRIC_REPRESENTATION_CONTEXT() REPRESENTATION_CONTEXT('2D SPACE',''
  ) );
#1906 = PCURVE('',#1566,#1907);
#1907 = DEFINITIONAL_REPRESENTATION('',(#1908),#1912);
#1908 = CIRCLE('',#1909,4.);
#1909 = AXIS2_PLACEMENT_2D('',#1910,#1911);
#1910 = CARTESIAN_POINT('',(0.,0.));
#1911 = DIRECTION('',(0.75,-0.661437827766));
#1912 = ( GEOMETRIC_REPRESENTATION_CONTEXT(2) 
PARAMETRIC_REPRESENTATION_CONTEXT() REPRESENTATION_CONTEXT('2D SPACE',''
  ) );
#1913 = ADVANCED_FACE('',(#1914),#1566,.F.);
#1914 = FACE_BOUND('',#1915,.F.);
#1915 = EDGE_LOOP('',(#1916,#1917));
#1916 = ORIENTED_EDGE('',*,*,#1892,.T.);
#1917 = ORIENTED_EDGE('',*,*,#1550,.T.);
#1918 = ADVANCED_FACE('',(#1919),#1661,.T.);
#1919 = FACE_BOUND('',#1920,.T.);
#1920 = EDGE_LOOP('',(#1921,#1922));
#1921 = ORIENTED_EDGE('',*,*,#1647,.T.);
#1922 = ORIENTED_EDGE('',*,*,#1738,.F.);
#1923 = ADVANCED_FACE('',(#1924),#1808,.F.);
#1924 = FACE_BOUND('',#1925,.T.);
#1925 = EDGE_LOOP('',(#1926));
#1926 = ORIENTED_EDGE('',*,*,#1793,.F.);
#1927 = MANIFOLD_SOLID_BREP('',#1928);
#1928 = CLOSED_SHELL('',(#1929,#2049,#2125,#2196,#2333,#2409,#2480,#2507
    ,#2534,#2541,#2568));
#1929 = ADVANCED_FACE('',(#1930),#1944,.F.);
#1930 = FACE_BOUND('',#1931,.F.);
#1931 = EDGE_LOOP('',(#1932,#1967,#1995,#2023));
#1932 = ORIENTED_EDGE('',*,*,#1933,.F.);
#1933 = EDGE_CURVE('',#1934,#1936,#1938,.T.);
#1934 = VERTEX_POINT('',#1935);
#1935 = CARTESIAN_POINT('',(-57.4,-47.4,-62.4));
#1936 = VERTEX_POINT('',#1937);
#1937 = CARTESIAN_POINT('',(-57.4,-47.4,62.4));
#1938 = SURFACE_CURVE('',#1939,(#1943,#1955),.PCURVE_S1.);
#1939 = LINE('',#1940,#1941);
#1940 = CARTESIAN_POINT('',(-57.4,-47.4,-62.4));
#1941 = VECTOR('',#1942,1.);
#1942 = DIRECTION('',(0.,0.,1.));
#1943 = PCURVE('',#1944,#1949);
#1944 = PLANE('',#1945);
#1945 = AXIS2_PLACEMENT_3D('',#1946,#1947,#1948);
#1946 = CARTESIAN_POINT('',(-57.4,-47.4,-62.4));
#1947 = DIRECTION('',(1.,0.,-0.));
#1948 = DIRECTION('',(0.,0.,1.));
#1949 = DEFINITIONAL_REPRESENTATION('',(#1950),#1954);
#1950 = LINE('',#1951,#1952);
#1951 = CARTESIAN_POINT('',(0.,0.));
#1952 = VECTOR('',#1953,1.);
#1953 = DIRECTION('',(1.,0.));
#1954 = ( GEOMETRIC_REPRESENTATION_CONTEXT(2) 
PARAMETRIC_REPRESENTATION_CONTEXT() REPRESENTATION_CONTEXT('2D SPACE',''
  ) );
#1955 = PCURVE('',#1956,#1961);
#1956 = PLANE('',#1957);
#1957 = AXIS2_PLACEMENT_3D('',#1958,#1959,#1960);
#1958 = CARTESIAN_POINT('',(-57.4,-47.4,-62.4));
#1959 = DIRECTION('',(-0.,1.,0.));
#1960 = DIRECTION('',(0.,0.,1.));
#1961 = DEFINITIONAL_REPRESENTATION('',(#1962),#1966);
#1962 = LINE('',#1963,#1964);
#1963 = CARTESIAN_POINT('',(0.,0.));
#1964 = VECTOR('',#1965,1.);
#1965 = DIRECTION('',(1.,0.));
#1966 = ( GEOMETRIC_REPRESENTATION_CONTEXT(2) 
PARAMETRIC_REPRESENTATION_CONTEXT() REPRESENTATION_CONTEXT('2D SPACE',''
  ) );
#1967 = ORIENTED_EDGE('',*,*,#1968,.T.);
#1968 = EDGE_CURVE('',#1934,#1969,#1971,.T.);
#1969 = VERTEX_POINT('',#1970);
#1970 = CARTESIAN_POINT('',(-57.4,47.4,-62.4));
#1971 = SURFACE_CURVE('',#1972,(#1976,#1983),.PCURVE_S1.);
#1972 = LINE('',#1973,#1974);
#1973 = CARTESIAN_POINT('',(-57.4,-47.4,-62.4));
#1974 = VECTOR('',#1975,1.);
#1975 = DIRECTION('',(-0.,1.,0.));
#1976 = PCURVE('',#1944,#1977);
#1977 = DEFINITIONAL_REPRESENTATION('',(#1978),#1982);
#1978 = LINE('',#1979,#1980);
#1979 = CARTESIAN_POINT('',(0.,0.));
#1980 = VECTOR('',#1981,1.);
#1981 = DIRECTION('',(0.,-1.));
#1982 = ( GEOMETRIC_REPRESENTATION_CONTEXT(2) 
PARAMETRIC_REPRESENTATION_CONTEXT() REPRESENTATION_CONTEXT('2D SPACE',''
  ) );
#1983 = PCURVE('',#1984,#1989);
#1984 = PLANE('',#1985);
#1985 = AXIS2_PLACEMENT_3D('',#1986,#1987,#1988);
#1986 = CARTESIAN_POINT('',(-57.4,-47.4,-62.4));
#1987 = DIRECTION('',(0.,0.,1.));
#1988 = DIRECTION('',(1.,0.,-0.));
#1989 = DEFINITIONAL_REPRESENTATION('',(#1990),#1994);
#1990 = LINE('',#1991,#1992);
#1991 = CARTESIAN_POINT('',(0.,0.));
#1992 = VECTOR('',#1993,1.);
#1993 = DIRECTION('',(0.,1.));
#1994 = ( GEOMETRIC_REPRESENTATION_CONTEXT(2) 
PARAMETRIC_REPRESENTATION_CONTEXT() REPRESENTATION_CONTEXT('2D SPACE',''
  ) );
#1995 = ORIENTED_EDGE('',*,*,#1996,.T.);
#1996 = EDGE_CURVE('',#1969,#1997,#1999,.T.);
#1997 = VERTEX_POINT('',#1998);
#1998 = CARTESIAN_POINT('',(-57.4,47.4,62.4));
#1999 = SURFACE_CURVE('',#2000,(#2004,#2011),.PCURVE_S1.);
#2000 = LINE('',#2001,#2002);
#2001 = CARTESIAN_POINT('',(-57.4,47.4,-62.4));
#2002 = VECTOR('',#2003,1.);
#2003 = DIRECTION('',(0.,0.,1.));
#2004 = PCURVE('',#1944,#2005);
#2005 = DEFINITIONAL_REPRESENTATION('',(#2006),#2010);
#2006 = LINE('',#2007,#2008);
#2007 = CARTESIAN_POINT('',(0.,-94.8));
#2008 = VECTOR('',#2009,1.);
#2009 = DIRECTION('',(1.,0.));
#2010 = ( GEOMETRIC_REPRESENTATION_CONTEXT(2) 
PARAMETRIC_REPRESENTATION_CONTEXT() REPRESENTATION_CONTEXT('2D SPACE',''
  ) );
#2011 = PCURVE('',#2012,#2017);
#2012 = PLANE('',#2013);
#2013 = AXIS2_PLACEMENT_3D('',#2014,#2015,#2016);
#2014 = CARTESIAN_POINT('',(-57.4,47.4,-62.4));
#2015 = DIRECTION('',(-0.,1.,0.));
#2016 = DIRECTION('',(0.,0.,1.));
#2017 = DEFINITIONAL_REPRESENTATION('',(#2018),#2022);
#2018 = LINE('',#2019,#2020);
#2019 = CARTESIAN_POINT('',(0.,0.));
#2020 = VECTOR('',#2021,1.);
#2021 = DIRECTION('',(1.,0.));
#2022 = ( GEOMETRIC_REPRESENTATION_CONTEXT(2) 
PARAMETRIC_REPRESENTATION_CONTEXT() REPRESENTATION_CONTEXT('2D SPACE',''
  ) );
#2023 = ORIENTED_EDGE('',*,*,#2024,.F.);
#2024 = EDGE_CURVE('',#1936,#1997,#2025,.T.);
#2025 = SURFACE_CURVE('',#2026,(#2030,#2037),.PCURVE_S1.);
#2026 = LINE('',#2027,#2028);
#2027 = CARTESIAN_POINT('',(-57.4,-47.4,62.4));
#2028 = VECTOR('',#2029,1.);
#2029 = DIRECTION('',(-0.,1.,0.));
#2030 = PCURVE('',#1944,#2031);
#2031 = DEFINITIONAL_REPRESENTATION('',(#2032),#2036);
#2032 = LINE('',#2033,#2034);
#2033 = CARTESIAN_POINT('',(124.8,0.));
#2034 = VECTOR('',#2035,1.);
#2035 = DIRECTION('',(0.,-1.));
#2036 = ( GEOMETRIC_REPRESENTATION_CONTEXT(2) 
PARAMETRIC_REPRESENTATION_CONTEXT() REPRESENTATION_CONTEXT('2D SPACE',''
  ) );
#2037 = PCURVE('',#2038,#2043);
#2038 = PLANE('',#2039);
#2039 = AXIS2_PLACEMENT_3D('',#2040,#2041,#2042);
#2040 = CARTESIAN_POINT('',(-57.4,-47.4,62.4));
#2041 = DIRECTION('',(0.,0.,1.));
#2042 = DIRECTION('',(1.,0.,-0.));
#2043 = DEFINITIONAL_REPRESENTATION('',(#2044),#2048);
#2044 = LINE('',#2045,#2046);
#2045 = CARTESIAN_POINT('',(0.,0.));
#2046 = VECTOR('',#2047,1.);
#2047 = DIRECTION('',(0.,1.));
#2048 = ( GEOMETRIC_REPRESENTATION_CONTEXT(2) 
PARAMETRIC_REPRESENTATION_CONTEXT() REPRESENTATION_CONTEXT('2D SPACE',''
  ) );
#2049 = ADVANCED_FACE('',(#2050),#1984,.F.);
#2050 = FACE_BOUND('',#2051,.F.);
#2051 = EDGE_LOOP('',(#2052,#2053,#2076,#2104));
#2052 = ORIENTED_EDGE('',*,*,#1968,.F.);
#2053 = ORIENTED_EDGE('',*,*,#2054,.T.);
#2054 = EDGE_CURVE('',#1934,#2055,#2057,.T.);
#2055 = VERTEX_POINT('',#2056);
#2056 = CARTESIAN_POINT('',(57.4,-47.4,-62.4));
#2057 = SURFACE_CURVE('',#2058,(#2062,#2069),.PCURVE_S1.);
#2058 = LINE('',#2059,#2060);
#2059 = CARTESIAN_POINT('',(-57.4,-47.4,-62.4));
#2060 = VECTOR('',#2061,1.);
#2061 = DIRECTION('',(1.,0.,-0.));
#2062 = PCURVE('',#1984,#2063);
#2063 = DEFINITIONAL_REPRESENTATION('',(#2064),#2068);
#2064 = LINE('',#2065,#2066);
#2065 = CARTESIAN_POINT('',(0.,0.));
#2066 = VECTOR('',#2067,1.);
#2067 = DIRECTION('',(1.,0.));
#2068 = ( GEOMETRIC_REPRESENTATION_CONTEXT(2) 
PARAMETRIC_REPRESENTATION_CONTEXT() REPRESENTATION_CONTEXT('2D SPACE',''
  ) );
#2069 = PCURVE('',#1956,#2070);
#2070 = DEFINITIONAL_REPRESENTATION('',(#2071),#2075);
#2071 = LINE('',#2072,#2073);
#2072 = CARTESIAN_POINT('',(0.,0.));
#2073 = VECTOR('',#2074,1.);
#2074 = DIRECTION('',(0.,1.));
#2075 = ( GEOMETRIC_REPRESENTATION_CONTEXT(2) 
PARAMETRIC_REPRESENTATION_CONTEXT() REPRESENTATION_CONTEXT('2D SPACE',''
  ) );
#2076 = ORIENTED_EDGE('',*,*,#2077,.T.);
#2077 = EDGE_CURVE('',#2055,#2078,#2080,.T.);
#2078 = VERTEX_POINT('',#2079);
#2079 = CARTESIAN_POINT('',(57.4,47.4,-62.4));
#2080 = SURFACE_CURVE('',#2081,(#2085,#2092),.PCURVE_S1.);
#2081 = LINE('',#2082,#2083);
#2082 = CARTESIAN_POINT('',(57.4,-47.4,-62.4));
#2083 = VECTOR('',#2084,1.);
#2084 = DIRECTION('',(-0.,1.,0.));
#2085 = PCURVE('',#1984,#2086);
#2086 = DEFINITIONAL_REPRESENTATION('',(#2087),#2091);
#2087 = LINE('',#2088,#2089);
#2088 = CARTESIAN_POINT('',(114.8,0.));
#2089 = VECTOR('',#2090,1.);
#2090 = DIRECTION('',(0.,1.));
#2091 = ( GEOMETRIC_REPRESENTATION_CONTEXT(2) 
PARAMETRIC_REPRESENTATION_CONTEXT() REPRESENTATION_CONTEXT('2D SPACE',''
  ) );
#2092 = PCURVE('',#2093,#2098);
#2093 = PLANE('',#2094);
#2094 = AXIS2_PLACEMENT_3D('',#2095,#2096,#2097);
#2095 = CARTESIAN_POINT('',(57.4,-47.4,-62.4));
#2096 = DIRECTION('',(1.,0.,-0.));
#2097 = DIRECTION('',(0.,0.,1.));
#2098 = DEFINITIONAL_REPRESENTATION('',(#2099),#2103);
#2099 = LINE('',#2100,#2101);
#2100 = CARTESIAN_POINT('',(0.,0.));
#2101 = VECTOR('',#2102,1.);
#2102 = DIRECTION('',(0.,-1.));
#2103 = ( GEOMETRIC_REPRESENTATION_CONTEXT(2) 
PARAMETRIC_REPRESENTATION_CONTEXT() REPRESENTATION_CONTEXT('2D SPACE',''
  ) );
#2104 = ORIENTED_EDGE('',*,*,#2105,.F.);
#2105 = EDGE_CURVE('',#1969,#2078,#2106,.T.);
#2106 = SURFACE_CURVE('',#2107,(#2111,#2118),.PCURVE_S1.);
#2107 = LINE('',#2108,#2109);
#2108 = CARTESIAN_POINT('',(-57.4,47.4,-62.4));
#2109 = VECTOR('',#2110,1.);
#2110 = DIRECTION('',(1.,0.,-0.));
#2111 = PCURVE('',#1984,#2112);
#2112 = DEFINITIONAL_REPRESENTATION('',(#2113),#2117);
#2113 = LINE('',#2114,#2115);
#2114 = CARTESIAN_POINT('',(0.,94.8));
#2115 = VECTOR('',#2116,1.);
#2116 = DIRECTION('',(1.,0.));
#2117 = ( GEOMETRIC_REPRESENTATION_CONTEXT(2) 
PARAMETRIC_REPRESENTATION_CONTEXT() REPRESENTATION_CONTEXT('2D SPACE',''
  ) );
#2118 = PCURVE('',#2012,#2119);
#2119 = DEFINITIONAL_REPRESENTATION('',(#2120),#2124);
#2120 = LINE('',#2121,#2122);
#2121 = CARTESIAN_POINT('',(0.,0.));
#2122 = VECTOR('',#2123,1.);
#2123 = DIRECTION('',(0.,1.));
#2124 = ( GEOMETRIC_REPRESENTATION_CONTEXT(2) 
PARAMETRIC_REPRESENTATION_CONTEXT() REPRESENTATION_CONTEXT('2D SPACE',''
  ) );
#2125 = ADVANCED_FACE('',(#2126),#2093,.T.);
#2126 = FACE_BOUND('',#2127,.T.);
#2127 = EDGE_LOOP('',(#2128,#2151,#2152,#2175));
#2128 = ORIENTED_EDGE('',*,*,#2129,.F.);
#2129 = EDGE_CURVE('',#2055,#2130,#2132,.T.);
#2130 = VERTEX_POINT('',#2131);
#2131 = CARTESIAN_POINT('',(57.4,-47.4,62.4));
#2132 = SURFACE_CURVE('',#2133,(#2137,#2144),.PCURVE_S1.);
#2133 = LINE('',#2134,#2135);
#2134 = CARTESIAN_POINT('',(57.4,-47.4,-62.4));
#2135 = VECTOR('',#2136,1.);
#2136 = DIRECTION('',(0.,0.,1.));
#2137 = PCURVE('',#2093,#2138);
#2138 = DEFINITIONAL_REPRESENTATION('',(#2139),#2143);
#2139 = LINE('',#2140,#2141);
#2140 = CARTESIAN_POINT('',(0.,0.));
#2141 = VECTOR('',#2142,1.);
#2142 = DIRECTION('',(1.,0.));
#2143 = ( GEOMETRIC_REPRESENTATION_CONTEXT(2) 
PARAMETRIC_REPRESENTATION_CONTEXT() REPRESENTATION_CONTEXT('2D SPACE',''
  ) );
#2144 = PCURVE('',#1956,#2145);
#2145 = DEFINITIONAL_REPRESENTATION('',(#2146),#2150);
#2146 = LINE('',#2147,#2148);
#2147 = CARTESIAN_POINT('',(0.,114.8));
#2148 = VECTOR('',#2149,1.);
#2149 = DIRECTION('',(1.,0.));
#2150 = ( GEOMETRIC_REPRESENTATION_CONTEXT(2) 
PARAMETRIC_REPRESENTATION_CONTEXT() REPRESENTATION_CONTEXT('2D SPACE',''
  ) );
#2151 = ORIENTED_EDGE('',*,*,#2077,.T.);
#2152 = ORIENTED_EDGE('',*,*,#2153,.T.);
#2153 = EDGE_CURVE('',#2078,#2154,#2156,.T.);
#2154 = VERTEX_POINT('',#2155);
#2155 = CARTESIAN_POINT('',(57.4,47.4,62.4));
#2156 = SURFACE_CURVE('',#2157,(#2161,#2168),.PCURVE_S1.);
#2157 = LINE('',#2158,#2159);
#2158 = CARTESIAN_POINT('',(57.4,47.4,-62.4));
#2159 = VECTOR('',#2160,1.);
#2160 = DIRECTION('',(0.,0.,1.));
#2161 = PCURVE('',#2093,#2162);
#2162 = DEFINITIONAL_REPRESENTATION('',(#2163),#2167);
#2163 = LINE('',#2164,#2165);
#2164 = CARTESIAN_POINT('',(0.,-94.8));
#2165 = VECTOR('',#2166,1.);
#2166 = DIRECTION('',(1.,0.));
#2167 = ( GEOMETRIC_REPRESENTATION_CONTEXT(2) 
PARAMETRIC_REPRESENTATION_CONTEXT() REPRESENTATION_CONTEXT('2D SPACE',''
  ) );
#2168 = PCURVE('',#2012,#2169);
#2169 = DEFINITIONAL_REPRESENTATION('',(#2170),#2174);
#2170 = LINE('',#2171,#2172);
#2171 = CARTESIAN_POINT('',(0.,114.8));
#2172 = VECTOR('',#2173,1.);
#2173 = DIRECTION('',(1.,0.));
#2174 = ( GEOMETRIC_REPRESENTATION_CONTEXT(2) 
PARAMETRIC_REPRESENTATION_CONTEXT() REPRESENTATION_CONTEXT('2D SPACE',''
  ) );
#2175 = ORIENTED_EDGE('',*,*,#2176,.F.);
#2176 = EDGE_CURVE('',#2130,#2154,#2177,.T.);
#2177 = SURFACE_CURVE('',#2178,(#2182,#2189),.PCURVE_S1.);
#2178 = LINE('',#2179,#2180);
#2179 = CARTESIAN_POINT('',(57.4,-47.4,62.4));
#2180 = VECTOR('',#2181,1.);
#2181 = DIRECTION('',(-0.,1.,0.));
#2182 = PCURVE('',#2093,#2183);
#2183 = DEFINITIONAL_REPRESENTATION('',(#2184),#2188);
#2184 = LINE('',#2185,#2186);
#2185 = CARTESIAN_POINT('',(124.8,0.));
#2186 = VECTOR('',#2187,1.);
#2187 = DIRECTION('',(0.,-1.));
#2188 = ( GEOMETRIC_REPRESENTATION_CONTEXT(2) 
PARAMETRIC_REPRESENTATION_CONTEXT() REPRESENTATION_CONTEXT('2D SPACE',''
  ) );
#2189 = PCURVE('',#2038,#2190);
#2190 = DEFINITIONAL_REPRESENTATION('',(#2191),#2195);
#2191 = LINE('',#2192,#2193);
#2192 = CARTESIAN_POINT('',(114.8,0.));
#2193 = VECTOR('',#2194,1.);
#2194 = DIRECTION('',(0.,1.));
#2195 = ( GEOMETRIC_REPRESENTATION_CONTEXT(2) 
PARAMETRIC_REPRESENTATION_CONTEXT() REPRESENTATION_CONTEXT('2D SPACE',''
  ) );
#2196 = ADVANCED_FACE('',(#2197,#2223),#2012,.T.);
#2197 = FACE_BOUND('',#2198,.T.);
#2198 = EDGE_LOOP('',(#2199,#2200,#2201,#2222));
#2199 = ORIENTED_EDGE('',*,*,#2105,.F.);
#2200 = ORIENTED_EDGE('',*,*,#1996,.T.);
#2201 = ORIENTED_EDGE('',*,*,#2202,.T.);
#2202 = EDGE_CURVE('',#1997,#2154,#2203,.T.);
#2203 = SURFACE_CURVE('',#2204,(#2208,#2215),.PCURVE_S1.);
#2204 = LINE('',#2205,#2206);
#2205 = CARTESIAN_POINT('',(-57.4,47.4,62.4));
#2206 = VECTOR('',#2207,1.);
#2207 = DIRECTION('',(1.,0.,-0.));
#2208 = PCURVE('',#2012,#2209);
#2209 = DEFINITIONAL_REPRESENTATION('',(#2210),#2214);
#2210 = LINE('',#2211,#2212);
#2211 = CARTESIAN_POINT('',(124.8,0.));
#2212 = VECTOR('',#2213,1.);
#2213 = DIRECTION('',(0.,1.));
#2214 = ( GEOMETRIC_REPRESENTATION_CONTEXT(2) 
PARAMETRIC_REPRESENTATION_CONTEXT() REPRESENTATION_CONTEXT('2D SPACE',''
  ) );
#2215 = PCURVE('',#2038,#2216);
#2216 = DEFINITIONAL_REPRESENTATION('',(#2217),#2221);
#2217 = LINE('',#2218,#2219);
#2218 = CARTESIAN_POINT('',(0.,94.8));
#2219 = VECTOR('',#2220,1.);
#2220 = DIRECTION('',(1.,0.));
#2221 = ( GEOMETRIC_REPRESENTATION_CONTEXT(2) 
PARAMETRIC_REPRESENTATION_CONTEXT() REPRESENTATION_CONTEXT('2D SPACE',''
  ) );
#2222 = ORIENTED_EDGE('',*,*,#2153,.F.);
#2223 = FACE_BOUND('',#2224,.T.);
#2224 = EDGE_LOOP('',(#2225,#2254,#2281,#2308));
#2225 = ORIENTED_EDGE('',*,*,#2226,.F.);
#2226 = EDGE_CURVE('',#2227,#2229,#2231,.T.);
#2227 = VERTEX_POINT('',#2228);
#2228 = CARTESIAN_POINT('',(-55.,47.4,60.));
#2229 = VERTEX_POINT('',#2230);
#2230 = CARTESIAN_POINT('',(55.,47.4,60.));
#2231 = SURFACE_CURVE('',#2232,(#2236,#2242),.PCURVE_S1.);
#2232 = LINE('',#2233,#2234);
#2233 = CARTESIAN_POINT('',(-56.2,47.4,60.));
#2234 = VECTOR('',#2235,1.);
#2235 = DIRECTION('',(1.,0.,-0.));
#2236 = PCURVE('',#2012,#2237);
#2237 = DEFINITIONAL_REPRESENTATION('',(#2238),#2241);
#2238 = B_SPLINE_CURVE_WITH_KNOTS('',1,(#2239,#2240),.UNSPECIFIED.,.F.,
  .F.,(2,2),(1.2,111.2),.PIECEWISE_BEZIER_KNOTS.);
#2239 = CARTESIAN_POINT('',(122.4,2.4));
#2240 = CARTESIAN_POINT('',(122.4,112.4));
#2241 = ( GEOMETRIC_REPRESENTATION_CONTEXT(2) 
PARAMETRIC_REPRESENTATION_CONTEXT() REPRESENTATION_CONTEXT('2D SPACE',''
  ) );
#2242 = PCURVE('',#2243,#2248);
#2243 = PLANE('',#2244);
#2244 = AXIS2_PLACEMENT_3D('',#2245,#2246,#2247);
#2245 = CARTESIAN_POINT('',(-55.,42.6,60.));
#2246 = DIRECTION('',(0.,0.,1.));
#2247 = DIRECTION('',(1.,0.,-0.));
#2248 = DEFINITIONAL_REPRESENTATION('',(#2249),#2253);
#2249 = LINE('',#2250,#2251);
#2250 = CARTESIAN_POINT('',(-1.2,4.8));
#2251 = VECTOR('',#2252,1.);
#2252 = DIRECTION('',(1.,0.));
#2253 = ( GEOMETRIC_REPRESENTATION_CONTEXT(2) 
PARAMETRIC_REPRESENTATION_CONTEXT() REPRESENTATION_CONTEXT('2D SPACE',''
  ) );
#2254 = ORIENTED_EDGE('',*,*,#2255,.T.);
#2255 = EDGE_CURVE('',#2227,#2256,#2258,.T.);
#2256 = VERTEX_POINT('',#2257);
#2257 = CARTESIAN_POINT('',(-55.,47.4,-60.));
#2258 = SURFACE_CURVE('',#2259,(#2263,#2269),.PCURVE_S1.);
#2259 = LINE('',#2260,#2261);
#2260 = CARTESIAN_POINT('',(-55.,47.4,-61.2));
#2261 = VECTOR('',#2262,1.);
#2262 = DIRECTION('',(-0.,0.,-1.));
#2263 = PCURVE('',#2012,#2264);
#2264 = DEFINITIONAL_REPRESENTATION('',(#2265),#2268);
#2265 = B_SPLINE_CURVE_WITH_KNOTS('',1,(#2266,#2267),.UNSPECIFIED.,.F.,
  .F.,(2,2),(-121.2,-1.2),.PIECEWISE_BEZIER_KNOTS.);
#2266 = CARTESIAN_POINT('',(122.4,2.4));
#2267 = CARTESIAN_POINT('',(2.4,2.4));
#2268 = ( GEOMETRIC_REPRESENTATION_CONTEXT(2) 
PARAMETRIC_REPRESENTATION_CONTEXT() REPRESENTATION_CONTEXT('2D SPACE',''
  ) );
#2269 = PCURVE('',#2270,#2275);
#2270 = PLANE('',#2271);
#2271 = AXIS2_PLACEMENT_3D('',#2272,#2273,#2274);
#2272 = CARTESIAN_POINT('',(-55.,42.6,-60.));
#2273 = DIRECTION('',(1.,0.,-0.));
#2274 = DIRECTION('',(0.,0.,1.));
#2275 = DEFINITIONAL_REPRESENTATION('',(#2276),#2280);
#2276 = LINE('',#2277,#2278);
#2277 = CARTESIAN_POINT('',(-1.2,-4.8));
#2278 = VECTOR('',#2279,1.);
#2279 = DIRECTION('',(-1.,-0.));
#2280 = ( GEOMETRIC_REPRESENTATION_CONTEXT(2) 
PARAMETRIC_REPRESENTATION_CONTEXT() REPRESENTATION_CONTEXT('2D SPACE',''
  ) );
#2281 = ORIENTED_EDGE('',*,*,#2282,.T.);
#2282 = EDGE_CURVE('',#2256,#2283,#2285,.T.);
#2283 = VERTEX_POINT('',#2284);
#2284 = CARTESIAN_POINT('',(55.,47.4,-60.));
#2285 = SURFACE_CURVE('',#2286,(#2290,#2296),.PCURVE_S1.);
#2286 = LINE('',#2287,#2288);
#2287 = CARTESIAN_POINT('',(-56.2,47.4,-60.));
#2288 = VECTOR('',#2289,1.);
#2289 = DIRECTION('',(1.,0.,-0.));
#2290 = PCURVE('',#2012,#2291);
#2291 = DEFINITIONAL_REPRESENTATION('',(#2292),#2295);
#2292 = B_SPLINE_CURVE_WITH_KNOTS('',1,(#2293,#2294),.UNSPECIFIED.,.F.,
  .F.,(2,2),(1.2,111.2),.PIECEWISE_BEZIER_KNOTS.);
#2293 = CARTESIAN_POINT('',(2.4,2.4));
#2294 = CARTESIAN_POINT('',(2.4,112.4));
#2295 = ( GEOMETRIC_REPRESENTATION_CONTEXT(2) 
PARAMETRIC_REPRESENTATION_CONTEXT() REPRESENTATION_CONTEXT('2D SPACE',''
  ) );
#2296 = PCURVE('',#2297,#2302);
#2297 = PLANE('',#2298);
#2298 = AXIS2_PLACEMENT_3D('',#2299,#2300,#2301);
#2299 = CARTESIAN_POINT('',(-55.,42.6,-60.));
#2300 = DIRECTION('',(0.,0.,1.));
#2301 = DIRECTION('',(1.,0.,-0.));
#2302 = DEFINITIONAL_REPRESENTATION('',(#2303),#2307);
#2303 = LINE('',#2304,#2305);
#2304 = CARTESIAN_POINT('',(-1.2,4.8));
#2305 = VECTOR('',#2306,1.);
#2306 = DIRECTION('',(1.,0.));
#2307 = ( GEOMETRIC_REPRESENTATION_CONTEXT(2) 
PARAMETRIC_REPRESENTATION_CONTEXT() REPRESENTATION_CONTEXT('2D SPACE',''
  ) );
#2308 = ORIENTED_EDGE('',*,*,#2309,.F.);
#2309 = EDGE_CURVE('',#2229,#2283,#2310,.T.);
#2310 = SURFACE_CURVE('',#2311,(#2315,#2321),.PCURVE_S1.);
#2311 = LINE('',#2312,#2313);
#2312 = CARTESIAN_POINT('',(55.,47.4,-61.2));
#2313 = VECTOR('',#2314,1.);
#2314 = DIRECTION('',(-0.,0.,-1.));
#2315 = PCURVE('',#2012,#2316);
#2316 = DEFINITIONAL_REPRESENTATION('',(#2317),#2320);
#2317 = B_SPLINE_CURVE_WITH_KNOTS('',1,(#2318,#2319),.UNSPECIFIED.,.F.,
  .F.,(2,2),(-121.2,-1.2),.PIECEWISE_BEZIER_KNOTS.);
#2318 = CARTESIAN_POINT('',(122.4,112.4));
#2319 = CARTESIAN_POINT('',(2.4,112.4));
#2320 = ( GEOMETRIC_REPRESENTATION_CONTEXT(2) 
PARAMETRIC_REPRESENTATION_CONTEXT() REPRESENTATION_CONTEXT('2D SPACE',''
  ) );
#2321 = PCURVE('',#2322,#2327);
#2322 = PLANE('',#2323);
#2323 = AXIS2_PLACEMENT_3D('',#2324,#2325,#2326);
#2324 = CARTESIAN_POINT('',(55.,42.6,-60.));
#2325 = DIRECTION('',(1.,0.,-0.));
#2326 = DIRECTION('',(0.,0.,1.));
#2327 = DEFINITIONAL_REPRESENTATION('',(#2328),#2332);
#2328 = LINE('',#2329,#2330);
#2329 = CARTESIAN_POINT('',(-1.2,-4.8));
#2330 = VECTOR('',#2331,1.);
#2331 = DIRECTION('',(-1.,-0.));
#2332 = ( GEOMETRIC_REPRESENTATION_CONTEXT(2) 
PARAMETRIC_REPRESENTATION_CONTEXT() REPRESENTATION_CONTEXT('2D SPACE',''
  ) );
#2333 = ADVANCED_FACE('',(#2334),#2270,.T.);
#2334 = FACE_BOUND('',#2335,.T.);
#2335 = EDGE_LOOP('',(#2336,#2359,#2387,#2408));
#2336 = ORIENTED_EDGE('',*,*,#2337,.F.);
#2337 = EDGE_CURVE('',#2338,#2227,#2340,.T.);
#2338 = VERTEX_POINT('',#2339);
#2339 = CARTESIAN_POINT('',(-55.,-45.,60.));
#2340 = SURFACE_CURVE('',#2341,(#2345,#2352),.PCURVE_S1.);
#2341 = LINE('',#2342,#2343);
#2342 = CARTESIAN_POINT('',(-55.,-45.,60.));
#2343 = VECTOR('',#2344,1.);
#2344 = DIRECTION('',(0.,1.,0.));
#2345 = PCURVE('',#2270,#2346);
#2346 = DEFINITIONAL_REPRESENTATION('',(#2347),#2351);
#2347 = LINE('',#2348,#2349);
#2348 = CARTESIAN_POINT('',(120.,87.6));
#2349 = VECTOR('',#2350,1.);
#2350 = DIRECTION('',(0.,-1.));
#2351 = ( GEOMETRIC_REPRESENTATION_CONTEXT(2) 
PARAMETRIC_REPRESENTATION_CONTEXT() REPRESENTATION_CONTEXT('2D SPACE',''
  ) );
#2352 = PCURVE('',#2243,#2353);
#2353 = DEFINITIONAL_REPRESENTATION('',(#2354),#2358);
#2354 = LINE('',#2355,#2356);
#2355 = CARTESIAN_POINT('',(0.,-87.6));
#2356 = VECTOR('',#2357,1.);
#2357 = DIRECTION('',(0.,1.));
#2358 = ( GEOMETRIC_REPRESENTATION_CONTEXT(2) 
PARAMETRIC_REPRESENTATION_CONTEXT() REPRESENTATION_CONTEXT('2D SPACE',''
  ) );
#2359 = ORIENTED_EDGE('',*,*,#2360,.F.);
#2360 = EDGE_CURVE('',#2361,#2338,#2363,.T.);
#2361 = VERTEX_POINT('',#2362);
#2362 = CARTESIAN_POINT('',(-55.,-45.,-60.));
#2363 = SURFACE_CURVE('',#2364,(#2368,#2375),.PCURVE_S1.);
#2364 = LINE('',#2365,#2366);
#2365 = CARTESIAN_POINT('',(-55.,-45.,-60.));
#2366 = VECTOR('',#2367,1.);
#2367 = DIRECTION('',(0.,0.,1.));
#2368 = PCURVE('',#2270,#2369);
#2369 = DEFINITIONAL_REPRESENTATION('',(#2370),#2374);
#2370 = LINE('',#2371,#2372);
#2371 = CARTESIAN_POINT('',(0.,87.6));
#2372 = VECTOR('',#2373,1.);
#2373 = DIRECTION('',(1.,0.));
#2374 = ( GEOMETRIC_REPRESENTATION_CONTEXT(2) 
PARAMETRIC_REPRESENTATION_CONTEXT() REPRESENTATION_CONTEXT('2D SPACE',''
  ) );
#2375 = PCURVE('',#2376,#2381);
#2376 = PLANE('',#2377);
#2377 = AXIS2_PLACEMENT_3D('',#2378,#2379,#2380);
#2378 = CARTESIAN_POINT('',(-55.,-45.,-60.));
#2379 = DIRECTION('',(-0.,1.,0.));
#2380 = DIRECTION('',(0.,0.,1.));
#2381 = DEFINITIONAL_REPRESENTATION('',(#2382),#2386);
#2382 = LINE('',#2383,#2384);
#2383 = CARTESIAN_POINT('',(0.,0.));
#2384 = VECTOR('',#2385,1.);
#2385 = DIRECTION('',(1.,0.));
#2386 = ( GEOMETRIC_REPRESENTATION_CONTEXT(2) 
PARAMETRIC_REPRESENTATION_CONTEXT() REPRESENTATION_CONTEXT('2D SPACE',''
  ) );
#2387 = ORIENTED_EDGE('',*,*,#2388,.F.);
#2388 = EDGE_CURVE('',#2256,#2361,#2389,.T.);
#2389 = SURFACE_CURVE('',#2390,(#2394,#2401),.PCURVE_S1.);
#2390 = LINE('',#2391,#2392);
#2391 = CARTESIAN_POINT('',(-55.,47.4,-60.));
#2392 = VECTOR('',#2393,1.);
#2393 = DIRECTION('',(0.,-1.,0.));
#2394 = PCURVE('',#2270,#2395);
#2395 = DEFINITIONAL_REPRESENTATION('',(#2396),#2400);
#2396 = LINE('',#2397,#2398);
#2397 = CARTESIAN_POINT('',(0.,-4.8));
#2398 = VECTOR('',#2399,1.);
#2399 = DIRECTION('',(0.,1.));
#2400 = ( GEOMETRIC_REPRESENTATION_CONTEXT(2) 
PARAMETRIC_REPRESENTATION_CONTEXT() REPRESENTATION_CONTEXT('2D SPACE',''
  ) );
#2401 = PCURVE('',#2297,#2402);
#2402 = DEFINITIONAL_REPRESENTATION('',(#2403),#2407);
#2403 = LINE('',#2404,#2405);
#2404 = CARTESIAN_POINT('',(0.,4.8));
#2405 = VECTOR('',#2406,1.);
#2406 = DIRECTION('',(0.,-1.));
#2407 = ( GEOMETRIC_REPRESENTATION_CONTEXT(2) 
PARAMETRIC_REPRESENTATION_CONTEXT() REPRESENTATION_CONTEXT('2D SPACE',''
  ) );
#2408 = ORIENTED_EDGE('',*,*,#2255,.F.);
#2409 = ADVANCED_FACE('',(#2410),#2376,.T.);
#2410 = FACE_BOUND('',#2411,.T.);
#2411 = EDGE_LOOP('',(#2412,#2435,#2436,#2459));
#2412 = ORIENTED_EDGE('',*,*,#2413,.F.);
#2413 = EDGE_CURVE('',#2361,#2414,#2416,.T.);
#2414 = VERTEX_POINT('',#2415);
#2415 = CARTESIAN_POINT('',(55.,-45.,-60.));
#2416 = SURFACE_CURVE('',#2417,(#2421,#2428),.PCURVE_S1.);
#2417 = LINE('',#2418,#2419);
#2418 = CARTESIAN_POINT('',(-55.,-45.,-60.));
#2419 = VECTOR('',#2420,1.);
#2420 = DIRECTION('',(1.,0.,-0.));
#2421 = PCURVE('',#2376,#2422);
#2422 = DEFINITIONAL_REPRESENTATION('',(#2423),#2427);
#2423 = LINE('',#2424,#2425);
#2424 = CARTESIAN_POINT('',(0.,0.));
#2425 = VECTOR('',#2426,1.);
#2426 = DIRECTION('',(0.,1.));
#2427 = ( GEOMETRIC_REPRESENTATION_CONTEXT(2) 
PARAMETRIC_REPRESENTATION_CONTEXT() REPRESENTATION_CONTEXT('2D SPACE',''
  ) );
#2428 = PCURVE('',#2297,#2429);
#2429 = DEFINITIONAL_REPRESENTATION('',(#2430),#2434);
#2430 = LINE('',#2431,#2432);
#2431 = CARTESIAN_POINT('',(0.,-87.6));
#2432 = VECTOR('',#2433,1.);
#2433 = DIRECTION('',(1.,0.));
#2434 = ( GEOMETRIC_REPRESENTATION_CONTEXT(2) 
PARAMETRIC_REPRESENTATION_CONTEXT() REPRESENTATION_CONTEXT('2D SPACE',''
  ) );
#2435 = ORIENTED_EDGE('',*,*,#2360,.T.);
#2436 = ORIENTED_EDGE('',*,*,#2437,.T.);
#2437 = EDGE_CURVE('',#2338,#2438,#2440,.T.);
#2438 = VERTEX_POINT('',#2439);
#2439 = CARTESIAN_POINT('',(55.,-45.,60.));
#2440 = SURFACE_CURVE('',#2441,(#2445,#2452),.PCURVE_S1.);
#2441 = LINE('',#2442,#2443);
#2442 = CARTESIAN_POINT('',(-55.,-45.,60.));
#2443 = VECTOR('',#2444,1.);
#2444 = DIRECTION('',(1.,0.,-0.));
#2445 = PCURVE('',#2376,#2446);
#2446 = DEFINITIONAL_REPRESENTATION('',(#2447),#2451);
#2447 = LINE('',#2448,#2449);
#2448 = CARTESIAN_POINT('',(120.,0.));
#2449 = VECTOR('',#2450,1.);
#2450 = DIRECTION('',(0.,1.));
#2451 = ( GEOMETRIC_REPRESENTATION_CONTEXT(2) 
PARAMETRIC_REPRESENTATION_CONTEXT() REPRESENTATION_CONTEXT('2D SPACE',''
  ) );
#2452 = PCURVE('',#2243,#2453);
#2453 = DEFINITIONAL_REPRESENTATION('',(#2454),#2458);
#2454 = LINE('',#2455,#2456);
#2455 = CARTESIAN_POINT('',(0.,-87.6));
#2456 = VECTOR('',#2457,1.);
#2457 = DIRECTION('',(1.,0.));
#2458 = ( GEOMETRIC_REPRESENTATION_CONTEXT(2) 
PARAMETRIC_REPRESENTATION_CONTEXT() REPRESENTATION_CONTEXT('2D SPACE',''
  ) );
#2459 = ORIENTED_EDGE('',*,*,#2460,.F.);
#2460 = EDGE_CURVE('',#2414,#2438,#2461,.T.);
#2461 = SURFACE_CURVE('',#2462,(#2466,#2473),.PCURVE_S1.);
#2462 = LINE('',#2463,#2464);
#2463 = CARTESIAN_POINT('',(55.,-45.,-60.));
#2464 = VECTOR('',#2465,1.);
#2465 = DIRECTION('',(0.,0.,1.));
#2466 = PCURVE('',#2376,#2467);
#2467 = DEFINITIONAL_REPRESENTATION('',(#2468),#2472);
#2468 = LINE('',#2469,#2470);
#2469 = CARTESIAN_POINT('',(0.,110.));
#2470 = VECTOR('',#2471,1.);
#2471 = DIRECTION('',(1.,0.));
#2472 = ( GEOMETRIC_REPRESENTATION_CONTEXT(2) 
PARAMETRIC_REPRESENTATION_CONTEXT() REPRESENTATION_CONTEXT('2D SPACE',''
  ) );
#2473 = PCURVE('',#2322,#2474);
#2474 = DEFINITIONAL_REPRESENTATION('',(#2475),#2479);
#2475 = LINE('',#2476,#2477);
#2476 = CARTESIAN_POINT('',(0.,87.6));
#2477 = VECTOR('',#2478,1.);
#2478 = DIRECTION('',(1.,0.));
#2479 = ( GEOMETRIC_REPRESENTATION_CONTEXT(2) 
PARAMETRIC_REPRESENTATION_CONTEXT() REPRESENTATION_CONTEXT('2D SPACE',''
  ) );
#2480 = ADVANCED_FACE('',(#2481),#2297,.T.);
#2481 = FACE_BOUND('',#2482,.T.);
#2482 = EDGE_LOOP('',(#2483,#2484,#2485,#2506));
#2483 = ORIENTED_EDGE('',*,*,#2388,.T.);
#2484 = ORIENTED_EDGE('',*,*,#2413,.T.);
#2485 = ORIENTED_EDGE('',*,*,#2486,.F.);
#2486 = EDGE_CURVE('',#2283,#2414,#2487,.T.);
#2487 = SURFACE_CURVE('',#2488,(#2492,#2499),.PCURVE_S1.);
#2488 = LINE('',#2489,#2490);
#2489 = CARTESIAN_POINT('',(55.,47.4,-60.));
#2490 = VECTOR('',#2491,1.);
#2491 = DIRECTION('',(0.,-1.,0.));
#2492 = PCURVE('',#2297,#2493);
#2493 = DEFINITIONAL_REPRESENTATION('',(#2494),#2498);
#2494 = LINE('',#2495,#2496);
#2495 = CARTESIAN_POINT('',(110.,4.8));
#2496 = VECTOR('',#2497,1.);
#2497 = DIRECTION('',(0.,-1.));
#2498 = ( GEOMETRIC_REPRESENTATION_CONTEXT(2) 
PARAMETRIC_REPRESENTATION_CONTEXT() REPRESENTATION_CONTEXT('2D SPACE',''
  ) );
#2499 = PCURVE('',#2322,#2500);
#2500 = DEFINITIONAL_REPRESENTATION('',(#2501),#2505);
#2501 = LINE('',#2502,#2503);
#2502 = CARTESIAN_POINT('',(0.,-4.8));
#2503 = VECTOR('',#2504,1.);
#2504 = DIRECTION('',(0.,1.));
#2505 = ( GEOMETRIC_REPRESENTATION_CONTEXT(2) 
PARAMETRIC_REPRESENTATION_CONTEXT() REPRESENTATION_CONTEXT('2D SPACE',''
  ) );
#2506 = ORIENTED_EDGE('',*,*,#2282,.F.);
#2507 = ADVANCED_FACE('',(#2508),#2322,.F.);
#2508 = FACE_BOUND('',#2509,.F.);
#2509 = EDGE_LOOP('',(#2510,#2531,#2532,#2533));
#2510 = ORIENTED_EDGE('',*,*,#2511,.T.);
#2511 = EDGE_CURVE('',#2229,#2438,#2512,.T.);
#2512 = SURFACE_CURVE('',#2513,(#2517,#2524),.PCURVE_S1.);
#2513 = LINE('',#2514,#2515);
#2514 = CARTESIAN_POINT('',(55.,47.4,60.));
#2515 = VECTOR('',#2516,1.);
#2516 = DIRECTION('',(0.,-1.,0.));
#2517 = PCURVE('',#2322,#2518);
#2518 = DEFINITIONAL_REPRESENTATION('',(#2519),#2523);
#2519 = LINE('',#2520,#2521);
#2520 = CARTESIAN_POINT('',(120.,-4.8));
#2521 = VECTOR('',#2522,1.);
#2522 = DIRECTION('',(0.,1.));
#2523 = ( GEOMETRIC_REPRESENTATION_CONTEXT(2) 
PARAMETRIC_REPRESENTATION_CONTEXT() REPRESENTATION_CONTEXT('2D SPACE',''
  ) );
#2524 = PCURVE('',#2243,#2525);
#2525 = DEFINITIONAL_REPRESENTATION('',(#2526),#2530);
#2526 = LINE('',#2527,#2528);
#2527 = CARTESIAN_POINT('',(110.,4.8));
#2528 = VECTOR('',#2529,1.);
#2529 = DIRECTION('',(0.,-1.));
#2530 = ( GEOMETRIC_REPRESENTATION_CONTEXT(2) 
PARAMETRIC_REPRESENTATION_CONTEXT() REPRESENTATION_CONTEXT('2D SPACE',''
  ) );
#2531 = ORIENTED_EDGE('',*,*,#2460,.F.);
#2532 = ORIENTED_EDGE('',*,*,#2486,.F.);
#2533 = ORIENTED_EDGE('',*,*,#2309,.F.);
#2534 = ADVANCED_FACE('',(#2535),#2243,.F.);
#2535 = FACE_BOUND('',#2536,.F.);
#2536 = EDGE_LOOP('',(#2537,#2538,#2539,#2540));
#2537 = ORIENTED_EDGE('',*,*,#2337,.F.);
#2538 = ORIENTED_EDGE('',*,*,#2437,.T.);
#2539 = ORIENTED_EDGE('',*,*,#2511,.F.);
#2540 = ORIENTED_EDGE('',*,*,#2226,.F.);
#2541 = ADVANCED_FACE('',(#2542),#2038,.T.);
#2542 = FACE_BOUND('',#2543,.T.);
#2543 = EDGE_LOOP('',(#2544,#2545,#2566,#2567));
#2544 = ORIENTED_EDGE('',*,*,#2024,.F.);
#2545 = ORIENTED_EDGE('',*,*,#2546,.T.);
#2546 = EDGE_CURVE('',#1936,#2130,#2547,.T.);
#2547 = SURFACE_CURVE('',#2548,(#2552,#2559),.PCURVE_S1.);
#2548 = LINE('',#2549,#2550);
#2549 = CARTESIAN_POINT('',(-57.4,-47.4,62.4));
#2550 = VECTOR('',#2551,1.);
#2551 = DIRECTION('',(1.,0.,-0.));
#2552 = PCURVE('',#2038,#2553);
#2553 = DEFINITIONAL_REPRESENTATION('',(#2554),#2558);
#2554 = LINE('',#2555,#2556);
#2555 = CARTESIAN_POINT('',(0.,0.));
#2556 = VECTOR('',#2557,1.);
#2557 = DIRECTION('',(1.,0.));
#2558 = ( GEOMETRIC_REPRESENTATION_CONTEXT(2) 
PARAMETRIC_REPRESENTATION_CONTEXT() REPRESENTATION_CONTEXT('2D SPACE',''
  ) );
#2559 = PCURVE('',#1956,#2560);
#2560 = DEFINITIONAL_REPRESENTATION('',(#2561),#2565);
#2561 = LINE('',#2562,#2563);
#2562 = CARTESIAN_POINT('',(124.8,0.));
#2563 = VECTOR('',#2564,1.);
#2564 = DIRECTION('',(0.,1.));
#2565 = ( GEOMETRIC_REPRESENTATION_CONTEXT(2) 
PARAMETRIC_REPRESENTATION_CONTEXT() REPRESENTATION_CONTEXT('2D SPACE',''
  ) );
#2566 = ORIENTED_EDGE('',*,*,#2176,.T.);
#2567 = ORIENTED_EDGE('',*,*,#2202,.F.);
#2568 = ADVANCED_FACE('',(#2569),#1956,.F.);
#2569 = FACE_BOUND('',#2570,.F.);
#2570 = EDGE_LOOP('',(#2571,#2572,#2573,#2574));
#2571 = ORIENTED_EDGE('',*,*,#2054,.F.);
#2572 = ORIENTED_EDGE('',*,*,#1933,.T.);
#2573 = ORIENTED_EDGE('',*,*,#2546,.T.);
#2574 = ORIENTED_EDGE('',*,*,#2129,.F.);
#2575 = ( GEOMETRIC_REPRESENTATION_CONTEXT(3) 
GLOBAL_UNCERTAINTY_ASSIGNED_CONTEXT((#2579)) 
GLOBAL_UNIT_ASSIGNED_CONTEXT((#2576,#2577,#2578)) REPRESENTATION_CONTEXT
('Context #1','3D Context with UNIT and UNCERTAINTY') );
#2576 = ( LENGTH_UNIT() NAMED_UNIT(*) SI_UNIT(.MILLI.,.METRE.) );
#2577 = ( NAMED_UNIT(*) PLANE_ANGLE_UNIT() SI_UNIT($,.RADIAN.) );
#2578 = ( NAMED_UNIT(*) SI_UNIT($,.STERADIAN.) SOLID_ANGLE_UNIT() );
#2579 = UNCERTAINTY_MEASURE_WITH_UNIT(LENGTH_MEASURE(2.E-07),#2576,
  'distance_accuracy_value','confusion accuracy');
#2580 = PRODUCT_RELATED_PRODUCT_CATEGORY('part',$,(#7));
ENDSEC;
END-ISO-10303-21;
