ISO-10303-21;
HEADER;
FILE_DESCRIPTION(('Open CASCADE Model'),'2;1');
FILE_NAME('Open CASCADE Shape Model','2026-07-28T14:12:40',('Author'),(
    'Open CASCADE'),'Open CASCADE STEP processor 7.9','build123d',
  'Unknown');
FILE_SCHEMA(('AUTOMOTIVE_DESIGN { 1 0 10303 214 1 1 1 1 }'));
ENDSEC;
DATA;
#1 = APPLICATION_PROTOCOL_DEFINITION('international standard',
  'automotive_design',2000,#2);
#2 = APPLICATION_CONTEXT(
  'core data for automotive mechanical design processes');
#3 = SHAPE_DEFINITION_REPRESENTATION(#4,#10);
#4 = PRODUCT_DEFINITION_SHAPE('','',#5);
#5 = PRODUCT_DEFINITION('design','',#6,#9);
#6 = PRODUCT_DEFINITION_FORMATION('','',#7);
#7 = PRODUCT('=>[0:1:1:2]','=>[0:1:1:2]','',(#8));
#8 = PRODUCT_CONTEXT('',#2,'mechanical');
#9 = PRODUCT_DEFINITION_CONTEXT('part definition',#2,'design');
#10 = SHAPE_REPRESENTATION('',(#11,#15),#19);
#11 = AXIS2_PLACEMENT_3D('',#12,#13,#14);
#12 = CARTESIAN_POINT('',(0.,0.,0.));
#13 = DIRECTION('',(0.,0.,1.));
#14 = DIRECTION('',(1.,0.,-0.));
#15 = AXIS2_PLACEMENT_3D('',#16,#17,#18);
#16 = CARTESIAN_POINT('',(0.,0.,0.));
#17 = DIRECTION('',(0.,0.,1.));
#18 = DIRECTION('',(1.,0.,-0.));
#19 = ( GEOMETRIC_REPRESENTATION_CONTEXT(3) 
GLOBAL_UNCERTAINTY_ASSIGNED_CONTEXT((#23)) GLOBAL_UNIT_ASSIGNED_CONTEXT(
(#20,#21,#22)) REPRESENTATION_CONTEXT('Context #1',
  '3D Context with UNIT and UNCERTAINTY') );
#20 = ( LENGTH_UNIT() NAMED_UNIT(*) SI_UNIT(.MILLI.,.METRE.) );
#21 = ( NAMED_UNIT(*) PLANE_ANGLE_UNIT() SI_UNIT($,.RADIAN.) );
#22 = ( NAMED_UNIT(*) SI_UNIT($,.STERADIAN.) SOLID_ANGLE_UNIT() );
#23 = UNCERTAINTY_MEASURE_WITH_UNIT(LENGTH_MEASURE(2.E-07),#20,
  'distance_accuracy_value','confusion accuracy');
#24 = PRODUCT_RELATED_PRODUCT_CATEGORY('part',$,(#7));
#25 = SHAPE_DEFINITION_REPRESENTATION(#26,#32);
#26 = PRODUCT_DEFINITION_SHAPE('','',#27);
#27 = PRODUCT_DEFINITION('design','',#28,#31);
#28 = PRODUCT_DEFINITION_FORMATION('','',#29);
#29 = PRODUCT('COMPOUND','COMPOUND','',(#30));
#30 = PRODUCT_CONTEXT('',#2,'mechanical');
#31 = PRODUCT_DEFINITION_CONTEXT('part definition',#2,'design');
#32 = ADVANCED_BREP_SHAPE_REPRESENTATION('',(#11,#33),#2335);
#33 = MANIFOLD_SOLID_BREP('',#34);
#34 = CLOSED_SHELL('',(#35,#1055,#1547,#1577,#1607,#1683,#1732,#1781,
    #1808,#2274,#2328));
#35 = ADVANCED_FACE('',(#36,#586,#698),#115,.T.);
#36 = FACE_BOUND('',#37,.T.);
#37 = EDGE_LOOP('',(#38,#268,#291,#318,#319,#535,#558,#585));
#38 = ORIENTED_EDGE('',*,*,#39,.T.);
#39 = EDGE_CURVE('',#40,#42,#44,.T.);
#40 = VERTEX_POINT('',#41);
#41 = CARTESIAN_POINT('',(-20.2868852459,-2.25856991646E-14,
    -92.21311475409));
#42 = VERTEX_POINT('',#43);
#43 = CARTESIAN_POINT('',(20.286885245902,-1.377727649041E-14,
    -92.21311475409));
#44 = SURFACE_CURVE('',#45,(#114,#191),.PCURVE_S1.);
#45 = B_SPLINE_CURVE_WITH_KNOTS('',7,(#46,#47,#48,#49,#50,#51,#52,#53,
    #54,#55,#56,#57,#58,#59,#60,#61,#62,#63,#64,#65,#66,#67,#68,#69,#70,
    #71,#72,#73,#74,#75,#76,#77,#78,#79,#80,#81,#82,#83,#84,#85,#86,#87,
    #88,#89,#90,#91,#92,#93,#94,#95,#96,#97,#98,#99,#100,#101,#102,#103,
    #104,#105,#106,#107,#108,#109,#110,#111,#112,#113),.UNSPECIFIED.,.F.
  ,.F.,(8,6,6,6,6,6,6,6,6,6,6,8),(0.,8.873249250268E-02,0.145853116743,
    0.224991334601,0.291726067239,0.500109317085,0.614265065437,
    0.708432597702,0.775131065701,0.854226280692,0.911315864729,1.),
  .UNSPECIFIED.);
#46 = CARTESIAN_POINT('',(-20.2868852459,-7.105427357601E-15,
    -92.21311475409));
#47 = CARTESIAN_POINT('',(-20.2868852459,-0.98847390309,-92.21311475409)
  );
#48 = CARTESIAN_POINT('',(-20.23069468444,-1.975195450675,
    -92.20075299782));
#49 = CARTESIAN_POINT('',(-20.11867323468,-2.953483383691,
    -92.17610771588));
#50 = CARTESIAN_POINT('',(-19.9524745032,-3.916734830903,-92.13974996703
    ));
#51 = CARTESIAN_POINT('',(-19.73502427294,-4.858577978651,
    -92.09272455272));
#52 = CARTESIAN_POINT('',(-19.47051169892,-5.773021772213,
    -92.03647106319));
#53 = CARTESIAN_POINT('',(-18.96733300477,-7.22211121942,-91.93162347211
    ));
#54 = CARTESIAN_POINT('',(-18.75279621011,-7.776677633293,
    -91.88739149294));
#55 = CARTESIAN_POINT('',(-18.52182569987,-8.317761144129,
    -91.84035787066));
#56 = CARTESIAN_POINT('',(-18.27547521382,-8.844880603158,
    -91.79089902832));
#57 = CARTESIAN_POINT('',(-18.01481056228,-9.357614325943,
    -91.73939314016));
#58 = CARTESIAN_POINT('',(-17.74091058397,-9.855599959209,
    -91.68621421275));
#59 = CARTESIAN_POINT('',(-17.05856830127,-11.00761959232,
    -91.55623527375));
#60 = CARTESIAN_POINT('',(-16.63887327705,-11.64796239416,-91.4782145003
    ));
#61 = CARTESIAN_POINT('',(-16.19813480826,-12.25963747576,
    -91.39852965931));
#62 = CARTESIAN_POINT('',(-15.73849648377,-12.84283390079,
    -91.31797412914));
#63 = CARTESIAN_POINT('',(-15.26191142204,-13.39783215331,-91.2372682809
    ));
#64 = CARTESIAN_POINT('',(-14.77015998898,-13.92498121702,
    -91.15705890642));
#65 = CARTESIAN_POINT('',(-13.83877050455,-14.84605202091,-91.0111821912
    ));
#66 = CARTESIAN_POINT('',(-13.40294671489,-15.24800208277,
    -90.94519090397));
#67 = CARTESIAN_POINT('',(-12.95827900276,-15.63082937714,
    -90.88027660524));
#68 = CARTESIAN_POINT('',(-12.50555964753,-15.99484160849,
    -90.81673590753));
#69 = CARTESIAN_POINT('',(-12.04549867549,-16.34034417046,
    -90.75483336019));
#70 = CARTESIAN_POINT('',(-11.57873218356,-16.66763366767,
    -90.69480459453));
#71 = CARTESIAN_POINT('',(-9.629166984862,-17.94297983502,
    -90.45592229995));
#72 = CARTESIAN_POINT('',(-8.091864613002,-18.73466354133,
    -90.29520115058));
#73 = CARTESIAN_POINT('',(-6.512101108524,-19.3596531676,-90.1612425527)
  );
#74 = CARTESIAN_POINT('',(-4.903150899079,-19.82417110416,
    -90.05823539486));
#75 = CARTESIAN_POINT('',(-3.275587257584,-20.13252374916,
    -89.98869406421));
#76 = CARTESIAN_POINT('',(-1.638338695229,-20.2868852459,-89.95388162648
    ));
#77 = CARTESIAN_POINT('',(0.897508700653,-20.2868852459,-89.95388162648)
  );
#78 = CARTESIAN_POINT('',(1.794967574846,-20.24056090565,-89.96432894487
    ));
#79 = CARTESIAN_POINT('',(2.690839023179,-20.1479217521,-89.98522141506)
  );
#80 = CARTESIAN_POINT('',(3.583571813552,-20.00878626924,-90.01644208712
    ));
#81 = CARTESIAN_POINT('',(4.471542430604,-19.82279121462,-90.05775709073
    ));
#82 = CARTESIAN_POINT('',(5.352996210671,-19.58939774076,-90.10880593179
    ));
#83 = CARTESIAN_POINT('',(6.946122888661,-19.0756810282,-90.21880802489)
  );
#84 = CARTESIAN_POINT('',(7.660471386539,-18.81073954908,-90.27481037888
    ));
#85 = CARTESIAN_POINT('',(8.368039630766,-18.51264379972,-90.33681339141
    ));
#86 = CARTESIAN_POINT('',(9.067717209527,-18.18086781165,-90.40447771241
    ));
#87 = CARTESIAN_POINT('',(9.758242811393,-17.81479958805,-90.47738997759
    ));
#88 = CARTESIAN_POINT('',(10.438169612351,-17.41375495912,-90.5550502512
    ));
#89 = CARTESIAN_POINT('',(11.578732183568,-16.66763366767,
    -90.69480459453));
#90 = CARTESIAN_POINT('',(12.045498675496,-16.34034417045,
    -90.75483336019));
#91 = CARTESIAN_POINT('',(12.50555964753,-15.99484160849,-90.81673590753
    ));
#92 = CARTESIAN_POINT('',(12.958279002768,-15.63082937714,
    -90.88027660524));
#93 = CARTESIAN_POINT('',(13.402946714892,-15.24800208277,
    -90.94519090397));
#94 = CARTESIAN_POINT('',(13.838770504559,-14.84605202091,-91.0111821912
    ));
#95 = CARTESIAN_POINT('',(14.770160001808,-13.92498120434,
    -91.15705890843));
#96 = CARTESIAN_POINT('',(15.261911410672,-13.39783216865,
    -91.23726827891));
#97 = CARTESIAN_POINT('',(15.738496473562,-12.84283391114,
    -91.31797412752));
#98 = CARTESIAN_POINT('',(16.198134816539,-12.25963746215,
    -91.39852966088));
#99 = CARTESIAN_POINT('',(16.638873288831,-11.64796237949,-91.4782145023
    ));
#100 = CARTESIAN_POINT('',(17.058568291122,-11.00761960946,
    -91.55623527181));
#101 = CARTESIAN_POINT('',(17.74091058397,-9.855599959208,
    -91.68621421275));
#102 = CARTESIAN_POINT('',(18.014810562288,-9.357614325943,
    -91.73939314016));
#103 = CARTESIAN_POINT('',(18.275475213828,-8.844880603158,
    -91.79089902832));
#104 = CARTESIAN_POINT('',(18.521825699874,-8.317761144129,
    -91.84035787066));
#105 = CARTESIAN_POINT('',(18.752796210113,-7.776677633293,
    -91.88739149294));
#106 = CARTESIAN_POINT('',(18.967333004779,-7.222111219421,
    -91.93162347211));
#107 = CARTESIAN_POINT('',(19.470511220283,-5.773023150647,
    -92.03647096346));
#108 = CARTESIAN_POINT('',(19.735024090725,-4.858578983348,-92.092724511
    ));
#109 = CARTESIAN_POINT('',(19.952474818578,-3.916734240576,
    -92.1397500338));
#110 = CARTESIAN_POINT('',(20.11867381054,-2.9534807793,-92.17610784215)
  );
#111 = CARTESIAN_POINT('',(20.230695095911,-1.975191430726,
    -92.20075308851));
#112 = CARTESIAN_POINT('',(20.286885245902,-0.988470277903,
    -92.21311475409));
#113 = CARTESIAN_POINT('',(20.286885245902,-1.42108547152E-14,
    -92.21311475409));
#114 = PCURVE('',#115,#120);
#115 = CYLINDRICAL_SURFACE('',#116,92.213114754098);
#116 = AXIS2_PLACEMENT_3D('',#117,#118,#119);
#117 = CARTESIAN_POINT('',(-46.10655737704,0.,-1.023771231724E-14));
#118 = DIRECTION('',(1.,0.,2.22044604925E-16));
#119 = DIRECTION('',(2.22044604925E-16,0.,-1.));
#120 = DEFINITIONAL_REPRESENTATION('',(#121),#190);
#121 = B_SPLINE_CURVE_WITH_KNOTS('',7,(#122,#123,#124,#125,#126,#127,
    #128,#129,#130,#131,#132,#133,#134,#135,#136,#137,#138,#139,#140,
    #141,#142,#143,#144,#145,#146,#147,#148,#149,#150,#151,#152,#153,
    #154,#155,#156,#157,#158,#159,#160,#161,#162,#163,#164,#165,#166,
    #167,#168,#169,#170,#171,#172,#173,#174,#175,#176,#177,#178,#179,
    #180,#181,#182,#183,#184,#185,#186,#187,#188,#189),.UNSPECIFIED.,.F.
  ,.F.,(8,6,6,6,6,6,6,6,6,6,6,8),(0.,8.873249250268E-02,0.145853116743,
    0.224991334601,0.291726067239,0.500109317085,0.614265065437,
    0.708432597702,0.775131065701,0.854226280692,0.911315864729,1.),
  .UNSPECIFIED.);
#122 = CARTESIAN_POINT('',(6.28318530718,25.819672131148));
#123 = CARTESIAN_POINT('',(6.272465856853,25.819672131148));
#124 = CARTESIAN_POINT('',(6.261765408806,25.875862692608));
#125 = CARTESIAN_POINT('',(6.251154411617,25.987884142369));
#126 = CARTESIAN_POINT('',(6.240702475549,26.154082873846));
#127 = CARTESIAN_POINT('',(6.230477103744,26.371533104104));
#128 = CARTESIAN_POINT('',(6.22054230003,26.636045678122));
#129 = CARTESIAN_POINT('',(6.2047866499,27.13922437227));
#130 = CARTESIAN_POINT('',(6.198753750247,27.353761166936));
#131 = CARTESIAN_POINT('',(6.192864106689,27.584731677175));
#132 = CARTESIAN_POINT('',(6.187122912952,27.831082163221));
#133 = CARTESIAN_POINT('',(6.181534796423,28.091746814761));
#134 = CARTESIAN_POINT('',(6.176103810398,28.365646793079));
#135 = CARTESIAN_POINT('',(6.163531531327,29.047989075778));
#136 = CARTESIAN_POINT('',(6.156536290598,29.467684099994));
#137 = CARTESIAN_POINT('',(6.149847317321,29.908422568782));
#138 = CARTESIAN_POINT('',(6.143463141618,30.368060893279));
#139 = CARTESIAN_POINT('',(6.137381409421,30.844645955009));
#140 = CARTESIAN_POINT('',(6.131599081322,31.336397388061));
#141 = CARTESIAN_POINT('',(6.121486083379,32.267786872492));
#142 = CARTESIAN_POINT('',(6.11706887318,32.703610662157));
#143 = CARTESIAN_POINT('',(6.112858151874,33.14827837428));
#144 = CARTESIAN_POINT('',(6.108851029608,33.600997729517));
#145 = CARTESIAN_POINT('',(6.105044636754,34.061058701553));
#146 = CARTESIAN_POINT('',(6.101436185049,34.527825193484));
#147 = CARTESIAN_POINT('',(6.087365241122,36.477390392187));
#148 = CARTESIAN_POINT('',(6.078605741179,38.014692764047));
#149 = CARTESIAN_POINT('',(6.071674505286,39.594456268525));
#150 = CARTESIAN_POINT('',(6.066514744147,41.20340647797));
#151 = CARTESIAN_POINT('',(6.063086842987,42.830970119465));
#152 = CARTESIAN_POINT('',(6.061370836683,44.46821868182));
#153 = CARTESIAN_POINT('',(6.061370836683,47.004066077702));
#154 = CARTESIAN_POINT('',(6.061885815526,47.901524951896));
#155 = CARTESIAN_POINT('',(6.062915666965,48.797396400228));
#156 = CARTESIAN_POINT('',(6.064462032834,49.690129190601));
#157 = CARTESIAN_POINT('',(6.066528197218,50.578099807653));
#158 = CARTESIAN_POINT('',(6.069119030123,51.45955358772));
#159 = CARTESIAN_POINT('',(6.074816290077,53.05268026571));
#160 = CARTESIAN_POINT('',(6.07775290624,53.767028763589));
#161 = CARTESIAN_POINT('',(6.081054749424,54.474597007815));
#162 = CARTESIAN_POINT('',(6.084726683616,55.174274586576));
#163 = CARTESIAN_POINT('',(6.088774383221,55.864800188442));
#164 = CARTESIAN_POINT('',(6.093204199786,56.544726989401));
#165 = CARTESIAN_POINT('',(6.101436185049,57.685289560617));
#166 = CARTESIAN_POINT('',(6.105044636754,58.152056052545));
#167 = CARTESIAN_POINT('',(6.108851029608,58.612117024579));
#168 = CARTESIAN_POINT('',(6.112858151874,59.064836379817));
#169 = CARTESIAN_POINT('',(6.11706887318,59.509504091942));
#170 = CARTESIAN_POINT('',(6.121486083379,59.945327881609));
#171 = CARTESIAN_POINT('',(6.131599081461,60.876717378857));
#172 = CARTESIAN_POINT('',(6.137381409253,61.368468787721));
#173 = CARTESIAN_POINT('',(6.143463141504,61.845053850611));
#174 = CARTESIAN_POINT('',(6.14984731747,62.304692193588));
#175 = CARTESIAN_POINT('',(6.156536290759,62.74543066588));
#176 = CARTESIAN_POINT('',(6.16353153114,63.165125668171));
#177 = CARTESIAN_POINT('',(6.176103810398,63.847467961019));
#178 = CARTESIAN_POINT('',(6.181534796423,64.121367939337));
#179 = CARTESIAN_POINT('',(6.187122912952,64.382032590877));
#180 = CARTESIAN_POINT('',(6.192864106689,64.628383076923));
#181 = CARTESIAN_POINT('',(6.198753750247,64.859353587163));
#182 = CARTESIAN_POINT('',(6.2047866499,65.073890381828));
#183 = CARTESIAN_POINT('',(6.220542285043,65.577068597332));
#184 = CARTESIAN_POINT('',(6.230477092845,65.841581467774));
#185 = CARTESIAN_POINT('',(6.240702481979,66.059032195627));
#186 = CARTESIAN_POINT('',(6.251154439883,66.225231187589));
#187 = CARTESIAN_POINT('',(6.2617654524,66.33725247296));
#188 = CARTESIAN_POINT('',(6.272465896166,66.393442622951));
#189 = CARTESIAN_POINT('',(6.28318530718,66.393442622951));
#190 = ( GEOMETRIC_REPRESENTATION_CONTEXT(2) 
PARAMETRIC_REPRESENTATION_CONTEXT() REPRESENTATION_CONTEXT('2D SPACE',''
  ) );
#191 = PCURVE('',#192,#197);
#192 = CYLINDRICAL_SURFACE('',#193,20.286885245902);
#193 = AXIS2_PLACEMENT_3D('',#194,#195,#196);
#194 = CARTESIAN_POINT('',(0.,0.,-110.6557377049));
#195 = DIRECTION('',(0.,0.,1.));
#196 = DIRECTION('',(1.,0.,-0.));
#197 = DEFINITIONAL_REPRESENTATION('',(#198),#267);
#198 = B_SPLINE_CURVE_WITH_KNOTS('',7,(#199,#200,#201,#202,#203,#204,
    #205,#206,#207,#208,#209,#210,#211,#212,#213,#214,#215,#216,#217,
    #218,#219,#220,#221,#222,#223,#224,#225,#226,#227,#228,#229,#230,
    #231,#232,#233,#234,#235,#236,#237,#238,#239,#240,#241,#242,#243,
    #244,#245,#246,#247,#248,#249,#250,#251,#252,#253,#254,#255,#256,
    #257,#258,#259,#260,#261,#262,#263,#264,#265,#266),.UNSPECIFIED.,.F.
  ,.F.,(8,6,6,6,6,6,6,6,6,6,6,8),(0.,8.873249250268E-02,0.145853116743,
    0.224991334601,0.291726067239,0.500109317085,0.614265065437,
    0.708432597702,0.775131065701,0.854226280692,0.911315864729,1.),
  .UNSPECIFIED.);
#199 = CARTESIAN_POINT('',(3.14159265359,18.44262295082));
#200 = CARTESIAN_POINT('',(3.190317427803,18.44262295082));
#201 = CARTESIAN_POINT('',(3.238955819722,18.454984707089));
#202 = CARTESIAN_POINT('',(3.287367453075,18.47962998903));
#203 = CARTESIAN_POINT('',(3.335412712385,18.515987737885));
#204 = CARTESIAN_POINT('',(3.382945138968,18.563013152194));
#205 = CARTESIAN_POINT('',(3.429803658199,18.61926664172));
#206 = CARTESIAN_POINT('',(3.505417292957,18.724114232806));
#207 = CARTESIAN_POINT('',(3.534709876025,18.768346211973));
#208 = CARTESIAN_POINT('',(3.563682739378,18.815379834258));
#209 = CARTESIAN_POINT('',(3.592334756887,18.864838676595));
#210 = CARTESIAN_POINT('',(3.620663301747,18.916344564753));
#211 = CARTESIAN_POINT('',(3.648664224103,18.969523492162));
#212 = CARTESIAN_POINT('',(3.714664128901,19.099502431166));
#213 = CARTESIAN_POINT('',(3.75236515661,19.177523204619));
#214 = CARTESIAN_POINT('',(3.789470824942,19.257208045603));
#215 = CARTESIAN_POINT('',(3.826013895112,19.337763575774));
#216 = CARTESIAN_POINT('',(3.862024603396,19.418469424012));
#217 = CARTESIAN_POINT('',(3.897531288136,19.498678798491));
#218 = CARTESIAN_POINT('',(3.962100468528,19.644555513709));
#219 = CARTESIAN_POINT('',(3.991307514973,19.710546800943));
#220 = CARTESIAN_POINT('',(4.020203795008,19.775461099674));
#221 = CARTESIAN_POINT('',(4.048810091946,19.839001797385));
#222 = CARTESIAN_POINT('',(4.077146529878,19.900904344722));
#223 = CARTESIAN_POINT('',(4.105232770071,19.960933110387));
#224 = CARTESIAN_POINT('',(4.220068499704,20.199815404962));
#225 = CARTESIAN_POINT('',(4.304846617775,20.36053655433));
#226 = CARTESIAN_POINT('',(4.387952655261,20.494495152213));
#227 = CARTESIAN_POINT('',(4.4698379377,20.597502310057));
#228 = CARTESIAN_POINT('',(4.550925712629,20.667043640706));
#229 = CARTESIAN_POINT('',(4.631630466923,20.701856078431));
#230 = CARTESIAN_POINT('',(4.756629813306,20.701856078431));
#231 = CARTESIAN_POINT('',(4.800868196773,20.691408760047));
#232 = CARTESIAN_POINT('',(4.845169732976,20.670516289851));
#233 = CARTESIAN_POINT('',(4.889599400345,20.639295617794));
#234 = CARTESIAN_POINT('',(4.934222475693,20.59798061418));
#235 = CARTESIAN_POINT('',(4.979105911146,20.546931773124));
#236 = CARTESIAN_POINT('',(5.061617584943,20.436929680023));
#237 = CARTESIAN_POINT('',(5.099138625197,20.380927326029));
#238 = CARTESIAN_POINT('',(5.136927967153,20.318924313501));
#239 = CARTESIAN_POINT('',(5.175030650886,20.2512599925));
#240 = CARTESIAN_POINT('',(5.21349280014,20.178347727325));
#241 = CARTESIAN_POINT('',(5.25236234647,20.100687453714));
#242 = CARTESIAN_POINT('',(5.319545190699,19.960933110387));
#243 = CARTESIAN_POINT('',(5.347631430892,19.900904344722));
#244 = CARTESIAN_POINT('',(5.375967868823,19.839001797385));
#245 = CARTESIAN_POINT('',(5.404574165761,19.775461099674));
#246 = CARTESIAN_POINT('',(5.433470445797,19.710546800943));
#247 = CARTESIAN_POINT('',(5.462677492242,19.644555513709));
#248 = CARTESIAN_POINT('',(5.527246673523,19.498678796484));
#249 = CARTESIAN_POINT('',(5.562753356426,19.418469426001));
#250 = CARTESIAN_POINT('',(5.598764064941,19.337763577392));
#251 = CARTESIAN_POINT('',(5.635307136612,19.257208044038));
#252 = CARTESIAN_POINT('',(5.672412805093,19.177523202617));
#253 = CARTESIAN_POINT('',(5.710113830887,19.0995024331));
#254 = CARTESIAN_POINT('',(5.776113736667,18.969523492162));
#255 = CARTESIAN_POINT('',(5.804114659023,18.916344564753));
#256 = CARTESIAN_POINT('',(5.832443203882,18.864838676595));
#257 = CARTESIAN_POINT('',(5.861095221391,18.815379834258));
#258 = CARTESIAN_POINT('',(5.890068084745,18.768346211973));
#259 = CARTESIAN_POINT('',(5.919360667812,18.724114232806));
#260 = CARTESIAN_POINT('',(5.994974230644,18.619266741456));
#261 = CARTESIAN_POINT('',(6.041832772065,18.563013193913));
#262 = CARTESIAN_POINT('',(6.089365280235,18.51598767111));
#263 = CARTESIAN_POINT('',(6.137410638153,18.479629862761));
#264 = CARTESIAN_POINT('',(6.1858223392,18.454984616406));
#265 = CARTESIAN_POINT('',(6.234460711663,18.44262295082));
#266 = CARTESIAN_POINT('',(6.28318530718,18.44262295082));
#267 = ( GEOMETRIC_REPRESENTATION_CONTEXT(2) 
PARAMETRIC_REPRESENTATION_CONTEXT() REPRESENTATION_CONTEXT('2D SPACE',''
  ) );
#268 = ORIENTED_EDGE('',*,*,#269,.T.);
#269 = EDGE_CURVE('',#42,#270,#272,.T.);
#270 = VERTEX_POINT('',#271);
#271 = CARTESIAN_POINT('',(46.106557377049,-2.25856991646E-14,
    -92.21311475409));
#272 = SEAM_CURVE('',#273,(#277,#284),.PCURVE_S1.);
#273 = LINE('',#274,#275);
#274 = CARTESIAN_POINT('',(-46.10655737704,-2.25856991646E-14,
    -92.21311475409));
#275 = VECTOR('',#276,1.);
#276 = DIRECTION('',(1.,0.,2.22044604925E-16));
#277 = PCURVE('',#115,#278);
#278 = DEFINITIONAL_REPRESENTATION('',(#279),#283);
#279 = LINE('',#280,#281);
#280 = CARTESIAN_POINT('',(0.,-0.));
#281 = VECTOR('',#282,1.);
#282 = DIRECTION('',(0.,1.));
#283 = ( GEOMETRIC_REPRESENTATION_CONTEXT(2) 
PARAMETRIC_REPRESENTATION_CONTEXT() REPRESENTATION_CONTEXT('2D SPACE',''
  ) );
#284 = PCURVE('',#115,#285);
#285 = DEFINITIONAL_REPRESENTATION('',(#286),#290);
#286 = LINE('',#287,#288);
#287 = CARTESIAN_POINT('',(6.28318530718,-0.));
#288 = VECTOR('',#289,1.);
#289 = DIRECTION('',(0.,1.));
#290 = ( GEOMETRIC_REPRESENTATION_CONTEXT(2) 
PARAMETRIC_REPRESENTATION_CONTEXT() REPRESENTATION_CONTEXT('2D SPACE',''
  ) );
#291 = ORIENTED_EDGE('',*,*,#292,.F.);
#292 = EDGE_CURVE('',#270,#270,#293,.T.);
#293 = SURFACE_CURVE('',#294,(#299,#306),.PCURVE_S1.);
#294 = CIRCLE('',#295,92.213114754098);
#295 = AXIS2_PLACEMENT_3D('',#296,#297,#298);
#296 = CARTESIAN_POINT('',(46.106557377049,0.,1.023771231724E-14));
#297 = DIRECTION('',(1.,-0.,2.22044604925E-16));
#298 = DIRECTION('',(2.22044604925E-16,0.,-1.));
#299 = PCURVE('',#115,#300);
#300 = DEFINITIONAL_REPRESENTATION('',(#301),#305);
#301 = LINE('',#302,#303);
#302 = CARTESIAN_POINT('',(0.,92.213114754098));
#303 = VECTOR('',#304,1.);
#304 = DIRECTION('',(1.,0.));
#305 = ( GEOMETRIC_REPRESENTATION_CONTEXT(2) 
PARAMETRIC_REPRESENTATION_CONTEXT() REPRESENTATION_CONTEXT('2D SPACE',''
  ) );
#306 = PCURVE('',#307,#312);
#307 = PLANE('',#308);
#308 = AXIS2_PLACEMENT_3D('',#309,#310,#311);
#309 = CARTESIAN_POINT('',(46.106557377049,0.,1.023771231724E-14));
#310 = DIRECTION('',(1.,0.,2.22044604925E-16));
#311 = DIRECTION('',(2.22044604925E-16,0.,-1.));
#312 = DEFINITIONAL_REPRESENTATION('',(#313),#317);
#313 = CIRCLE('',#314,92.213114754098);
#314 = AXIS2_PLACEMENT_2D('',#315,#316);
#315 = CARTESIAN_POINT('',(0.,0.));
#316 = DIRECTION('',(1.,0.));
#317 = ( GEOMETRIC_REPRESENTATION_CONTEXT(2) 
PARAMETRIC_REPRESENTATION_CONTEXT() REPRESENTATION_CONTEXT('2D SPACE',''
  ) );
#318 = ORIENTED_EDGE('',*,*,#269,.F.);
#319 = ORIENTED_EDGE('',*,*,#320,.T.);
#320 = EDGE_CURVE('',#42,#40,#321,.T.);
#321 = SURFACE_CURVE('',#322,(#391,#463),.PCURVE_S1.);
#322 = B_SPLINE_CURVE_WITH_KNOTS('',7,(#323,#324,#325,#326,#327,#328,
    #329,#330,#331,#332,#333,#334,#335,#336,#337,#338,#339,#340,#341,
    #342,#343,#344,#345,#346,#347,#348,#349,#350,#351,#352,#353,#354,
    #355,#356,#357,#358,#359,#360,#361,#362,#363,#364,#365,#366,#367,
    #368,#369,#370,#371,#372,#373,#374,#375,#376,#377,#378,#379,#380,
    #381,#382,#383,#384,#385,#386,#387,#388,#389,#390),.UNSPECIFIED.,.F.
  ,.F.,(8,6,6,6,6,6,6,6,6,6,6,8),(0.,8.873249227321E-02,0.145853116347,
    0.224991336,0.29172606907,0.500109317858,0.614265065897,
    0.708432597904,0.775131066331,0.8542262811,0.911315864977,1.),
  .UNSPECIFIED.);
#323 = CARTESIAN_POINT('',(20.286885245902,-2.484426908106E-15,
    -92.21311475409));
#324 = CARTESIAN_POINT('',(20.286885245902,0.988473902788,
    -92.21311475409));
#325 = CARTESIAN_POINT('',(20.230694684475,1.97519545064,-92.20075299783
    ));
#326 = CARTESIAN_POINT('',(20.118673234668,2.953483383928,
    -92.17610771588));
#327 = CARTESIAN_POINT('',(19.952474503136,3.916734831139,
    -92.13974996701));
#328 = CARTESIAN_POINT('',(19.735024272922,4.85857797862,-92.09272455272
    ));
#329 = CARTESIAN_POINT('',(19.470511699027,5.773021771926,
    -92.03647106321));
#330 = CARTESIAN_POINT('',(18.967333004779,7.22211121942,-91.93162347211
    ));
#331 = CARTESIAN_POINT('',(18.752796210114,7.776677633293,
    -91.88739149294));
#332 = CARTESIAN_POINT('',(18.521825699874,8.317761144129,
    -91.84035787066));
#333 = CARTESIAN_POINT('',(18.275475213828,8.844880603158,
    -91.79089902832));
#334 = CARTESIAN_POINT('',(18.014810562288,9.357614325943,
    -91.73939314016));
#335 = CARTESIAN_POINT('',(17.74091058397,9.855599959209,-91.68621421275
    ));
#336 = CARTESIAN_POINT('',(17.058568291129,11.007619609451,
    -91.55623527182));
#337 = CARTESIAN_POINT('',(16.638873288832,11.647962379496,
    -91.4782145023));
#338 = CARTESIAN_POINT('',(16.198134816533,12.259637462158,
    -91.39852966087));
#339 = CARTESIAN_POINT('',(15.738496473555,12.842833911157,
    -91.31797412752));
#340 = CARTESIAN_POINT('',(15.261911410673,13.397832168652,
    -91.23726827891));
#341 = CARTESIAN_POINT('',(14.770160001818,13.924981204334,
    -91.15705890843));
#342 = CARTESIAN_POINT('',(13.83877050064,14.846052024789,
    -91.01118219059));
#343 = CARTESIAN_POINT('',(13.402946719054,15.248002079496,
    -90.94519090454));
#344 = CARTESIAN_POINT('',(12.958279005925,15.630829374079,
    -90.88027660573));
#345 = CARTESIAN_POINT('',(12.505559644083,15.994841610793,
    -90.8167359071));
#346 = CARTESIAN_POINT('',(12.045498671396,16.340344173897,
    -90.75483335961));
#347 = CARTESIAN_POINT('',(11.578732187887,16.667633664844,
    -90.69480459506));
#348 = CARTESIAN_POINT('',(9.629166988446,17.942979832679,
    -90.45592230039));
#349 = CARTESIAN_POINT('',(8.09186459857,18.734663548429,-90.29520114924
    ));
#350 = CARTESIAN_POINT('',(6.512101135052,19.359653157853,
    -90.16124255458));
#351 = CARTESIAN_POINT('',(4.90315087221,19.824171111052,-90.05823539352
    ));
#352 = CARTESIAN_POINT('',(3.275587272609,20.132523747052,
    -89.98869406462));
#353 = CARTESIAN_POINT('',(1.638338691366,20.286885245902,
    -89.95388162648));
#354 = CARTESIAN_POINT('',(-0.89750870064,20.286885245902,
    -89.95388162648));
#355 = CARTESIAN_POINT('',(-1.794967574857,20.24056090566,
    -89.96432894487));
#356 = CARTESIAN_POINT('',(-2.690839023189,20.147921752097,
    -89.98522141506));
#357 = CARTESIAN_POINT('',(-3.583571813545,20.008786269242,
    -90.01644208712));
#358 = CARTESIAN_POINT('',(-4.471542430592,19.822791214627,
    -90.05775709073));
#359 = CARTESIAN_POINT('',(-5.352996210681,19.589397740766,
    -90.10880593179));
#360 = CARTESIAN_POINT('',(-6.946122888662,19.075681028204,
    -90.21880802489));
#361 = CARTESIAN_POINT('',(-7.660471386538,18.810739549089,
    -90.27481037888));
#362 = CARTESIAN_POINT('',(-8.368039630764,18.512643799721,
    -90.33681339141));
#363 = CARTESIAN_POINT('',(-9.067717209527,18.180867811654,
    -90.40447771241));
#364 = CARTESIAN_POINT('',(-9.758242811394,17.814799588055,
    -90.47738997759));
#365 = CARTESIAN_POINT('',(-10.43816961235,17.413754959121,
    -90.5550502512));
#366 = CARTESIAN_POINT('',(-11.57873218788,16.667633664846,
    -90.69480459506));
#367 = CARTESIAN_POINT('',(-12.04549867139,16.340344173897,
    -90.75483335961));
#368 = CARTESIAN_POINT('',(-12.50555964408,15.994841610793,
    -90.8167359071));
#369 = CARTESIAN_POINT('',(-12.95827900592,15.630829374079,
    -90.88027660573));
#370 = CARTESIAN_POINT('',(-13.40294671905,15.248002079496,
    -90.94519090454));
#371 = CARTESIAN_POINT('',(-13.83877050064,14.84605202479,
    -91.01118219059));
#372 = CARTESIAN_POINT('',(-14.7701600018,13.924981204345,
    -91.15705890843));
#373 = CARTESIAN_POINT('',(-15.26191141067,13.397832168654,
    -91.23726827891));
#374 = CARTESIAN_POINT('',(-15.73849647356,12.842833911148,
    -91.31797412752));
#375 = CARTESIAN_POINT('',(-16.19813481653,12.259637462149,
    -91.39852966088));
#376 = CARTESIAN_POINT('',(-16.63887328883,11.647962379497,
    -91.4782145023));
#377 = CARTESIAN_POINT('',(-17.05856829112,11.007619609463,
    -91.55623527181));
#378 = CARTESIAN_POINT('',(-17.74091058397,9.855599959209,
    -91.68621421275));
#379 = CARTESIAN_POINT('',(-18.01481056228,9.357614325943,
    -91.73939314016));
#380 = CARTESIAN_POINT('',(-18.27547521382,8.844880603158,
    -91.79089902832));
#381 = CARTESIAN_POINT('',(-18.52182569987,8.317761144129,
    -91.84035787066));
#382 = CARTESIAN_POINT('',(-18.75279621011,7.776677633293,
    -91.88739149294));
#383 = CARTESIAN_POINT('',(-18.96733300477,7.222111219421,
    -91.93162347211));
#384 = CARTESIAN_POINT('',(-19.47051122028,5.773023150646,
    -92.03647096346));
#385 = CARTESIAN_POINT('',(-19.73502409072,4.858578983351,-92.092724511)
  );
#386 = CARTESIAN_POINT('',(-19.95247481857,3.916734240575,-92.1397500338
    ));
#387 = CARTESIAN_POINT('',(-20.11867381054,2.953480779299,
    -92.17610784215));
#388 = CARTESIAN_POINT('',(-20.23069509591,1.975191430727,
    -92.20075308851));
#389 = CARTESIAN_POINT('',(-20.2868852459,0.988470277902,-92.21311475409
    ));
#390 = CARTESIAN_POINT('',(-20.2868852459,3.726640362159E-15,
    -92.21311475409));
#391 = PCURVE('',#115,#392);
#392 = DEFINITIONAL_REPRESENTATION('',(#393),#462);
#393 = B_SPLINE_CURVE_WITH_KNOTS('',7,(#394,#395,#396,#397,#398,#399,
    #400,#401,#402,#403,#404,#405,#406,#407,#408,#409,#410,#411,#412,
    #413,#414,#415,#416,#417,#418,#419,#420,#421,#422,#423,#424,#425,
    #426,#427,#428,#429,#430,#431,#432,#433,#434,#435,#436,#437,#438,
    #439,#440,#441,#442,#443,#444,#445,#446,#447,#448,#449,#450,#451,
    #452,#453,#454,#455,#456,#457,#458,#459,#460,#461),.UNSPECIFIED.,.F.
  ,.F.,(8,6,6,6,6,6,6,6,6,6,6,8),(0.,8.873249227321E-02,0.145853116347,
    0.224991336,0.29172606907,0.500109317858,0.614265065897,
    0.708432597904,0.775131066331,0.8542262811,0.911315864977,1.),
  .UNSPECIFIED.);
#394 = CARTESIAN_POINT('',(0.,66.393442622951));
#395 = CARTESIAN_POINT('',(1.071945032357E-02,66.393442622951));
#396 = CARTESIAN_POINT('',(2.141989837358E-02,66.337252061525));
#397 = CARTESIAN_POINT('',(3.203089556525E-02,66.225230611717));
#398 = CARTESIAN_POINT('',(4.248283163361E-02,66.059031880185));
#399 = CARTESIAN_POINT('',(5.270820343529E-02,65.841581649971));
#400 = CARTESIAN_POINT('',(6.264300714642E-02,65.577069076076));
#401 = CARTESIAN_POINT('',(7.839865727913E-02,65.073890381828));
#402 = CARTESIAN_POINT('',(8.44315569323E-02,64.859353587163));
#403 = CARTESIAN_POINT('',(9.032120049094E-02,64.628383076924));
#404 = CARTESIAN_POINT('',(9.606239422752E-02,64.382032590877));
#405 = CARTESIAN_POINT('',(0.101650510757,64.121367939337));
#406 = CARTESIAN_POINT('',(0.107081496782,63.847467961019));
#407 = CARTESIAN_POINT('',(0.11965377604,63.165125668178));
#408 = CARTESIAN_POINT('',(0.126649016421,62.745430665882));
#409 = CARTESIAN_POINT('',(0.13333798971,62.304692193582));
#410 = CARTESIAN_POINT('',(0.139722165675,61.845053850604));
#411 = CARTESIAN_POINT('',(0.145803897927,61.368468787722));
#412 = CARTESIAN_POINT('',(0.151586225719,60.876717378867));
#413 = CARTESIAN_POINT('',(0.161699223843,59.94532787769));
#414 = CARTESIAN_POINT('',(0.166116433964,59.509504096103));
#415 = CARTESIAN_POINT('',(0.170327155271,59.064836382975));
#416 = CARTESIAN_POINT('',(0.174334277597,58.612117021132));
#417 = CARTESIAN_POINT('',(0.178140670464,58.152056048446));
#418 = CARTESIAN_POINT('',(0.181749122099,57.685289564936));
#419 = CARTESIAN_POINT('',(0.195820066032,55.735724365495));
#420 = CARTESIAN_POINT('',(0.204579566079,54.198421975619));
#421 = CARTESIAN_POINT('',(0.211510801786,52.618658512101));
#422 = CARTESIAN_POINT('',(0.216670563109,51.009708249259));
#423 = CARTESIAN_POINT('',(0.220098464169,49.382144649658));
#424 = CARTESIAN_POINT('',(0.221814470497,47.744896068415));
#425 = CARTESIAN_POINT('',(0.221814470497,45.209048676409));
#426 = CARTESIAN_POINT('',(0.221299491654,44.311589802193));
#427 = CARTESIAN_POINT('',(0.220269640215,43.41571835386));
#428 = CARTESIAN_POINT('',(0.218723274346,42.522985563504));
#429 = CARTESIAN_POINT('',(0.216657109962,41.635014946457));
#430 = CARTESIAN_POINT('',(0.214066277056,40.753561166369));
#431 = CARTESIAN_POINT('',(0.208369017103,39.160434488387));
#432 = CARTESIAN_POINT('',(0.205432400939,38.446085990511));
#433 = CARTESIAN_POINT('',(0.202130557755,37.738517746285));
#434 = CARTESIAN_POINT('',(0.198458623563,37.038840167523));
#435 = CARTESIAN_POINT('',(0.194410923959,36.348314565655));
#436 = CARTESIAN_POINT('',(0.189981107393,35.668387764696));
#437 = CARTESIAN_POINT('',(0.181749122099,34.527825189164));
#438 = CARTESIAN_POINT('',(0.178140670464,34.061058705653));
#439 = CARTESIAN_POINT('',(0.174334277597,33.600997732966));
#440 = CARTESIAN_POINT('',(0.170327155271,33.148278371123));
#441 = CARTESIAN_POINT('',(0.166116433964,32.703610657995));
#442 = CARTESIAN_POINT('',(0.161699223843,32.26778687641));
#443 = CARTESIAN_POINT('',(0.151586225719,31.336397375243));
#444 = CARTESIAN_POINT('',(0.145803897927,30.844645966377));
#445 = CARTESIAN_POINT('',(0.139722165675,30.368060903486));
#446 = CARTESIAN_POINT('',(0.13333798971,29.90842256051));
#447 = CARTESIAN_POINT('',(0.126649016421,29.467684088219));
#448 = CARTESIAN_POINT('',(0.11965377604,29.047989085928));
#449 = CARTESIAN_POINT('',(0.107081496782,28.365646793079));
#450 = CARTESIAN_POINT('',(0.101650510757,28.091746814761));
#451 = CARTESIAN_POINT('',(9.606239422752E-02,27.831082163221));
#452 = CARTESIAN_POINT('',(9.032120049095E-02,27.584731677175));
#453 = CARTESIAN_POINT('',(8.44315569323E-02,27.353761166936));
#454 = CARTESIAN_POINT('',(7.839865727913E-02,27.13922437227));
#455 = CARTESIAN_POINT('',(6.264302213695E-02,26.636046156766));
#456 = CARTESIAN_POINT('',(5.270821433499E-02,26.371533286325));
#457 = CARTESIAN_POINT('',(4.248282520101E-02,26.154082558471));
#458 = CARTESIAN_POINT('',(3.203086729677E-02,25.987883566509));
#459 = CARTESIAN_POINT('',(2.141985478001E-02,25.875862281138));
#460 = CARTESIAN_POINT('',(1.07194110137E-02,25.819672131148));
#461 = CARTESIAN_POINT('',(0.,25.819672131148));
#462 = ( GEOMETRIC_REPRESENTATION_CONTEXT(2) 
PARAMETRIC_REPRESENTATION_CONTEXT() REPRESENTATION_CONTEXT('2D SPACE',''
  ) );
#463 = PCURVE('',#192,#464);
#464 = DEFINITIONAL_REPRESENTATION('',(#465),#534);
#465 = B_SPLINE_CURVE_WITH_KNOTS('',7,(#466,#467,#468,#469,#470,#471,
    #472,#473,#474,#475,#476,#477,#478,#479,#480,#481,#482,#483,#484,
    #485,#486,#487,#488,#489,#490,#491,#492,#493,#494,#495,#496,#497,
    #498,#499,#500,#501,#502,#503,#504,#505,#506,#507,#508,#509,#510,
    #511,#512,#513,#514,#515,#516,#517,#518,#519,#520,#521,#522,#523,
    #524,#525,#526,#527,#528,#529,#530,#531,#532,#533),.UNSPECIFIED.,.F.
  ,.F.,(8,6,6,6,6,6,6,6,6,6,6,8),(0.,8.873249227321E-02,0.145853116347,
    0.224991336,0.29172606907,0.500109317858,0.614265065897,
    0.708432597904,0.775131066331,0.8542262811,0.911315864977,1.),
  .UNSPECIFIED.);
#466 = CARTESIAN_POINT('',(0.,18.44262295082));
#467 = CARTESIAN_POINT('',(4.872477419802E-02,18.44262295082));
#468 = CARTESIAN_POINT('',(9.73631661301E-02,18.454984707081));
#469 = CARTESIAN_POINT('',(0.145774799497,18.479629989033));
#470 = CARTESIAN_POINT('',(0.193820058807,18.5159877379));
#471 = CARTESIAN_POINT('',(0.241352485378,18.563013152198));
#472 = CARTESIAN_POINT('',(0.288211004594,18.619266641699));
#473 = CARTESIAN_POINT('',(0.363824639367,18.724114232806));
#474 = CARTESIAN_POINT('',(0.393117222435,18.768346211973));
#475 = CARTESIAN_POINT('',(0.422090085789,18.815379834258));
#476 = CARTESIAN_POINT('',(0.450742103297,18.864838676595));
#477 = CARTESIAN_POINT('',(0.479070648157,18.916344564753));
#478 = CARTESIAN_POINT('',(0.507071570513,18.969523492162));
#479 = CARTESIAN_POINT('',(0.573071476292,19.099502433098));
#480 = CARTESIAN_POINT('',(0.610772502087,19.177523202617));
#481 = CARTESIAN_POINT('',(0.647878170568,19.257208044039));
#482 = CARTESIAN_POINT('',(0.684421242239,19.337763577393));
#483 = CARTESIAN_POINT('',(0.720431950753,19.418469426001));
#484 = CARTESIAN_POINT('',(0.755938633656,19.498678796482));
#485 = CARTESIAN_POINT('',(0.820507815209,19.644555514323));
#486 = CARTESIAN_POINT('',(0.849714861121,19.710546800375));
#487 = CARTESIAN_POINT('',(0.878611141201,19.775461099184));
#488 = CARTESIAN_POINT('',(0.907217438561,19.839001797813));
#489 = CARTESIAN_POINT('',(0.935553876552,19.900904345303));
#490 = CARTESIAN_POINT('',(0.963640116227,19.960933109858));
#491 = CARTESIAN_POINT('',(1.078475845903,20.199815404523));
#492 = CARTESIAN_POINT('',(1.163253964996,20.360536555678));
#493 = CARTESIAN_POINT('',(1.246360000234,20.494495150337));
#494 = CARTESIAN_POINT('',(1.328245285523,20.597502311394));
#495 = CARTESIAN_POINT('',(1.409333058273,20.667043640292));
#496 = CARTESIAN_POINT('',(1.490037813524,20.701856078431));
#497 = CARTESIAN_POINT('',(1.615037159715,20.701856078431));
#498 = CARTESIAN_POINT('',(1.659275543183,20.691408760048));
#499 = CARTESIAN_POINT('',(1.703577079386,20.670516289851));
#500 = CARTESIAN_POINT('',(1.748006746754,20.639295617793));
#501 = CARTESIAN_POINT('',(1.792629822103,20.597980614181));
#502 = CARTESIAN_POINT('',(1.837513257556,20.546931773123));
#503 = CARTESIAN_POINT('',(1.920024931353,20.436929680022));
#504 = CARTESIAN_POINT('',(1.957545971607,20.380927326029));
#505 = CARTESIAN_POINT('',(1.995335313564,20.318924313501));
#506 = CARTESIAN_POINT('',(2.033437997297,20.2512599925));
#507 = CARTESIAN_POINT('',(2.07190014655,20.178347727325));
#508 = CARTESIAN_POINT('',(2.11076969288,20.100687453714));
#509 = CARTESIAN_POINT('',(2.177952537363,19.960933109858));
#510 = CARTESIAN_POINT('',(2.206038777037,19.900904345303));
#511 = CARTESIAN_POINT('',(2.234375215029,19.839001797813));
#512 = CARTESIAN_POINT('',(2.262981512389,19.775461099184));
#513 = CARTESIAN_POINT('',(2.291877792469,19.710546800375));
#514 = CARTESIAN_POINT('',(2.32108483838,19.644555514323));
#515 = CARTESIAN_POINT('',(2.385654019933,19.498678796484));
#516 = CARTESIAN_POINT('',(2.421160702836,19.418469426001));
#517 = CARTESIAN_POINT('',(2.457171411351,19.337763577392));
#518 = CARTESIAN_POINT('',(2.493714483023,19.257208044038));
#519 = CARTESIAN_POINT('',(2.530820151503,19.177523202617));
#520 = CARTESIAN_POINT('',(2.568521177297,19.0995024331));
#521 = CARTESIAN_POINT('',(2.634521083077,18.969523492162));
#522 = CARTESIAN_POINT('',(2.662522005433,18.916344564753));
#523 = CARTESIAN_POINT('',(2.690850550293,18.864838676595));
#524 = CARTESIAN_POINT('',(2.719502567801,18.815379834258));
#525 = CARTESIAN_POINT('',(2.748475431155,18.768346211973));
#526 = CARTESIAN_POINT('',(2.777768014222,18.724114232806));
#527 = CARTESIAN_POINT('',(2.853381577054,18.619266741455));
#528 = CARTESIAN_POINT('',(2.900240118475,18.563013193913));
#529 = CARTESIAN_POINT('',(2.947772626645,18.51598767111));
#530 = CARTESIAN_POINT('',(2.995817984563,18.479629862761));
#531 = CARTESIAN_POINT('',(3.04422968561,18.454984616406));
#532 = CARTESIAN_POINT('',(3.092868058073,18.44262295082));
#533 = CARTESIAN_POINT('',(3.14159265359,18.44262295082));
#534 = ( GEOMETRIC_REPRESENTATION_CONTEXT(2) 
PARAMETRIC_REPRESENTATION_CONTEXT() REPRESENTATION_CONTEXT('2D SPACE',''
  ) );
#535 = ORIENTED_EDGE('',*,*,#536,.F.);
#536 = EDGE_CURVE('',#537,#40,#539,.T.);
#537 = VERTEX_POINT('',#538);
#538 = CARTESIAN_POINT('',(-46.10655737704,-2.25856991646E-14,
    -92.21311475409));
#539 = SEAM_CURVE('',#540,(#544,#551),.PCURVE_S1.);
#540 = LINE('',#541,#542);
#541 = CARTESIAN_POINT('',(-46.10655737704,-2.25856991646E-14,
    -92.21311475409));
#542 = VECTOR('',#543,1.);
#543 = DIRECTION('',(1.,0.,2.22044604925E-16));
#544 = PCURVE('',#115,#545);
#545 = DEFINITIONAL_REPRESENTATION('',(#546),#550);
#546 = LINE('',#547,#548);
#547 = CARTESIAN_POINT('',(6.28318530718,-0.));
#548 = VECTOR('',#549,1.);
#549 = DIRECTION('',(0.,1.));
#550 = ( GEOMETRIC_REPRESENTATION_CONTEXT(2) 
PARAMETRIC_REPRESENTATION_CONTEXT() REPRESENTATION_CONTEXT('2D SPACE',''
  ) );
#551 = PCURVE('',#115,#552);
#552 = DEFINITIONAL_REPRESENTATION('',(#553),#557);
#553 = LINE('',#554,#555);
#554 = CARTESIAN_POINT('',(0.,-0.));
#555 = VECTOR('',#556,1.);
#556 = DIRECTION('',(0.,1.));
#557 = ( GEOMETRIC_REPRESENTATION_CONTEXT(2) 
PARAMETRIC_REPRESENTATION_CONTEXT() REPRESENTATION_CONTEXT('2D SPACE',''
  ) );
#558 = ORIENTED_EDGE('',*,*,#559,.T.);
#559 = EDGE_CURVE('',#537,#537,#560,.T.);
#560 = SURFACE_CURVE('',#561,(#566,#573),.PCURVE_S1.);
#561 = CIRCLE('',#562,92.213114754098);
#562 = AXIS2_PLACEMENT_3D('',#563,#564,#565);
#563 = CARTESIAN_POINT('',(-46.10655737704,0.,-1.023771231724E-14));
#564 = DIRECTION('',(1.,-0.,2.22044604925E-16));
#565 = DIRECTION('',(2.22044604925E-16,0.,-1.));
#566 = PCURVE('',#115,#567);
#567 = DEFINITIONAL_REPRESENTATION('',(#568),#572);
#568 = LINE('',#569,#570);
#569 = CARTESIAN_POINT('',(0.,0.));
#570 = VECTOR('',#571,1.);
#571 = DIRECTION('',(1.,0.));
#572 = ( GEOMETRIC_REPRESENTATION_CONTEXT(2) 
PARAMETRIC_REPRESENTATION_CONTEXT() REPRESENTATION_CONTEXT('2D SPACE',''
  ) );
#573 = PCURVE('',#574,#579);
#574 = PLANE('',#575);
#575 = AXIS2_PLACEMENT_3D('',#576,#577,#578);
#576 = CARTESIAN_POINT('',(-46.10655737704,0.,-1.023771231724E-14));
#577 = DIRECTION('',(1.,0.,2.22044604925E-16));
#578 = DIRECTION('',(2.22044604925E-16,0.,-1.));
#579 = DEFINITIONAL_REPRESENTATION('',(#580),#584);
#580 = CIRCLE('',#581,92.213114754098);
#581 = AXIS2_PLACEMENT_2D('',#582,#583);
#582 = CARTESIAN_POINT('',(0.,0.));
#583 = DIRECTION('',(1.,0.));
#584 = ( GEOMETRIC_REPRESENTATION_CONTEXT(2) 
PARAMETRIC_REPRESENTATION_CONTEXT() REPRESENTATION_CONTEXT('2D SPACE',''
  ) );
#585 = ORIENTED_EDGE('',*,*,#536,.T.);
#586 = FACE_BOUND('',#587,.T.);
#587 = EDGE_LOOP('',(#588,#619,#645,#674));
#588 = ORIENTED_EDGE('',*,*,#589,.F.);
#589 = EDGE_CURVE('',#590,#592,#594,.T.);
#590 = VERTEX_POINT('',#591);
#591 = CARTESIAN_POINT('',(-18.44262299082,90.350031487936,
    -18.44262299082));
#592 = VERTEX_POINT('',#593);
#593 = CARTESIAN_POINT('',(-18.44262299082,90.350031487936,
    18.44262299082));
#594 = SURFACE_CURVE('',#595,(#600,#607),.PCURVE_S1.);
#595 = CIRCLE('',#596,92.213114754098);
#596 = AXIS2_PLACEMENT_3D('',#597,#598,#599);
#597 = CARTESIAN_POINT('',(-18.44262299082,0.,-4.095084935778E-15));
#598 = DIRECTION('',(1.,0.,2.22044604925E-16));
#599 = DIRECTION('',(2.22044604925E-16,0.,-1.));
#600 = PCURVE('',#115,#601);
#601 = DEFINITIONAL_REPRESENTATION('',(#602),#606);
#602 = LINE('',#603,#604);
#603 = CARTESIAN_POINT('',(0.,27.66393438623));
#604 = VECTOR('',#605,1.);
#605 = DIRECTION('',(1.,0.));
#606 = ( GEOMETRIC_REPRESENTATION_CONTEXT(2) 
PARAMETRIC_REPRESENTATION_CONTEXT() REPRESENTATION_CONTEXT('2D SPACE',''
  ) );
#607 = PCURVE('',#608,#613);
#608 = PLANE('',#609);
#609 = AXIS2_PLACEMENT_3D('',#610,#611,#612);
#610 = CARTESIAN_POINT('',(-18.44262299082,80.686475484836,
    -18.44262299082));
#611 = DIRECTION('',(1.,0.,-0.));
#612 = DIRECTION('',(0.,0.,1.));
#613 = DEFINITIONAL_REPRESENTATION('',(#614),#618);
#614 = CIRCLE('',#615,92.213114754098);
#615 = AXIS2_PLACEMENT_2D('',#616,#617);
#616 = CARTESIAN_POINT('',(18.44262299082,80.686475484836));
#617 = DIRECTION('',(-1.,0.));
#618 = ( GEOMETRIC_REPRESENTATION_CONTEXT(2) 
PARAMETRIC_REPRESENTATION_CONTEXT() REPRESENTATION_CONTEXT('2D SPACE',''
  ) );
#619 = ORIENTED_EDGE('',*,*,#620,.T.);
#620 = EDGE_CURVE('',#590,#621,#623,.T.);
#621 = VERTEX_POINT('',#622);
#622 = CARTESIAN_POINT('',(18.44262299082,90.350031487936,
    -18.44262299082));
#623 = SURFACE_CURVE('',#624,(#628,#634),.PCURVE_S1.);
#624 = LINE('',#625,#626);
#625 = CARTESIAN_POINT('',(-46.10655737704,90.350031487936,
    -18.44262299082));
#626 = VECTOR('',#627,1.);
#627 = DIRECTION('',(1.,0.,2.22044604925E-16));
#628 = PCURVE('',#115,#629);
#629 = DEFINITIONAL_REPRESENTATION('',(#630),#633);
#630 = B_SPLINE_CURVE_WITH_KNOTS('',1,(#631,#632),.UNSPECIFIED.,.F.,.F.,
  (2,2),(23.975409788066,68.237704966033),.PIECEWISE_BEZIER_KNOTS.);
#631 = CARTESIAN_POINT('',(1.369438405562,23.975409788066));
#632 = CARTESIAN_POINT('',(1.369438405562,68.237704966033));
#633 = ( GEOMETRIC_REPRESENTATION_CONTEXT(2) 
PARAMETRIC_REPRESENTATION_CONTEXT() REPRESENTATION_CONTEXT('2D SPACE',''
  ) );
#634 = PCURVE('',#635,#640);
#635 = PLANE('',#636);
#636 = AXIS2_PLACEMENT_3D('',#637,#638,#639);
#637 = CARTESIAN_POINT('',(-18.44262299082,80.686475484836,
    -18.44262299082));
#638 = DIRECTION('',(0.,0.,1.));
#639 = DIRECTION('',(1.,0.,-0.));
#640 = DEFINITIONAL_REPRESENTATION('',(#641),#644);
#641 = B_SPLINE_CURVE_WITH_KNOTS('',1,(#642,#643),.UNSPECIFIED.,.F.,.F.,
  (2,2),(23.975409788066,68.237704966033),.PIECEWISE_BEZIER_KNOTS.);
#642 = CARTESIAN_POINT('',(-3.688524598164,9.6635560031));
#643 = CARTESIAN_POINT('',(40.573770579803,9.6635560031));
#644 = ( GEOMETRIC_REPRESENTATION_CONTEXT(2) 
PARAMETRIC_REPRESENTATION_CONTEXT() REPRESENTATION_CONTEXT('2D SPACE',''
  ) );
#645 = ORIENTED_EDGE('',*,*,#646,.T.);
#646 = EDGE_CURVE('',#621,#647,#649,.T.);
#647 = VERTEX_POINT('',#648);
#648 = CARTESIAN_POINT('',(18.44262299082,90.350031487936,18.44262299082
    ));
#649 = SURFACE_CURVE('',#650,(#655,#662),.PCURVE_S1.);
#650 = CIRCLE('',#651,92.213114754098);
#651 = AXIS2_PLACEMENT_3D('',#652,#653,#654);
#652 = CARTESIAN_POINT('',(18.44262299082,0.,4.095084935778E-15));
#653 = DIRECTION('',(1.,0.,2.22044604925E-16));
#654 = DIRECTION('',(2.22044604925E-16,0.,-1.));
#655 = PCURVE('',#115,#656);
#656 = DEFINITIONAL_REPRESENTATION('',(#657),#661);
#657 = LINE('',#658,#659);
#658 = CARTESIAN_POINT('',(0.,64.549180367869));
#659 = VECTOR('',#660,1.);
#660 = DIRECTION('',(1.,0.));
#661 = ( GEOMETRIC_REPRESENTATION_CONTEXT(2) 
PARAMETRIC_REPRESENTATION_CONTEXT() REPRESENTATION_CONTEXT('2D SPACE',''
  ) );
#662 = PCURVE('',#663,#668);
#663 = PLANE('',#664);
#664 = AXIS2_PLACEMENT_3D('',#665,#666,#667);
#665 = CARTESIAN_POINT('',(18.44262299082,80.686475484836,
    -18.44262299082));
#666 = DIRECTION('',(1.,0.,-0.));
#667 = DIRECTION('',(0.,0.,1.));
#668 = DEFINITIONAL_REPRESENTATION('',(#669),#673);
#669 = CIRCLE('',#670,92.213114754098);
#670 = AXIS2_PLACEMENT_2D('',#671,#672);
#671 = CARTESIAN_POINT('',(18.44262299082,80.686475484836));
#672 = DIRECTION('',(-1.,0.));
#673 = ( GEOMETRIC_REPRESENTATION_CONTEXT(2) 
PARAMETRIC_REPRESENTATION_CONTEXT() REPRESENTATION_CONTEXT('2D SPACE',''
  ) );
#674 = ORIENTED_EDGE('',*,*,#675,.F.);
#675 = EDGE_CURVE('',#592,#647,#676,.T.);
#676 = SURFACE_CURVE('',#677,(#681,#687),.PCURVE_S1.);
#677 = LINE('',#678,#679);
#678 = CARTESIAN_POINT('',(-46.10655737704,90.350031487936,
    18.44262299082));
#679 = VECTOR('',#680,1.);
#680 = DIRECTION('',(1.,0.,2.22044604925E-16));
#681 = PCURVE('',#115,#682);
#682 = DEFINITIONAL_REPRESENTATION('',(#683),#686);
#683 = B_SPLINE_CURVE_WITH_KNOTS('',1,(#684,#685),.UNSPECIFIED.,.F.,.F.,
  (2,2),(23.975409788066,68.237704966033),.PIECEWISE_BEZIER_KNOTS.);
#684 = CARTESIAN_POINT('',(1.772154248028,23.975409788066));
#685 = CARTESIAN_POINT('',(1.772154248028,68.237704966033));
#686 = ( GEOMETRIC_REPRESENTATION_CONTEXT(2) 
PARAMETRIC_REPRESENTATION_CONTEXT() REPRESENTATION_CONTEXT('2D SPACE',''
  ) );
#687 = PCURVE('',#688,#693);
#688 = PLANE('',#689);
#689 = AXIS2_PLACEMENT_3D('',#690,#691,#692);
#690 = CARTESIAN_POINT('',(-18.44262299082,80.686475484836,
    18.44262299082));
#691 = DIRECTION('',(0.,0.,1.));
#692 = DIRECTION('',(1.,0.,-0.));
#693 = DEFINITIONAL_REPRESENTATION('',(#694),#697);
#694 = B_SPLINE_CURVE_WITH_KNOTS('',1,(#695,#696),.UNSPECIFIED.,.F.,.F.,
  (2,2),(23.975409788066,68.237704966033),.PIECEWISE_BEZIER_KNOTS.);
#695 = CARTESIAN_POINT('',(-3.688524598164,9.6635560031));
#696 = CARTESIAN_POINT('',(40.573770579803,9.6635560031));
#697 = ( GEOMETRIC_REPRESENTATION_CONTEXT(2) 
PARAMETRIC_REPRESENTATION_CONTEXT() REPRESENTATION_CONTEXT('2D SPACE',''
  ) );
#698 = FACE_BOUND('',#699,.T.);
#699 = EDGE_LOOP('',(#700));
#700 = ORIENTED_EDGE('',*,*,#701,.F.);
#701 = EDGE_CURVE('',#702,#702,#704,.T.);
#702 = VERTEX_POINT('',#703);
#703 = CARTESIAN_POINT('',(20.286885245902,-4.968853816213E-15,
    92.213114754098));
#704 = SURFACE_CURVE('',#705,(#818,#934),.PCURVE_S1.);
#705 = B_SPLINE_CURVE_WITH_KNOTS('',6,(#706,#707,#708,#709,#710,#711,
    #712,#713,#714,#715,#716,#717,#718,#719,#720,#721,#722,#723,#724,
    #725,#726,#727,#728,#729,#730,#731,#732,#733,#734,#735,#736,#737,
    #738,#739,#740,#741,#742,#743,#744,#745,#746,#747,#748,#749,#750,
    #751,#752,#753,#754,#755,#756,#757,#758,#759,#760,#761,#762,#763,
    #764,#765,#766,#767,#768,#769,#770,#771,#772,#773,#774,#775,#776,
    #777,#778,#779,#780,#781,#782,#783,#784,#785,#786,#787,#788,#789,
    #790,#791,#792,#793,#794,#795,#796,#797,#798,#799,#800,#801,#802,
    #803,#804,#805,#806,#807,#808,#809,#810,#811,#812,#813,#814,#815,
    #816,#817),.UNSPECIFIED.,.T.,.F.,(7,5,5,5,5,5,5,5,5,5,5,5,5,5,5,5,5,
    5,5,5,5,5,7),(0.,4.434757913103E-02,7.2895874486E-02,0.112448334695,
    0.145801661679,0.192891207589,0.249976072806,0.326984955435,
    0.387517550111,0.427077069934,0.470711209725,0.499954755629,
    0.529198415237,0.572832667379,0.61239228848,0.645751654324,
    0.692849724562,0.749944924872,0.826967749796,0.88751130377,
    0.927077985759,0.955636545422,1.),.UNSPECIFIED.);
#706 = CARTESIAN_POINT('',(20.286885245902,3.552713678801E-15,
    92.213114754098));
#707 = CARTESIAN_POINT('',(20.286885245902,1.153219553606,
    92.213114754098));
#708 = CARTESIAN_POINT('',(20.208218459858,2.303985809501,
    92.195808295322));
#709 = CARTESIAN_POINT('',(20.051514315797,3.440606564334,
    92.161332281313));
#710 = CARTESIAN_POINT('',(19.820421419745,4.551572519663,
    92.110973547993));
#711 = CARTESIAN_POINT('',(19.521531405948,5.626091626116,
    92.047102064552));
#712 = CARTESIAN_POINT('',(18.934489596104,7.316695981206,
    91.924779874951));
#713 = CARTESIAN_POINT('',(18.680118855716,7.960670294128,
    91.872436140143));
#714 = CARTESIAN_POINT('',(18.403105833,8.585579281612,91.816299168548)
  );
#715 = CARTESIAN_POINT('',(18.105301054943,9.190615698531,
    91.757032174692));
#716 = CARTESIAN_POINT('',(17.78858433065,9.775110894479,91.695295553849
    ));
#717 = CARTESIAN_POINT('',(16.992518334176,11.119133799772,
    91.543653458346));
#718 = CARTESIAN_POINT('',(16.497415254207,11.859493831925,
    91.452038917081));
#719 = CARTESIAN_POINT('',(15.973674473813,12.559745208637,
    91.358397715992));
#720 = CARTESIAN_POINT('',(15.42492583038,13.220285490333,
    91.264076013346));
#721 = CARTESIAN_POINT('',(14.854375401188,13.841698810776,
    91.170248949806));
#722 = CARTESIAN_POINT('',(13.767754336018,14.91628141532,
    91.000059448718));
#723 = CARTESIAN_POINT('',(13.257023666442,15.380690349757,
    90.923243486078));
#724 = CARTESIAN_POINT('',(12.734220505018,15.818433647683,
    90.848051444619));
#725 = CARTESIAN_POINT('',(12.20067850422,16.230052222897,
    90.774981858086));
#726 = CARTESIAN_POINT('',(11.657549103682,16.616074039371,
    90.70446211547));
#727 = CARTESIAN_POINT('',(10.326892751742,17.486548891732,
    90.541415379278));
#728 = CARTESIAN_POINT('',(9.530782858941,17.94609985575,90.451779819083
    ));
#729 = CARTESIAN_POINT('',(8.720417995265,18.356943764052,
    90.369001135162));
#730 = CARTESIAN_POINT('',(7.898201779077,18.720243858171,
    90.293896397436));
#731 = CARTESIAN_POINT('',(7.066145346608,19.0369788061,90.2270953267));
#732 = CARTESIAN_POINT('',(5.207497788626,19.636314895625,
    90.098759567504));
#733 = CARTESIAN_POINT('',(4.177160310485,19.897381770003,
    90.041356094749));
#734 = CARTESIAN_POINT('',(3.138379885717,20.092339799473,89.99775654698
    ));
#735 = CARTESIAN_POINT('',(2.094116556063,20.222031224455,
    89.968507859923));
#736 = CARTESIAN_POINT('',(1.047093042375,20.286885245902,
    89.953881626488));
#737 = CARTESIAN_POINT('',(-1.412554183962,20.286885245902,
    89.953881626488));
#738 = CARTESIAN_POINT('',(-2.824792408352,20.168858886746,
    89.980499628766));
#739 = CARTESIAN_POINT('',(-4.230268774505,19.932910186118,
    90.033711725957));
#740 = CARTESIAN_POINT('',(-5.622413430489,19.577564062111,
    90.112631847216));
#741 = CARTESIAN_POINT('',(-6.993555385156,19.099979782223,
    90.215460647381));
#742 = CARTESIAN_POINT('',(-9.387515504162,18.021312024355,
    90.436307186944));
#743 = CARTESIAN_POINT('',(-10.42205146576,17.468530745733,
    90.546364426878));
#744 = CARTESIAN_POINT('',(-11.43330036435,16.835475455688,
    90.667830221664));
#745 = CARTESIAN_POINT('',(-12.41589841383,16.119270993216,
    90.798785270758));
#746 = CARTESIAN_POINT('',(-13.36282312921,15.31672646909,
    90.936638038743));
#747 = CARTESIAN_POINT('',(-14.85437541615,13.841698795975,
    91.17024895215));
#748 = CARTESIAN_POINT('',(-15.42492580847,13.220285517725,
    91.264076009624));
#749 = CARTESIAN_POINT('',(-15.97367447236,12.559745206229,
    91.358397715951));
#750 = CARTESIAN_POINT('',(-16.49741527542,11.859493803393,
    91.452038920785));
#751 = CARTESIAN_POINT('',(-16.99251832234,11.119133819751,
    91.543653456092));
#752 = CARTESIAN_POINT('',(-17.96483978925,9.477533338594,
    91.728870341877));
#753 = CARTESIAN_POINT('',(-18.43590668889,8.565984056458,
    91.821885692901));
#754 = CARTESIAN_POINT('',(-18.86032749262,7.606648762504,
    91.908343831695));
#755 = CARTESIAN_POINT('',(-19.23097031558,6.603203681899,
    91.985727415034));
#756 = CARTESIAN_POINT('',(-19.54130743077,5.560158214631,
    92.051652235897));
#757 = CARTESIAN_POINT('',(-19.94900723925,3.760712691654,
    92.139232580356));
#758 = CARTESIAN_POINT('',(-20.08269297001,3.023938842473,
    92.168282979875));
#759 = CARTESIAN_POINT('',(-20.18439248919,2.275857173306,
    92.190566306782));
#760 = CARTESIAN_POINT('',(-20.25270165396,1.520049363706,
    92.205594374938));
#761 = CARTESIAN_POINT('',(-20.2868852459,0.760196402389,92.213114754098
    ));
#762 = CARTESIAN_POINT('',(-20.2868852459,-0.760199358171,
    92.213114754098));
#763 = CARTESIAN_POINT('',(-20.25270138822,-1.520052324375,
    92.205594316453));
#764 = CARTESIAN_POINT('',(-20.18439218918,-2.275858666416,
    92.190566240881));
#765 = CARTESIAN_POINT('',(-20.08269292086,-3.023938676744,
    92.168282970218));
#766 = CARTESIAN_POINT('',(-19.94900745229,-3.760711751349,
    92.139232626121));
#767 = CARTESIAN_POINT('',(-19.54130743348,-5.560158202683,
    92.051652236479));
#768 = CARTESIAN_POINT('',(-19.23097030918,-6.603203699463,
    91.985727413746));
#769 = CARTESIAN_POINT('',(-18.86032749394,-7.606648763697,
    91.908343831917));
#770 = CARTESIAN_POINT('',(-18.43590669591,-8.565984039463,
    91.821885694294));
#771 = CARTESIAN_POINT('',(-17.96483978369,-9.477533347989,
    91.728870340817));
#772 = CARTESIAN_POINT('',(-16.99251833417,-11.11913379977,
    91.543653458346));
#773 = CARTESIAN_POINT('',(-16.4974152542,-11.85949383192,
    91.452038917081));
#774 = CARTESIAN_POINT('',(-15.97367447381,-12.55974520863,
    91.358397715992));
#775 = CARTESIAN_POINT('',(-15.42492583038,-13.22028549033,
    91.264076013346));
#776 = CARTESIAN_POINT('',(-14.85437540118,-13.84169881077,
    91.170248949806));
#777 = CARTESIAN_POINT('',(-13.76775433144,-14.91628141983,
    91.000059448002));
#778 = CARTESIAN_POINT('',(-13.25702367409,-15.38069034336,
    90.92324348716));
#779 = CARTESIAN_POINT('',(-12.73422050479,-15.81843364711,
    90.848051444664));
#780 = CARTESIAN_POINT('',(-12.20067849646,-16.23005222902,
    90.774981857026));
#781 = CARTESIAN_POINT('',(-11.65754910872,-16.61607403607,
    90.704462116088));
#782 = CARTESIAN_POINT('',(-10.3268927706,-17.48654887939,90.54141538159
    ));
#783 = CARTESIAN_POINT('',(-9.53078282771,-17.94609987152,
    90.451779815994));
#784 = CARTESIAN_POINT('',(-8.720417995889,-18.35694376675,
    90.369001134737));
#785 = CARTESIAN_POINT('',(-7.898201810598,-18.72024384367,
    90.293896400323));
#786 = CARTESIAN_POINT('',(-7.066145326391,-19.03697881261,
    90.227095325304));
#787 = CARTESIAN_POINT('',(-5.207497788623,-19.63631489562,
    90.098759567503));
#788 = CARTESIAN_POINT('',(-4.177160310486,-19.89738177,90.04135609475)
  );
#789 = CARTESIAN_POINT('',(-3.138379885716,-20.09233979947,
    89.99775654698));
#790 = CARTESIAN_POINT('',(-2.094116556066,-20.22203122445,
    89.968507859923));
#791 = CARTESIAN_POINT('',(-1.047093042373,-20.2868852459,
    89.953881626488));
#792 = CARTESIAN_POINT('',(1.412554183963,-20.2868852459,89.953881626488
    ));
#793 = CARTESIAN_POINT('',(2.824792408351,-20.16885888674,
    89.980499628766));
#794 = CARTESIAN_POINT('',(4.230268774506,-19.93291018611,
    90.033711725957));
#795 = CARTESIAN_POINT('',(5.622413430488,-19.57756406211,
    90.112631847216));
#796 = CARTESIAN_POINT('',(6.993555385156,-19.09997978222,
    90.215460647381));
#797 = CARTESIAN_POINT('',(9.387515504162,-18.02131202435,
    90.436307186944));
#798 = CARTESIAN_POINT('',(10.422051465764,-17.46853074573,
    90.546364426878));
#799 = CARTESIAN_POINT('',(11.433300364359,-16.83547545568,
    90.667830221664));
#800 = CARTESIAN_POINT('',(12.415898413833,-16.11927099321,
    90.798785270758));
#801 = CARTESIAN_POINT('',(13.362823129212,-15.31672646909,
    90.936638038743));
#802 = CARTESIAN_POINT('',(14.854375416142,-13.84169879598,
    91.170248952148));
#803 = CARTESIAN_POINT('',(15.424925808483,-13.22028551772,
    91.264076009625));
#804 = CARTESIAN_POINT('',(15.973674472373,-12.55974520621,
    91.358397715953));
#805 = CARTESIAN_POINT('',(16.497415275429,-11.85949380338,
    91.452038920785));
#806 = CARTESIAN_POINT('',(16.992518322333,-11.11913381976,
    91.54365345609));
#807 = CARTESIAN_POINT('',(17.78858433065,-9.775110894479,
    91.695295553849));
#808 = CARTESIAN_POINT('',(18.105301054943,-9.190615698532,
    91.757032174691));
#809 = CARTESIAN_POINT('',(18.403105833,-8.585579281612,91.816299168548)
  );
#810 = CARTESIAN_POINT('',(18.680118855716,-7.960670294128,
    91.872436140143));
#811 = CARTESIAN_POINT('',(18.934489596104,-7.316695981207,
    91.924779874951));
#812 = CARTESIAN_POINT('',(19.52153084753,-5.626093234288,
    92.047101948195));
#813 = CARTESIAN_POINT('',(19.820421388002,-4.551573282974,
    92.110973536129));
#814 = CARTESIAN_POINT('',(20.051514891509,-3.440604958777,
    92.161332407067));
#815 = CARTESIAN_POINT('',(20.208219035915,-2.303981873329,
    92.195808422278));
#816 = CARTESIAN_POINT('',(20.286885245902,-1.15321532422,
    92.213114754098));
#817 = CARTESIAN_POINT('',(20.286885245902,3.552713678801E-15,
    92.213114754098));
#818 = PCURVE('',#115,#819);
#819 = DEFINITIONAL_REPRESENTATION('',(#820),#933);
#820 = B_SPLINE_CURVE_WITH_KNOTS('',6,(#821,#822,#823,#824,#825,#826,
    #827,#828,#829,#830,#831,#832,#833,#834,#835,#836,#837,#838,#839,
    #840,#841,#842,#843,#844,#845,#846,#847,#848,#849,#850,#851,#852,
    #853,#854,#855,#856,#857,#858,#859,#860,#861,#862,#863,#864,#865,
    #866,#867,#868,#869,#870,#871,#872,#873,#874,#875,#876,#877,#878,
    #879,#880,#881,#882,#883,#884,#885,#886,#887,#888,#889,#890,#891,
    #892,#893,#894,#895,#896,#897,#898,#899,#900,#901,#902,#903,#904,
    #905,#906,#907,#908,#909,#910,#911,#912,#913,#914,#915,#916,#917,
    #918,#919,#920,#921,#922,#923,#924,#925,#926,#927,#928,#929,#930,
    #931,#932),.UNSPECIFIED.,.T.,.F.,(7,5,5,5,5,5,5,5,5,5,5,5,5,5,5,5,5,
    5,5,5,5,5,7),(0.,4.434757913103E-02,7.2895874486E-02,0.112448334695,
    0.145801661679,0.192891207589,0.249976072806,0.326984955435,
    0.387517550111,0.427077069934,0.470711209725,0.499954755629,
    0.529198415237,0.572832667379,0.61239228848,0.645751654324,
    0.692849724562,0.749944924872,0.826967749796,0.88751130377,
    0.927077985759,0.955636545422,1.),.UNSPECIFIED.);
#821 = CARTESIAN_POINT('',(3.14159265359,66.393442622951));
#822 = CARTESIAN_POINT('',(3.129086628208,66.393442622951));
#823 = CARTESIAN_POINT('',(3.116607206019,66.314775836907));
#824 = CARTESIAN_POINT('',(3.104277672033,66.158071692846));
#825 = CARTESIAN_POINT('',(3.092219355193,65.926978796794));
#826 = CARTESIAN_POINT('',(3.080547187558,65.628088782997));
#827 = CARTESIAN_POINT('',(3.06216559574,65.041046973153));
#828 = CARTESIAN_POINT('',(3.055159297024,64.786676232765));
#829 = CARTESIAN_POINT('',(3.048355570155,64.509663210049));
#830 = CARTESIAN_POINT('',(3.041763178306,64.211858431992));
#831 = CARTESIAN_POINT('',(3.03538955415,63.8951417077));
#832 = CARTESIAN_POINT('',(3.020721895234,63.099075711225));
#833 = CARTESIAN_POINT('',(3.012632333718,62.603972631256));
#834 = CARTESIAN_POINT('',(3.004971411241,62.080231850862));
#835 = CARTESIAN_POINT('',(2.997735923744,61.53148320743));
#836 = CARTESIAN_POINT('',(2.990920836048,60.960932778237));
#837 = CARTESIAN_POINT('',(2.979122338448,59.874311713067));
#838 = CARTESIAN_POINT('',(2.974017772047,59.363581043492));
#839 = CARTESIAN_POINT('',(2.969201292963,58.840777882067));
#840 = CARTESIAN_POINT('',(2.964667820091,58.307235881269));
#841 = CARTESIAN_POINT('',(2.960412390846,57.764106480731));
#842 = CARTESIAN_POINT('',(2.950808407903,56.433450128791));
#843 = CARTESIAN_POINT('',(2.945731058442,55.63734023599));
#844 = CARTESIAN_POINT('',(2.941186258875,54.826975372314));
#845 = CARTESIAN_POINT('',(2.93716321166,54.004759156126));
#846 = CARTESIAN_POINT('',(2.933652854799,53.172702723658));
#847 = CARTESIAN_POINT('',(2.927006052353,51.314055165676));
#848 = CARTESIAN_POINT('',(2.924107339832,50.283717687534));
#849 = CARTESIAN_POINT('',(2.921940907072,49.244937262766));
#850 = CARTESIAN_POINT('',(2.920499152863,48.200673933112));
#851 = CARTESIAN_POINT('',(2.919778183093,47.153650419424));
#852 = CARTESIAN_POINT('',(2.919778183093,44.694003193087));
#853 = CARTESIAN_POINT('',(2.921090260448,43.281764968697));
#854 = CARTESIAN_POINT('',(2.923713251925,41.876288602544));
#855 = CARTESIAN_POINT('',(2.92766066677,40.484143946561));
#856 = CARTESIAN_POINT('',(2.932958221114,39.113001991893));
#857 = CARTESIAN_POINT('',(2.944898428826,36.719041872887));
#858 = CARTESIAN_POINT('',(2.951010590785,35.684505911285));
#859 = CARTESIAN_POINT('',(2.958000708629,34.673257012691));
#860 = CARTESIAN_POINT('',(2.965895737471,33.690658963216));
#861 = CARTESIAN_POINT('',(2.974725608047,32.743734247837));
#862 = CARTESIAN_POINT('',(2.990920836211,31.252181960895));
#863 = CARTESIAN_POINT('',(2.997735923444,30.681631568571));
#864 = CARTESIAN_POINT('',(3.004971411267,30.132882904686));
#865 = CARTESIAN_POINT('',(3.012632334031,29.60914210162));
#866 = CARTESIAN_POINT('',(3.020721895016,29.114039054707));
#867 = CARTESIAN_POINT('',(3.038637092621,28.14171758779));
#868 = CARTESIAN_POINT('',(3.048573112988,27.670650688158));
#869 = CARTESIAN_POINT('',(3.059017567564,27.246229884427));
#870 = CARTESIAN_POINT('',(3.069930208084,26.875587061461));
#871 = CARTESIAN_POINT('',(3.081262828727,26.565249946271));
#872 = CARTESIAN_POINT('',(3.100799914826,26.157550137795));
#873 = CARTESIAN_POINT('',(3.108795686272,26.023864407035));
#874 = CARTESIAN_POINT('',(3.116911238877,25.922164887856));
#875 = CARTESIAN_POINT('',(3.125108562597,25.853855723086));
#876 = CARTESIAN_POINT('',(3.133348745937,25.819672131148));
#877 = CARTESIAN_POINT('',(3.149836593296,25.819672131148));
#878 = CARTESIAN_POINT('',(3.15807677669,25.853855988826));
#879 = CARTESIAN_POINT('',(3.166274084506,25.922165187863));
#880 = CARTESIAN_POINT('',(3.174389619118,26.023864456188));
#881 = CARTESIAN_POINT('',(3.182385382144,26.15754992475));
#882 = CARTESIAN_POINT('',(3.201922478322,26.565249943564));
#883 = CARTESIAN_POINT('',(3.213255099286,26.875587067862));
#884 = CARTESIAN_POINT('',(3.224167739628,27.246229883102));
#885 = CARTESIAN_POINT('',(3.234612194007,27.670650681134));
#886 = CARTESIAN_POINT('',(3.244548214661,28.141717593354));
#887 = CARTESIAN_POINT('',(3.262463411945,29.114039042873));
#888 = CARTESIAN_POINT('',(3.270552973461,29.609142122842));
#889 = CARTESIAN_POINT('',(3.278213895938,30.132882903237));
#890 = CARTESIAN_POINT('',(3.285449383436,30.681631546669));
#891 = CARTESIAN_POINT('',(3.292264471131,31.25218197586));
#892 = CARTESIAN_POINT('',(3.304062968781,32.3388030456));
#893 = CARTESIAN_POINT('',(3.309167535063,32.849533702953));
#894 = CARTESIAN_POINT('',(3.31398401421,33.372336872251));
#895 = CARTESIAN_POINT('',(3.318517487156,33.905878880585));
#896 = CARTESIAN_POINT('',(3.322772916297,34.449008268323));
#897 = CARTESIAN_POINT('',(3.33237689914,35.779664606445));
#898 = CARTESIAN_POINT('',(3.337454248912,36.575774549339));
#899 = CARTESIAN_POINT('',(3.341999048334,37.38613938116));
#900 = CARTESIAN_POINT('',(3.34602209536,38.208355566451));
#901 = CARTESIAN_POINT('',(3.349532452453,39.040412050658));
#902 = CARTESIAN_POINT('',(3.356179254827,40.899059588426));
#903 = CARTESIAN_POINT('',(3.359077967348,41.929397066564));
#904 = CARTESIAN_POINT('',(3.361244400107,42.968177491333));
#905 = CARTESIAN_POINT('',(3.362686154316,44.012440820983));
#906 = CARTESIAN_POINT('',(3.363407124087,45.059464334676));
#907 = CARTESIAN_POINT('',(3.363407124087,47.519111561012));
#908 = CARTESIAN_POINT('',(3.362095046731,48.931349785401));
#909 = CARTESIAN_POINT('',(3.359472055254,50.336826151555));
#910 = CARTESIAN_POINT('',(3.355524640409,51.728970807538));
#911 = CARTESIAN_POINT('',(3.350227086065,53.100112762205));
#912 = CARTESIAN_POINT('',(3.338286878354,55.494072881211));
#913 = CARTESIAN_POINT('',(3.332174716395,56.528608842814));
#914 = CARTESIAN_POINT('',(3.32518459855,57.539857741408));
#915 = CARTESIAN_POINT('',(3.317289569708,58.522455790882));
#916 = CARTESIAN_POINT('',(3.308459699132,59.469380506261));
#917 = CARTESIAN_POINT('',(3.292264470969,60.960932793191));
#918 = CARTESIAN_POINT('',(3.285449383736,61.531483185532));
#919 = CARTESIAN_POINT('',(3.278213895912,62.080231849422));
#920 = CARTESIAN_POINT('',(3.270552973149,62.603972652479));
#921 = CARTESIAN_POINT('',(3.262463412164,63.099075699382));
#922 = CARTESIAN_POINT('',(3.247795753029,63.895141707699));
#923 = CARTESIAN_POINT('',(3.241422128874,64.211858431992));
#924 = CARTESIAN_POINT('',(3.234829737025,64.509663210049));
#925 = CARTESIAN_POINT('',(3.228026010155,64.786676232765));
#926 = CARTESIAN_POINT('',(3.221019711439,65.041046973153));
#927 = CARTESIAN_POINT('',(3.202638137107,65.628088224579));
#928 = CARTESIAN_POINT('',(3.190965960252,65.926978765052));
#929 = CARTESIAN_POINT('',(3.178907617695,66.158072268558));
#930 = CARTESIAN_POINT('',(3.166578058475,66.314776412964));
#931 = CARTESIAN_POINT('',(3.154098633106,66.393442622951));
#932 = CARTESIAN_POINT('',(3.14159265359,66.393442622951));
#933 = ( GEOMETRIC_REPRESENTATION_CONTEXT(2) 
PARAMETRIC_REPRESENTATION_CONTEXT() REPRESENTATION_CONTEXT('2D SPACE',''
  ) );
#934 = PCURVE('',#935,#940);
#935 = CYLINDRICAL_SURFACE('',#936,20.286885245902);
#936 = AXIS2_PLACEMENT_3D('',#937,#938,#939);
#937 = CARTESIAN_POINT('',(0.,0.,-110.6557377049));
#938 = DIRECTION('',(0.,0.,1.));
#939 = DIRECTION('',(1.,0.,-0.));
#940 = DEFINITIONAL_REPRESENTATION('',(#941),#1054);
#941 = B_SPLINE_CURVE_WITH_KNOTS('',6,(#942,#943,#944,#945,#946,#947,
    #948,#949,#950,#951,#952,#953,#954,#955,#956,#957,#958,#959,#960,
    #961,#962,#963,#964,#965,#966,#967,#968,#969,#970,#971,#972,#973,
    #974,#975,#976,#977,#978,#979,#980,#981,#982,#983,#984,#985,#986,
    #987,#988,#989,#990,#991,#992,#993,#994,#995,#996,#997,#998,#999,
    #1000,#1001,#1002,#1003,#1004,#1005,#1006,#1007,#1008,#1009,#1010,
    #1011,#1012,#1013,#1014,#1015,#1016,#1017,#1018,#1019,#1020,#1021,
    #1022,#1023,#1024,#1025,#1026,#1027,#1028,#1029,#1030,#1031,#1032,
    #1033,#1034,#1035,#1036,#1037,#1038,#1039,#1040,#1041,#1042,#1043,
    #1044,#1045,#1046,#1047,#1048,#1049,#1050,#1051,#1052,#1053),
  .UNSPECIFIED.,.F.,.F.,(7,5,5,5,5,5,5,5,5,5,5,5,5,5,5,5,5,5,5,5,5,5,7),
  (0.,4.434757913103E-02,7.2895874486E-02,0.112448334695,0.145801661679,
    0.192891207589,0.249976072806,0.326984955435,0.387517550111,
    0.427077069934,0.470711209725,0.499954755629,0.529198415237,
    0.572832667379,0.61239228848,0.645751654324,0.692849724562,
    0.749944924872,0.826967749796,0.88751130377,0.927077985759,
    0.955636545422,1.),.UNSPECIFIED.);
#942 = CARTESIAN_POINT('',(0.,202.86885245901));
#943 = CARTESIAN_POINT('',(5.68455699151E-02,202.86885245901));
#944 = CARTESIAN_POINT('',(0.113570204618,202.85154600024));
#945 = CARTESIAN_POINT('',(0.169928245635,202.81706998623));
#946 = CARTESIAN_POINT('',(0.225675809674,202.76671125291));
#947 = CARTESIAN_POINT('',(0.28054417464,202.70283976947));
#948 = CARTESIAN_POINT('',(0.368760081859,202.58051757986));
#949 = CARTESIAN_POINT('',(0.402860078665,202.52817384506));
#950 = CARTESIAN_POINT('',(0.43651259113,202.47203687346));
#951 = CARTESIAN_POINT('',(0.469714786186,202.41276987961));
#952 = CARTESIAN_POINT('',(0.502460303086,202.35103325876));
#953 = CARTESIAN_POINT('',(0.579460192016,202.19939116326));
#954 = CARTESIAN_POINT('',(0.623297427421,202.10777662199));
#955 = CARTESIAN_POINT('',(0.666313729301,202.01413542091));
#956 = CARTESIAN_POINT('',(0.70856459115,201.91981371826));
#957 = CARTESIAN_POINT('',(0.750100346447,201.82598665472));
#958 = CARTESIAN_POINT('',(0.825431056905,201.65579715363));
#959 = CARTESIAN_POINT('',(0.859428383174,201.57898119099));
#960 = CARTESIAN_POINT('',(0.892998210101,201.50378914953));
#961 = CARTESIAN_POINT('',(0.926176409365,201.430719563));
#962 = CARTESIAN_POINT('',(0.958997543596,201.36019982038));
#963 = CARTESIAN_POINT('',(1.03737752964,201.19715308419));
#964 = CARTESIAN_POINT('',(1.082618496707,201.107517524));
#965 = CARTESIAN_POINT('',(1.12730677465,201.02473884008));
#966 = CARTESIAN_POINT('',(1.171524762211,200.94963410235));
#967 = CARTESIAN_POINT('',(1.215351484673,200.88283303161));
#968 = CARTESIAN_POINT('',(1.311615092036,200.75449727242));
#969 = CARTESIAN_POINT('',(1.363901926603,200.69709379966));
#970 = CARTESIAN_POINT('',(1.415848920221,200.65349425189));
#971 = CARTESIAN_POINT('',(1.467571178177,200.62424556484));
#972 = CARTESIAN_POINT('',(1.519182043494,200.6096193314));
#973 = CARTESIAN_POINT('',(1.640425260307,200.6096193314));
#974 = CARTESIAN_POINT('',(1.710038702399,200.63623733368));
#975 = CARTESIAN_POINT('',(1.779925990887,200.68944943087));
#976 = CARTESIAN_POINT('',(1.850371412714,200.76836955213));
#977 = CARTESIAN_POINT('',(1.921663664591,200.87119835229));
#978 = CARTESIAN_POINT('',(2.051094631134,201.09204489186));
#979 = CARTESIAN_POINT('',(2.108781589856,201.20210213179));
#980 = CARTESIAN_POINT('',(2.167381448484,201.32356792658));
#981 = CARTESIAN_POINT('',(2.227083598613,201.45452297567));
#982 = CARTESIAN_POINT('',(2.288089478011,201.59237574366));
#983 = CARTESIAN_POINT('',(2.39149230818,201.82598665706));
#984 = CARTESIAN_POINT('',(2.433028060699,201.91981371454));
#985 = CARTESIAN_POINT('',(2.475278924339,202.01413542086));
#986 = CARTESIAN_POINT('',(2.518295227933,202.1077766257));
#987 = CARTESIAN_POINT('',(2.562132460429,202.19939116101));
#988 = CARTESIAN_POINT('',(2.656180749502,202.38460804679));
#989 = CARTESIAN_POINT('',(2.706674471842,202.47762339781));
#990 = CARTESIAN_POINT('',(2.758239443667,202.56408153661));
#991 = CARTESIAN_POINT('',(2.810807024209,202.64146511995));
#992 = CARTESIAN_POINT('',(2.864331202149,202.70738994081));
#993 = CARTESIAN_POINT('',(2.95527930597,202.79497028527));
#994 = CARTESIAN_POINT('',(2.992155435334,202.82402068479));
#995 = CARTESIAN_POINT('',(3.02931427363,202.8463040117));
#996 = CARTESIAN_POINT('',(3.066664968123,202.86133207985));
#997 = CARTESIAN_POINT('',(3.104120346078,202.86885245901));
#998 = CARTESIAN_POINT('',(3.179065106801,202.86885245901));
#999 = CARTESIAN_POINT('',(3.216520484996,202.86133202137));
#1000 = CARTESIAN_POINT('',(3.253871108257,202.84630394579));
#1001 = CARTESIAN_POINT('',(3.291029864414,202.82402067513));
#1002 = CARTESIAN_POINT('',(3.327905953684,202.79497033103));
#1003 = CARTESIAN_POINT('',(3.418854104427,202.70738994139));
#1004 = CARTESIAN_POINT('',(3.472378283901,202.64146511866));
#1005 = CARTESIAN_POINT('',(3.524945863543,202.56408153683));
#1006 = CARTESIAN_POINT('',(3.576510834422,202.47762339921));
#1007 = CARTESIAN_POINT('',(3.627004558216,202.38460804573));
#1008 = CARTESIAN_POINT('',(3.721052845606,202.19939116326));
#1009 = CARTESIAN_POINT('',(3.764890081011,202.10777662199));
#1010 = CARTESIAN_POINT('',(3.80790638289,202.01413542091));
#1011 = CARTESIAN_POINT('',(3.85015724474,201.91981371826));
#1012 = CARTESIAN_POINT('',(3.891693000037,201.82598665472));
#1013 = CARTESIAN_POINT('',(3.967023710811,201.65579715292));
#1014 = CARTESIAN_POINT('',(4.001021036271,201.57898119207));
#1015 = CARTESIAN_POINT('',(4.034590863681,201.50378914958));
#1016 = CARTESIAN_POINT('',(4.067769063444,201.43071956194));
#1017 = CARTESIAN_POINT('',(4.100590196889,201.360199821));
#1018 = CARTESIAN_POINT('',(4.178970182119,201.1971530865));
#1019 = CARTESIAN_POINT('',(4.224211152034,201.10751752091));
#1020 = CARTESIAN_POINT('',(4.26889942827,201.02473883965));
#1021 = CARTESIAN_POINT('',(4.313117414078,200.94963410524));
#1022 = CARTESIAN_POINT('',(4.35694413931,200.88283303022));
#1023 = CARTESIAN_POINT('',(4.453207745626,200.75449727242));
#1024 = CARTESIAN_POINT('',(4.505494580192,200.69709379966));
#1025 = CARTESIAN_POINT('',(4.55744157381,200.65349425189));
#1026 = CARTESIAN_POINT('',(4.609163831767,200.62424556484));
#1027 = CARTESIAN_POINT('',(4.660774697084,200.6096193314));
#1028 = CARTESIAN_POINT('',(4.782017913897,200.6096193314));
#1029 = CARTESIAN_POINT('',(4.851631355989,200.63623733368));
#1030 = CARTESIAN_POINT('',(4.921518644477,200.68944943087));
#1031 = CARTESIAN_POINT('',(4.991964066304,200.76836955213));
#1032 = CARTESIAN_POINT('',(5.063256318181,200.87119835229));
#1033 = CARTESIAN_POINT('',(5.192687284724,201.09204489186));
#1034 = CARTESIAN_POINT('',(5.250374243446,201.20210213179));
#1035 = CARTESIAN_POINT('',(5.308974102074,201.32356792658));
#1036 = CARTESIAN_POINT('',(5.368676252202,201.45452297567));
#1037 = CARTESIAN_POINT('',(5.429682131601,201.59237574366));
#1038 = CARTESIAN_POINT('',(5.533084961769,201.82598665706));
#1039 = CARTESIAN_POINT('',(5.574620714289,201.91981371454));
#1040 = CARTESIAN_POINT('',(5.61687157793,202.01413542087));
#1041 = CARTESIAN_POINT('',(5.659887881523,202.1077766257));
#1042 = CARTESIAN_POINT('',(5.703725114018,202.199391161));
#1043 = CARTESIAN_POINT('',(5.780725004094,202.35103325876));
#1044 = CARTESIAN_POINT('',(5.813470520994,202.4127698796));
#1045 = CARTESIAN_POINT('',(5.84667271605,202.47203687346));
#1046 = CARTESIAN_POINT('',(5.880325228514,202.52817384506));
#1047 = CARTESIAN_POINT('',(5.914425225321,202.58051757986));
#1048 = CARTESIAN_POINT('',(6.002641048625,202.70283965311));
#1049 = CARTESIAN_POINT('',(6.057509461441,202.76671124104));
#1050 = CARTESIAN_POINT('',(6.11325714433,202.81707011198));
#1051 = CARTESIAN_POINT('',(6.169615296583,202.85154612719));
#1052 = CARTESIAN_POINT('',(6.226339945743,202.86885245901));
#1053 = CARTESIAN_POINT('',(6.28318530718,202.86885245901));
#1054 = ( GEOMETRIC_REPRESENTATION_CONTEXT(2) 
PARAMETRIC_REPRESENTATION_CONTEXT() REPRESENTATION_CONTEXT('2D SPACE',''
  ) );
#1055 = ADVANCED_FACE('',(#1056),#192,.F.);
#1056 = FACE_BOUND('',#1057,.F.);
#1057 = EDGE_LOOP('',(#1058,#1295,#1316,#1317,#1318,#1319));
#1058 = ORIENTED_EDGE('',*,*,#1059,.F.);
#1059 = EDGE_CURVE('',#1060,#1062,#1064,.T.);
#1060 = VERTEX_POINT('',#1061);
#1061 = CARTESIAN_POINT('',(20.286885245902,-8.130851699257E-15,
    -46.10655737704));
#1062 = VERTEX_POINT('',#1063);
#1063 = CARTESIAN_POINT('',(-20.2868852459,-1.12928495823E-14,
    -46.10655737704));
#1064 = SURFACE_CURVE('',#1065,(#1138,#1214),.PCURVE_S1.);
#1065 = B_SPLINE_CURVE_WITH_KNOTS('',6,(#1066,#1067,#1068,#1069,#1070,
    #1071,#1072,#1073,#1074,#1075,#1076,#1077,#1078,#1079,#1080,#1081,
    #1082,#1083,#1084,#1085,#1086,#1087,#1088,#1089,#1090,#1091,#1092,
    #1093,#1094,#1095,#1096,#1097,#1098,#1099,#1100,#1101,#1102,#1103,
    #1104,#1105,#1106,#1107,#1108,#1109,#1110,#1111,#1112,#1113,#1114,
    #1115,#1116,#1117,#1118,#1119,#1120,#1121,#1122,#1123,#1124,#1125,
    #1126,#1127,#1128,#1129,#1130,#1131,#1132,#1133,#1134,#1135,#1136,
    #1137),.UNSPECIFIED.,.F.,.F.,(7,5,5,5,5,5,5,5,5,5,5,5,5,5,7),(0.,
    7.300131157447E-02,0.119408492344,0.178369887732,0.224193658369,
    0.260564295981,0.383105301006,0.500002247125,0.617224289727,
    0.739400053665,0.776678647468,0.822184226974,0.880226800219,
    0.925238333509,1.),.UNSPECIFIED.);
#1066 = CARTESIAN_POINT('',(20.286885245902,-2.484426908106E-15,
    -46.10655737704));
#1067 = CARTESIAN_POINT('',(20.286885245902,0.961289715577,
    -46.10655737704));
#1068 = CARTESIAN_POINT('',(20.232224516068,1.920918188533,
    -46.08250670247));
#1069 = CARTESIAN_POINT('',(20.123258088836,2.871223217647,
    -46.0345612574));
#1070 = CARTESIAN_POINT('',(19.962136577481,3.804610533146,
    -45.96406024878));
#1071 = CARTESIAN_POINT('',(19.752786319071,4.713760097838,
    -45.87349565817));
#1072 = CARTESIAN_POINT('',(19.340947936001,6.150011223485,
    -45.69801111742));
#1073 = CARTESIAN_POINT('',(19.16356525061,6.696256974495,
    -45.62297803621));
#1074 = CARTESIAN_POINT('',(18.969939140148,7.229922261697,
    -45.54180020486));
#1075 = CARTESIAN_POINT('',(18.761179423428,7.750432520447,
    -45.45519687375));
#1076 = CARTESIAN_POINT('',(18.538429411468,8.257276722947,
    -45.36390490439));
#1077 = CARTESIAN_POINT('',(18.003588732959,9.376032386287,
    -45.14765995817));
#1078 = CARTESIAN_POINT('',(17.683571157132,9.979400901941,
    -45.0202574996));
#1079 = CARTESIAN_POINT('',(17.344766860844,10.560133379444,
    -44.88778642417));
#1080 = CARTESIAN_POINT('',(16.988955173444,11.118336771878,
    -44.75149329917));
#1081 = CARTESIAN_POINT('',(16.617749853584,11.65420238492,
    -44.61253137028));
#1082 = CARTESIAN_POINT('',(15.933273063652,12.567321724378,
    -44.36269209245));
#1083 = CARTESIAN_POINT('',(15.625466698298,12.953386487365,
    -44.25243591246));
#1084 = CARTESIAN_POINT('',(15.309793791403,13.326402082158,
    -44.14164981835));
#1085 = CARTESIAN_POINT('',(14.986800395593,13.686574943555,
    -44.0307666914));
#1086 = CARTESIAN_POINT('',(14.656968211533,14.034114395911,
    -43.92018501708));
#1087 = CARTESIAN_POINT('',(14.053827385782,14.635218682868,
    -43.72303016205));
#1088 = CARTESIAN_POINT('',(13.782893728237,14.893380816731,
    -43.63620994772));
#1089 = CARTESIAN_POINT('',(13.508127749665,15.143818872958,
    -43.54999404568));
#1090 = CARTESIAN_POINT('',(13.229724359498,15.386629048899,
    -43.46455630869));
#1091 = CARTESIAN_POINT('',(12.94785900806,15.621904141579,
    -43.3800600082));
#1092 = CARTESIAN_POINT('',(11.701880215624,16.617342977521,
    -43.01565681632));
#1093 = CARTESIAN_POINT('',(10.702970334746,17.300890439803,
    -42.74690929465));
#1094 = CARTESIAN_POINT('',(9.672790524158,17.902838390845,
    -42.4965784097));
#1095 = CARTESIAN_POINT('',(8.616568208472,18.425284982141,
    -42.26968079122));
#1096 = CARTESIAN_POINT('',(7.538389891085,18.86976629666,-42.0702965475
    ));
#1097 = CARTESIAN_POINT('',(5.39544266542,19.587348325739,
    -41.74085553855));
#1098 = CARTESIAN_POINT('',(4.332628622369,19.867304511501,
    -41.60807227716));
#1099 = CARTESIAN_POINT('',(3.257675081563,20.077096582795,
    -41.50637788289));
#1100 = CARTESIAN_POINT('',(2.174669296567,20.216930051354,
    -41.43786240246));
#1101 = CARTESIAN_POINT('',(1.087494878942,20.286885245902,
    -41.40358583725));
#1102 = CARTESIAN_POINT('',(-1.090519258729,20.286885245902,
    -41.40358583725));
#1103 = CARTESIAN_POINT('',(-2.180713691095,20.216540412965,
    -41.4380533169));
#1104 = CARTESIAN_POINT('',(-3.266704626467,20.075928931319,
    -41.50695000798));
#1105 = CARTESIAN_POINT('',(-4.344577464117,19.864969262864,
    -41.60920422005));
#1106 = CARTESIAN_POINT('',(-5.410211067394,19.583452785141,
    -41.74270304446));
#1107 = CARTESIAN_POINT('',(-7.552331502093,18.863985731083,
    -42.0728878233));
#1108 = CARTESIAN_POINT('',(-8.62707046647,18.420028631196,
    -42.27195905053));
#1109 = CARTESIAN_POINT('',(-9.679949441662,17.898560277521,
    -42.49834777004));
#1110 = CARTESIAN_POINT('',(-10.70691547879,17.298055000131,
    -42.74800601673));
#1111 = CARTESIAN_POINT('',(-11.70278653502,16.616431191376,
    -43.01596024365));
#1112 = CARTESIAN_POINT('',(-12.95310335667,15.61777135258,
    -43.38158213252));
#1113 = CARTESIAN_POINT('',(-13.24194043468,15.376474665695,
    -43.4682103983));
#1114 = CARTESIAN_POINT('',(-13.52713720368,15.127260088988,
    -43.5558244352));
#1115 = CARTESIAN_POINT('',(-13.80850441669,14.870027515711,
    -43.64424822931));
#1116 = CARTESIAN_POINT('',(-14.08583128277,14.604673112816,
    -43.73329405752));
#1117 = CARTESIAN_POINT('',(-14.69219978023,13.997128521414,
    -43.93197564014));
#1118 = CARTESIAN_POINT('',(-15.01914983203,13.650902927938,
    -44.04181904813));
#1119 = CARTESIAN_POINT('',(-15.33932377816,13.292204358473,
    -44.15193307516));
#1120 = CARTESIAN_POINT('',(-15.65224676794,12.920827916518,
    -44.26192581517));
#1121 = CARTESIAN_POINT('',(-15.9573811677,12.53657178517,-44.3713717947
    ));
#1122 = CARTESIAN_POINT('',(-16.63262716569,11.632434725911,
    -44.61812495968));
#1123 = CARTESIAN_POINT('',(-16.99756615049,11.104239367026,
    -44.75483221419));
#1124 = CARTESIAN_POINT('',(-17.34755388746,10.554391999131,
    -44.88892878288));
#1125 = CARTESIAN_POINT('',(-17.68104846196,9.982711343944,
    -45.01931332205));
#1126 = CARTESIAN_POINT('',(-17.99635254674,9.389095475128,
    -45.14479687067));
#1127 = CARTESIAN_POINT('',(-18.52057979536,8.296152553466,
    -45.35664152623));
#1128 = CARTESIAN_POINT('',(-18.73752270713,7.805516419443,
    -45.44547291546));
#1129 = CARTESIAN_POINT('',(-18.94136989233,7.302008274605,
    -45.52993535855));
#1130 = CARTESIAN_POINT('',(-19.13108318568,6.786076907052,
    -45.60935903714));
#1131 = CARTESIAN_POINT('',(-19.30565081931,6.25822699142,
    -45.68308785726));
#1132 = CARTESIAN_POINT('',(-19.72723032592,4.823425318657,
    -45.86244458807));
#1133 = CARTESIAN_POINT('',(-19.94639815358,3.894682311543,
    -45.95717478466));
#1134 = CARTESIAN_POINT('',(-20.11526425909,2.940049253498,
    -46.03104393977));
#1135 = CARTESIAN_POINT('',(-20.22954465859,1.96731376768,
    -46.08132757378));
#1136 = CARTESIAN_POINT('',(-20.2868852459,0.984572253084,
    -46.10655737704));
#1137 = CARTESIAN_POINT('',(-20.2868852459,3.726640362159E-15,
    -46.10655737704));
#1138 = PCURVE('',#192,#1139);
#1139 = DEFINITIONAL_REPRESENTATION('',(#1140),#1213);
#1140 = B_SPLINE_CURVE_WITH_KNOTS('',6,(#1141,#1142,#1143,#1144,#1145,
    #1146,#1147,#1148,#1149,#1150,#1151,#1152,#1153,#1154,#1155,#1156,
    #1157,#1158,#1159,#1160,#1161,#1162,#1163,#1164,#1165,#1166,#1167,
    #1168,#1169,#1170,#1171,#1172,#1173,#1174,#1175,#1176,#1177,#1178,
    #1179,#1180,#1181,#1182,#1183,#1184,#1185,#1186,#1187,#1188,#1189,
    #1190,#1191,#1192,#1193,#1194,#1195,#1196,#1197,#1198,#1199,#1200,
    #1201,#1202,#1203,#1204,#1205,#1206,#1207,#1208,#1209,#1210,#1211,
    #1212),.UNSPECIFIED.,.F.,.F.,(7,5,5,5,5,5,5,5,5,5,5,5,5,5,7),(0.,
    7.300131157447E-02,0.119408492344,0.178369887732,0.224193658369,
    0.260564295981,0.383105301006,0.500002247125,0.617224289727,
    0.739400053665,0.776678647468,0.822184226974,0.880226800219,
    0.925238333509,1.),.UNSPECIFIED.);
#1141 = CARTESIAN_POINT('',(0.,64.549180327869));
#1142 = CARTESIAN_POINT('',(4.738478597997E-02,64.549180327869));
#1143 = CARTESIAN_POINT('',(9.468768111626E-02,64.573231002448));
#1144 = CARTESIAN_POINT('',(0.141722526951,64.621176447514));
#1145 = CARTESIAN_POINT('',(0.188303080381,64.691677456129));
#1146 = CARTESIAN_POINT('',(0.234226114928,64.782242046746));
#1147 = CARTESIAN_POINT('',(0.307876220287,64.957726587494));
#1148 = CARTESIAN_POINT('',(0.336169301545,65.032759668708));
#1149 = CARTESIAN_POINT('',(0.364129174028,65.113937500052));
#1150 = CARTESIAN_POINT('',(0.391750910737,65.20054083116));
#1151 = CARTESIAN_POINT('',(0.419027198975,65.291832800524));
#1152 = CARTESIAN_POINT('',(0.480151798479,65.508077746743));
#1153 = CARTESIAN_POINT('',(0.513788729393,65.63548020531));
#1154 = CARTESIAN_POINT('',(0.546890371141,65.76795128074));
#1155 = CARTESIAN_POINT('',(0.579483908077,65.90424440574));
#1156 = CARTESIAN_POINT('',(0.611594385943,66.043206334629));
#1157 = CARTESIAN_POINT('',(0.667846568996,66.293045612468));
#1158 = CARTESIAN_POINT('',(0.69217420421,66.403301792456));
#1159 = CARTESIAN_POINT('',(0.716246522745,66.514087886562));
#1160 = CARTESIAN_POINT('',(0.740079378576,66.624971013509));
#1161 = CARTESIAN_POINT('',(0.763688333925,66.735552687835));
#1162 = CARTESIAN_POINT('',(0.805662796379,66.932707542861));
#1163 = CARTESIAN_POINT('',(0.824105380273,67.019527757191));
#1164 = CARTESIAN_POINT('',(0.842424468141,67.105743659231));
#1165 = CARTESIAN_POINT('',(0.860627387022,67.191181396228));
#1166 = CARTESIAN_POINT('',(0.878721369434,67.275677696715));
#1167 = CARTESIAN_POINT('',(0.957333340335,67.640080888597));
#1168 = CARTESIAN_POINT('',(1.016834144164,67.908828410261));
#1169 = CARTESIAN_POINT('',(1.075429377413,68.15915929521));
#1170 = CARTESIAN_POINT('',(1.133309971063,68.386056913695));
#1171 = CARTESIAN_POINT('',(1.190663146174,68.585441157417));
#1172 = CARTESIAN_POINT('',(1.302060223674,68.914882166365));
#1173 = CARTESIAN_POINT('',(1.356120083747,69.047665427758));
#1174 = CARTESIAN_POINT('',(1.409938709476,69.149359822019));
#1175 = CARTESIAN_POINT('',(1.463600506162,69.217875302451));
#1176 = CARTESIAN_POINT('',(1.517190518621,69.252151867665));
#1177 = CARTESIAN_POINT('',(1.624551215508,69.252151867665));
#1178 = CARTESIAN_POINT('',(1.678290093373,69.217684388017));
#1179 = CARTESIAN_POINT('',(1.732101356466,69.148787696932));
#1180 = CARTESIAN_POINT('',(1.786070826993,69.046533484868));
#1181 = CARTESIAN_POINT('',(1.840283684277,68.913034660455));
#1182 = CARTESIAN_POINT('',(1.951671666,68.582849881616));
#1183 = CARTESIAN_POINT('',(2.008859414983,68.383778654383));
#1184 = CARTESIAN_POINT('',(2.066572676025,68.157389934875));
#1185 = CARTESIAN_POINT('',(2.124997159019,67.907731688185));
#1186 = CARTESIAN_POINT('',(2.184322270176,67.639777461268));
#1187 = CARTESIAN_POINT('',(2.263200408831,67.274155572392));
#1188 = CARTESIAN_POINT('',(2.281748109407,67.187527306612));
#1189 = CARTESIAN_POINT('',(2.300410402279,67.099913269714));
#1190 = CARTESIAN_POINT('',(2.319195085075,67.011489475603));
#1191 = CARTESIAN_POINT('',(2.338110060263,66.922443647392));
#1192 = CARTESIAN_POINT('',(2.380421463386,66.723762064771));
#1193 = CARTESIAN_POINT('',(2.40388588345,66.61391865678));
#1194 = CARTESIAN_POINT('',(2.427572174777,66.503804629752));
#1195 = CARTESIAN_POINT('',(2.451495587038,66.393811889746));
#1196 = CARTESIAN_POINT('',(2.475671655742,66.284365910214));
#1197 = CARTESIAN_POINT('',(2.531296733068,66.03761274523));
#1198 = CARTESIAN_POINT('',(2.562921530128,65.900905490719));
#1199 = CARTESIAN_POINT('',(2.595015071416,65.766808922036));
#1200 = CARTESIAN_POINT('',(2.627601266502,65.636424382863));
#1201 = CARTESIAN_POINT('',(2.660706036429,65.510940834242));
#1202 = CARTESIAN_POINT('',(2.720457087239,65.299096178686));
#1203 = CARTESIAN_POINT('',(2.74688807614,65.21026478945));
#1204 = CARTESIAN_POINT('',(2.773643993235,65.125802346367));
#1205 = CARTESIAN_POINT('',(2.800718812626,65.046378667769));
#1206 = CARTESIAN_POINT('',(2.828108584029,64.972649847651));
#1207 = CARTESIAN_POINT('',(2.901823932763,64.793293116845));
#1208 = CARTESIAN_POINT('',(2.948793176163,64.69856292025));
#1209 = CARTESIAN_POINT('',(2.996463232456,64.624693765143));
#1210 = CARTESIAN_POINT('',(3.044617998968,64.574410131132));
#1211 = CARTESIAN_POINT('',(3.093060203135,64.549180327869));
#1212 = CARTESIAN_POINT('',(3.14159265359,64.549180327869));
#1213 = ( GEOMETRIC_REPRESENTATION_CONTEXT(2) 
PARAMETRIC_REPRESENTATION_CONTEXT() REPRESENTATION_CONTEXT('2D SPACE',''
  ) );
#1214 = PCURVE('',#1215,#1220);
#1215 = CYLINDRICAL_SURFACE('',#1216,46.106557377049);
#1216 = AXIS2_PLACEMENT_3D('',#1217,#1218,#1219);
#1217 = CARTESIAN_POINT('',(-55.32786885245,0.,-1.228525478069E-14));
#1218 = DIRECTION('',(1.,0.,2.22044604925E-16));
#1219 = DIRECTION('',(2.22044604925E-16,0.,-1.));
#1220 = DEFINITIONAL_REPRESENTATION('',(#1221),#1294);
#1221 = B_SPLINE_CURVE_WITH_KNOTS('',6,(#1222,#1223,#1224,#1225,#1226,
    #1227,#1228,#1229,#1230,#1231,#1232,#1233,#1234,#1235,#1236,#1237,
    #1238,#1239,#1240,#1241,#1242,#1243,#1244,#1245,#1246,#1247,#1248,
    #1249,#1250,#1251,#1252,#1253,#1254,#1255,#1256,#1257,#1258,#1259,
    #1260,#1261,#1262,#1263,#1264,#1265,#1266,#1267,#1268,#1269,#1270,
    #1271,#1272,#1273,#1274,#1275,#1276,#1277,#1278,#1279,#1280,#1281,
    #1282,#1283,#1284,#1285,#1286,#1287,#1288,#1289,#1290,#1291,#1292,
    #1293),.UNSPECIFIED.,.F.,.F.,(7,5,5,5,5,5,5,5,5,5,5,5,5,5,7),(0.,
    7.300131157447E-02,0.119408492344,0.178369887732,0.224193658369,
    0.260564295981,0.383105301006,0.500002247125,0.617224289727,
    0.739400053665,0.776678647468,0.822184226974,0.880226800219,
    0.925238333509,1.),.UNSPECIFIED.);
#1222 = CARTESIAN_POINT('',(0.,75.614754098361));
#1223 = CARTESIAN_POINT('',(2.084930583118E-02,75.614754098361));
#1224 = CARTESIAN_POINT('',(4.166258473127E-02,75.560093368527));
#1225 = CARTESIAN_POINT('',(6.228994074356E-02,75.451126941295));
#1226 = CARTESIAN_POINT('',(8.25827818623E-02,75.29000542994));
#1227 = CARTESIAN_POINT('',(0.102393897777,75.08065517153));
#1228 = CARTESIAN_POINT('',(0.133776244461,74.66881678846));
#1229 = CARTESIAN_POINT('',(0.145733621854,74.491434103069));
#1230 = CARTESIAN_POINT('',(0.157439590931,74.297807992607));
#1231 = CARTESIAN_POINT('',(0.168882503783,74.089048275887));
#1232 = CARTESIAN_POINT('',(0.180051383595,73.866298263927));
#1233 = CARTESIAN_POINT('',(0.204765071733,73.331457585418));
#1234 = CARTESIAN_POINT('',(0.218138043884,73.011440009591));
#1235 = CARTESIAN_POINT('',(0.231054610181,72.672635713303));
#1236 = CARTESIAN_POINT('',(0.243515109032,72.316824025903));
#1237 = CARTESIAN_POINT('',(0.255520801851,71.945618706043));
#1238 = CARTESIAN_POINT('',(0.276053280084,71.261141916111));
#1239 = CARTESIAN_POINT('',(0.284760836604,70.953335550757));
#1240 = CARTESIAN_POINT('',(0.293199740094,70.637662643862));
#1241 = CARTESIAN_POINT('',(0.30137274358,70.314669248052));
#1242 = CARTESIAN_POINT('',(0.309282544469,69.984837063992));
#1243 = CARTESIAN_POINT('',(0.323003169416,69.381696238241));
#1244 = CARTESIAN_POINT('',(0.328910411071,69.110762580696));
#1245 = CARTESIAN_POINT('',(0.334654779926,68.835996602124));
#1246 = CARTESIAN_POINT('',(0.340237385382,68.557593211957));
#1247 = CARTESIAN_POINT('',(0.345659248941,68.275727860519));
#1248 = CARTESIAN_POINT('',(0.368650373101,67.029749068083));
#1249 = CARTESIAN_POINT('',(0.384575986,66.030839187205));
#1250 = CARTESIAN_POINT('',(0.398712362913,65.000659376618));
#1251 = CARTESIAN_POINT('',(0.411064705723,63.944437060931));
#1252 = CARTESIAN_POINT('',(0.42163010502,62.866258743544));
#1253 = CARTESIAN_POINT('',(0.438755475708,60.723311517879));
#1254 = CARTESIAN_POINT('',(0.445475247716,59.660497474828));
#1255 = CARTESIAN_POINT('',(0.450531750059,58.585543934022));
#1256 = CARTESIAN_POINT('',(0.45390908163,57.502538149026));
#1257 = CARTESIAN_POINT('',(0.455598673396,56.415363731401));
#1258 = CARTESIAN_POINT('',(0.455598673396,54.23734959373));
#1259 = CARTESIAN_POINT('',(0.453899670909,53.147155161364));
#1260 = CARTESIAN_POINT('',(0.450503548293,52.061164225992));
#1261 = CARTESIAN_POINT('',(0.445418962949,50.983291388342));
#1262 = CARTESIAN_POINT('',(0.438661972696,49.917657785065));
#1263 = CARTESIAN_POINT('',(0.421492715769,47.775537350366));
#1264 = CARTESIAN_POINT('',(0.410940468825,46.700798385989));
#1265 = CARTESIAN_POINT('',(0.398611978214,45.647919410797));
#1266 = CARTESIAN_POINT('',(0.384510072449,44.620953373662));
#1267 = CARTESIAN_POINT('',(0.368629540375,43.625082317434));
#1268 = CARTESIAN_POINT('',(0.345563727338,42.374765495781));
#1269 = CARTESIAN_POINT('',(0.340003326555,42.085928417776));
#1270 = CARTESIAN_POINT('',(0.334274039009,41.800731648774));
#1271 = CARTESIAN_POINT('',(0.328374760347,41.519364435761));
#1272 = CARTESIAN_POINT('',(0.322304289483,41.242037569682));
#1273 = CARTESIAN_POINT('',(0.308440613235,40.635669072221));
#1274 = CARTESIAN_POINT('',(0.300562815838,40.308719020429));
#1275 = CARTESIAN_POINT('',(0.292425271188,39.988545074291));
#1276 = CARTESIAN_POINT('',(0.284025334911,39.675622084519));
#1277 = CARTESIAN_POINT('',(0.27536031255,39.370487684755));
#1278 = CARTESIAN_POINT('',(0.255033403655,38.695241686767));
#1279 = CARTESIAN_POINT('',(0.243200974547,38.330302701964));
#1280 = CARTESIAN_POINT('',(0.23092775104,37.98031496499));
#1281 = CARTESIAN_POINT('',(0.218212544094,37.646820390494));
#1282 = CARTESIAN_POINT('',(0.205055033316,37.331516305711));
#1283 = CARTESIAN_POINT('',(0.180909129395,36.80728905709));
#1284 = CARTESIAN_POINT('',(0.170095592179,36.590346145325));
#1285 = CARTESIAN_POINT('',(0.159023899806,36.386498960123));
#1286 = CARTESIAN_POINT('',(0.147703717391,36.196785666778));
#1287 = CARTESIAN_POINT('',(0.136145302572,36.02221803314));
#1288 = CARTESIAN_POINT('',(0.104783854133,35.600638526537));
#1289 = CARTESIAN_POINT('',(8.454115726877E-02,35.381470698872));
#1290 = CARTESIAN_POINT('',(6.378391310486E-02,35.212604593369));
#1291 = CARTESIAN_POINT('',(4.266885381782E-02,35.098324193866));
#1292 = CARTESIAN_POINT('',(2.135427820022E-02,35.040983606557));
#1293 = CARTESIAN_POINT('',(0.,35.040983606557));
#1294 = ( GEOMETRIC_REPRESENTATION_CONTEXT(2) 
PARAMETRIC_REPRESENTATION_CONTEXT() REPRESENTATION_CONTEXT('2D SPACE',''
  ) );
#1295 = ORIENTED_EDGE('',*,*,#1296,.F.);
#1296 = EDGE_CURVE('',#42,#1060,#1297,.T.);
#1297 = SEAM_CURVE('',#1298,(#1302,#1309),.PCURVE_S1.);
#1298 = LINE('',#1299,#1300);
#1299 = CARTESIAN_POINT('',(20.286885245902,-4.968853816213E-15,
    -110.6557377049));
#1300 = VECTOR('',#1301,1.);
#1301 = DIRECTION('',(0.,0.,1.));
#1302 = PCURVE('',#192,#1303);
#1303 = DEFINITIONAL_REPRESENTATION('',(#1304),#1308);
#1304 = LINE('',#1305,#1306);
#1305 = CARTESIAN_POINT('',(6.28318530718,-0.));
#1306 = VECTOR('',#1307,1.);
#1307 = DIRECTION('',(0.,1.));
#1308 = ( GEOMETRIC_REPRESENTATION_CONTEXT(2) 
PARAMETRIC_REPRESENTATION_CONTEXT() REPRESENTATION_CONTEXT('2D SPACE',''
  ) );
#1309 = PCURVE('',#192,#1310);
#1310 = DEFINITIONAL_REPRESENTATION('',(#1311),#1315);
#1311 = LINE('',#1312,#1313);
#1312 = CARTESIAN_POINT('',(0.,-0.));
#1313 = VECTOR('',#1314,1.);
#1314 = DIRECTION('',(0.,1.));
#1315 = ( GEOMETRIC_REPRESENTATION_CONTEXT(2) 
PARAMETRIC_REPRESENTATION_CONTEXT() REPRESENTATION_CONTEXT('2D SPACE',''
  ) );
#1316 = ORIENTED_EDGE('',*,*,#320,.T.);
#1317 = ORIENTED_EDGE('',*,*,#39,.T.);
#1318 = ORIENTED_EDGE('',*,*,#1296,.T.);
#1319 = ORIENTED_EDGE('',*,*,#1320,.F.);
#1320 = EDGE_CURVE('',#1062,#1060,#1321,.T.);
#1321 = SURFACE_CURVE('',#1322,(#1395,#1471),.PCURVE_S1.);
#1322 = B_SPLINE_CURVE_WITH_KNOTS('',6,(#1323,#1324,#1325,#1326,#1327,
    #1328,#1329,#1330,#1331,#1332,#1333,#1334,#1335,#1336,#1337,#1338,
    #1339,#1340,#1341,#1342,#1343,#1344,#1345,#1346,#1347,#1348,#1349,
    #1350,#1351,#1352,#1353,#1354,#1355,#1356,#1357,#1358,#1359,#1360,
    #1361,#1362,#1363,#1364,#1365,#1366,#1367,#1368,#1369,#1370,#1371,
    #1372,#1373,#1374,#1375,#1376,#1377,#1378,#1379,#1380,#1381,#1382,
    #1383,#1384,#1385,#1386,#1387,#1388,#1389,#1390,#1391,#1392,#1393,
    #1394),.UNSPECIFIED.,.F.,.F.,(7,5,5,5,5,5,5,5,5,5,5,5,5,5,7),(0.,
    7.300131084817E-02,0.119408491162,0.178369885973,0.224193656445,
    0.260564294146,0.383105299469,0.500002245872,0.61722428876,
    0.739400053004,0.776678646898,0.822184226517,0.880226799904,
    0.925238333309,1.),.UNSPECIFIED.);
#1323 = CARTESIAN_POINT('',(-20.2868852459,-3.552713678801E-15,
    -46.10655737704));
#1324 = CARTESIAN_POINT('',(-20.2868852459,-0.961289715715,
    -46.10655737704));
#1325 = CARTESIAN_POINT('',(-20.23222451605,-1.920918188489,
    -46.08250670246));
#1326 = CARTESIAN_POINT('',(-20.12325808885,-2.87122321752,
    -46.03456125741));
#1327 = CARTESIAN_POINT('',(-19.9621365775,-3.804610533115,
    -45.96406024879));
#1328 = CARTESIAN_POINT('',(-19.75278631903,-4.713760097964,
    -45.87349565815));
#1329 = CARTESIAN_POINT('',(-19.340947936,-6.150011223485,
    -45.69801111742));
#1330 = CARTESIAN_POINT('',(-19.16356525061,-6.696256974494,
    -45.62297803621));
#1331 = CARTESIAN_POINT('',(-18.96993914014,-7.229922261697,
    -45.54180020486));
#1332 = CARTESIAN_POINT('',(-18.76117942342,-7.750432520448,
    -45.45519687375));
#1333 = CARTESIAN_POINT('',(-18.53842941146,-8.257276722946,
    -45.36390490439));
#1334 = CARTESIAN_POINT('',(-18.00358873295,-9.376032386287,
    -45.14765995817));
#1335 = CARTESIAN_POINT('',(-17.68357115713,-9.979400901941,
    -45.0202574996));
#1336 = CARTESIAN_POINT('',(-17.34476686084,-10.56013337944,
    -44.88778642417));
#1337 = CARTESIAN_POINT('',(-16.98895517344,-11.11833677187,
    -44.75149329917));
#1338 = CARTESIAN_POINT('',(-16.61774985358,-11.65420238491,
    -44.61253137028));
#1339 = CARTESIAN_POINT('',(-15.93327306179,-12.56732172685,
    -44.36269209177));
#1340 = CARTESIAN_POINT('',(-15.62546669869,-12.95338648656,
    -44.25243591263));
#1341 = CARTESIAN_POINT('',(-15.30979379334,-13.32640207991,
    -44.14164981902));
#1342 = CARTESIAN_POINT('',(-14.98680039623,-13.68657494316,
    -44.03076669159));
#1343 = CARTESIAN_POINT('',(-14.6569682095,-14.03411439793,
    -43.92018501642));
#1344 = CARTESIAN_POINT('',(-14.05382738578,-14.63521868287,
    -43.72303016205));
#1345 = CARTESIAN_POINT('',(-13.78289372823,-14.89338081673,
    -43.63620994772));
#1346 = CARTESIAN_POINT('',(-13.50812774966,-15.14381887295,
    -43.54999404568));
#1347 = CARTESIAN_POINT('',(-13.2297243595,-15.38662904889,
    -43.46455630869));
#1348 = CARTESIAN_POINT('',(-12.94785900806,-15.62190414157,
    -43.3800600082));
#1349 = CARTESIAN_POINT('',(-11.70188021562,-16.61734297751,
    -43.01565681632));
#1350 = CARTESIAN_POINT('',(-10.70297033474,-17.3008904398,
    -42.74690929465));
#1351 = CARTESIAN_POINT('',(-9.672790524159,-17.90283839084,
    -42.4965784097));
#1352 = CARTESIAN_POINT('',(-8.616568208471,-18.42528498214,
    -42.26968079122));
#1353 = CARTESIAN_POINT('',(-7.538389891088,-18.86976629665,
    -42.0702965475));
#1354 = CARTESIAN_POINT('',(-5.395442665422,-19.58734832573,
    -41.74085553855));
#1355 = CARTESIAN_POINT('',(-4.332628622378,-19.8673045115,
    -41.60807227716));
#1356 = CARTESIAN_POINT('',(-3.257675081547,-20.07709658279,
    -41.50637788289));
#1357 = CARTESIAN_POINT('',(-2.174669296577,-20.21693005135,
    -41.43786240246));
#1358 = CARTESIAN_POINT('',(-1.087494878942,-20.2868852459,
    -41.40358583725));
#1359 = CARTESIAN_POINT('',(1.090519258737,-20.2868852459,
    -41.40358583725));
#1360 = CARTESIAN_POINT('',(2.180713691096,-20.21654041296,
    -41.4380533169));
#1361 = CARTESIAN_POINT('',(3.266704626456,-20.07592893132,
    -41.50695000798));
#1362 = CARTESIAN_POINT('',(4.344577464117,-19.86496926286,
    -41.60920422005));
#1363 = CARTESIAN_POINT('',(5.410211067399,-19.58345278513,
    -41.74270304446));
#1364 = CARTESIAN_POINT('',(7.552331502168,-18.86398573105,
    -42.07288782331));
#1365 = CARTESIAN_POINT('',(8.627070466347,-18.42002863122,
    -42.27195905051));
#1366 = CARTESIAN_POINT('',(9.679949441686,-17.89856027755,
    -42.49834777003));
#1367 = CARTESIAN_POINT('',(10.706915478878,-17.29805500005,
    -42.74800601676));
#1368 = CARTESIAN_POINT('',(11.702786534973,-16.61643119141,
    -43.01596024363));
#1369 = CARTESIAN_POINT('',(12.953103356678,-15.61777135258,
    -43.38158213252));
#1370 = CARTESIAN_POINT('',(13.241940434683,-15.37647466569,
    -43.4682103983));
#1371 = CARTESIAN_POINT('',(13.527137203686,-15.12726008898,
    -43.5558244352));
#1372 = CARTESIAN_POINT('',(13.808504416698,-14.87002751571,
    -43.64424822931));
#1373 = CARTESIAN_POINT('',(14.085831282778,-14.60467311281,
    -43.73329405752));
#1374 = CARTESIAN_POINT('',(14.692199780238,-13.99712852141,
    -43.93197564014));
#1375 = CARTESIAN_POINT('',(15.019149832031,-13.65090292793,
    -44.04181904813));
#1376 = CARTESIAN_POINT('',(15.339323778168,-13.29220435847,
    -44.15193307516));
#1377 = CARTESIAN_POINT('',(15.65224676794,-12.92082791651,
    -44.26192581517));
#1378 = CARTESIAN_POINT('',(15.957381167704,-12.53657178516,
    -44.3713717947));
#1379 = CARTESIAN_POINT('',(16.632627165693,-11.63243472591,
    -44.61812495968));
#1380 = CARTESIAN_POINT('',(16.997566150495,-11.10423936702,
    -44.75483221419));
#1381 = CARTESIAN_POINT('',(17.34755388747,-10.55439199913,
    -44.88892878288));
#1382 = CARTESIAN_POINT('',(17.681048461966,-9.982711343943,
    -45.01931332205));
#1383 = CARTESIAN_POINT('',(17.996352546749,-9.389095475127,
    -45.14479687067));
#1384 = CARTESIAN_POINT('',(18.520579795394,-8.296152553414,
    -45.35664152624));
#1385 = CARTESIAN_POINT('',(18.737522707124,-7.805516419454,
    -45.44547291546));
#1386 = CARTESIAN_POINT('',(18.941369892315,-7.302008274659,
    -45.52993535854));
#1387 = CARTESIAN_POINT('',(19.131083185681,-6.786076907066,
    -45.60935903714));
#1388 = CARTESIAN_POINT('',(19.305650819338,-6.258226991356,
    -45.68308785727));
#1389 = CARTESIAN_POINT('',(19.727230325922,-4.823425318656,
    -45.86244458807));
#1390 = CARTESIAN_POINT('',(19.946398153588,-3.894682311541,
    -45.95717478466));
#1391 = CARTESIAN_POINT('',(20.115264259089,-2.940049253496,
    -46.03104393977));
#1392 = CARTESIAN_POINT('',(20.229544658594,-1.967313767678,
    -46.08132757378));
#1393 = CARTESIAN_POINT('',(20.286885245902,-0.984572253084,
    -46.10655737704));
#1394 = CARTESIAN_POINT('',(20.286885245902,-7.105427357601E-15,
    -46.10655737704));
#1395 = PCURVE('',#192,#1396);
#1396 = DEFINITIONAL_REPRESENTATION('',(#1397),#1470);
#1397 = B_SPLINE_CURVE_WITH_KNOTS('',6,(#1398,#1399,#1400,#1401,#1402,
    #1403,#1404,#1405,#1406,#1407,#1408,#1409,#1410,#1411,#1412,#1413,
    #1414,#1415,#1416,#1417,#1418,#1419,#1420,#1421,#1422,#1423,#1424,
    #1425,#1426,#1427,#1428,#1429,#1430,#1431,#1432,#1433,#1434,#1435,
    #1436,#1437,#1438,#1439,#1440,#1441,#1442,#1443,#1444,#1445,#1446,
    #1447,#1448,#1449,#1450,#1451,#1452,#1453,#1454,#1455,#1456,#1457,
    #1458,#1459,#1460,#1461,#1462,#1463,#1464,#1465,#1466,#1467,#1468,
    #1469),.UNSPECIFIED.,.F.,.F.,(7,5,5,5,5,5,5,5,5,5,5,5,5,5,7),(0.,
    7.300131084817E-02,0.119408491162,0.178369885973,0.224193656445,
    0.260564294146,0.383105299469,0.500002245872,0.61722428876,
    0.739400053004,0.776678646898,0.822184226517,0.880226799904,
    0.925238333309,1.),.UNSPECIFIED.);
#1398 = CARTESIAN_POINT('',(3.14159265359,64.549180327869));
#1399 = CARTESIAN_POINT('',(3.188977439577,64.549180327869));
#1400 = CARTESIAN_POINT('',(3.236280334704,64.573231002455));
#1401 = CARTESIAN_POINT('',(3.283315180535,64.621176447505));
#1402 = CARTESIAN_POINT('',(3.329895733969,64.691677456119));
#1403 = CARTESIAN_POINT('',(3.375818768524,64.782242046761));
#1404 = CARTESIAN_POINT('',(3.449468873876,64.957726587494));
#1405 = CARTESIAN_POINT('',(3.477761955134,65.032759668708));
#1406 = CARTESIAN_POINT('',(3.505721827618,65.113937500052));
#1407 = CARTESIAN_POINT('',(3.533343564327,65.20054083116));
#1408 = CARTESIAN_POINT('',(3.560619852565,65.291832800524));
#1409 = CARTESIAN_POINT('',(3.621744452069,65.508077746743));
#1410 = CARTESIAN_POINT('',(3.655381382982,65.63548020531));
#1411 = CARTESIAN_POINT('',(3.688483024731,65.76795128074));
#1412 = CARTESIAN_POINT('',(3.721076561666,65.90424440574));
#1413 = CARTESIAN_POINT('',(3.753187039533,66.043206334629));
#1414 = CARTESIAN_POINT('',(3.809439222739,66.293045613146));
#1415 = CARTESIAN_POINT('',(3.833766857757,66.403301792281));
#1416 = CARTESIAN_POINT('',(3.857839176188,66.51408788589));
#1417 = CARTESIAN_POINT('',(3.88167203213,66.624971013325));
#1418 = CARTESIAN_POINT('',(3.905280987656,66.735552688498));
#1419 = CARTESIAN_POINT('',(3.947255449969,66.932707542861));
#1420 = CARTESIAN_POINT('',(3.965698033863,67.019527757191));
#1421 = CARTESIAN_POINT('',(3.984017121731,67.105743659231));
#1422 = CARTESIAN_POINT('',(4.002220040611,67.191181396228));
#1423 = CARTESIAN_POINT('',(4.020314023024,67.275677696714));
#1424 = CARTESIAN_POINT('',(4.098925993924,67.640080888596));
#1425 = CARTESIAN_POINT('',(4.158426797754,67.908828410262));
#1426 = CARTESIAN_POINT('',(4.217022031003,68.159159295209));
#1427 = CARTESIAN_POINT('',(4.274902624653,68.386056913695));
#1428 = CARTESIAN_POINT('',(4.332255799764,68.585441157416));
#1429 = CARTESIAN_POINT('',(4.443652877264,68.914882166365));
#1430 = CARTESIAN_POINT('',(4.497712737336,69.047665427757));
#1431 = CARTESIAN_POINT('',(4.551531363066,69.14935982202));
#1432 = CARTESIAN_POINT('',(4.605193159752,69.217875302451));
#1433 = CARTESIAN_POINT('',(4.658783172211,69.252151867665));
#1434 = CARTESIAN_POINT('',(4.766143869098,69.252151867665));
#1435 = CARTESIAN_POINT('',(4.819882746963,69.217684388016));
#1436 = CARTESIAN_POINT('',(4.873694010055,69.148787696933));
#1437 = CARTESIAN_POINT('',(4.927663480583,69.046533484868));
#1438 = CARTESIAN_POINT('',(4.981876337867,68.913034660454));
#1439 = CARTESIAN_POINT('',(5.093264319594,68.582849881605));
#1440 = CARTESIAN_POINT('',(5.150452068567,68.3837786544));
#1441 = CARTESIAN_POINT('',(5.208165329615,68.157389934882));
#1442 = CARTESIAN_POINT('',(5.266589812614,67.907731688157));
#1443 = CARTESIAN_POINT('',(5.325914923763,67.639777461283));
#1444 = CARTESIAN_POINT('',(5.404793062421,67.274155572392));
#1445 = CARTESIAN_POINT('',(5.423340762997,67.187527306612));
#1446 = CARTESIAN_POINT('',(5.442003055869,67.099913269714));
#1447 = CARTESIAN_POINT('',(5.460787738665,67.011489475603));
#1448 = CARTESIAN_POINT('',(5.479702713853,66.922443647392));
#1449 = CARTESIAN_POINT('',(5.522014116976,66.723762064771));
#1450 = CARTESIAN_POINT('',(5.54547853704,66.61391865678));
#1451 = CARTESIAN_POINT('',(5.569164828367,66.503804629752));
#1452 = CARTESIAN_POINT('',(5.593088240628,66.393811889746));
#1453 = CARTESIAN_POINT('',(5.617264309331,66.284365910213));
#1454 = CARTESIAN_POINT('',(5.672889386658,66.03761274523));
#1455 = CARTESIAN_POINT('',(5.704514183718,65.900905490719));
#1456 = CARTESIAN_POINT('',(5.736607725006,65.766808922036));
#1457 = CARTESIAN_POINT('',(5.769193920092,65.636424382862));
#1458 = CARTESIAN_POINT('',(5.802298690019,65.510940834242));
#1459 = CARTESIAN_POINT('',(5.862049740832,65.299096178675));
#1460 = CARTESIAN_POINT('',(5.88848072973,65.210264789453));
#1461 = CARTESIAN_POINT('',(5.915236646822,65.125802346376));
#1462 = CARTESIAN_POINT('',(5.942311466215,65.046378667769));
#1463 = CARTESIAN_POINT('',(5.969701237622,64.972649847643));
#1464 = CARTESIAN_POINT('',(6.043416586353,64.793293116844));
#1465 = CARTESIAN_POINT('',(6.090385829753,64.698562920249));
#1466 = CARTESIAN_POINT('',(6.138055886046,64.624693765143));
#1467 = CARTESIAN_POINT('',(6.186210652558,64.574410131132));
#1468 = CARTESIAN_POINT('',(6.234652856725,64.549180327869));
#1469 = CARTESIAN_POINT('',(6.28318530718,64.549180327869));
#1470 = ( GEOMETRIC_REPRESENTATION_CONTEXT(2) 
PARAMETRIC_REPRESENTATION_CONTEXT() REPRESENTATION_CONTEXT('2D SPACE',''
  ) );
#1471 = PCURVE('',#1215,#1472);
#1472 = DEFINITIONAL_REPRESENTATION('',(#1473),#1546);
#1473 = B_SPLINE_CURVE_WITH_KNOTS('',6,(#1474,#1475,#1476,#1477,#1478,
    #1479,#1480,#1481,#1482,#1483,#1484,#1485,#1486,#1487,#1488,#1489,
    #1490,#1491,#1492,#1493,#1494,#1495,#1496,#1497,#1498,#1499,#1500,
    #1501,#1502,#1503,#1504,#1505,#1506,#1507,#1508,#1509,#1510,#1511,
    #1512,#1513,#1514,#1515,#1516,#1517,#1518,#1519,#1520,#1521,#1522,
    #1523,#1524,#1525,#1526,#1527,#1528,#1529,#1530,#1531,#1532,#1533,
    #1534,#1535,#1536,#1537,#1538,#1539,#1540,#1541,#1542,#1543,#1544,
    #1545),.UNSPECIFIED.,.F.,.F.,(7,5,5,5,5,5,5,5,5,5,5,5,5,5,7),(0.,
    7.300131084817E-02,0.119408491162,0.178369885973,0.224193656445,
    0.260564294146,0.383105299469,0.500002245872,0.61722428876,
    0.739400053004,0.776678646898,0.822184226517,0.880226799904,
    0.925238333309,1.),.UNSPECIFIED.);
#1474 = CARTESIAN_POINT('',(6.28318530718,35.040983606557));
#1475 = CARTESIAN_POINT('',(6.262336001345,35.040983606557));
#1476 = CARTESIAN_POINT('',(6.241522722449,35.095644336406));
#1477 = CARTESIAN_POINT('',(6.220895366439,35.204610763603));
#1478 = CARTESIAN_POINT('',(6.200602525318,35.365732274955));
#1479 = CARTESIAN_POINT('',(6.180791409399,35.575082533424));
#1480 = CARTESIAN_POINT('',(6.149409062719,35.986920916458));
#1481 = CARTESIAN_POINT('',(6.137451685326,36.164303601849));
#1482 = CARTESIAN_POINT('',(6.125745716249,36.357929712311));
#1483 = CARTESIAN_POINT('',(6.114302803397,36.566689429031));
#1484 = CARTESIAN_POINT('',(6.103133923585,36.78943944099));
#1485 = CARTESIAN_POINT('',(6.078420235446,37.3242801195));
#1486 = CARTESIAN_POINT('',(6.065047263295,37.644297695327));
#1487 = CARTESIAN_POINT('',(6.052130696998,37.983101991615));
#1488 = CARTESIAN_POINT('',(6.039670198148,38.338913679014));
#1489 = CARTESIAN_POINT('',(6.027664505329,38.710118998875));
#1490 = CARTESIAN_POINT('',(6.007132027039,39.394595790667));
#1491 = CARTESIAN_POINT('',(5.998424470593,39.702402153769));
#1492 = CARTESIAN_POINT('',(5.989985567137,40.018075059112));
#1493 = CARTESIAN_POINT('',(5.981812563609,40.341068456222));
#1494 = CARTESIAN_POINT('',(5.973902762664,40.670900642952));
#1495 = CARTESIAN_POINT('',(5.960182137764,41.274041466678));
#1496 = CARTESIAN_POINT('',(5.954274896108,41.544975124223));
#1497 = CARTESIAN_POINT('',(5.948530527254,41.819741102794));
#1498 = CARTESIAN_POINT('',(5.942947921798,42.098144492959));
#1499 = CARTESIAN_POINT('',(5.937526058238,42.380009844397));
#1500 = CARTESIAN_POINT('',(5.914534934079,43.625988636832));
#1501 = CARTESIAN_POINT('',(5.898609321179,44.624898517715));
#1502 = CARTESIAN_POINT('',(5.884472944267,45.6550783283));
#1503 = CARTESIAN_POINT('',(5.872120601457,46.711300643988));
#1504 = CARTESIAN_POINT('',(5.86155520216,47.789478961371));
#1505 = CARTESIAN_POINT('',(5.844429831471,49.932426187037));
#1506 = CARTESIAN_POINT('',(5.837710059463,50.995240230081));
#1507 = CARTESIAN_POINT('',(5.832653557121,52.070193770912));
#1508 = CARTESIAN_POINT('',(5.829276225549,53.153199555883));
#1509 = CARTESIAN_POINT('',(5.827586633784,54.240373973517));
#1510 = CARTESIAN_POINT('',(5.827586633784,56.418388111196));
#1511 = CARTESIAN_POINT('',(5.829285636271,57.508582543555));
#1512 = CARTESIAN_POINT('',(5.832681758887,58.594573478915));
#1513 = CARTESIAN_POINT('',(5.837766344231,59.672446316576));
#1514 = CARTESIAN_POINT('',(5.844523334484,60.738079919858));
#1515 = CARTESIAN_POINT('',(5.861692591411,62.880200354627));
#1516 = CARTESIAN_POINT('',(5.872244838354,63.954939318806));
#1517 = CARTESIAN_POINT('',(5.884573328964,65.007818294145));
#1518 = CARTESIAN_POINT('',(5.898675234732,66.034784331337));
#1519 = CARTESIAN_POINT('',(5.914555766803,67.030655387432));
#1520 = CARTESIAN_POINT('',(5.937621579842,68.280972209137));
#1521 = CARTESIAN_POINT('',(5.943181980624,68.569809287142));
#1522 = CARTESIAN_POINT('',(5.94891126817,68.855006056145));
#1523 = CARTESIAN_POINT('',(5.954810546833,69.136373269157));
#1524 = CARTESIAN_POINT('',(5.960881017697,69.413700135237));
#1525 = CARTESIAN_POINT('',(5.974744693945,70.020068632697));
#1526 = CARTESIAN_POINT('',(5.982622491342,70.34701868449));
#1527 = CARTESIAN_POINT('',(5.990760035991,70.667192630627));
#1528 = CARTESIAN_POINT('',(5.999159972269,70.980115620399));
#1529 = CARTESIAN_POINT('',(6.00782499463,71.285250020163));
#1530 = CARTESIAN_POINT('',(6.028151903525,71.960496018152));
#1531 = CARTESIAN_POINT('',(6.039984332633,72.325435002954));
#1532 = CARTESIAN_POINT('',(6.052257556139,72.675422739929));
#1533 = CARTESIAN_POINT('',(6.064972763086,73.008917314425));
#1534 = CARTESIAN_POINT('',(6.078130273863,73.324221399208));
#1535 = CARTESIAN_POINT('',(6.102276177786,73.848448647853));
#1536 = CARTESIAN_POINT('',(6.113089715,74.065391559583));
#1537 = CARTESIAN_POINT('',(6.124161407373,74.269238744774));
#1538 = CARTESIAN_POINT('',(6.135481589788,74.45895203814));
#1539 = CARTESIAN_POINT('',(6.147040004609,74.633519671797));
#1540 = CARTESIAN_POINT('',(6.178401453047,75.055099178381));
#1541 = CARTESIAN_POINT('',(6.198644149911,75.274267006048));
#1542 = CARTESIAN_POINT('',(6.219401394075,75.443133111547));
#1543 = CARTESIAN_POINT('',(6.240516453362,75.557413511053));
#1544 = CARTESIAN_POINT('',(6.261831028979,75.614754098361));
#1545 = CARTESIAN_POINT('',(6.28318530718,75.614754098361));
#1546 = ( GEOMETRIC_REPRESENTATION_CONTEXT(2) 
PARAMETRIC_REPRESENTATION_CONTEXT() REPRESENTATION_CONTEXT('2D SPACE',''
  ) );
#1547 = ADVANCED_FACE('',(#1548,#1551),#574,.F.);
#1548 = FACE_BOUND('',#1549,.F.);
#1549 = EDGE_LOOP('',(#1550));
#1550 = ORIENTED_EDGE('',*,*,#559,.T.);
#1551 = FACE_BOUND('',#1552,.F.);
#1552 = EDGE_LOOP('',(#1553));
#1553 = ORIENTED_EDGE('',*,*,#1554,.F.);
#1554 = EDGE_CURVE('',#1555,#1555,#1557,.T.);
#1555 = VERTEX_POINT('',#1556);
#1556 = CARTESIAN_POINT('',(-46.10655737704,-1.12928495823E-14,
    -46.10655737704));
#1557 = SURFACE_CURVE('',#1558,(#1563,#1570),.PCURVE_S1.);
#1558 = CIRCLE('',#1559,46.106557377049);
#1559 = AXIS2_PLACEMENT_3D('',#1560,#1561,#1562);
#1560 = CARTESIAN_POINT('',(-46.10655737704,0.,-1.023771231724E-14));
#1561 = DIRECTION('',(1.,-0.,2.22044604925E-16));
#1562 = DIRECTION('',(2.22044604925E-16,0.,-1.));
#1563 = PCURVE('',#574,#1564);
#1564 = DEFINITIONAL_REPRESENTATION('',(#1565),#1569);
#1565 = CIRCLE('',#1566,46.106557377049);
#1566 = AXIS2_PLACEMENT_2D('',#1567,#1568);
#1567 = CARTESIAN_POINT('',(0.,0.));
#1568 = DIRECTION('',(1.,0.));
#1569 = ( GEOMETRIC_REPRESENTATION_CONTEXT(2) 
PARAMETRIC_REPRESENTATION_CONTEXT() REPRESENTATION_CONTEXT('2D SPACE',''
  ) );
#1570 = PCURVE('',#1215,#1571);
#1571 = DEFINITIONAL_REPRESENTATION('',(#1572),#1576);
#1572 = LINE('',#1573,#1574);
#1573 = CARTESIAN_POINT('',(0.,9.22131147541));
#1574 = VECTOR('',#1575,1.);
#1575 = DIRECTION('',(1.,0.));
#1576 = ( GEOMETRIC_REPRESENTATION_CONTEXT(2) 
PARAMETRIC_REPRESENTATION_CONTEXT() REPRESENTATION_CONTEXT('2D SPACE',''
  ) );
#1577 = ADVANCED_FACE('',(#1578,#1581),#307,.T.);
#1578 = FACE_BOUND('',#1579,.T.);
#1579 = EDGE_LOOP('',(#1580));
#1580 = ORIENTED_EDGE('',*,*,#292,.T.);
#1581 = FACE_BOUND('',#1582,.T.);
#1582 = EDGE_LOOP('',(#1583));
#1583 = ORIENTED_EDGE('',*,*,#1584,.F.);
#1584 = EDGE_CURVE('',#1585,#1585,#1587,.T.);
#1585 = VERTEX_POINT('',#1586);
#1586 = CARTESIAN_POINT('',(46.106557377049,-1.12928495823E-14,
    -46.10655737704));
#1587 = SURFACE_CURVE('',#1588,(#1593,#1600),.PCURVE_S1.);
#1588 = CIRCLE('',#1589,46.106557377049);
#1589 = AXIS2_PLACEMENT_3D('',#1590,#1591,#1592);
#1590 = CARTESIAN_POINT('',(46.106557377049,0.,1.023771231724E-14));
#1591 = DIRECTION('',(1.,-0.,2.22044604925E-16));
#1592 = DIRECTION('',(2.22044604925E-16,0.,-1.));
#1593 = PCURVE('',#307,#1594);
#1594 = DEFINITIONAL_REPRESENTATION('',(#1595),#1599);
#1595 = CIRCLE('',#1596,46.106557377049);
#1596 = AXIS2_PLACEMENT_2D('',#1597,#1598);
#1597 = CARTESIAN_POINT('',(0.,0.));
#1598 = DIRECTION('',(1.,0.));
#1599 = ( GEOMETRIC_REPRESENTATION_CONTEXT(2) 
PARAMETRIC_REPRESENTATION_CONTEXT() REPRESENTATION_CONTEXT('2D SPACE',''
  ) );
#1600 = PCURVE('',#1215,#1601);
#1601 = DEFINITIONAL_REPRESENTATION('',(#1602),#1606);
#1602 = LINE('',#1603,#1604);
#1603 = CARTESIAN_POINT('',(0.,101.4344262295));
#1604 = VECTOR('',#1605,1.);
#1605 = DIRECTION('',(1.,0.));
#1606 = ( GEOMETRIC_REPRESENTATION_CONTEXT(2) 
PARAMETRIC_REPRESENTATION_CONTEXT() REPRESENTATION_CONTEXT('2D SPACE',''
  ) );
#1607 = ADVANCED_FACE('',(#1608),#608,.F.);
#1608 = FACE_BOUND('',#1609,.F.);
#1609 = EDGE_LOOP('',(#1610,#1633,#1634,#1657));
#1610 = ORIENTED_EDGE('',*,*,#1611,.F.);
#1611 = EDGE_CURVE('',#592,#1612,#1614,.T.);
#1612 = VERTEX_POINT('',#1613);
#1613 = CARTESIAN_POINT('',(-18.44262299082,103.73975422336,
    18.44262299082));
#1614 = SURFACE_CURVE('',#1615,(#1619,#1626),.PCURVE_S1.);
#1615 = LINE('',#1616,#1617);
#1616 = CARTESIAN_POINT('',(-18.44262299082,80.686475484836,
    18.44262299082));
#1617 = VECTOR('',#1618,1.);
#1618 = DIRECTION('',(-0.,1.,0.));
#1619 = PCURVE('',#608,#1620);
#1620 = DEFINITIONAL_REPRESENTATION('',(#1621),#1625);
#1621 = LINE('',#1622,#1623);
#1622 = CARTESIAN_POINT('',(36.885245981639,0.));
#1623 = VECTOR('',#1624,1.);
#1624 = DIRECTION('',(0.,-1.));
#1625 = ( GEOMETRIC_REPRESENTATION_CONTEXT(2) 
PARAMETRIC_REPRESENTATION_CONTEXT() REPRESENTATION_CONTEXT('2D SPACE',''
  ) );
#1626 = PCURVE('',#688,#1627);
#1627 = DEFINITIONAL_REPRESENTATION('',(#1628),#1632);
#1628 = LINE('',#1629,#1630);
#1629 = CARTESIAN_POINT('',(0.,0.));
#1630 = VECTOR('',#1631,1.);
#1631 = DIRECTION('',(0.,1.));
#1632 = ( GEOMETRIC_REPRESENTATION_CONTEXT(2) 
PARAMETRIC_REPRESENTATION_CONTEXT() REPRESENTATION_CONTEXT('2D SPACE',''
  ) );
#1633 = ORIENTED_EDGE('',*,*,#589,.F.);
#1634 = ORIENTED_EDGE('',*,*,#1635,.T.);
#1635 = EDGE_CURVE('',#590,#1636,#1638,.T.);
#1636 = VERTEX_POINT('',#1637);
#1637 = CARTESIAN_POINT('',(-18.44262299082,103.73975422336,
    -18.44262299082));
#1638 = SURFACE_CURVE('',#1639,(#1643,#1650),.PCURVE_S1.);
#1639 = LINE('',#1640,#1641);
#1640 = CARTESIAN_POINT('',(-18.44262299082,80.686475484836,
    -18.44262299082));
#1641 = VECTOR('',#1642,1.);
#1642 = DIRECTION('',(-0.,1.,0.));
#1643 = PCURVE('',#608,#1644);
#1644 = DEFINITIONAL_REPRESENTATION('',(#1645),#1649);
#1645 = LINE('',#1646,#1647);
#1646 = CARTESIAN_POINT('',(0.,0.));
#1647 = VECTOR('',#1648,1.);
#1648 = DIRECTION('',(0.,-1.));
#1649 = ( GEOMETRIC_REPRESENTATION_CONTEXT(2) 
PARAMETRIC_REPRESENTATION_CONTEXT() REPRESENTATION_CONTEXT('2D SPACE',''
  ) );
#1650 = PCURVE('',#635,#1651);
#1651 = DEFINITIONAL_REPRESENTATION('',(#1652),#1656);
#1652 = LINE('',#1653,#1654);
#1653 = CARTESIAN_POINT('',(0.,0.));
#1654 = VECTOR('',#1655,1.);
#1655 = DIRECTION('',(0.,1.));
#1656 = ( GEOMETRIC_REPRESENTATION_CONTEXT(2) 
PARAMETRIC_REPRESENTATION_CONTEXT() REPRESENTATION_CONTEXT('2D SPACE',''
  ) );
#1657 = ORIENTED_EDGE('',*,*,#1658,.T.);
#1658 = EDGE_CURVE('',#1636,#1612,#1659,.T.);
#1659 = SURFACE_CURVE('',#1660,(#1664,#1671),.PCURVE_S1.);
#1660 = LINE('',#1661,#1662);
#1661 = CARTESIAN_POINT('',(-18.44262299082,103.73975422336,
    -18.44262299082));
#1662 = VECTOR('',#1663,1.);
#1663 = DIRECTION('',(0.,0.,1.));
#1664 = PCURVE('',#608,#1665);
#1665 = DEFINITIONAL_REPRESENTATION('',(#1666),#1670);
#1666 = LINE('',#1667,#1668);
#1667 = CARTESIAN_POINT('',(0.,-23.05327873852));
#1668 = VECTOR('',#1669,1.);
#1669 = DIRECTION('',(1.,0.));
#1670 = ( GEOMETRIC_REPRESENTATION_CONTEXT(2) 
PARAMETRIC_REPRESENTATION_CONTEXT() REPRESENTATION_CONTEXT('2D SPACE',''
  ) );
#1671 = PCURVE('',#1672,#1677);
#1672 = PLANE('',#1673);
#1673 = AXIS2_PLACEMENT_3D('',#1674,#1675,#1676);
#1674 = CARTESIAN_POINT('',(-18.44262299082,103.73975422336,
    -18.44262299082));
#1675 = DIRECTION('',(-0.,1.,0.));
#1676 = DIRECTION('',(0.,0.,1.));
#1677 = DEFINITIONAL_REPRESENTATION('',(#1678),#1682);
#1678 = LINE('',#1679,#1680);
#1679 = CARTESIAN_POINT('',(0.,0.));
#1680 = VECTOR('',#1681,1.);
#1681 = DIRECTION('',(1.,0.));
#1682 = ( GEOMETRIC_REPRESENTATION_CONTEXT(2) 
PARAMETRIC_REPRESENTATION_CONTEXT() REPRESENTATION_CONTEXT('2D SPACE',''
  ) );
#1683 = ADVANCED_FACE('',(#1684),#688,.T.);
#1684 = FACE_BOUND('',#1685,.T.);
#1685 = EDGE_LOOP('',(#1686,#1687,#1688,#1711));
#1686 = ORIENTED_EDGE('',*,*,#1611,.F.);
#1687 = ORIENTED_EDGE('',*,*,#675,.T.);
#1688 = ORIENTED_EDGE('',*,*,#1689,.T.);
#1689 = EDGE_CURVE('',#647,#1690,#1692,.T.);
#1690 = VERTEX_POINT('',#1691);
#1691 = CARTESIAN_POINT('',(18.44262299082,103.73975422336,
    18.44262299082));
#1692 = SURFACE_CURVE('',#1693,(#1697,#1704),.PCURVE_S1.);
#1693 = LINE('',#1694,#1695);
#1694 = CARTESIAN_POINT('',(18.44262299082,80.686475484836,
    18.44262299082));
#1695 = VECTOR('',#1696,1.);
#1696 = DIRECTION('',(-0.,1.,0.));
#1697 = PCURVE('',#688,#1698);
#1698 = DEFINITIONAL_REPRESENTATION('',(#1699),#1703);
#1699 = LINE('',#1700,#1701);
#1700 = CARTESIAN_POINT('',(36.885245981639,0.));
#1701 = VECTOR('',#1702,1.);
#1702 = DIRECTION('',(0.,1.));
#1703 = ( GEOMETRIC_REPRESENTATION_CONTEXT(2) 
PARAMETRIC_REPRESENTATION_CONTEXT() REPRESENTATION_CONTEXT('2D SPACE',''
  ) );
#1704 = PCURVE('',#663,#1705);
#1705 = DEFINITIONAL_REPRESENTATION('',(#1706),#1710);
#1706 = LINE('',#1707,#1708);
#1707 = CARTESIAN_POINT('',(36.885245981639,0.));
#1708 = VECTOR('',#1709,1.);
#1709 = DIRECTION('',(0.,-1.));
#1710 = ( GEOMETRIC_REPRESENTATION_CONTEXT(2) 
PARAMETRIC_REPRESENTATION_CONTEXT() REPRESENTATION_CONTEXT('2D SPACE',''
  ) );
#1711 = ORIENTED_EDGE('',*,*,#1712,.F.);
#1712 = EDGE_CURVE('',#1612,#1690,#1713,.T.);
#1713 = SURFACE_CURVE('',#1714,(#1718,#1725),.PCURVE_S1.);
#1714 = LINE('',#1715,#1716);
#1715 = CARTESIAN_POINT('',(-18.44262299082,103.73975422336,
    18.44262299082));
#1716 = VECTOR('',#1717,1.);
#1717 = DIRECTION('',(1.,0.,-0.));
#1718 = PCURVE('',#688,#1719);
#1719 = DEFINITIONAL_REPRESENTATION('',(#1720),#1724);
#1720 = LINE('',#1721,#1722);
#1721 = CARTESIAN_POINT('',(0.,23.053278738525));
#1722 = VECTOR('',#1723,1.);
#1723 = DIRECTION('',(1.,0.));
#1724 = ( GEOMETRIC_REPRESENTATION_CONTEXT(2) 
PARAMETRIC_REPRESENTATION_CONTEXT() REPRESENTATION_CONTEXT('2D SPACE',''
  ) );
#1725 = PCURVE('',#1672,#1726);
#1726 = DEFINITIONAL_REPRESENTATION('',(#1727),#1731);
#1727 = LINE('',#1728,#1729);
#1728 = CARTESIAN_POINT('',(36.885245981639,0.));
#1729 = VECTOR('',#1730,1.);
#1730 = DIRECTION('',(0.,1.));
#1731 = ( GEOMETRIC_REPRESENTATION_CONTEXT(2) 
PARAMETRIC_REPRESENTATION_CONTEXT() REPRESENTATION_CONTEXT('2D SPACE',''
  ) );
#1732 = ADVANCED_FACE('',(#1733),#663,.T.);
#1733 = FACE_BOUND('',#1734,.T.);
#1734 = EDGE_LOOP('',(#1735,#1736,#1737,#1760));
#1735 = ORIENTED_EDGE('',*,*,#1689,.F.);
#1736 = ORIENTED_EDGE('',*,*,#646,.F.);
#1737 = ORIENTED_EDGE('',*,*,#1738,.T.);
#1738 = EDGE_CURVE('',#621,#1739,#1741,.T.);
#1739 = VERTEX_POINT('',#1740);
#1740 = CARTESIAN_POINT('',(18.44262299082,103.73975422336,
    -18.44262299082));
#1741 = SURFACE_CURVE('',#1742,(#1746,#1753),.PCURVE_S1.);
#1742 = LINE('',#1743,#1744);
#1743 = CARTESIAN_POINT('',(18.44262299082,80.686475484836,
    -18.44262299082));
#1744 = VECTOR('',#1745,1.);
#1745 = DIRECTION('',(-0.,1.,0.));
#1746 = PCURVE('',#663,#1747);
#1747 = DEFINITIONAL_REPRESENTATION('',(#1748),#1752);
#1748 = LINE('',#1749,#1750);
#1749 = CARTESIAN_POINT('',(0.,0.));
#1750 = VECTOR('',#1751,1.);
#1751 = DIRECTION('',(0.,-1.));
#1752 = ( GEOMETRIC_REPRESENTATION_CONTEXT(2) 
PARAMETRIC_REPRESENTATION_CONTEXT() REPRESENTATION_CONTEXT('2D SPACE',''
  ) );
#1753 = PCURVE('',#635,#1754);
#1754 = DEFINITIONAL_REPRESENTATION('',(#1755),#1759);
#1755 = LINE('',#1756,#1757);
#1756 = CARTESIAN_POINT('',(36.885245981639,0.));
#1757 = VECTOR('',#1758,1.);
#1758 = DIRECTION('',(0.,1.));
#1759 = ( GEOMETRIC_REPRESENTATION_CONTEXT(2) 
PARAMETRIC_REPRESENTATION_CONTEXT() REPRESENTATION_CONTEXT('2D SPACE',''
  ) );
#1760 = ORIENTED_EDGE('',*,*,#1761,.T.);
#1761 = EDGE_CURVE('',#1739,#1690,#1762,.T.);
#1762 = SURFACE_CURVE('',#1763,(#1767,#1774),.PCURVE_S1.);
#1763 = LINE('',#1764,#1765);
#1764 = CARTESIAN_POINT('',(18.44262299082,103.73975422336,
    -18.44262299082));
#1765 = VECTOR('',#1766,1.);
#1766 = DIRECTION('',(0.,0.,1.));
#1767 = PCURVE('',#663,#1768);
#1768 = DEFINITIONAL_REPRESENTATION('',(#1769),#1773);
#1769 = LINE('',#1770,#1771);
#1770 = CARTESIAN_POINT('',(0.,-23.05327873852));
#1771 = VECTOR('',#1772,1.);
#1772 = DIRECTION('',(1.,0.));
#1773 = ( GEOMETRIC_REPRESENTATION_CONTEXT(2) 
PARAMETRIC_REPRESENTATION_CONTEXT() REPRESENTATION_CONTEXT('2D SPACE',''
  ) );
#1774 = PCURVE('',#1672,#1775);
#1775 = DEFINITIONAL_REPRESENTATION('',(#1776),#1780);
#1776 = LINE('',#1777,#1778);
#1777 = CARTESIAN_POINT('',(0.,36.885245981639));
#1778 = VECTOR('',#1779,1.);
#1779 = DIRECTION('',(1.,0.));
#1780 = ( GEOMETRIC_REPRESENTATION_CONTEXT(2) 
PARAMETRIC_REPRESENTATION_CONTEXT() REPRESENTATION_CONTEXT('2D SPACE',''
  ) );
#1781 = ADVANCED_FACE('',(#1782),#635,.F.);
#1782 = FACE_BOUND('',#1783,.F.);
#1783 = EDGE_LOOP('',(#1784,#1785,#1786,#1787));
#1784 = ORIENTED_EDGE('',*,*,#1635,.F.);
#1785 = ORIENTED_EDGE('',*,*,#620,.T.);
#1786 = ORIENTED_EDGE('',*,*,#1738,.T.);
#1787 = ORIENTED_EDGE('',*,*,#1788,.F.);
#1788 = EDGE_CURVE('',#1636,#1739,#1789,.T.);
#1789 = SURFACE_CURVE('',#1790,(#1794,#1801),.PCURVE_S1.);
#1790 = LINE('',#1791,#1792);
#1791 = CARTESIAN_POINT('',(-18.44262299082,103.73975422336,
    -18.44262299082));
#1792 = VECTOR('',#1793,1.);
#1793 = DIRECTION('',(1.,0.,-0.));
#1794 = PCURVE('',#635,#1795);
#1795 = DEFINITIONAL_REPRESENTATION('',(#1796),#1800);
#1796 = LINE('',#1797,#1798);
#1797 = CARTESIAN_POINT('',(0.,23.053278738525));
#1798 = VECTOR('',#1799,1.);
#1799 = DIRECTION('',(1.,0.));
#1800 = ( GEOMETRIC_REPRESENTATION_CONTEXT(2) 
PARAMETRIC_REPRESENTATION_CONTEXT() REPRESENTATION_CONTEXT('2D SPACE',''
  ) );
#1801 = PCURVE('',#1672,#1802);
#1802 = DEFINITIONAL_REPRESENTATION('',(#1803),#1807);
#1803 = LINE('',#1804,#1805);
#1804 = CARTESIAN_POINT('',(0.,0.));
#1805 = VECTOR('',#1806,1.);
#1806 = DIRECTION('',(0.,1.));
#1807 = ( GEOMETRIC_REPRESENTATION_CONTEXT(2) 
PARAMETRIC_REPRESENTATION_CONTEXT() REPRESENTATION_CONTEXT('2D SPACE',''
  ) );
#1808 = ADVANCED_FACE('',(#1809),#935,.F.);
#1809 = FACE_BOUND('',#1810,.F.);
#1810 = EDGE_LOOP('',(#1811,#1812,#1835,#2273));
#1811 = ORIENTED_EDGE('',*,*,#701,.F.);
#1812 = ORIENTED_EDGE('',*,*,#1813,.F.);
#1813 = EDGE_CURVE('',#1814,#702,#1816,.T.);
#1814 = VERTEX_POINT('',#1815);
#1815 = CARTESIAN_POINT('',(20.286885245902,-4.968853816213E-15,
    46.106557377049));
#1816 = SEAM_CURVE('',#1817,(#1821,#1828),.PCURVE_S1.);
#1817 = LINE('',#1818,#1819);
#1818 = CARTESIAN_POINT('',(20.286885245902,-4.968853816213E-15,
    -110.6557377049));
#1819 = VECTOR('',#1820,1.);
#1820 = DIRECTION('',(0.,0.,1.));
#1821 = PCURVE('',#935,#1822);
#1822 = DEFINITIONAL_REPRESENTATION('',(#1823),#1827);
#1823 = LINE('',#1824,#1825);
#1824 = CARTESIAN_POINT('',(6.28318530718,-0.));
#1825 = VECTOR('',#1826,1.);
#1826 = DIRECTION('',(0.,1.));
#1827 = ( GEOMETRIC_REPRESENTATION_CONTEXT(2) 
PARAMETRIC_REPRESENTATION_CONTEXT() REPRESENTATION_CONTEXT('2D SPACE',''
  ) );
#1828 = PCURVE('',#935,#1829);
#1829 = DEFINITIONAL_REPRESENTATION('',(#1830),#1834);
#1830 = LINE('',#1831,#1832);
#1831 = CARTESIAN_POINT('',(0.,-0.));
#1832 = VECTOR('',#1833,1.);
#1833 = DIRECTION('',(0.,1.));
#1834 = ( GEOMETRIC_REPRESENTATION_CONTEXT(2) 
PARAMETRIC_REPRESENTATION_CONTEXT() REPRESENTATION_CONTEXT('2D SPACE',''
  ) );
#1835 = ORIENTED_EDGE('',*,*,#1836,.T.);
#1836 = EDGE_CURVE('',#1814,#1814,#1837,.T.);
#1837 = SURFACE_CURVE('',#1838,(#1981,#2127),.PCURVE_S1.);
#1838 = B_SPLINE_CURVE_WITH_KNOTS('',6,(#1839,#1840,#1841,#1842,#1843,
    #1844,#1845,#1846,#1847,#1848,#1849,#1850,#1851,#1852,#1853,#1854,
    #1855,#1856,#1857,#1858,#1859,#1860,#1861,#1862,#1863,#1864,#1865,
    #1866,#1867,#1868,#1869,#1870,#1871,#1872,#1873,#1874,#1875,#1876,
    #1877,#1878,#1879,#1880,#1881,#1882,#1883,#1884,#1885,#1886,#1887,
    #1888,#1889,#1890,#1891,#1892,#1893,#1894,#1895,#1896,#1897,#1898,
    #1899,#1900,#1901,#1902,#1903,#1904,#1905,#1906,#1907,#1908,#1909,
    #1910,#1911,#1912,#1913,#1914,#1915,#1916,#1917,#1918,#1919,#1920,
    #1921,#1922,#1923,#1924,#1925,#1926,#1927,#1928,#1929,#1930,#1931,
    #1932,#1933,#1934,#1935,#1936,#1937,#1938,#1939,#1940,#1941,#1942,
    #1943,#1944,#1945,#1946,#1947,#1948,#1949,#1950,#1951,#1952,#1953,
    #1954,#1955,#1956,#1957,#1958,#1959,#1960,#1961,#1962,#1963,#1964,
    #1965,#1966,#1967,#1968,#1969,#1970,#1971,#1972,#1973,#1974,#1975,
    #1976,#1977,#1978,#1979,#1980),.UNSPECIFIED.,.T.,.F.,(7,5,5,5,5,5,5,
    5,5,5,5,5,5,5,5,5,5,5,5,5,5,5,5,5,5,5,5,5,7),(0.,3.650485725983E-02,
    5.971111853481E-02,8.919520965713E-02,0.112109732431,0.130297144713,
    0.191574700625,0.250029902215,0.308647670759,0.369742585093,
    0.388384027965,0.411139437585,0.440164065859,0.462672423932,
    0.500057561399,0.524150639258,0.559735802899,0.589214387429,
    0.612124630576,0.63030864609,0.691574757507,0.750019041722,
    0.80862586253,0.869709366484,0.88834732755,0.91109848651,
    0.940117692845,0.96262184625,1.),.UNSPECIFIED.);
#1839 = CARTESIAN_POINT('',(20.286885245902,0.,46.106557377049));
#1840 = CARTESIAN_POINT('',(20.286885245902,0.961289715578,
    46.106557377049));
#1841 = CARTESIAN_POINT('',(20.232224516069,1.920918188531,
    46.08250670247));
#1842 = CARTESIAN_POINT('',(20.123258088835,2.87122321765,
    46.034561257403));
#1843 = CARTESIAN_POINT('',(19.962136577482,3.804610533144,
    45.964060248789));
#1844 = CARTESIAN_POINT('',(19.752786319071,4.71376009784,
    45.873495658172));
#1845 = CARTESIAN_POINT('',(19.340947936001,6.150011223485,
    45.698011117424));
#1846 = CARTESIAN_POINT('',(19.16356525061,6.696256974495,45.62297803621
    ));
#1847 = CARTESIAN_POINT('',(18.969939140148,7.229922261697,
    45.541800204866));
#1848 = CARTESIAN_POINT('',(18.761179423428,7.750432520447,
    45.455196873759));
#1849 = CARTESIAN_POINT('',(18.538429411468,8.257276722947,
    45.363904904394));
#1850 = CARTESIAN_POINT('',(18.003588732958,9.376032386288,
    45.147659958175));
#1851 = CARTESIAN_POINT('',(17.683571157132,9.97940090194,
    45.020257499608));
#1852 = CARTESIAN_POINT('',(17.344766860843,10.560133379444,
    44.887786424178));
#1853 = CARTESIAN_POINT('',(16.988955173444,11.118336771878,
    44.751493299178));
#1854 = CARTESIAN_POINT('',(16.617749853585,11.654202384919,
    44.612531370289));
#1855 = CARTESIAN_POINT('',(15.933273061792,12.56732172686,
    44.362692091772));
#1856 = CARTESIAN_POINT('',(15.62546669869,12.953386486564,
    44.252435912637));
#1857 = CARTESIAN_POINT('',(15.309793793346,13.326402079911,
    44.141649819027));
#1858 = CARTESIAN_POINT('',(14.986800396236,13.686574943161,
    44.030766691592));
#1859 = CARTESIAN_POINT('',(14.656968209507,14.03411439793,
    43.92018501642));
#1860 = CARTESIAN_POINT('',(14.053827385782,14.635218682869,
    43.723030162057));
#1861 = CARTESIAN_POINT('',(13.782893728237,14.893380816731,
    43.636209947727));
#1862 = CARTESIAN_POINT('',(13.508127749665,15.143818872958,
    43.549994045687));
#1863 = CARTESIAN_POINT('',(13.229724359498,15.386629048899,
    43.46455630869));
#1864 = CARTESIAN_POINT('',(12.94785900806,15.621904141579,
    43.380060008204));
#1865 = CARTESIAN_POINT('',(11.701880215628,16.617342977517,
    43.015656816322));
#1866 = CARTESIAN_POINT('',(10.702970334742,17.300890439808,
    42.746909294655));
#1867 = CARTESIAN_POINT('',(9.672790524159,17.902838390841,
    42.496578409709));
#1868 = CARTESIAN_POINT('',(8.616568208468,18.425284982144,
    42.269680791222));
#1869 = CARTESIAN_POINT('',(7.538389891088,18.869766296659,
    42.070296547502));
#1870 = CARTESIAN_POINT('',(5.39544266542,19.587348325739,
    41.740855538553));
#1871 = CARTESIAN_POINT('',(4.332628622368,19.867304511502,
    41.60807227716));
#1872 = CARTESIAN_POINT('',(3.257675081566,20.077096582795,
    41.506377882899));
#1873 = CARTESIAN_POINT('',(2.174669296567,20.216930051355,
    41.437862402466));
#1874 = CARTESIAN_POINT('',(1.087494878942,20.286885245902,
    41.403585837253));
#1875 = CARTESIAN_POINT('',(-1.090519258737,20.286885245902,
    41.403585837253));
#1876 = CARTESIAN_POINT('',(-2.18071369109,20.216540412964,
    41.438053316901));
#1877 = CARTESIAN_POINT('',(-3.266704626467,20.075928931319,
    41.506950007986));
#1878 = CARTESIAN_POINT('',(-4.344577464111,19.864969262866,
    41.60920422005));
#1879 = CARTESIAN_POINT('',(-5.4102110674,19.583452785139,
    41.742703044464));
#1880 = CARTESIAN_POINT('',(-7.552331501889,18.863985731152,
    42.07288782327));
#1881 = CARTESIAN_POINT('',(-8.627070466541,18.420028631202,
    42.271959050533));
#1882 = CARTESIAN_POINT('',(-9.679949441858,17.898560277417,
    42.498347770092));
#1883 = CARTESIAN_POINT('',(-10.70691547882,17.298055000066,
    42.74800601675));
#1884 = CARTESIAN_POINT('',(-11.70278653484,16.61643119152,
    43.015960243598));
#1885 = CARTESIAN_POINT('',(-12.95310336044,15.617771349573,
    43.381582133627));
#1886 = CARTESIAN_POINT('',(-13.24194043374,15.376474666831,
    43.468210397965));
#1887 = CARTESIAN_POINT('',(-13.52713719998,15.127260092306,
    43.555824434058));
#1888 = CARTESIAN_POINT('',(-13.80850441565,14.870027516343,
    43.644248229044));
#1889 = CARTESIAN_POINT('',(-14.0858312864,14.604673109181,
    43.733294058715));
#1890 = CARTESIAN_POINT('',(-14.69219978023,13.997128521413,
    43.931975640147));
#1891 = CARTESIAN_POINT('',(-15.01914983203,13.650902927937,
    44.041819048138));
#1892 = CARTESIAN_POINT('',(-15.33932377816,13.292204358473,
    44.151933075166));
#1893 = CARTESIAN_POINT('',(-15.65224676794,12.920827916519,
    44.261925815171));
#1894 = CARTESIAN_POINT('',(-15.9573811677,12.536571785171,
    44.371371794704));
#1895 = CARTESIAN_POINT('',(-16.63262716571,11.632434725881,
    44.618124959696));
#1896 = CARTESIAN_POINT('',(-16.99756615048,11.104239367032,
    44.754832214196));
#1897 = CARTESIAN_POINT('',(-17.34755388744,10.554391999164,
    44.888928782875));
#1898 = CARTESIAN_POINT('',(-17.68104846196,9.982711343955,
    45.019313322054));
#1899 = CARTESIAN_POINT('',(-17.99635254676,9.38909547509,
    45.144796870683));
#1900 = CARTESIAN_POINT('',(-18.52057979539,8.296152553416,
    45.356641526242));
#1901 = CARTESIAN_POINT('',(-18.73752270712,7.805516419456,
    45.445472915464));
#1902 = CARTESIAN_POINT('',(-18.94136989231,7.302008274661,
    45.529935358542));
#1903 = CARTESIAN_POINT('',(-19.13108318568,6.786076907069,
    45.609359037149));
#1904 = CARTESIAN_POINT('',(-19.30565081933,6.258226991358,
    45.683087857275));
#1905 = CARTESIAN_POINT('',(-19.72723032592,4.823425318658,
    45.862444588073));
#1906 = CARTESIAN_POINT('',(-19.94639815358,3.894682311543,
    45.957174784668));
#1907 = CARTESIAN_POINT('',(-20.11526425909,2.940049253498,
    46.031043939775));
#1908 = CARTESIAN_POINT('',(-20.22954465859,1.96731376768,
    46.081327573786));
#1909 = CARTESIAN_POINT('',(-20.2868852459,0.984572253083,
    46.106557377049));
#1910 = CARTESIAN_POINT('',(-20.2868852459,-0.634513540903,
    46.106557377049));
#1911 = CARTESIAN_POINT('',(-20.26307021736,-1.268793704843,
    46.096079264381));
#1912 = CARTESIAN_POINT('',(-20.21547392754,-1.90039702328,
    46.075135491254));
#1913 = CARTESIAN_POINT('',(-20.14452906166,-2.526887640891,
    46.043995569065));
#1914 = CARTESIAN_POINT('',(-20.0510708989,-3.145866323066,
    46.00317031354));
#1915 = CARTESIAN_POINT('',(-19.76688639829,-4.654681214524,
    45.879880206825));
#1916 = CARTESIAN_POINT('',(-19.55125268479,-5.531692532983,
    45.786938758051));
#1917 = CARTESIAN_POINT('',(-19.29291873495,-6.382627400113,
    45.676707515221));
#1918 = CARTESIAN_POINT('',(-18.99577393589,-7.204402182556,
    45.551711220104));
#1919 = CARTESIAN_POINT('',(-18.66415063911,-7.994298716448,
    45.414736079364));
#1920 = CARTESIAN_POINT('',(-18.00358873293,-9.376032386331,
    45.147659958167));
#1921 = CARTESIAN_POINT('',(-17.68357115713,-9.979400901928,
    45.020257499609));
#1922 = CARTESIAN_POINT('',(-17.34476686086,-10.5601333794,
    44.887786424186));
#1923 = CARTESIAN_POINT('',(-16.98895517345,-11.11833677187,
    44.751493299181));
#1924 = CARTESIAN_POINT('',(-16.61774985355,-11.65420238495,
    44.61253137028));
#1925 = CARTESIAN_POINT('',(-15.93327306179,-12.56732172685,
    44.362692091772));
#1926 = CARTESIAN_POINT('',(-15.62546669869,-12.95338648656,
    44.252435912637));
#1927 = CARTESIAN_POINT('',(-15.30979379334,-13.32640207991,
    44.141649819028));
#1928 = CARTESIAN_POINT('',(-14.98680039623,-13.68657494316,
    44.030766691593));
#1929 = CARTESIAN_POINT('',(-14.6569682095,-14.03411439793,
    43.92018501642));
#1930 = CARTESIAN_POINT('',(-14.05382738578,-14.63521868287,
    43.723030162057));
#1931 = CARTESIAN_POINT('',(-13.78289372823,-14.89338081673,
    43.636209947727));
#1932 = CARTESIAN_POINT('',(-13.50812774966,-15.14381887295,
    43.549994045688));
#1933 = CARTESIAN_POINT('',(-13.2297243595,-15.38662904889,
    43.46455630869));
#1934 = CARTESIAN_POINT('',(-12.94785900806,-15.62190414157,
    43.380060008204));
#1935 = CARTESIAN_POINT('',(-11.70188021568,-16.61734297746,
    43.01565681634));
#1936 = CARTESIAN_POINT('',(-10.70297033464,-17.30089043989,
    42.746909294624));
#1937 = CARTESIAN_POINT('',(-9.672790524148,-17.9028383908,
    42.49657840972));
#1938 = CARTESIAN_POINT('',(-8.616568208583,-18.42528498211,
    42.269680791237));
#1939 = CARTESIAN_POINT('',(-7.53838989102,-18.86976629668,
    42.070296547491));
#1940 = CARTESIAN_POINT('',(-5.39544266542,-19.58734832573,
    41.740855538553));
#1941 = CARTESIAN_POINT('',(-4.332628622379,-19.86730451149,
    41.608072277161));
#1942 = CARTESIAN_POINT('',(-3.257675081549,-20.07709658279,
    41.506377882898));
#1943 = CARTESIAN_POINT('',(-2.174669296577,-20.21693005135,
    41.437862402467));
#1944 = CARTESIAN_POINT('',(-1.087494878941,-20.2868852459,
    41.403585837253));
#1945 = CARTESIAN_POINT('',(1.09051925873,-20.2868852459,41.403585837253
    ));
#1946 = CARTESIAN_POINT('',(2.180713691092,-20.21654041296,
    41.438053316901));
#1947 = CARTESIAN_POINT('',(3.266704626477,-20.07592893131,
    41.506950007987));
#1948 = CARTESIAN_POINT('',(4.344577464111,-19.86496926286,
    41.60920422005));
#1949 = CARTESIAN_POINT('',(5.410211067391,-19.58345278514,
    41.742703044463));
#1950 = CARTESIAN_POINT('',(7.552331501894,-18.86398573115,
    42.072887823271));
#1951 = CARTESIAN_POINT('',(8.627070466532,-18.4200286312,
    42.271959050532));
#1952 = CARTESIAN_POINT('',(9.679949441868,-17.89856027741,
    42.498347770094));
#1953 = CARTESIAN_POINT('',(10.706915478816,-17.29805500007,
    42.748006016748));
#1954 = CARTESIAN_POINT('',(11.702786534847,-16.61643119151,
    43.015960243598));
#1955 = CARTESIAN_POINT('',(12.953103356677,-15.61777135258,
    43.381582132526));
#1956 = CARTESIAN_POINT('',(13.241940434682,-15.37647466569,
    43.468210398306));
#1957 = CARTESIAN_POINT('',(13.527137203686,-15.12726008898,
    43.555824435205));
#1958 = CARTESIAN_POINT('',(13.8085044167,-14.8700275157,43.644248229315
    ));
#1959 = CARTESIAN_POINT('',(14.085831282779,-14.60467311281,
    43.733294057527));
#1960 = CARTESIAN_POINT('',(14.692199777981,-13.99712852367,
    43.931975639408));
#1961 = CARTESIAN_POINT('',(15.019149832752,-13.65090292748,
    44.041819048344));
#1962 = CARTESIAN_POINT('',(15.339323780334,-13.29220435595,
    44.151933075915));
#1963 = CARTESIAN_POINT('',(15.652246768374,-12.92082791562,
    44.261925815365));
#1964 = CARTESIAN_POINT('',(15.957381165629,-12.53657178794,
    44.371371793947));
#1965 = CARTESIAN_POINT('',(16.632627165693,-11.6324347259,
    44.618124959688));
#1966 = CARTESIAN_POINT('',(16.997566150495,-11.10423936702,
    44.754832214199));
#1967 = CARTESIAN_POINT('',(17.34755388747,-10.55439199913,
    44.888928782883));
#1968 = CARTESIAN_POINT('',(17.681048461966,-9.982711343943,
    45.019313322056));
#1969 = CARTESIAN_POINT('',(17.996352546749,-9.389095475127,
    45.144796870676));
#1970 = CARTESIAN_POINT('',(18.520579795418,-8.296152553364,
    45.356641526252));
#1971 = CARTESIAN_POINT('',(18.737522707114,-7.805516419468,
    45.44547291546));
#1972 = CARTESIAN_POINT('',(18.941369892294,-7.302008274714,
    45.529935358533));
#1973 = CARTESIAN_POINT('',(19.131083185681,-6.786076907082,
    45.609359037148));
#1974 = CARTESIAN_POINT('',(19.305650819356,-6.258226991294,
    45.683087857283));
#1975 = CARTESIAN_POINT('',(19.727230325922,-4.823425318656,
    45.862444588074));
#1976 = CARTESIAN_POINT('',(19.946398153588,-3.894682311542,
    45.957174784668));
#1977 = CARTESIAN_POINT('',(20.11526425909,-2.940049253495,
    46.031043939775));
#1978 = CARTESIAN_POINT('',(20.229544658593,-1.967313767679,
    46.081327573786));
#1979 = CARTESIAN_POINT('',(20.286885245902,-0.984572253084,
    46.106557377049));
#1980 = CARTESIAN_POINT('',(20.286885245902,0.,46.106557377049));
#1981 = PCURVE('',#935,#1982);
#1982 = DEFINITIONAL_REPRESENTATION('',(#1983),#2126);
#1983 = B_SPLINE_CURVE_WITH_KNOTS('',6,(#1984,#1985,#1986,#1987,#1988,
    #1989,#1990,#1991,#1992,#1993,#1994,#1995,#1996,#1997,#1998,#1999,
    #2000,#2001,#2002,#2003,#2004,#2005,#2006,#2007,#2008,#2009,#2010,
    #2011,#2012,#2013,#2014,#2015,#2016,#2017,#2018,#2019,#2020,#2021,
    #2022,#2023,#2024,#2025,#2026,#2027,#2028,#2029,#2030,#2031,#2032,
    #2033,#2034,#2035,#2036,#2037,#2038,#2039,#2040,#2041,#2042,#2043,
    #2044,#2045,#2046,#2047,#2048,#2049,#2050,#2051,#2052,#2053,#2054,
    #2055,#2056,#2057,#2058,#2059,#2060,#2061,#2062,#2063,#2064,#2065,
    #2066,#2067,#2068,#2069,#2070,#2071,#2072,#2073,#2074,#2075,#2076,
    #2077,#2078,#2079,#2080,#2081,#2082,#2083,#2084,#2085,#2086,#2087,
    #2088,#2089,#2090,#2091,#2092,#2093,#2094,#2095,#2096,#2097,#2098,
    #2099,#2100,#2101,#2102,#2103,#2104,#2105,#2106,#2107,#2108,#2109,
    #2110,#2111,#2112,#2113,#2114,#2115,#2116,#2117,#2118,#2119,#2120,
    #2121,#2122,#2123,#2124,#2125),.UNSPECIFIED.,.F.,.F.,(7,5,5,5,5,5,5,
    5,5,5,5,5,5,5,5,5,5,5,5,5,5,5,5,5,5,5,5,5,7),(0.,3.650485725983E-02,
    5.971111853481E-02,8.919520965713E-02,0.112109732431,0.130297144713,
    0.191574700625,0.250029902215,0.308647670759,0.369742585093,
    0.388384027965,0.411139437585,0.440164065859,0.462672423932,
    0.500057561399,0.524150639258,0.559735802899,0.589214387429,
    0.612124630576,0.63030864609,0.691574757507,0.750019041722,
    0.80862586253,0.869709366484,0.88834732755,0.91109848651,
    0.940117692845,0.96262184625,1.),.UNSPECIFIED.);
#1984 = CARTESIAN_POINT('',(0.,156.76229508196));
#1985 = CARTESIAN_POINT('',(4.738478598E-02,156.76229508196));
#1986 = CARTESIAN_POINT('',(9.468768111617E-02,156.73824440738));
#1987 = CARTESIAN_POINT('',(0.141722526952,156.69029896232));
#1988 = CARTESIAN_POINT('',(0.188303080381,156.6197979537));
#1989 = CARTESIAN_POINT('',(0.234226114928,156.52923336309));
#1990 = CARTESIAN_POINT('',(0.307876220287,156.35374882234));
#1991 = CARTESIAN_POINT('',(0.336169301545,156.27871574112));
#1992 = CARTESIAN_POINT('',(0.364129174028,156.19753790978));
#1993 = CARTESIAN_POINT('',(0.391750910737,156.11093457867));
#1994 = CARTESIAN_POINT('',(0.419027198975,156.01964260931));
#1995 = CARTESIAN_POINT('',(0.480151798479,155.80339766309));
#1996 = CARTESIAN_POINT('',(0.513788729392,155.67599520452));
#1997 = CARTESIAN_POINT('',(0.546890371141,155.54352412909));
#1998 = CARTESIAN_POINT('',(0.579483908077,155.40723100409));
#1999 = CARTESIAN_POINT('',(0.611594385943,155.2682690752));
#2000 = CARTESIAN_POINT('',(0.667846569149,155.01842979669));
#2001 = CARTESIAN_POINT('',(0.692174204167,154.90817361755));
#2002 = CARTESIAN_POINT('',(0.716246522598,154.79738752394));
#2003 = CARTESIAN_POINT('',(0.74007937854,154.68650439651));
#2004 = CARTESIAN_POINT('',(0.763688334066,154.57592272133));
#2005 = CARTESIAN_POINT('',(0.805662796379,154.37876786697));
#2006 = CARTESIAN_POINT('',(0.824105380273,154.29194765264));
#2007 = CARTESIAN_POINT('',(0.842424468141,154.2057317506));
#2008 = CARTESIAN_POINT('',(0.860627387022,154.1202940136));
#2009 = CARTESIAN_POINT('',(0.878721369434,154.03579771312));
#2010 = CARTESIAN_POINT('',(0.957333340335,153.67139452124));
#2011 = CARTESIAN_POINT('',(1.016834144165,153.40264699957));
#2012 = CARTESIAN_POINT('',(1.075429377413,153.15231611462));
#2013 = CARTESIAN_POINT('',(1.133309971063,152.92541849614));
#2014 = CARTESIAN_POINT('',(1.190663146174,152.72603425242));
#2015 = CARTESIAN_POINT('',(1.302060223674,152.39659324347));
#2016 = CARTESIAN_POINT('',(1.356120083747,152.26380998207));
#2017 = CARTESIAN_POINT('',(1.409938709476,152.16211558781));
#2018 = CARTESIAN_POINT('',(1.463600506162,152.09360010738));
#2019 = CARTESIAN_POINT('',(1.517190518621,152.05932354217));
#2020 = CARTESIAN_POINT('',(1.624551215508,152.05932354217));
#2021 = CARTESIAN_POINT('',(1.678290093373,152.09379102181));
#2022 = CARTESIAN_POINT('',(1.732101356466,152.1626877129));
#2023 = CARTESIAN_POINT('',(1.786070826993,152.26494192496));
#2024 = CARTESIAN_POINT('',(1.840283684277,152.39844074938));
#2025 = CARTESIAN_POINT('',(1.95167166599,152.72862552818));
#2026 = CARTESIAN_POINT('',(2.008859414986,152.92769675545));
#2027 = CARTESIAN_POINT('',(2.066572676035,153.15408547501));
#2028 = CARTESIAN_POINT('',(2.124997159022,153.40374372166));
#2029 = CARTESIAN_POINT('',(2.184322270165,153.67169794851));
#2030 = CARTESIAN_POINT('',(2.263200409068,154.03731983854));
#2031 = CARTESIAN_POINT('',(2.281748109336,154.12394810288));
#2032 = CARTESIAN_POINT('',(2.300410402034,154.21156213897));
#2033 = CARTESIAN_POINT('',(2.319195085016,154.29998593396));
#2034 = CARTESIAN_POINT('',(2.338110060516,154.38903176363));
#2035 = CARTESIAN_POINT('',(2.380421463386,154.58771334506));
#2036 = CARTESIAN_POINT('',(2.40388588345,154.69755675305));
#2037 = CARTESIAN_POINT('',(2.427572174777,154.80767078008));
#2038 = CARTESIAN_POINT('',(2.451495587038,154.91766352009));
#2039 = CARTESIAN_POINT('',(2.475671655742,155.02710949962));
#2040 = CARTESIAN_POINT('',(2.53129673307,155.27386266461));
#2041 = CARTESIAN_POINT('',(2.562921530128,155.41056991911));
#2042 = CARTESIAN_POINT('',(2.595015071414,155.54466648779));
#2043 = CARTESIAN_POINT('',(2.627601266501,155.67505102697));
#2044 = CARTESIAN_POINT('',(2.660706036431,155.8005345756));
#2045 = CARTESIAN_POINT('',(2.720457087242,156.01237923116));
#2046 = CARTESIAN_POINT('',(2.74688807614,156.10121062038));
#2047 = CARTESIAN_POINT('',(2.773643993232,156.18567306346));
#2048 = CARTESIAN_POINT('',(2.800718812625,156.26509674206));
#2049 = CARTESIAN_POINT('',(2.828108584032,156.33882556219));
#2050 = CARTESIAN_POINT('',(2.901823932763,156.51818229299));
#2051 = CARTESIAN_POINT('',(2.948793176163,156.61291248958));
#2052 = CARTESIAN_POINT('',(2.996463232456,156.68678164469));
#2053 = CARTESIAN_POINT('',(3.044617998968,156.7370652787));
#2054 = CARTESIAN_POINT('',(3.093060203135,156.76229508196));
#2055 = CARTESIAN_POINT('',(3.172869684697,156.76229508196));
#2056 = CARTESIAN_POINT('',(3.204135212777,156.75181696929));
#2057 = CARTESIAN_POINT('',(3.235323863075,156.73087319617));
#2058 = CARTESIAN_POINT('',(3.266370440568,156.69973327398));
#2059 = CARTESIAN_POINT('',(3.297207198538,156.65890801845));
#2060 = CARTESIAN_POINT('',(3.372888834016,156.53561791174));
#2061 = CARTESIAN_POINT('',(3.417339711437,156.44267646296));
#2062 = CARTESIAN_POINT('',(3.461082428,156.33244522013));
#2063 = CARTESIAN_POINT('',(3.50407275261,156.20744892502));
#2064 = CARTESIAN_POINT('',(3.546251723891,156.07047378428));
#2065 = CARTESIAN_POINT('',(3.621744452071,155.80339766308));
#2066 = CARTESIAN_POINT('',(3.655381382982,155.67599520452));
#2067 = CARTESIAN_POINT('',(3.688483024729,155.5435241291));
#2068 = CARTESIAN_POINT('',(3.721076561666,155.40723100409));
#2069 = CARTESIAN_POINT('',(3.753187039535,155.26826907519));
#2070 = CARTESIAN_POINT('',(3.809439222739,155.01842979669));
#2071 = CARTESIAN_POINT('',(3.833766857757,154.90817361755));
#2072 = CARTESIAN_POINT('',(3.857839176188,154.79738752394));
#2073 = CARTESIAN_POINT('',(3.88167203213,154.68650439651));
#2074 = CARTESIAN_POINT('',(3.905280987656,154.57592272133));
#2075 = CARTESIAN_POINT('',(3.947255449969,154.37876786697));
#2076 = CARTESIAN_POINT('',(3.965698033863,154.29194765264));
#2077 = CARTESIAN_POINT('',(3.984017121731,154.2057317506));
#2078 = CARTESIAN_POINT('',(4.002220040611,154.1202940136));
#2079 = CARTESIAN_POINT('',(4.020314023024,154.03579771312));
#2080 = CARTESIAN_POINT('',(4.098925993921,153.67139452125));
#2081 = CARTESIAN_POINT('',(4.158426797761,153.40264699954));
#2082 = CARTESIAN_POINT('',(4.217022031002,153.15231611463));
#2083 = CARTESIAN_POINT('',(4.274902624648,152.92541849615));
#2084 = CARTESIAN_POINT('',(4.332255799768,152.7260342524));
#2085 = CARTESIAN_POINT('',(4.443652877264,152.39659324347));
#2086 = CARTESIAN_POINT('',(4.497712737336,152.26380998207));
#2087 = CARTESIAN_POINT('',(4.551531363066,152.16211558781));
#2088 = CARTESIAN_POINT('',(4.605193159751,152.09360010738));
#2089 = CARTESIAN_POINT('',(4.658783172211,152.05932354217));
#2090 = CARTESIAN_POINT('',(4.766143869098,152.05932354217));
#2091 = CARTESIAN_POINT('',(4.819882746963,152.09379102181));
#2092 = CARTESIAN_POINT('',(4.873694010056,152.1626877129));
#2093 = CARTESIAN_POINT('',(4.927663480583,152.26494192496));
#2094 = CARTESIAN_POINT('',(4.981876337867,152.39844074938));
#2095 = CARTESIAN_POINT('',(5.09326431958,152.72862552818));
#2096 = CARTESIAN_POINT('',(5.150452068575,152.92769675545));
#2097 = CARTESIAN_POINT('',(5.208165329626,153.15408547501));
#2098 = CARTESIAN_POINT('',(5.266589812611,153.40374372166));
#2099 = CARTESIAN_POINT('',(5.325914923755,153.67169794851));
#2100 = CARTESIAN_POINT('',(5.404793062421,154.03731983744));
#2101 = CARTESIAN_POINT('',(5.423340762997,154.12394810322));
#2102 = CARTESIAN_POINT('',(5.442003055869,154.21156214012));
#2103 = CARTESIAN_POINT('',(5.460787738665,154.29998593423));
#2104 = CARTESIAN_POINT('',(5.479702713853,154.38903176244));
#2105 = CARTESIAN_POINT('',(5.522014116819,154.58771334432));
#2106 = CARTESIAN_POINT('',(5.54547853708,154.69755675326));
#2107 = CARTESIAN_POINT('',(5.569164828531,154.80767078083));
#2108 = CARTESIAN_POINT('',(5.593088240675,154.91766352028));
#2109 = CARTESIAN_POINT('',(5.61726430916,155.02710949886));
#2110 = CARTESIAN_POINT('',(5.672889386658,155.2738626646));
#2111 = CARTESIAN_POINT('',(5.704514183718,155.41056991911));
#2112 = CARTESIAN_POINT('',(5.736607725006,155.5446664878));
#2113 = CARTESIAN_POINT('',(5.769193920092,155.67505102697));
#2114 = CARTESIAN_POINT('',(5.802298690019,155.80053457559));
#2115 = CARTESIAN_POINT('',(5.862049740834,156.01237923117));
#2116 = CARTESIAN_POINT('',(5.888480729729,156.10121062037));
#2117 = CARTESIAN_POINT('',(5.915236646819,156.18567306345));
#2118 = CARTESIAN_POINT('',(5.942311466215,156.26509674206));
#2119 = CARTESIAN_POINT('',(5.969701237626,156.3388255622));
#2120 = CARTESIAN_POINT('',(6.043416586353,156.51818229299));
#2121 = CARTESIAN_POINT('',(6.090385829753,156.61291248958));
#2122 = CARTESIAN_POINT('',(6.138055886046,156.68678164469));
#2123 = CARTESIAN_POINT('',(6.186210652558,156.7370652787));
#2124 = CARTESIAN_POINT('',(6.234652856725,156.76229508196));
#2125 = CARTESIAN_POINT('',(6.28318530718,156.76229508196));
#2126 = ( GEOMETRIC_REPRESENTATION_CONTEXT(2) 
PARAMETRIC_REPRESENTATION_CONTEXT() REPRESENTATION_CONTEXT('2D SPACE',''
  ) );
#2127 = PCURVE('',#1215,#2128);
#2128 = DEFINITIONAL_REPRESENTATION('',(#2129),#2272);
#2129 = B_SPLINE_CURVE_WITH_KNOTS('',6,(#2130,#2131,#2132,#2133,#2134,
    #2135,#2136,#2137,#2138,#2139,#2140,#2141,#2142,#2143,#2144,#2145,
    #2146,#2147,#2148,#2149,#2150,#2151,#2152,#2153,#2154,#2155,#2156,
    #2157,#2158,#2159,#2160,#2161,#2162,#2163,#2164,#2165,#2166,#2167,
    #2168,#2169,#2170,#2171,#2172,#2173,#2174,#2175,#2176,#2177,#2178,
    #2179,#2180,#2181,#2182,#2183,#2184,#2185,#2186,#2187,#2188,#2189,
    #2190,#2191,#2192,#2193,#2194,#2195,#2196,#2197,#2198,#2199,#2200,
    #2201,#2202,#2203,#2204,#2205,#2206,#2207,#2208,#2209,#2210,#2211,
    #2212,#2213,#2214,#2215,#2216,#2217,#2218,#2219,#2220,#2221,#2222,
    #2223,#2224,#2225,#2226,#2227,#2228,#2229,#2230,#2231,#2232,#2233,
    #2234,#2235,#2236,#2237,#2238,#2239,#2240,#2241,#2242,#2243,#2244,
    #2245,#2246,#2247,#2248,#2249,#2250,#2251,#2252,#2253,#2254,#2255,
    #2256,#2257,#2258,#2259,#2260,#2261,#2262,#2263,#2264,#2265,#2266,
    #2267,#2268,#2269,#2270,#2271),.UNSPECIFIED.,.T.,.F.,(7,5,5,5,5,5,5,
    5,5,5,5,5,5,5,5,5,5,5,5,5,5,5,5,5,5,5,5,5,7),(0.,3.650485725983E-02,
    5.971111853481E-02,8.919520965713E-02,0.112109732431,0.130297144713,
    0.191574700625,0.250029902215,0.308647670759,0.369742585093,
    0.388384027965,0.411139437585,0.440164065859,0.462672423932,
    0.500057561399,0.524150639258,0.559735802899,0.589214387429,
    0.612124630576,0.63030864609,0.691574757507,0.750019041722,
    0.80862586253,0.869709366484,0.88834732755,0.91109848651,
    0.940117692845,0.96262184625,1.),.UNSPECIFIED.);
#2130 = CARTESIAN_POINT('',(3.14159265359,75.614754098361));
#2131 = CARTESIAN_POINT('',(3.120743347759,75.614754098361));
#2132 = CARTESIAN_POINT('',(3.099930068859,75.560093368528));
#2133 = CARTESIAN_POINT('',(3.079302712846,75.451126941294));
#2134 = CARTESIAN_POINT('',(3.059009871728,75.29000542994));
#2135 = CARTESIAN_POINT('',(3.039198755812,75.08065517153));
#2136 = CARTESIAN_POINT('',(3.007816409129,74.66881678846));
#2137 = CARTESIAN_POINT('',(2.995859031736,74.491434103069));
#2138 = CARTESIAN_POINT('',(2.984153062659,74.297807992607));
#2139 = CARTESIAN_POINT('',(2.972710149807,74.089048275887));
#2140 = CARTESIAN_POINT('',(2.961541269995,73.866298263927));
#2141 = CARTESIAN_POINT('',(2.936827581857,73.331457585417));
#2142 = CARTESIAN_POINT('',(2.923454609705,73.011440009591));
#2143 = CARTESIAN_POINT('',(2.910538043408,72.672635713302));
#2144 = CARTESIAN_POINT('',(2.898077544558,72.316824025903));
#2145 = CARTESIAN_POINT('',(2.886071851739,71.945618706044));
#2146 = CARTESIAN_POINT('',(2.86553937345,71.261141914251));
#2147 = CARTESIAN_POINT('',(2.856831817003,70.953335551149));
#2148 = CARTESIAN_POINT('',(2.848392913547,70.637662645805));
#2149 = CARTESIAN_POINT('',(2.840219910019,70.314669248695));
#2150 = CARTESIAN_POINT('',(2.832310109074,69.984837061966));
#2151 = CARTESIAN_POINT('',(2.818589484174,69.381696238241));
#2152 = CARTESIAN_POINT('',(2.812682242518,69.110762580696));
#2153 = CARTESIAN_POINT('',(2.806937873664,68.835996602124));
#2154 = CARTESIAN_POINT('',(2.801355268208,68.557593211957));
#2155 = CARTESIAN_POINT('',(2.795933404648,68.275727860519));
#2156 = CARTESIAN_POINT('',(2.772942280489,67.029749068087));
#2157 = CARTESIAN_POINT('',(2.757016667589,66.030839187201));
#2158 = CARTESIAN_POINT('',(2.742880290677,65.000659376619));
#2159 = CARTESIAN_POINT('',(2.730527947867,63.944437060927));
#2160 = CARTESIAN_POINT('',(2.71996254857,62.866258743547));
#2161 = CARTESIAN_POINT('',(2.702837177882,60.723311517879));
#2162 = CARTESIAN_POINT('',(2.696117405874,59.660497474827));
#2163 = CARTESIAN_POINT('',(2.691060903531,58.585543934025));
#2164 = CARTESIAN_POINT('',(2.687683571959,57.502538149026));
#2165 = CARTESIAN_POINT('',(2.685993980194,56.415363731401));
#2166 = CARTESIAN_POINT('',(2.685993980194,54.237349593722));
#2167 = CARTESIAN_POINT('',(2.687692982681,53.147155161369));
#2168 = CARTESIAN_POINT('',(2.691089105297,52.061164225992));
#2169 = CARTESIAN_POINT('',(2.696173690641,50.983291388348));
#2170 = CARTESIAN_POINT('',(2.702930680894,49.917657785059));
#2171 = CARTESIAN_POINT('',(2.720099937819,47.77553735057));
#2172 = CARTESIAN_POINT('',(2.730652184765,46.700798385918));
#2173 = CARTESIAN_POINT('',(2.742980675378,45.647919410601));
#2174 = CARTESIAN_POINT('',(2.757082581142,44.620953373635));
#2175 = CARTESIAN_POINT('',(2.772963113211,43.625082317615));
#2176 = CARTESIAN_POINT('',(2.796028926322,42.374765492017));
#2177 = CARTESIAN_POINT('',(2.801589327009,42.085928418711));
#2178 = CARTESIAN_POINT('',(2.807318614504,41.800731652475));
#2179 = CARTESIAN_POINT('',(2.813217893228,41.519364436804));
#2180 = CARTESIAN_POINT('',(2.81928836419,41.242037566053));
#2181 = CARTESIAN_POINT('',(2.833152040355,40.63566907222));
#2182 = CARTESIAN_POINT('',(2.841029837752,40.308719020429));
#2183 = CARTESIAN_POINT('',(2.849167382401,39.988545074292));
#2184 = CARTESIAN_POINT('',(2.857567318679,39.675622084519));
#2185 = CARTESIAN_POINT('',(2.86623234104,39.370487684756));
#2186 = CARTESIAN_POINT('',(2.886559249936,38.695241686745));
#2187 = CARTESIAN_POINT('',(2.898391679043,38.330302701973));
#2188 = CARTESIAN_POINT('',(2.910664902549,37.98031496501));
#2189 = CARTESIAN_POINT('',(2.923380109496,37.646820390496));
#2190 = CARTESIAN_POINT('',(2.936537620274,37.331516305693));
#2191 = CARTESIAN_POINT('',(2.960683524196,36.807289057066));
#2192 = CARTESIAN_POINT('',(2.97149706141,36.590346145335));
#2193 = CARTESIAN_POINT('',(2.982568753783,36.386498960145));
#2194 = CARTESIAN_POINT('',(2.993888936199,36.196785666779));
#2195 = CARTESIAN_POINT('',(3.005447351019,36.022218033122));
#2196 = CARTESIAN_POINT('',(3.036808799457,35.600638526537));
#2197 = CARTESIAN_POINT('',(3.057051496321,35.381470698872));
#2198 = CARTESIAN_POINT('',(3.077808740485,35.212604593369));
#2199 = CARTESIAN_POINT('',(3.098923799772,35.098324193866));
#2200 = CARTESIAN_POINT('',(3.12023837539,35.040983606557));
#2201 = CARTESIAN_POINT('',(3.155354547277,35.040983606557));
#2202 = CARTESIAN_POINT('',(3.169111377149,35.064798635095));
#2203 = CARTESIAN_POINT('',(3.182814848212,35.112394924911));
#2204 = CARTESIAN_POINT('',(3.19641678748,35.183339790798));
#2205 = CARTESIAN_POINT('',(3.209869265877,35.276797953557));
#2206 = CARTESIAN_POINT('',(3.242702854248,35.560982454167));
#2207 = CARTESIAN_POINT('',(3.261825238257,35.776616167662));
#2208 = CARTESIAN_POINT('',(3.280427979492,36.034950117508));
#2209 = CARTESIAN_POINT('',(3.2984503257,36.332094916563));
#2210 = CARTESIAN_POINT('',(3.315834764747,36.663718213347));
#2211 = CARTESIAN_POINT('',(3.346357725324,37.324280119522));
#2212 = CARTESIAN_POINT('',(3.359730697474,37.644297695325));
#2213 = CARTESIAN_POINT('',(3.37264726377,37.983101991592));
#2214 = CARTESIAN_POINT('',(3.385107762621,38.338913679004));
#2215 = CARTESIAN_POINT('',(3.397113455441,38.7101189989));
#2216 = CARTESIAN_POINT('',(3.41764593373,39.394595790667));
#2217 = CARTESIAN_POINT('',(3.426353490176,39.702402153769));
#2218 = CARTESIAN_POINT('',(3.434792393633,40.018075059112));
#2219 = CARTESIAN_POINT('',(3.442965397161,40.341068456222));
#2220 = CARTESIAN_POINT('',(3.450875198105,40.670900642952));
#2221 = CARTESIAN_POINT('',(3.464595823005,41.274041466678));
#2222 = CARTESIAN_POINT('',(3.470503064661,41.544975124223));
#2223 = CARTESIAN_POINT('',(3.476247433515,41.819741102794));
#2224 = CARTESIAN_POINT('',(3.481830038972,42.098144492959));
#2225 = CARTESIAN_POINT('',(3.487251902531,42.380009844397));
#2226 = CARTESIAN_POINT('',(3.510243026689,43.625988636771));
#2227 = CARTESIAN_POINT('',(3.526168639592,44.62489851781));
#2228 = CARTESIAN_POINT('',(3.540305016502,45.655078328311));
#2229 = CARTESIAN_POINT('',(3.552657359312,46.711300643876));
#2230 = CARTESIAN_POINT('',(3.56322275861,47.789478961439));
#2231 = CARTESIAN_POINT('',(3.580348129298,49.932426187039));
#2232 = CARTESIAN_POINT('',(3.587067901306,50.99524023008));
#2233 = CARTESIAN_POINT('',(3.592124403649,52.07019377091));
#2234 = CARTESIAN_POINT('',(3.59550173522,53.153199555882));
#2235 = CARTESIAN_POINT('',(3.597191326986,54.240373973518));
#2236 = CARTESIAN_POINT('',(3.597191326986,56.418388111189));
#2237 = CARTESIAN_POINT('',(3.595492324499,57.508582543551));
#2238 = CARTESIAN_POINT('',(3.592096201882,58.594573478937));
#2239 = CARTESIAN_POINT('',(3.587011616539,59.67244631657));
#2240 = CARTESIAN_POINT('',(3.580254626285,60.73807991985));
#2241 = CARTESIAN_POINT('',(3.563085369361,62.880200354353));
#2242 = CARTESIAN_POINT('',(3.552533122415,63.954939318991));
#2243 = CARTESIAN_POINT('',(3.540204631802,65.007818294327));
#2244 = CARTESIAN_POINT('',(3.526102726038,66.034784331275));
#2245 = CARTESIAN_POINT('',(3.510222193968,67.030655387306));
#2246 = CARTESIAN_POINT('',(3.487156380927,68.280972209136));
#2247 = CARTESIAN_POINT('',(3.481595980145,68.569809287141));
#2248 = CARTESIAN_POINT('',(3.475866692599,68.855006056145));
#2249 = CARTESIAN_POINT('',(3.469967413936,69.136373269159));
#2250 = CARTESIAN_POINT('',(3.463896943072,69.413700135238));
#2251 = CARTESIAN_POINT('',(3.450033266876,70.02006863044));
#2252 = CARTESIAN_POINT('',(3.442155469417,70.347018685212));
#2253 = CARTESIAN_POINT('',(3.434017924721,70.667192632793));
#2254 = CARTESIAN_POINT('',(3.425617988481,70.980115620833));
#2255 = CARTESIAN_POINT('',(3.416952966202,71.285250018088));
#2256 = CARTESIAN_POINT('',(3.396626057244,71.960496018152));
#2257 = CARTESIAN_POINT('',(3.384793628137,72.325435002954));
#2258 = CARTESIAN_POINT('',(3.37252040463,72.675422739929));
#2259 = CARTESIAN_POINT('',(3.359805197684,73.008917314425));
#2260 = CARTESIAN_POINT('',(3.346647686906,73.324221399208));
#2261 = CARTESIAN_POINT('',(3.322501782983,73.848448647877));
#2262 = CARTESIAN_POINT('',(3.31168824577,74.065391559573));
#2263 = CARTESIAN_POINT('',(3.300616553398,74.269238744753));
#2264 = CARTESIAN_POINT('',(3.289296370981,74.45895203814));
#2265 = CARTESIAN_POINT('',(3.277737956159,74.633519671815));
#2266 = CARTESIAN_POINT('',(3.246376507723,75.055099178381));
#2267 = CARTESIAN_POINT('',(3.226133810859,75.274267006047));
#2268 = CARTESIAN_POINT('',(3.205376566695,75.443133111549));
#2269 = CARTESIAN_POINT('',(3.184261507408,75.557413511052));
#2270 = CARTESIAN_POINT('',(3.16294693179,75.614754098361));
#2271 = CARTESIAN_POINT('',(3.14159265359,75.614754098361));
#2272 = ( GEOMETRIC_REPRESENTATION_CONTEXT(2) 
PARAMETRIC_REPRESENTATION_CONTEXT() REPRESENTATION_CONTEXT('2D SPACE',''
  ) );
#2273 = ORIENTED_EDGE('',*,*,#1813,.T.);
#2274 = ADVANCED_FACE('',(#2275,#2325),#1215,.F.);
#2275 = FACE_BOUND('',#2276,.F.);
#2276 = EDGE_LOOP('',(#2277,#2298,#2299,#2300,#2301,#2322,#2323,#2324));
#2277 = ORIENTED_EDGE('',*,*,#2278,.T.);
#2278 = EDGE_CURVE('',#1060,#1585,#2279,.T.);
#2279 = SEAM_CURVE('',#2280,(#2284,#2291),.PCURVE_S1.);
#2280 = LINE('',#2281,#2282);
#2281 = CARTESIAN_POINT('',(-55.32786885245,-1.12928495823E-14,
    -46.10655737704));
#2282 = VECTOR('',#2283,1.);
#2283 = DIRECTION('',(1.,0.,2.22044604925E-16));
#2284 = PCURVE('',#1215,#2285);
#2285 = DEFINITIONAL_REPRESENTATION('',(#2286),#2290);
#2286 = LINE('',#2287,#2288);
#2287 = CARTESIAN_POINT('',(6.28318530718,-0.));
#2288 = VECTOR('',#2289,1.);
#2289 = DIRECTION('',(0.,1.));
#2290 = ( GEOMETRIC_REPRESENTATION_CONTEXT(2) 
PARAMETRIC_REPRESENTATION_CONTEXT() REPRESENTATION_CONTEXT('2D SPACE',''
  ) );
#2291 = PCURVE('',#1215,#2292);
#2292 = DEFINITIONAL_REPRESENTATION('',(#2293),#2297);
#2293 = LINE('',#2294,#2295);
#2294 = CARTESIAN_POINT('',(0.,-0.));
#2295 = VECTOR('',#2296,1.);
#2296 = DIRECTION('',(0.,1.));
#2297 = ( GEOMETRIC_REPRESENTATION_CONTEXT(2) 
PARAMETRIC_REPRESENTATION_CONTEXT() REPRESENTATION_CONTEXT('2D SPACE',''
  ) );
#2298 = ORIENTED_EDGE('',*,*,#1584,.F.);
#2299 = ORIENTED_EDGE('',*,*,#2278,.F.);
#2300 = ORIENTED_EDGE('',*,*,#1059,.T.);
#2301 = ORIENTED_EDGE('',*,*,#2302,.F.);
#2302 = EDGE_CURVE('',#1555,#1062,#2303,.T.);
#2303 = SEAM_CURVE('',#2304,(#2308,#2315),.PCURVE_S1.);
#2304 = LINE('',#2305,#2306);
#2305 = CARTESIAN_POINT('',(-55.32786885245,-1.12928495823E-14,
    -46.10655737704));
#2306 = VECTOR('',#2307,1.);
#2307 = DIRECTION('',(1.,0.,2.22044604925E-16));
#2308 = PCURVE('',#1215,#2309);
#2309 = DEFINITIONAL_REPRESENTATION('',(#2310),#2314);
#2310 = LINE('',#2311,#2312);
#2311 = CARTESIAN_POINT('',(6.28318530718,-0.));
#2312 = VECTOR('',#2313,1.);
#2313 = DIRECTION('',(0.,1.));
#2314 = ( GEOMETRIC_REPRESENTATION_CONTEXT(2) 
PARAMETRIC_REPRESENTATION_CONTEXT() REPRESENTATION_CONTEXT('2D SPACE',''
  ) );
#2315 = PCURVE('',#1215,#2316);
#2316 = DEFINITIONAL_REPRESENTATION('',(#2317),#2321);
#2317 = LINE('',#2318,#2319);
#2318 = CARTESIAN_POINT('',(0.,-0.));
#2319 = VECTOR('',#2320,1.);
#2320 = DIRECTION('',(0.,1.));
#2321 = ( GEOMETRIC_REPRESENTATION_CONTEXT(2) 
PARAMETRIC_REPRESENTATION_CONTEXT() REPRESENTATION_CONTEXT('2D SPACE',''
  ) );
#2322 = ORIENTED_EDGE('',*,*,#1554,.T.);
#2323 = ORIENTED_EDGE('',*,*,#2302,.T.);
#2324 = ORIENTED_EDGE('',*,*,#1320,.T.);
#2325 = FACE_BOUND('',#2326,.F.);
#2326 = EDGE_LOOP('',(#2327));
#2327 = ORIENTED_EDGE('',*,*,#1836,.F.);
#2328 = ADVANCED_FACE('',(#2329),#1672,.T.);
#2329 = FACE_BOUND('',#2330,.T.);
#2330 = EDGE_LOOP('',(#2331,#2332,#2333,#2334));
#2331 = ORIENTED_EDGE('',*,*,#1788,.F.);
#2332 = ORIENTED_EDGE('',*,*,#1658,.T.);
#2333 = ORIENTED_EDGE('',*,*,#1712,.T.);
#2334 = ORIENTED_EDGE('',*,*,#1761,.F.);
#2335 = ( GEOMETRIC_REPRESENTATION_CONTEXT(3) 
GLOBAL_UNCERTAINTY_ASSIGNED_CONTEXT((#2339)) 
GLOBAL_UNIT_ASSIGNED_CONTEXT((#2336,#2337,#2338)) REPRESENTATION_CONTEXT
('Context #1','3D Context with UNIT and UNCERTAINTY') );
#2336 = ( LENGTH_UNIT() NAMED_UNIT(*) SI_UNIT(.MILLI.,.METRE.) );
#2337 = ( NAMED_UNIT(*) PLANE_ANGLE_UNIT() SI_UNIT($,.RADIAN.) );
#2338 = ( NAMED_UNIT(*) SI_UNIT($,.STERADIAN.) SOLID_ANGLE_UNIT() );
#2339 = UNCERTAINTY_MEASURE_WITH_UNIT(LENGTH_MEASURE(2.E-07),#2336,
  'distance_accuracy_value','confusion accuracy');
#2340 = CONTEXT_DEPENDENT_SHAPE_REPRESENTATION(#2341,#2343);
#2341 = ( REPRESENTATION_RELATIONSHIP('','',#32,#10) 
REPRESENTATION_RELATIONSHIP_WITH_TRANSFORMATION(#2342) 
SHAPE_REPRESENTATION_RELATIONSHIP() );
#2342 = ITEM_DEFINED_TRANSFORMATION('','',#11,#15);
#2343 = PRODUCT_DEFINITION_SHAPE('Placement','Placement of an item',
  #2344);
#2344 = NEXT_ASSEMBLY_USAGE_OCCURRENCE('7','=>[0:1:1:2]','',#5,#27,$);
#2345 = PRODUCT_RELATED_PRODUCT_CATEGORY('part',$,(#29));
ENDSEC;
END-ISO-10303-21;
