ISO-10303-21;
HEADER;
FILE_DESCRIPTION(('Open CASCADE Model'),'2;1');
FILE_NAME('Open CASCADE Shape Model','2026-07-28T14:12:46',('Author'),(
    'Open CASCADE'),'Open CASCADE STEP processor 7.9','build123d',
  'Unknown');
FILE_SCHEMA(('AUTOMOTIVE_DESIGN { 1 0 10303 214 1 1 1 1 }'));
ENDSEC;
DATA;
#1 = APPLICATION_PROTOCOL_DEFINITION('international standard',
  'automotive_design',2000,#2);
#2 = APPLICATION_CONTEXT(
  'core data for automotive mechanical design processes');
#3 = SHAPE_DEFINITION_REPRESENTATION(#4,#10);
#4 = PRODUCT_DEFINITION_SHAPE('','',#5);
#5 = PRODUCT_DEFINITION('design','',#6,#9);
#6 = PRODUCT_DEFINITION_FORMATION('','',#7);
#7 = PRODUCT('=>[0:1:1:2]','=>[0:1:1:2]','',(#8));
#8 = PRODUCT_CONTEXT('',#2,'mechanical');
#9 = PRODUCT_DEFINITION_CONTEXT('part definition',#2,'design');
#10 = SHAPE_REPRESENTATION('',(#11,#15),#19);
#11 = AXIS2_PLACEMENT_3D('',#12,#13,#14);
#12 = CARTESIAN_POINT('',(0.,0.,0.));
#13 = DIRECTION('',(0.,0.,1.));
#14 = DIRECTION('',(1.,0.,-0.));
#15 = AXIS2_PLACEMENT_3D('',#16,#17,#18);
#16 = CARTESIAN_POINT('',(0.,0.,0.));
#17 = DIRECTION('',(0.,0.,1.));
#18 = DIRECTION('',(1.,0.,-0.));
#19 = ( GEOMETRIC_REPRESENTATION_CONTEXT(3) 
GLOBAL_UNCERTAINTY_ASSIGNED_CONTEXT((#23)) GLOBAL_UNIT_ASSIGNED_CONTEXT(
(#20,#21,#22)) REPRESENTATION_CONTEXT('Context #1',
  '3D Context with UNIT and UNCERTAINTY') );
#20 = ( LENGTH_UNIT() NAMED_UNIT(*) SI_UNIT(.MILLI.,.METRE.) );
#21 = ( NAMED_UNIT(*) PLANE_ANGLE_UNIT() SI_UNIT($,.RADIAN.) );
#22 = ( NAMED_UNIT(*) SI_UNIT($,.STERADIAN.) SOLID_ANGLE_UNIT() );
#23 = UNCERTAINTY_MEASURE_WITH_UNIT(LENGTH_MEASURE(2.E-07),#20,
  'distance_accuracy_value','confusion accuracy');
#24 = PRODUCT_RELATED_PRODUCT_CATEGORY('part',$,(#7));
#25 = SHAPE_DEFINITION_REPRESENTATION(#26,#32);
#26 = PRODUCT_DEFINITION_SHAPE('','',#27);
#27 = PRODUCT_DEFINITION('design','',#28,#31);
#28 = PRODUCT_DEFINITION_FORMATION('','',#29);
#29 = PRODUCT('COMPOUND','COMPOUND','',(#30));
#30 = PRODUCT_CONTEXT('',#2,'mechanical');
#31 = PRODUCT_DEFINITION_CONTEXT('part definition',#2,'design');
#32 = ADVANCED_BREP_SHAPE_REPRESENTATION('',(#11,#33),#1816);
#33 = MANIFOLD_SOLID_BREP('',#34);
#34 = CLOSED_SHELL('',(#35,#761,#1133,#1163,#1193,#1269,#1318,#1367,
    #1394,#1755,#1809));
#35 = ADVANCED_FACE('',(#36,#406,#518),#85,.T.);
#36 = FACE_BOUND('',#37,.T.);
#37 = EDGE_LOOP('',(#38,#178,#201,#228,#229,#355,#378,#405));
#38 = ORIENTED_EDGE('',*,*,#39,.T.);
#39 = EDGE_CURVE('',#40,#42,#44,.T.);
#40 = VERTEX_POINT('',#41);
#41 = CARTESIAN_POINT('',(-3.646408839779,-4.465562914018E-15,
    -18.23204419889));
#42 = VERTEX_POINT('',#43);
#43 = CARTESIAN_POINT('',(3.646408839779,-2.679337748411E-15,
    -18.23204419889));
#44 = SURFACE_CURVE('',#45,(#84,#131),.PCURVE_S1.);
#45 = B_SPLINE_CURVE_WITH_KNOTS('',7,(#46,#47,#48,#49,#50,#51,#52,#53,
    #54,#55,#56,#57,#58,#59,#60,#61,#62,#63,#64,#65,#66,#67,#68,#69,#70,
    #71,#72,#73,#74,#75,#76,#77,#78,#79,#80,#81,#82,#83),.UNSPECIFIED.,
  .F.,.F.,(8,6,6,6,6,6,8),(0.,0.149671759441,0.349658700061,
    0.499918291373,0.703380278995,0.850243837606,1.),.UNSPECIFIED.);
#46 = CARTESIAN_POINT('',(-3.646408839779,-1.7763568394E-15,
    -18.23204419889));
#47 = CARTESIAN_POINT('',(-3.646408839779,-0.298222545968,
    -18.23204419889));
#48 = CARTESIAN_POINT('',(-3.61795365882,-0.593827189329,-18.22635310805
    ));
#49 = CARTESIAN_POINT('',(-3.561942083958,-0.882463937175,
    -18.21515108403));
#50 = CARTESIAN_POINT('',(-3.480354345703,-1.159971017265,
    -18.19910133444));
#51 = CARTESIAN_POINT('',(-3.376203156057,-1.422608406338,
    -18.17930003252));
#52 = CARTESIAN_POINT('',(-3.253521005391,-1.667270039812,
    -18.15705220544));
#53 = CARTESIAN_POINT('',(-2.935421526576,-2.191481757005,-18.1023676646
    ));
#54 = CARTESIAN_POINT('',(-2.72720297336,-2.458760197736,-18.06863929746
    ));
#55 = CARTESIAN_POINT('',(-2.499120142614,-2.693960421591,
    -18.03465354569));
#56 = CARTESIAN_POINT('',(-2.255986769204,-2.89819764895,-18.00213652919
    ));
#57 = CARTESIAN_POINT('',(-2.001456559892,-3.072775483615,
    -17.97231066377));
#58 = CARTESIAN_POINT('',(-1.738299354646,-3.218920111814,
    -17.94604586657));
#59 = CARTESIAN_POINT('',(-1.265925573843,-3.426769549884,
    -17.90734243414));
#60 = CARTESIAN_POINT('',(-1.059516514229,-3.50045687051,-17.89308569767
    ));
#61 = CARTESIAN_POINT('',(-0.850291523102,-3.559027257706,
    -17.88144103504));
#62 = CARTESIAN_POINT('',(-0.639048532334,-3.602762935746,
    -17.87259126372));
#63 = CARTESIAN_POINT('',(-0.426488544248,-3.631857574772,
    -17.86665237419));
#64 = CARTESIAN_POINT('',(-0.21325960487,-3.646408839779,-17.86368210206
    ));
#65 = CARTESIAN_POINT('',(0.288768408773,-3.646408839779,-17.86368210206
    ));
#66 = CARTESIAN_POINT('',(0.57738840306,-3.619729423557,-17.86912815419)
  );
#67 = CARTESIAN_POINT('',(0.864355813106,-3.566418074541,-17.88000979506
    ));
#68 = CARTESIAN_POINT('',(1.148090722748,-3.486134456233,-17.89613685428
    ));
#69 = CARTESIAN_POINT('',(1.426779771835,-3.37820123586,-17.91712470003)
  );
#70 = CARTESIAN_POINT('',(1.698155687104,-3.241662537318,-17.94233902122
    ));
#71 = CARTESIAN_POINT('',(2.14765198696,-2.955301812337,-17.99134404354)
  );
#72 = CARTESIAN_POINT('',(2.330875222256,-2.8196374836,-18.013597461));
#73 = CARTESIAN_POINT('',(2.507694184999,-2.667898735096,-18.03719177424
    ));
#74 = CARTESIAN_POINT('',(2.676676153893,-2.499605405257,-18.06165947072
    ));
#75 = CARTESIAN_POINT('',(2.836086600042,-2.314319074719,-18.08640404769
    ));
#76 = CARTESIAN_POINT('',(2.983825441702,-2.111714573601,-18.11068879069
    ));
#77 = CARTESIAN_POINT('',(3.253521005488,-1.667270039651,-18.15705220545
    ));
#78 = CARTESIAN_POINT('',(3.376203156033,-1.422608406318,-18.17930003251
    ));
#79 = CARTESIAN_POINT('',(3.480354345636,-1.159971017406,-18.19910133443
    ));
#80 = CARTESIAN_POINT('',(3.561942083944,-0.882463937322,-18.21515108403
    ));
#81 = CARTESIAN_POINT('',(3.617953658856,-0.593827189304,-18.22635310806
    ));
#82 = CARTESIAN_POINT('',(3.646408839779,-0.298222545781,-18.23204419889
    ));
#83 = CARTESIAN_POINT('',(3.646408839779,-2.6645352591E-15,
    -18.23204419889));
#84 = PCURVE('',#85,#90);
#85 = CYLINDRICAL_SURFACE('',#86,18.232044198895);
#86 = AXIS2_PLACEMENT_3D('',#87,#88,#89);
#87 = CARTESIAN_POINT('',(-8.28729281768,0.,-1.8401486596E-15));
#88 = DIRECTION('',(1.,0.,2.22044604925E-16));
#89 = DIRECTION('',(2.22044604925E-16,0.,-1.));
#90 = DEFINITIONAL_REPRESENTATION('',(#91),#130);
#91 = B_SPLINE_CURVE_WITH_KNOTS('',7,(#92,#93,#94,#95,#96,#97,#98,#99,
    #100,#101,#102,#103,#104,#105,#106,#107,#108,#109,#110,#111,#112,
    #113,#114,#115,#116,#117,#118,#119,#120,#121,#122,#123,#124,#125,
    #126,#127,#128,#129),.UNSPECIFIED.,.F.,.F.,(8,6,6,6,6,6,8),(0.,
    0.149671759441,0.349658700061,0.499918291373,0.703380278995,
    0.850243837606,1.),.UNSPECIFIED.);
#92 = CARTESIAN_POINT('',(6.28318530718,4.640883977901));
#93 = CARTESIAN_POINT('',(6.266828252386,4.640883977901));
#94 = CARTESIAN_POINT('',(6.250614783374,4.66933915886));
#95 = CARTESIAN_POINT('',(6.234776358909,4.725350733721));
#96 = CARTESIAN_POINT('',(6.219534603082,4.806938471976));
#97 = CARTESIAN_POINT('',(6.205091295226,4.911089661622));
#98 = CARTESIAN_POINT('',(6.191617794975,5.033771812289));
#99 = CARTESIAN_POINT('',(6.162709556526,5.351871291104));
#100 = CARTESIAN_POINT('',(6.14793692029,5.560089844319));
#101 = CARTESIAN_POINT('',(6.134905368933,5.788172675066));
#102 = CARTESIAN_POINT('',(6.123563644836,6.031306048476));
#103 = CARTESIAN_POINT('',(6.113850189014,6.285836257787));
#104 = CARTESIAN_POINT('',(6.105706115678,6.548993463033));
#105 = CARTESIAN_POINT('',(6.094109928613,7.021367243836));
#106 = CARTESIAN_POINT('',(6.089993441157,7.227776303451));
#107 = CARTESIAN_POINT('',(6.086718111314,7.437001294578));
#108 = CARTESIAN_POINT('',(6.084270661183,7.648244285346));
#109 = CARTESIAN_POINT('',(6.082641959399,7.860804273432));
#110 = CARTESIAN_POINT('',(6.081827386389,8.07403321281));
#111 = CARTESIAN_POINT('',(6.081827386389,8.576061226453));
#112 = CARTESIAN_POINT('',(6.08332089263,8.864681220739));
#113 = CARTESIAN_POINT('',(6.086305215607,9.151648630786));
#114 = CARTESIAN_POINT('',(6.09079660874,9.435383540427));
#115 = CARTESIAN_POINT('',(6.096827205224,9.714072589515));
#116 = CARTESIAN_POINT('',(6.104442120031,9.985448504784));
#117 = CARTESIAN_POINT('',(6.120376898819,10.434944804639));
#118 = CARTESIAN_POINT('',(6.12791714306,10.618168039936));
#119 = CARTESIAN_POINT('',(6.136339308413,10.794987002679));
#120 = CARTESIAN_POINT('',(6.145666069157,10.963968971573));
#121 = CARTESIAN_POINT('',(6.155917633695,11.123379417722));
#122 = CARTESIAN_POINT('',(6.167108406614,11.271118259382));
#123 = CARTESIAN_POINT('',(6.191617794984,11.540813823168));
#124 = CARTESIAN_POINT('',(6.205091295227,11.663495973712));
#125 = CARTESIAN_POINT('',(6.219534603074,11.767647163316));
#126 = CARTESIAN_POINT('',(6.234776358901,11.849234901624));
#127 = CARTESIAN_POINT('',(6.250614783375,11.905246476535));
#128 = CARTESIAN_POINT('',(6.266828252396,11.933701657459));
#129 = CARTESIAN_POINT('',(6.28318530718,11.933701657459));
#130 = ( GEOMETRIC_REPRESENTATION_CONTEXT(2) 
PARAMETRIC_REPRESENTATION_CONTEXT() REPRESENTATION_CONTEXT('2D SPACE',''
  ) );
#131 = PCURVE('',#132,#137);
#132 = CYLINDRICAL_SURFACE('',#133,3.646408839779);
#133 = AXIS2_PLACEMENT_3D('',#134,#135,#136);
#134 = CARTESIAN_POINT('',(0.,0.,-21.87845303867));
#135 = DIRECTION('',(0.,0.,1.));
#136 = DIRECTION('',(1.,0.,-0.));
#137 = DEFINITIONAL_REPRESENTATION('',(#138),#177);
#138 = B_SPLINE_CURVE_WITH_KNOTS('',7,(#139,#140,#141,#142,#143,#144,
    #145,#146,#147,#148,#149,#150,#151,#152,#153,#154,#155,#156,#157,
    #158,#159,#160,#161,#162,#163,#164,#165,#166,#167,#168,#169,#170,
    #171,#172,#173,#174,#175,#176),.UNSPECIFIED.,.F.,.F.,(8,6,6,6,6,6,8)
  ,(0.,0.149671759441,0.349658700061,0.499918291373,0.703380278995,
    0.850243837606,1.),.UNSPECIFIED.);
#139 = CARTESIAN_POINT('',(3.14159265359,3.646408839779));
#140 = CARTESIAN_POINT('',(3.22337792756,3.646408839779));
#141 = CARTESIAN_POINT('',(3.304445230761,3.652099930619));
#142 = CARTESIAN_POINT('',(3.384495341838,3.663301954641));
#143 = CARTESIAN_POINT('',(3.463209093821,3.679351704226));
#144 = CARTESIAN_POINT('',(3.540211779353,3.699153006153));
#145 = CARTESIAN_POINT('',(3.615027431764,3.721400833234));
#146 = CARTESIAN_POINT('',(3.783186393021,3.77608537407));
#147 = CARTESIAN_POINT('',(3.875473913595,3.809813741207));
#148 = CARTESIAN_POINT('',(3.964519225926,3.843799492975));
#149 = CARTESIAN_POINT('',(4.05082591579,3.87631650948));
#150 = CARTESIAN_POINT('',(4.134862034791,3.906142374898));
#151 = CARTESIAN_POINT('',(4.217060640667,3.9324071721));
#152 = CARTESIAN_POINT('',(4.358591620832,3.971110604527));
#153 = CARTESIAN_POINT('',(4.418542678449,3.985367340999));
#154 = CARTESIAN_POINT('',(4.477896332133,3.997012003627));
#155 = CARTESIAN_POINT('',(4.536808133367,4.005861774952));
#156 = CARTESIAN_POINT('',(4.595427680615,4.011800664485));
#157 = CARTESIAN_POINT('',(4.653904149352,4.014770936609));
#158 = CARTESIAN_POINT('',(4.791581528851,4.014770936609));
#159 = CARTESIAN_POINT('',(4.870733779191,4.009324884481));
#160 = CARTESIAN_POINT('',(4.950242231875,3.998443243613));
#161 = CARTESIAN_POINT('',(5.030486137796,3.982316184388));
#162 = CARTESIAN_POINT('',(5.111846606192,3.961328338643));
#163 = CARTESIAN_POINT('',(5.19473362409,3.93611401745));
#164 = CARTESIAN_POINT('',(5.340894645254,3.887108995131));
#165 = CARTESIAN_POINT('',(5.403263342481,3.864855577672));
#166 = CARTESIAN_POINT('',(5.466894548612,3.84126126443));
#167 = CARTESIAN_POINT('',(5.531965224194,3.816793567954));
#168 = CARTESIAN_POINT('',(5.598659517341,3.792048990975));
#169 = CARTESIAN_POINT('',(5.667179638872,3.767764247977));
#170 = CARTESIAN_POINT('',(5.809750529057,3.721400833217));
#171 = CARTESIAN_POINT('',(5.884566181418,3.699153006155));
#172 = CARTESIAN_POINT('',(5.961568866907,3.67935170424));
#173 = CARTESIAN_POINT('',(6.040282618893,3.663301954644));
#174 = CARTESIAN_POINT('',(6.120332730015,3.652099930612));
#175 = CARTESIAN_POINT('',(6.201400033261,3.646408839779));
#176 = CARTESIAN_POINT('',(6.28318530718,3.646408839779));
#177 = ( GEOMETRIC_REPRESENTATION_CONTEXT(2) 
PARAMETRIC_REPRESENTATION_CONTEXT() REPRESENTATION_CONTEXT('2D SPACE',''
  ) );
#178 = ORIENTED_EDGE('',*,*,#179,.T.);
#179 = EDGE_CURVE('',#42,#180,#182,.T.);
#180 = VERTEX_POINT('',#181);
#181 = CARTESIAN_POINT('',(8.28729281768,-4.465562914018E-15,
    -18.23204419889));
#182 = SEAM_CURVE('',#183,(#187,#194),.PCURVE_S1.);
#183 = LINE('',#184,#185);
#184 = CARTESIAN_POINT('',(-8.28729281768,-4.465562914018E-15,
    -18.23204419889));
#185 = VECTOR('',#186,1.);
#186 = DIRECTION('',(1.,0.,2.22044604925E-16));
#187 = PCURVE('',#85,#188);
#188 = DEFINITIONAL_REPRESENTATION('',(#189),#193);
#189 = LINE('',#190,#191);
#190 = CARTESIAN_POINT('',(0.,-0.));
#191 = VECTOR('',#192,1.);
#192 = DIRECTION('',(0.,1.));
#193 = ( GEOMETRIC_REPRESENTATION_CONTEXT(2) 
PARAMETRIC_REPRESENTATION_CONTEXT() REPRESENTATION_CONTEXT('2D SPACE',''
  ) );
#194 = PCURVE('',#85,#195);
#195 = DEFINITIONAL_REPRESENTATION('',(#196),#200);
#196 = LINE('',#197,#198);
#197 = CARTESIAN_POINT('',(6.28318530718,-0.));
#198 = VECTOR('',#199,1.);
#199 = DIRECTION('',(0.,1.));
#200 = ( GEOMETRIC_REPRESENTATION_CONTEXT(2) 
PARAMETRIC_REPRESENTATION_CONTEXT() REPRESENTATION_CONTEXT('2D SPACE',''
  ) );
#201 = ORIENTED_EDGE('',*,*,#202,.F.);
#202 = EDGE_CURVE('',#180,#180,#203,.T.);
#203 = SURFACE_CURVE('',#204,(#209,#216),.PCURVE_S1.);
#204 = CIRCLE('',#205,18.232044198895);
#205 = AXIS2_PLACEMENT_3D('',#206,#207,#208);
#206 = CARTESIAN_POINT('',(8.28729281768,0.,1.8401486596E-15));
#207 = DIRECTION('',(1.,-0.,2.22044604925E-16));
#208 = DIRECTION('',(2.22044604925E-16,0.,-1.));
#209 = PCURVE('',#85,#210);
#210 = DEFINITIONAL_REPRESENTATION('',(#211),#215);
#211 = LINE('',#212,#213);
#212 = CARTESIAN_POINT('',(0.,16.574585635359));
#213 = VECTOR('',#214,1.);
#214 = DIRECTION('',(1.,0.));
#215 = ( GEOMETRIC_REPRESENTATION_CONTEXT(2) 
PARAMETRIC_REPRESENTATION_CONTEXT() REPRESENTATION_CONTEXT('2D SPACE',''
  ) );
#216 = PCURVE('',#217,#222);
#217 = PLANE('',#218);
#218 = AXIS2_PLACEMENT_3D('',#219,#220,#221);
#219 = CARTESIAN_POINT('',(8.28729281768,0.,1.8401486596E-15));
#220 = DIRECTION('',(1.,0.,2.22044604925E-16));
#221 = DIRECTION('',(2.22044604925E-16,0.,-1.));
#222 = DEFINITIONAL_REPRESENTATION('',(#223),#227);
#223 = CIRCLE('',#224,18.232044198895);
#224 = AXIS2_PLACEMENT_2D('',#225,#226);
#225 = CARTESIAN_POINT('',(0.,0.));
#226 = DIRECTION('',(1.,0.));
#227 = ( GEOMETRIC_REPRESENTATION_CONTEXT(2) 
PARAMETRIC_REPRESENTATION_CONTEXT() REPRESENTATION_CONTEXT('2D SPACE',''
  ) );
#228 = ORIENTED_EDGE('',*,*,#179,.F.);
#229 = ORIENTED_EDGE('',*,*,#230,.T.);
#230 = EDGE_CURVE('',#42,#40,#231,.T.);
#231 = SURFACE_CURVE('',#232,(#271,#313),.PCURVE_S1.);
#232 = B_SPLINE_CURVE_WITH_KNOTS('',7,(#233,#234,#235,#236,#237,#238,
    #239,#240,#241,#242,#243,#244,#245,#246,#247,#248,#249,#250,#251,
    #252,#253,#254,#255,#256,#257,#258,#259,#260,#261,#262,#263,#264,
    #265,#266,#267,#268,#269,#270),.UNSPECIFIED.,.F.,.F.,(8,6,6,6,6,6,8)
  ,(0.,0.149671761084,0.349658703754,0.499918296626,0.703380283983,
    0.850243840624,1.),.UNSPECIFIED.);
#233 = CARTESIAN_POINT('',(3.646408839779,-4.465562914018E-16,
    -18.23204419889));
#234 = CARTESIAN_POINT('',(3.646408839779,0.298222545782,-18.23204419889
    ));
#235 = CARTESIAN_POINT('',(3.617953658856,0.593827189304,-18.22635310806
    ));
#236 = CARTESIAN_POINT('',(3.561942083945,0.882463937321,-18.21515108403
    ));
#237 = CARTESIAN_POINT('',(3.480354345636,1.159971017407,-18.19910133443
    ));
#238 = CARTESIAN_POINT('',(3.376203156033,1.422608406317,-18.17930003251
    ));
#239 = CARTESIAN_POINT('',(3.253521005488,1.667270039651,-18.15705220545
    ));
#240 = CARTESIAN_POINT('',(2.935421526576,2.191481757004,-18.1023676646)
  );
#241 = CARTESIAN_POINT('',(2.72720297336,2.458760197736,-18.06863929746)
  );
#242 = CARTESIAN_POINT('',(2.499120142614,2.693960421591,-18.03465354569
    ));
#243 = CARTESIAN_POINT('',(2.255986769204,2.898197648949,-18.00213652919
    ));
#244 = CARTESIAN_POINT('',(2.001456559893,3.072775483615,-17.97231066377
    ));
#245 = CARTESIAN_POINT('',(1.738299354646,3.218920111814,-17.94604586657
    ));
#246 = CARTESIAN_POINT('',(1.265925573819,3.426769549895,-17.90734243414
    ));
#247 = CARTESIAN_POINT('',(1.059516514252,3.500456870496,-17.89308569767
    ));
#248 = CARTESIAN_POINT('',(0.850291523122,3.559027257706,-17.88144103504
    ));
#249 = CARTESIAN_POINT('',(0.639048532314,3.602762935754,-17.87259126372
    ));
#250 = CARTESIAN_POINT('',(0.426488544222,3.631857574768,-17.86665237419
    ));
#251 = CARTESIAN_POINT('',(0.213259604895,3.646408839779,-17.86368210206
    ));
#252 = CARTESIAN_POINT('',(-0.288768405436,3.646408839779,
    -17.86368210206));
#253 = CARTESIAN_POINT('',(-0.577388410757,3.619729422124,
    -17.86912815444));
#254 = CARTESIAN_POINT('',(-0.864355808627,3.566418076645,
    -17.88000979469));
#255 = CARTESIAN_POINT('',(-1.148090718076,3.486134456902,
    -17.89613685416));
#256 = CARTESIAN_POINT('',(-1.4267797793,3.378201232688,-17.91712470058)
  );
#257 = CARTESIAN_POINT('',(-1.698155684035,3.241662539273,
    -17.94233902089));
#258 = CARTESIAN_POINT('',(-2.147651986893,2.955301812379,
    -17.99134404353));
#259 = CARTESIAN_POINT('',(-2.33087522233,2.819637483569,-18.013597461)
  );
#260 = CARTESIAN_POINT('',(-2.507694185036,2.667898735035,
    -18.03719177425));
#261 = CARTESIAN_POINT('',(-2.676676153839,2.499605405291,
    -18.06165947071));
#262 = CARTESIAN_POINT('',(-2.836086600002,2.314319074807,
    -18.08640404769));
#263 = CARTESIAN_POINT('',(-2.983825441749,2.111714573523,-18.1106887907
    ));
#264 = CARTESIAN_POINT('',(-3.253521004522,1.667270041243,
    -18.15705220529));
#265 = CARTESIAN_POINT('',(-3.376203158267,1.422608403335,-18.1793000329
    ));
#266 = CARTESIAN_POINT('',(-3.480354343265,1.159971018453,
    -18.19910133402));
#267 = CARTESIAN_POINT('',(-3.56194208527,0.882463940161,-18.21515108425
    ));
#268 = CARTESIAN_POINT('',(-3.61795365854,0.593827185153,-18.226353108)
  );
#269 = CARTESIAN_POINT('',(-3.646408839779,0.298222547803,
    -18.23204419889));
#270 = CARTESIAN_POINT('',(-3.646408839779,6.698344371027E-16,
    -18.23204419889));
#271 = PCURVE('',#85,#272);
#272 = DEFINITIONAL_REPRESENTATION('',(#273),#312);
#273 = B_SPLINE_CURVE_WITH_KNOTS('',7,(#274,#275,#276,#277,#278,#279,
    #280,#281,#282,#283,#284,#285,#286,#287,#288,#289,#290,#291,#292,
    #293,#294,#295,#296,#297,#298,#299,#300,#301,#302,#303,#304,#305,
    #306,#307,#308,#309,#310,#311),.UNSPECIFIED.,.F.,.F.,(8,6,6,6,6,6,8)
  ,(0.,0.149671761084,0.349658703754,0.499918296626,0.703380283983,
    0.850243840624,1.),.UNSPECIFIED.);
#274 = CARTESIAN_POINT('',(0.,11.933701657459));
#275 = CARTESIAN_POINT('',(1.635705478378E-02,11.933701657459));
#276 = CARTESIAN_POINT('',(3.257052380418E-02,11.905246476535));
#277 = CARTESIAN_POINT('',(4.840894827847E-02,11.849234901624));
#278 = CARTESIAN_POINT('',(6.365070410517E-02,11.767647163315));
#279 = CARTESIAN_POINT('',(7.809401195211E-02,11.663495973713));
#280 = CARTESIAN_POINT('',(9.156751219597E-02,11.540813823168));
#281 = CARTESIAN_POINT('',(0.120475750653,11.222714344255));
#282 = CARTESIAN_POINT('',(0.13524838689,11.01449579104));
#283 = CARTESIAN_POINT('',(0.148279938246,10.786412960293));
#284 = CARTESIAN_POINT('',(0.159621662343,10.543279586883));
#285 = CARTESIAN_POINT('',(0.169335118165,10.288749377572));
#286 = CARTESIAN_POINT('',(0.177479191501,10.025592172325));
#287 = CARTESIAN_POINT('',(0.189075378568,9.553218391499));
#288 = CARTESIAN_POINT('',(0.193191866022,9.346809331932));
#289 = CARTESIAN_POINT('',(0.196467195865,9.137584340802));
#290 = CARTESIAN_POINT('',(0.198914645997,8.926341349994));
#291 = CARTESIAN_POINT('',(0.20054334778,8.713781361901));
#292 = CARTESIAN_POINT('',(0.20135792079,8.500552422575));
#293 = CARTESIAN_POINT('',(0.20135792079,7.998524412244));
#294 = CARTESIAN_POINT('',(0.199864414469,7.709904406923));
#295 = CARTESIAN_POINT('',(0.19688009169,7.422937009053));
#296 = CARTESIAN_POINT('',(0.192388698476,7.139202099604));
#297 = CARTESIAN_POINT('',(0.186358101779,6.860513038379));
#298 = CARTESIAN_POINT('',(0.178743187257,6.589137133645));
#299 = CARTESIAN_POINT('',(0.162808408363,6.139640830786));
#300 = CARTESIAN_POINT('',(0.155268164118,5.956417595349));
#301 = CARTESIAN_POINT('',(0.146845998763,5.779598632643));
#302 = CARTESIAN_POINT('',(0.137519238024,5.610616663841));
#303 = CARTESIAN_POINT('',(0.127267673489,5.451206217677));
#304 = CARTESIAN_POINT('',(0.116076900561,5.30346737593));
#305 = CARTESIAN_POINT('',(9.156751228376E-02,5.033771813157));
#306 = CARTESIAN_POINT('',(7.809401178745E-02,4.911089659413));
#307 = CARTESIAN_POINT('',(6.365070416366E-02,4.806938474414));
#308 = CARTESIAN_POINT('',(4.840894843365E-02,4.72535073241));
#309 = CARTESIAN_POINT('',(3.257052357667E-02,4.66933915914));
#310 = CARTESIAN_POINT('',(1.635705489465E-02,4.640883977901));
#311 = CARTESIAN_POINT('',(0.,4.640883977901));
#312 = ( GEOMETRIC_REPRESENTATION_CONTEXT(2) 
PARAMETRIC_REPRESENTATION_CONTEXT() REPRESENTATION_CONTEXT('2D SPACE',''
  ) );
#313 = PCURVE('',#132,#314);
#314 = DEFINITIONAL_REPRESENTATION('',(#315),#354);
#315 = B_SPLINE_CURVE_WITH_KNOTS('',7,(#316,#317,#318,#319,#320,#321,
    #322,#323,#324,#325,#326,#327,#328,#329,#330,#331,#332,#333,#334,
    #335,#336,#337,#338,#339,#340,#341,#342,#343,#344,#345,#346,#347,
    #348,#349,#350,#351,#352,#353),.UNSPECIFIED.,.F.,.F.,(8,6,6,6,6,6,8)
  ,(0.,0.149671761084,0.349658703754,0.499918296626,0.703380283983,
    0.850243840624,1.),.UNSPECIFIED.);
#316 = CARTESIAN_POINT('',(0.,3.646408839779));
#317 = CARTESIAN_POINT('',(8.178527391889E-02,3.646408839779));
#318 = CARTESIAN_POINT('',(0.162852577165,3.652099930612));
#319 = CARTESIAN_POINT('',(0.242902688286,3.663301954644));
#320 = CARTESIAN_POINT('',(0.321616440273,3.67935170424));
#321 = CARTESIAN_POINT('',(0.398619125761,3.699153006155));
#322 = CARTESIAN_POINT('',(0.473434778122,3.721400833217));
#323 = CARTESIAN_POINT('',(0.641593739431,3.77608537407));
#324 = CARTESIAN_POINT('',(0.733881260006,3.809813741207));
#325 = CARTESIAN_POINT('',(0.822926572336,3.843799492975));
#326 = CARTESIAN_POINT('',(0.9092332622,3.87631650948));
#327 = CARTESIAN_POINT('',(0.993269381202,3.906142374898));
#328 = CARTESIAN_POINT('',(1.075467987077,3.9324071721));
#329 = CARTESIAN_POINT('',(1.216998967249,3.971110604529));
#330 = CARTESIAN_POINT('',(1.276950024852,3.985367340996));
#331 = CARTESIAN_POINT('',(1.336303678537,3.997012003627));
#332 = CARTESIAN_POINT('',(1.395215479783,4.005861774953));
#333 = CARTESIAN_POINT('',(1.453835027032,4.011800664484));
#334 = CARTESIAN_POINT('',(1.512311495755,4.014770936609));
#335 = CARTESIAN_POINT('',(1.649988874346,4.014770936609));
#336 = CARTESIAN_POINT('',(1.729141127812,4.009324884228));
#337 = CARTESIAN_POINT('',(1.808649576902,3.998443243982));
#338 = CARTESIAN_POINT('',(1.888893482885,3.98231618451));
#339 = CARTESIAN_POINT('',(1.970253954888,3.961328338091));
#340 = CARTESIAN_POINT('',(2.053140969502,3.936114017784));
#341 = CARTESIAN_POINT('',(2.199301991642,3.887108995138));
#342 = CARTESIAN_POINT('',(2.261670688912,3.864855577665));
#343 = CARTESIAN_POINT('',(2.325301895041,3.841261264424));
#344 = CARTESIAN_POINT('',(2.390372570586,3.81679356796));
#345 = CARTESIAN_POINT('',(2.457066863726,3.792048990983));
#346 = CARTESIAN_POINT('',(2.525586985308,3.767764247969));
#347 = CARTESIAN_POINT('',(2.668157874957,3.721400833383));
#348 = CARTESIAN_POINT('',(2.742973528815,3.69915300577));
#349 = CARTESIAN_POINT('',(2.819976212851,3.679351704647));
#350 = CARTESIAN_POINT('',(2.898689964626,3.663301954418));
#351 = CARTESIAN_POINT('',(2.978740077537,3.652099930665));
#352 = CARTESIAN_POINT('',(3.059807379117,3.646408839779));
#353 = CARTESIAN_POINT('',(3.14159265359,3.646408839779));
#354 = ( GEOMETRIC_REPRESENTATION_CONTEXT(2) 
PARAMETRIC_REPRESENTATION_CONTEXT() REPRESENTATION_CONTEXT('2D SPACE',''
  ) );
#355 = ORIENTED_EDGE('',*,*,#356,.F.);
#356 = EDGE_CURVE('',#357,#40,#359,.T.);
#357 = VERTEX_POINT('',#358);
#358 = CARTESIAN_POINT('',(-8.28729281768,-4.465562914018E-15,
    -18.23204419889));
#359 = SEAM_CURVE('',#360,(#364,#371),.PCURVE_S1.);
#360 = LINE('',#361,#362);
#361 = CARTESIAN_POINT('',(-8.28729281768,-4.465562914018E-15,
    -18.23204419889));
#362 = VECTOR('',#363,1.);
#363 = DIRECTION('',(1.,0.,2.22044604925E-16));
#364 = PCURVE('',#85,#365);
#365 = DEFINITIONAL_REPRESENTATION('',(#366),#370);
#366 = LINE('',#367,#368);
#367 = CARTESIAN_POINT('',(6.28318530718,-0.));
#368 = VECTOR('',#369,1.);
#369 = DIRECTION('',(0.,1.));
#370 = ( GEOMETRIC_REPRESENTATION_CONTEXT(2) 
PARAMETRIC_REPRESENTATION_CONTEXT() REPRESENTATION_CONTEXT('2D SPACE',''
  ) );
#371 = PCURVE('',#85,#372);
#372 = DEFINITIONAL_REPRESENTATION('',(#373),#377);
#373 = LINE('',#374,#375);
#374 = CARTESIAN_POINT('',(0.,-0.));
#375 = VECTOR('',#376,1.);
#376 = DIRECTION('',(0.,1.));
#377 = ( GEOMETRIC_REPRESENTATION_CONTEXT(2) 
PARAMETRIC_REPRESENTATION_CONTEXT() REPRESENTATION_CONTEXT('2D SPACE',''
  ) );
#378 = ORIENTED_EDGE('',*,*,#379,.T.);
#379 = EDGE_CURVE('',#357,#357,#380,.T.);
#380 = SURFACE_CURVE('',#381,(#386,#393),.PCURVE_S1.);
#381 = CIRCLE('',#382,18.232044198895);
#382 = AXIS2_PLACEMENT_3D('',#383,#384,#385);
#383 = CARTESIAN_POINT('',(-8.28729281768,0.,-1.8401486596E-15));
#384 = DIRECTION('',(1.,-0.,2.22044604925E-16));
#385 = DIRECTION('',(2.22044604925E-16,0.,-1.));
#386 = PCURVE('',#85,#387);
#387 = DEFINITIONAL_REPRESENTATION('',(#388),#392);
#388 = LINE('',#389,#390);
#389 = CARTESIAN_POINT('',(0.,0.));
#390 = VECTOR('',#391,1.);
#391 = DIRECTION('',(1.,0.));
#392 = ( GEOMETRIC_REPRESENTATION_CONTEXT(2) 
PARAMETRIC_REPRESENTATION_CONTEXT() REPRESENTATION_CONTEXT('2D SPACE',''
  ) );
#393 = PCURVE('',#394,#399);
#394 = PLANE('',#395);
#395 = AXIS2_PLACEMENT_3D('',#396,#397,#398);
#396 = CARTESIAN_POINT('',(-8.28729281768,0.,-1.8401486596E-15));
#397 = DIRECTION('',(1.,0.,2.22044604925E-16));
#398 = DIRECTION('',(2.22044604925E-16,0.,-1.));
#399 = DEFINITIONAL_REPRESENTATION('',(#400),#404);
#400 = CIRCLE('',#401,18.232044198895);
#401 = AXIS2_PLACEMENT_2D('',#402,#403);
#402 = CARTESIAN_POINT('',(0.,0.));
#403 = DIRECTION('',(1.,0.));
#404 = ( GEOMETRIC_REPRESENTATION_CONTEXT(2) 
PARAMETRIC_REPRESENTATION_CONTEXT() REPRESENTATION_CONTEXT('2D SPACE',''
  ) );
#405 = ORIENTED_EDGE('',*,*,#356,.T.);
#406 = FACE_BOUND('',#407,.T.);
#407 = EDGE_LOOP('',(#408,#439,#465,#494));
#408 = ORIENTED_EDGE('',*,*,#409,.F.);
#409 = EDGE_CURVE('',#410,#412,#414,.T.);
#410 = VERTEX_POINT('',#411);
#411 = CARTESIAN_POINT('',(-3.314917167072,17.928155505961,
    -3.314917167072));
#412 = VERTEX_POINT('',#413);
#413 = CARTESIAN_POINT('',(-3.314917167072,17.928155505961,
    3.314917167072));
#414 = SURFACE_CURVE('',#415,(#420,#427),.PCURVE_S1.);
#415 = CIRCLE('',#416,18.232044198895);
#416 = AXIS2_PLACEMENT_3D('',#417,#418,#419);
#417 = CARTESIAN_POINT('',(-3.314917167072,0.,-7.360594727217E-16));
#418 = DIRECTION('',(1.,0.,2.22044604925E-16));
#419 = DIRECTION('',(2.22044604925E-16,0.,-1.));
#420 = PCURVE('',#85,#421);
#421 = DEFINITIONAL_REPRESENTATION('',(#422),#426);
#422 = LINE('',#423,#424);
#423 = CARTESIAN_POINT('',(0.,4.972375650608));
#424 = VECTOR('',#425,1.);
#425 = DIRECTION('',(1.,0.));
#426 = ( GEOMETRIC_REPRESENTATION_CONTEXT(2) 
PARAMETRIC_REPRESENTATION_CONTEXT() REPRESENTATION_CONTEXT('2D SPACE',''
  ) );
#427 = PCURVE('',#428,#433);
#428 = PLANE('',#429);
#429 = AXIS2_PLACEMENT_3D('',#430,#431,#432);
#430 = CARTESIAN_POINT('',(-3.314917167072,16.160221069475,
    -3.314917167072));
#431 = DIRECTION('',(1.,0.,-0.));
#432 = DIRECTION('',(0.,0.,1.));
#433 = DEFINITIONAL_REPRESENTATION('',(#434),#438);
#434 = CIRCLE('',#435,18.232044198895);
#435 = AXIS2_PLACEMENT_2D('',#436,#437);
#436 = CARTESIAN_POINT('',(3.314917167072,16.160221069475));
#437 = DIRECTION('',(-1.,0.));
#438 = ( GEOMETRIC_REPRESENTATION_CONTEXT(2) 
PARAMETRIC_REPRESENTATION_CONTEXT() REPRESENTATION_CONTEXT('2D SPACE',''
  ) );
#439 = ORIENTED_EDGE('',*,*,#440,.T.);
#440 = EDGE_CURVE('',#410,#441,#443,.T.);
#441 = VERTEX_POINT('',#442);
#442 = CARTESIAN_POINT('',(3.314917167072,17.928155505961,
    -3.314917167072));
#443 = SURFACE_CURVE('',#444,(#448,#454),.PCURVE_S1.);
#444 = LINE('',#445,#446);
#445 = CARTESIAN_POINT('',(-8.28729281768,17.928155505961,
    -3.314917167072));
#446 = VECTOR('',#447,1.);
#447 = DIRECTION('',(1.,0.,2.22044604925E-16));
#448 = PCURVE('',#85,#449);
#449 = DEFINITIONAL_REPRESENTATION('',(#450),#453);
#450 = B_SPLINE_CURVE_WITH_KNOTS('',1,(#451,#452),.UNSPECIFIED.,.F.,.F.,
  (2,2),(4.309392217193,12.265193418166),.PIECEWISE_BEZIER_KNOTS.);
#451 = CARTESIAN_POINT('',(1.387961187571,4.309392217193));
#452 = CARTESIAN_POINT('',(1.387961187571,12.265193418166));
#453 = ( GEOMETRIC_REPRESENTATION_CONTEXT(2) 
PARAMETRIC_REPRESENTATION_CONTEXT() REPRESENTATION_CONTEXT('2D SPACE',''
  ) );
#454 = PCURVE('',#455,#460);
#455 = PLANE('',#456);
#456 = AXIS2_PLACEMENT_3D('',#457,#458,#459);
#457 = CARTESIAN_POINT('',(-3.314917167072,16.160221069475,
    -3.314917167072));
#458 = DIRECTION('',(0.,0.,1.));
#459 = DIRECTION('',(1.,0.,-0.));
#460 = DEFINITIONAL_REPRESENTATION('',(#461),#464);
#461 = B_SPLINE_CURVE_WITH_KNOTS('',1,(#462,#463),.UNSPECIFIED.,.F.,.F.,
  (2,2),(4.309392217193,12.265193418166),.PIECEWISE_BEZIER_KNOTS.);
#462 = CARTESIAN_POINT('',(-0.662983433414,1.767934436486));
#463 = CARTESIAN_POINT('',(7.292817767558,1.767934436486));
#464 = ( GEOMETRIC_REPRESENTATION_CONTEXT(2) 
PARAMETRIC_REPRESENTATION_CONTEXT() REPRESENTATION_CONTEXT('2D SPACE',''
  ) );
#465 = ORIENTED_EDGE('',*,*,#466,.T.);
#466 = EDGE_CURVE('',#441,#467,#469,.T.);
#467 = VERTEX_POINT('',#468);
#468 = CARTESIAN_POINT('',(3.314917167072,17.928155505961,3.314917167072
    ));
#469 = SURFACE_CURVE('',#470,(#475,#482),.PCURVE_S1.);
#470 = CIRCLE('',#471,18.232044198895);
#471 = AXIS2_PLACEMENT_3D('',#472,#473,#474);
#472 = CARTESIAN_POINT('',(3.314917167072,0.,7.360594727217E-16));
#473 = DIRECTION('',(1.,0.,2.22044604925E-16));
#474 = DIRECTION('',(2.22044604925E-16,0.,-1.));
#475 = PCURVE('',#85,#476);
#476 = DEFINITIONAL_REPRESENTATION('',(#477),#481);
#477 = LINE('',#478,#479);
#478 = CARTESIAN_POINT('',(0.,11.602209984751));
#479 = VECTOR('',#480,1.);
#480 = DIRECTION('',(1.,0.));
#481 = ( GEOMETRIC_REPRESENTATION_CONTEXT(2) 
PARAMETRIC_REPRESENTATION_CONTEXT() REPRESENTATION_CONTEXT('2D SPACE',''
  ) );
#482 = PCURVE('',#483,#488);
#483 = PLANE('',#484);
#484 = AXIS2_PLACEMENT_3D('',#485,#486,#487);
#485 = CARTESIAN_POINT('',(3.314917167072,16.160221069475,
    -3.314917167072));
#486 = DIRECTION('',(1.,0.,-0.));
#487 = DIRECTION('',(0.,0.,1.));
#488 = DEFINITIONAL_REPRESENTATION('',(#489),#493);
#489 = CIRCLE('',#490,18.232044198895);
#490 = AXIS2_PLACEMENT_2D('',#491,#492);
#491 = CARTESIAN_POINT('',(3.314917167072,16.160221069475));
#492 = DIRECTION('',(-1.,0.));
#493 = ( GEOMETRIC_REPRESENTATION_CONTEXT(2) 
PARAMETRIC_REPRESENTATION_CONTEXT() REPRESENTATION_CONTEXT('2D SPACE',''
  ) );
#494 = ORIENTED_EDGE('',*,*,#495,.F.);
#495 = EDGE_CURVE('',#412,#467,#496,.T.);
#496 = SURFACE_CURVE('',#497,(#501,#507),.PCURVE_S1.);
#497 = LINE('',#498,#499);
#498 = CARTESIAN_POINT('',(-8.28729281768,17.928155505961,3.314917167072
    ));
#499 = VECTOR('',#500,1.);
#500 = DIRECTION('',(1.,0.,2.22044604925E-16));
#501 = PCURVE('',#85,#502);
#502 = DEFINITIONAL_REPRESENTATION('',(#503),#506);
#503 = B_SPLINE_CURVE_WITH_KNOTS('',1,(#504,#505),.UNSPECIFIED.,.F.,.F.,
  (2,2),(4.309392217193,12.265193418166),.PIECEWISE_BEZIER_KNOTS.);
#504 = CARTESIAN_POINT('',(1.753631466019,4.309392217193));
#505 = CARTESIAN_POINT('',(1.753631466019,12.265193418166));
#506 = ( GEOMETRIC_REPRESENTATION_CONTEXT(2) 
PARAMETRIC_REPRESENTATION_CONTEXT() REPRESENTATION_CONTEXT('2D SPACE',''
  ) );
#507 = PCURVE('',#508,#513);
#508 = PLANE('',#509);
#509 = AXIS2_PLACEMENT_3D('',#510,#511,#512);
#510 = CARTESIAN_POINT('',(-3.314917167072,16.160221069475,
    3.314917167072));
#511 = DIRECTION('',(0.,0.,1.));
#512 = DIRECTION('',(1.,0.,-0.));
#513 = DEFINITIONAL_REPRESENTATION('',(#514),#517);
#514 = B_SPLINE_CURVE_WITH_KNOTS('',1,(#515,#516),.UNSPECIFIED.,.F.,.F.,
  (2,2),(4.309392217193,12.265193418166),.PIECEWISE_BEZIER_KNOTS.);
#515 = CARTESIAN_POINT('',(-0.662983433414,1.767934436486));
#516 = CARTESIAN_POINT('',(7.292817767558,1.767934436486));
#517 = ( GEOMETRIC_REPRESENTATION_CONTEXT(2) 
PARAMETRIC_REPRESENTATION_CONTEXT() REPRESENTATION_CONTEXT('2D SPACE',''
  ) );
#518 = FACE_BOUND('',#519,.T.);
#519 = EDGE_LOOP('',(#520));
#520 = ORIENTED_EDGE('',*,*,#521,.F.);
#521 = EDGE_CURVE('',#522,#522,#524,.T.);
#522 = VERTEX_POINT('',#523);
#523 = CARTESIAN_POINT('',(3.646408839779,-8.931125828036E-16,
    18.232044198895));
#524 = SURFACE_CURVE('',#525,(#600,#678),.PCURVE_S1.);
#525 = B_SPLINE_CURVE_WITH_KNOTS('',7,(#526,#527,#528,#529,#530,#531,
    #532,#533,#534,#535,#536,#537,#538,#539,#540,#541,#542,#543,#544,
    #545,#546,#547,#548,#549,#550,#551,#552,#553,#554,#555,#556,#557,
    #558,#559,#560,#561,#562,#563,#564,#565,#566,#567,#568,#569,#570,
    #571,#572,#573,#574,#575,#576,#577,#578,#579,#580,#581,#582,#583,
    #584,#585,#586,#587,#588,#589,#590,#591,#592,#593,#594,#595,#596,
    #597,#598,#599),.UNSPECIFIED.,.T.,.F.,(8,6,6,6,6,6,6,6,6,6,6,6,8),(
    0.,7.481478489114E-02,0.17478006898,0.249888687012,0.351591004828,
    0.425002085113,0.499859059631,0.574716034583,0.67473769224,
    0.749888666384,0.851648336159,0.925100813574,1.),.UNSPECIFIED.);
#526 = CARTESIAN_POINT('',(3.646408839779,8.881784197001E-16,
    18.232044198895));
#527 = CARTESIAN_POINT('',(3.646408839779,0.298222546126,18.232044198895
    ));
#528 = CARTESIAN_POINT('',(3.61795365879,0.59382718935,18.226353108049)
  );
#529 = CARTESIAN_POINT('',(3.56194208397,0.882463937051,18.215151084035)
  );
#530 = CARTESIAN_POINT('',(3.48035434576,1.159971017145,18.19910133446)
  );
#531 = CARTESIAN_POINT('',(3.376203156078,1.422608406356,18.179300032523
    ));
#532 = CARTESIAN_POINT('',(3.253521005308,1.667270039949,18.157052205426
    ));
#533 = CARTESIAN_POINT('',(2.935421526576,2.191481757004,18.102367664604
    ));
#534 = CARTESIAN_POINT('',(2.727202973359,2.458760197738,18.068639297467
    ));
#535 = CARTESIAN_POINT('',(2.499120142616,2.693960421588,18.034653545699
    ));
#536 = CARTESIAN_POINT('',(2.255986769201,2.898197648952,18.002136529194
    ));
#537 = CARTESIAN_POINT('',(2.001456559894,3.072775483613,17.972310663776
    ));
#538 = CARTESIAN_POINT('',(1.738299354646,3.218920111814,17.946045866574
    ));
#539 = CARTESIAN_POINT('',(1.265925573819,3.426769549895,17.907342434145
    ));
#540 = CARTESIAN_POINT('',(1.059516514252,3.500456870496,17.893085697678
    ));
#541 = CARTESIAN_POINT('',(0.850291523122,3.559027257706,17.881441035047
    ));
#542 = CARTESIAN_POINT('',(0.639048532314,3.602762935754,17.872591263721
    ));
#543 = CARTESIAN_POINT('',(0.426488544222,3.631857574768,17.86665237419)
  );
#544 = CARTESIAN_POINT('',(0.213259604896,3.646408839779,17.863682102065
    ));
#545 = CARTESIAN_POINT('',(-0.288768408774,3.646408839779,
    17.863682102065));
#546 = CARTESIAN_POINT('',(-0.57738840306,3.619729423557,17.869128154193
    ));
#547 = CARTESIAN_POINT('',(-0.864355813106,3.566418074541,
    17.880009795061));
#548 = CARTESIAN_POINT('',(-1.148090722748,3.486134456233,
    17.896136854286));
#549 = CARTESIAN_POINT('',(-1.426779771835,3.37820123586,17.917124700031
    ));
#550 = CARTESIAN_POINT('',(-1.698155687104,3.241662537318,
    17.942339021224));
#551 = CARTESIAN_POINT('',(-2.147651986893,2.955301812379,
    17.991344043536));
#552 = CARTESIAN_POINT('',(-2.33087522233,2.819637483569,18.013597461009
    ));
#553 = CARTESIAN_POINT('',(-2.507694185036,2.667898735035,18.03719177425
    ));
#554 = CARTESIAN_POINT('',(-2.676676153839,2.499605405291,
    18.061659470714));
#555 = CARTESIAN_POINT('',(-2.836086600002,2.314319074807,
    18.086404047691));
#556 = CARTESIAN_POINT('',(-2.98382544175,2.111714573523,18.110688790706
    ));
#557 = CARTESIAN_POINT('',(-3.253521005488,1.667270039651,
    18.157052205457));
#558 = CARTESIAN_POINT('',(-3.376203156033,1.422608406318,
    18.179300032519));
#559 = CARTESIAN_POINT('',(-3.480354345635,1.159971017406,
    18.199101334434));
#560 = CARTESIAN_POINT('',(-3.561942083945,0.882463937322,18.21515108403
    ));
#561 = CARTESIAN_POINT('',(-3.617953658856,0.593827189304,
    18.226353108062));
#562 = CARTESIAN_POINT('',(-3.646408839779,0.298222545782,
    18.232044198895));
#563 = CARTESIAN_POINT('',(-3.646408839779,-0.298222547514,
    18.232044198895));
#564 = CARTESIAN_POINT('',(-3.617953658595,-0.593827185114,
    18.22635310802));
#565 = CARTESIAN_POINT('',(-3.561942085249,-0.882463940387,
    18.215151084252));
#566 = CARTESIAN_POINT('',(-3.48035434316,-1.159971018672,
    18.199101334005));
#567 = CARTESIAN_POINT('',(-3.376203158229,-1.422608403302,18.1793000329
    ));
#568 = CARTESIAN_POINT('',(-3.253521004674,-1.667270040994,
    18.157052205317));
#569 = CARTESIAN_POINT('',(-2.935421526576,-2.191481757005,
    18.102367664604));
#570 = CARTESIAN_POINT('',(-2.72720297336,-2.458760197737,
    18.068639297467));
#571 = CARTESIAN_POINT('',(-2.499120142614,-2.69396042159,
    18.034653545699));
#572 = CARTESIAN_POINT('',(-2.255986769203,-2.89819764895,
    18.002136529194));
#573 = CARTESIAN_POINT('',(-2.001456559893,-3.072775483614,
    17.972310663776));
#574 = CARTESIAN_POINT('',(-1.738299354646,-3.218920111814,
    17.946045866574));
#575 = CARTESIAN_POINT('',(-1.265925573819,-3.426769549895,
    17.907342434145));
#576 = CARTESIAN_POINT('',(-1.059516514252,-3.500456870496,
    17.893085697678));
#577 = CARTESIAN_POINT('',(-0.850291523122,-3.559027257706,
    17.881441035047));
#578 = CARTESIAN_POINT('',(-0.639048532315,-3.602762935754,
    17.872591263721));
#579 = CARTESIAN_POINT('',(-0.426488544222,-3.631857574768,
    17.86665237419));
#580 = CARTESIAN_POINT('',(-0.213259604895,-3.646408839779,
    17.863682102065));
#581 = CARTESIAN_POINT('',(0.288768405436,-3.646408839779,
    17.863682102065));
#582 = CARTESIAN_POINT('',(0.577388410757,-3.619729422124,
    17.869128154446));
#583 = CARTESIAN_POINT('',(0.864355808627,-3.566418076645,
    17.880009794693));
#584 = CARTESIAN_POINT('',(1.148090718075,-3.486134456902,
    17.896136854164));
#585 = CARTESIAN_POINT('',(1.4267797793,-3.378201232688,17.917124700583)
  );
#586 = CARTESIAN_POINT('',(1.698155684035,-3.241662539273,17.94233902089
    ));
#587 = CARTESIAN_POINT('',(2.14765198696,-2.955301812337,17.991344043543
    ));
#588 = CARTESIAN_POINT('',(2.330875222256,-2.8196374836,18.013597461002)
  );
#589 = CARTESIAN_POINT('',(2.507694184999,-2.667898735096,
    18.037191774244));
#590 = CARTESIAN_POINT('',(2.676676153893,-2.499605405257,18.06165947072
    ));
#591 = CARTESIAN_POINT('',(2.836086600043,-2.314319074719,
    18.086404047699));
#592 = CARTESIAN_POINT('',(2.983825441702,-2.111714573601,
    18.110688790697));
#593 = CARTESIAN_POINT('',(3.253521004493,-1.667270041291,
    18.157052205286));
#594 = CARTESIAN_POINT('',(3.376203158274,-1.422608403342,
    18.179300032904));
#595 = CARTESIAN_POINT('',(3.480354343286,-1.159971018408,
    18.199101334031));
#596 = CARTESIAN_POINT('',(3.561942085273,-0.882463940119,
    18.215151084257));
#597 = CARTESIAN_POINT('',(3.617953658529,-0.59382718516,18.226353108007
    ));
#598 = CARTESIAN_POINT('',(3.646408839779,-0.298222547859,
    18.232044198895));
#599 = CARTESIAN_POINT('',(3.646408839779,8.881784197001E-16,
    18.232044198895));
#600 = PCURVE('',#85,#601);
#601 = DEFINITIONAL_REPRESENTATION('',(#602),#677);
#602 = B_SPLINE_CURVE_WITH_KNOTS('',7,(#603,#604,#605,#606,#607,#608,
    #609,#610,#611,#612,#613,#614,#615,#616,#617,#618,#619,#620,#621,
    #622,#623,#624,#625,#626,#627,#628,#629,#630,#631,#632,#633,#634,
    #635,#636,#637,#638,#639,#640,#641,#642,#643,#644,#645,#646,#647,
    #648,#649,#650,#651,#652,#653,#654,#655,#656,#657,#658,#659,#660,
    #661,#662,#663,#664,#665,#666,#667,#668,#669,#670,#671,#672,#673,
    #674,#675,#676),.UNSPECIFIED.,.T.,.F.,(8,6,6,6,6,6,6,6,6,6,6,6,8),(
    0.,7.481478489114E-02,0.17478006898,0.249888687012,0.351591004828,
    0.425002085113,0.499859059631,0.574716034583,0.67473769224,
    0.749888666384,0.851648336159,0.925100813574,1.),.UNSPECIFIED.);
#603 = CARTESIAN_POINT('',(3.14159265359,11.933701657459));
#604 = CARTESIAN_POINT('',(3.125235598787,11.933701657459));
#605 = CARTESIAN_POINT('',(3.109022129783,11.905246476469));
#606 = CARTESIAN_POINT('',(3.093183705326,11.849234901649));
#607 = CARTESIAN_POINT('',(3.077941949499,11.76764716344));
#608 = CARTESIAN_POINT('',(3.063498641636,11.663495973758));
#609 = CARTESIAN_POINT('',(3.050025141377,11.540813822987));
#610 = CARTESIAN_POINT('',(3.021116902937,11.222714344255));
#611 = CARTESIAN_POINT('',(3.0063442667,11.014495791039));
#612 = CARTESIAN_POINT('',(2.993312715344,10.786412960296));
#613 = CARTESIAN_POINT('',(2.981970991247,10.54327958688));
#614 = CARTESIAN_POINT('',(2.972257535425,10.288749377574));
#615 = CARTESIAN_POINT('',(2.964113462088,10.025592172325));
#616 = CARTESIAN_POINT('',(2.952517275022,9.553218391499));
#617 = CARTESIAN_POINT('',(2.948400787568,9.346809331932));
#618 = CARTESIAN_POINT('',(2.945125457724,9.137584340802));
#619 = CARTESIAN_POINT('',(2.942678007593,8.926341349994));
#620 = CARTESIAN_POINT('',(2.94104930581,8.713781361901));
#621 = CARTESIAN_POINT('',(2.940234732799,8.500552422575));
#622 = CARTESIAN_POINT('',(2.940234732799,7.998524408906));
#623 = CARTESIAN_POINT('',(2.941728239041,7.70990441462));
#624 = CARTESIAN_POINT('',(2.944712562017,7.422937004574));
#625 = CARTESIAN_POINT('',(2.949203955151,7.139202094932));
#626 = CARTESIAN_POINT('',(2.955234551635,6.860513045844));
#627 = CARTESIAN_POINT('',(2.962849466441,6.589137130575));
#628 = CARTESIAN_POINT('',(2.978784245227,6.139640830786));
#629 = CARTESIAN_POINT('',(2.986324489471,5.956417595349));
#630 = CARTESIAN_POINT('',(2.994746654827,5.779598632643));
#631 = CARTESIAN_POINT('',(3.004073415565,5.610616663841));
#632 = CARTESIAN_POINT('',(3.0143249801,5.451206217677));
#633 = CARTESIAN_POINT('',(3.025515753029,5.30346737593));
#634 = CARTESIAN_POINT('',(3.050025141394,5.033771812191));
#635 = CARTESIAN_POINT('',(3.063498641638,4.911089661647));
#636 = CARTESIAN_POINT('',(3.077941949485,4.806938472044));
#637 = CARTESIAN_POINT('',(3.093183705311,4.725350733735));
#638 = CARTESIAN_POINT('',(3.109022129786,4.669339158824));
#639 = CARTESIAN_POINT('',(3.125235598806,4.640883977901));
#640 = CARTESIAN_POINT('',(3.157949708469,4.640883977901));
#641 = CARTESIAN_POINT('',(3.174163177164,4.669339159085));
#642 = CARTESIAN_POINT('',(3.190001602036,4.72535073243));
#643 = CARTESIAN_POINT('',(3.205243357766,4.80693847452));
#644 = CARTESIAN_POINT('',(3.219686665375,4.91108965945));
#645 = CARTESIAN_POINT('',(3.23316016586,5.033771813006));
#646 = CARTESIAN_POINT('',(3.262068404243,5.351871291104));
#647 = CARTESIAN_POINT('',(3.276841040479,5.560089844319));
#648 = CARTESIAN_POINT('',(3.289872591836,5.788172675065));
#649 = CARTESIAN_POINT('',(3.301214315933,6.031306048476));
#650 = CARTESIAN_POINT('',(3.310927771755,6.285836257787));
#651 = CARTESIAN_POINT('',(3.319071845091,6.548993463034));
#652 = CARTESIAN_POINT('',(3.330668032157,7.021367243861));
#653 = CARTESIAN_POINT('',(3.334784519612,7.227776303427));
#654 = CARTESIAN_POINT('',(3.338059849455,7.437001294557));
#655 = CARTESIAN_POINT('',(3.340507299587,7.648244285365));
#656 = CARTESIAN_POINT('',(3.34213600137,7.860804273458));
#657 = CARTESIAN_POINT('',(3.34295057438,8.074033212784));
#658 = CARTESIAN_POINT('',(3.34295057438,8.576061223115));
#659 = CARTESIAN_POINT('',(3.341457068059,8.864681228437));
#660 = CARTESIAN_POINT('',(3.338472745279,9.151648626307));
#661 = CARTESIAN_POINT('',(3.333981352066,9.435383535755));
#662 = CARTESIAN_POINT('',(3.327950755368,9.71407259698));
#663 = CARTESIAN_POINT('',(3.320335840847,9.985448501715));
#664 = CARTESIAN_POINT('',(3.30440106195,10.434944804639));
#665 = CARTESIAN_POINT('',(3.29686081771,10.618168039936));
#666 = CARTESIAN_POINT('',(3.288438652356,10.794987002679));
#667 = CARTESIAN_POINT('',(3.279111891612,10.963968971573));
#668 = CARTESIAN_POINT('',(3.268860327074,11.123379417722));
#669 = CARTESIAN_POINT('',(3.257669554155,11.271118259382));
#670 = CARTESIAN_POINT('',(3.233160165876,11.540813822173));
#671 = CARTESIAN_POINT('',(3.219686665378,11.663495975954));
#672 = CARTESIAN_POINT('',(3.205243357751,11.767647160966));
#673 = CARTESIAN_POINT('',(3.190001602021,11.849234902952));
#674 = CARTESIAN_POINT('',(3.174163177167,11.905246476209));
#675 = CARTESIAN_POINT('',(3.157949708488,11.933701657459));
#676 = CARTESIAN_POINT('',(3.14159265359,11.933701657459));
#677 = ( GEOMETRIC_REPRESENTATION_CONTEXT(2) 
PARAMETRIC_REPRESENTATION_CONTEXT() REPRESENTATION_CONTEXT('2D SPACE',''
  ) );
#678 = PCURVE('',#679,#684);
#679 = CYLINDRICAL_SURFACE('',#680,3.646408839779);
#680 = AXIS2_PLACEMENT_3D('',#681,#682,#683);
#681 = CARTESIAN_POINT('',(0.,0.,-21.87845303867));
#682 = DIRECTION('',(0.,0.,1.));
#683 = DIRECTION('',(1.,0.,-0.));
#684 = DEFINITIONAL_REPRESENTATION('',(#685),#760);
#685 = B_SPLINE_CURVE_WITH_KNOTS('',7,(#686,#687,#688,#689,#690,#691,
    #692,#693,#694,#695,#696,#697,#698,#699,#700,#701,#702,#703,#704,
    #705,#706,#707,#708,#709,#710,#711,#712,#713,#714,#715,#716,#717,
    #718,#719,#720,#721,#722,#723,#724,#725,#726,#727,#728,#729,#730,
    #731,#732,#733,#734,#735,#736,#737,#738,#739,#740,#741,#742,#743,
    #744,#745,#746,#747,#748,#749,#750,#751,#752,#753,#754,#755,#756,
    #757,#758,#759),.UNSPECIFIED.,.F.,.F.,(8,6,6,6,6,6,6,6,6,6,6,6,8),(
    0.,7.481478489114E-02,0.17478006898,0.249888687012,0.351591004828,
    0.425002085113,0.499859059631,0.574716034583,0.67473769224,
    0.749888666384,0.851648336159,0.925100813574,1.),.UNSPECIFIED.);
#686 = CARTESIAN_POINT('',(0.,40.110497237569));
#687 = CARTESIAN_POINT('',(8.178527401344E-02,40.110497237569));
#688 = CARTESIAN_POINT('',(0.162852577178,40.104806146723));
#689 = CARTESIAN_POINT('',(0.242902688215,40.09360412271));
#690 = CARTESIAN_POINT('',(0.321616440196,40.077554373134));
#691 = CARTESIAN_POINT('',(0.398619125764,40.057753071198));
#692 = CARTESIAN_POINT('',(0.473434778218,40.0355052441));
#693 = CARTESIAN_POINT('',(0.641593739431,39.980820703278));
#694 = CARTESIAN_POINT('',(0.733881260006,39.947092336141));
#695 = CARTESIAN_POINT('',(0.822926572335,39.913106584373));
#696 = CARTESIAN_POINT('',(0.909233262201,39.880589567868));
#697 = CARTESIAN_POINT('',(0.993269381201,39.85076370245));
#698 = CARTESIAN_POINT('',(1.075467987077,39.824498905248));
#699 = CARTESIAN_POINT('',(1.216998967249,39.78579547282));
#700 = CARTESIAN_POINT('',(1.276950024852,39.771538736352));
#701 = CARTESIAN_POINT('',(1.336303678537,39.759894073721));
#702 = CARTESIAN_POINT('',(1.395215479783,39.751044302395));
#703 = CARTESIAN_POINT('',(1.453835027032,39.745105412864));
#704 = CARTESIAN_POINT('',(1.512311495755,39.742135140739));
#705 = CARTESIAN_POINT('',(1.649988875262,39.742135140739));
#706 = CARTESIAN_POINT('',(1.729141125601,39.747581192867));
#707 = CARTESIAN_POINT('',(1.808649578285,39.758462833735));
#708 = CARTESIAN_POINT('',(1.888893484207,39.77458989296));
#709 = CARTESIAN_POINT('',(1.970253952602,39.795577738705));
#710 = CARTESIAN_POINT('',(2.0531409705,39.820792059898));
#711 = CARTESIAN_POINT('',(2.199301991642,39.86979708221));
#712 = CARTESIAN_POINT('',(2.261670688912,39.892050499683));
#713 = CARTESIAN_POINT('',(2.325301895041,39.915644812924));
#714 = CARTESIAN_POINT('',(2.390372570586,39.940112509388));
#715 = CARTESIAN_POINT('',(2.457066863726,39.964857086365));
#716 = CARTESIAN_POINT('',(2.525586985308,39.98914182938));
#717 = CARTESIAN_POINT('',(2.668157875468,40.035505244131));
#718 = CARTESIAN_POINT('',(2.742973527828,40.057753071193));
#719 = CARTESIAN_POINT('',(2.819976213317,40.077554373108));
#720 = CARTESIAN_POINT('',(2.898689965303,40.093604122704));
#721 = CARTESIAN_POINT('',(2.978740076425,40.104806146736));
#722 = CARTESIAN_POINT('',(3.059807379671,40.110497237569));
#723 = CARTESIAN_POINT('',(3.223377927984,40.110497237569));
#724 = CARTESIAN_POINT('',(3.304445229631,40.104806146694));
#725 = CARTESIAN_POINT('',(3.384495342613,40.093604122926));
#726 = CARTESIAN_POINT('',(3.463209094393,40.077554372679));
#727 = CARTESIAN_POINT('',(3.540211778363,40.057753071574));
#728 = CARTESIAN_POINT('',(3.615027432143,40.035505243991));
#729 = CARTESIAN_POINT('',(3.783186393021,39.980820703278));
#730 = CARTESIAN_POINT('',(3.875473913596,39.947092336141));
#731 = CARTESIAN_POINT('',(3.964519225926,39.913106584373));
#732 = CARTESIAN_POINT('',(4.05082591579,39.880589567868));
#733 = CARTESIAN_POINT('',(4.134862034791,39.85076370245));
#734 = CARTESIAN_POINT('',(4.217060640667,39.824498905248));
#735 = CARTESIAN_POINT('',(4.358591620839,39.78579547282));
#736 = CARTESIAN_POINT('',(4.418542678442,39.771538736352));
#737 = CARTESIAN_POINT('',(4.477896332127,39.759894073721));
#738 = CARTESIAN_POINT('',(4.536808133372,39.751044302395));
#739 = CARTESIAN_POINT('',(4.595427680622,39.745105412864));
#740 = CARTESIAN_POINT('',(4.653904149345,39.742135140739));
#741 = CARTESIAN_POINT('',(4.791581527936,39.742135140739));
#742 = CARTESIAN_POINT('',(4.870733781401,39.74758119312));
#743 = CARTESIAN_POINT('',(4.950242230492,39.758462833367));
#744 = CARTESIAN_POINT('',(5.030486136475,39.774589892838));
#745 = CARTESIAN_POINT('',(5.111846608477,39.795577739258));
#746 = CARTESIAN_POINT('',(5.194733623092,39.820792059564));
#747 = CARTESIAN_POINT('',(5.340894645253,39.869797082218));
#748 = CARTESIAN_POINT('',(5.403263342481,39.892050499676));
#749 = CARTESIAN_POINT('',(5.466894548612,39.915644812918));
#750 = CARTESIAN_POINT('',(5.531965224193,39.940112509394));
#751 = CARTESIAN_POINT('',(5.598659517341,39.964857086373));
#752 = CARTESIAN_POINT('',(5.667179638872,39.989141829371));
#753 = CARTESIAN_POINT('',(5.809750528531,40.03550524396));
#754 = CARTESIAN_POINT('',(5.884566182404,40.057753071578));
#755 = CARTESIAN_POINT('',(5.961568866454,40.077554372705));
#756 = CARTESIAN_POINT('',(6.040282618227,40.093604122931));
#757 = CARTESIAN_POINT('',(6.120332731126,40.104806146681));
#758 = CARTESIAN_POINT('',(6.201400032691,40.110497237569));
#759 = CARTESIAN_POINT('',(6.28318530718,40.110497237569));
#760 = ( GEOMETRIC_REPRESENTATION_CONTEXT(2) 
PARAMETRIC_REPRESENTATION_CONTEXT() REPRESENTATION_CONTEXT('2D SPACE',''
  ) );
#761 = ADVANCED_FACE('',(#762),#132,.F.);
#762 = FACE_BOUND('',#763,.F.);
#763 = EDGE_LOOP('',(#764,#941,#962,#963,#964,#965));
#764 = ORIENTED_EDGE('',*,*,#765,.F.);
#765 = EDGE_CURVE('',#766,#768,#770,.T.);
#766 = VERTEX_POINT('',#767);
#767 = CARTESIAN_POINT('',(3.646408839779,-1.562947019906E-15,
    -9.116022099448));
#768 = VERTEX_POINT('',#769);
#769 = CARTESIAN_POINT('',(-3.646408839779,-2.232781457009E-15,
    -9.116022099448));
#770 = SURFACE_CURVE('',#771,(#824,#880),.PCURVE_S1.);
#771 = B_SPLINE_CURVE_WITH_KNOTS('',6,(#772,#773,#774,#775,#776,#777,
    #778,#779,#780,#781,#782,#783,#784,#785,#786,#787,#788,#789,#790,
    #791,#792,#793,#794,#795,#796,#797,#798,#799,#800,#801,#802,#803,
    #804,#805,#806,#807,#808,#809,#810,#811,#812,#813,#814,#815,#816,
    #817,#818,#819,#820,#821,#822,#823),.UNSPECIFIED.,.F.,.F.,(7,5,5,5,5
    ,5,5,5,5,5,7),(0.,7.932987087499E-02,0.19136368613,0.241060826639,
    0.44002859481,0.500088885384,0.559964420163,0.759839973057,
    0.808811742239,0.872107790832,1.),.UNSPECIFIED.);
#772 = CARTESIAN_POINT('',(3.646408839779,-4.465562914018E-16,
    -9.116022099448));
#773 = CARTESIAN_POINT('',(3.646408839779,0.184644247143,-9.116022099448
    ));
#774 = CARTESIAN_POINT('',(3.635188956235,0.368961557645,-9.111534158496
    ));
#775 = CARTESIAN_POINT('',(3.612823842447,0.551386848958,-9.102588054728
    ));
#776 = CARTESIAN_POINT('',(3.579762362505,0.730370356286,-9.089450604927
    ));
#777 = CARTESIAN_POINT('',(3.536822766307,0.904428142476,-9.072618580617
    ));
#778 = CARTESIAN_POINT('',(3.412324798626,1.309115111083,-9.024688187087
    ));
#779 = CARTESIAN_POINT('',(3.322172228724,1.533391261989,-8.990580141321
    ));
#780 = CARTESIAN_POINT('',(3.217247824193,1.744205172474,-8.951926744972
    ));
#781 = CARTESIAN_POINT('',(3.099826207203,1.94106626861,-8.910235528545)
  );
#782 = CARTESIAN_POINT('',(2.972026568174,2.123742312215,-8.866897740695
    ));
#783 = CARTESIAN_POINT('',(2.775446277091,2.366945102939,-8.803714648908
    ));
#784 = CARTESIAN_POINT('',(2.713321342593,2.438970035097,-8.7841920466)
  );
#785 = CARTESIAN_POINT('',(2.64960642826,2.508321418238,-8.764655240248)
  );
#786 = CARTESIAN_POINT('',(2.584417527889,2.575034080991,-8.745190490595
    ));
#787 = CARTESIAN_POINT('',(2.517857416162,2.639144127923,-8.725876998058
    ));
#788 = CARTESIAN_POINT('',(2.178403943589,2.947090114451,-8.630357683174
    ));
#789 = CARTESIAN_POINT('',(1.885756636759,3.152818119114,-8.557371292085
    ));
#790 = CARTESIAN_POINT('',(1.578259407956,3.319437432212,-8.492660988308
    ));
#791 = CARTESIAN_POINT('',(1.260034158053,3.44841850916,-8.43962691604)
  );
#792 = CARTESIAN_POINT('',(0.934174155209,3.540649676778,-8.400554040136
    ));
#793 = CARTESIAN_POINT('',(0.503373588944,3.612917244337,-8.369529283835
    ));
#794 = CARTESIAN_POINT('',(0.403092265183,3.62631657057,-8.363729228534)
  );
#795 = CARTESIAN_POINT('',(0.302516107419,3.636363247031,-8.359356525404
    ));
#796 = CARTESIAN_POINT('',(0.201743096828,3.643060222091,-8.35643374413)
  );
#797 = CARTESIAN_POINT('',(0.100871526212,3.646408839779,-8.354972261522
    ));
#798 = CARTESIAN_POINT('',(-0.100561228029,3.646408839779,
    -8.354972261522));
#799 = CARTESIAN_POINT('',(-0.201122505383,3.643080793152,
    -8.356424765722));
#800 = CARTESIAN_POINT('',(-0.301586130063,3.636424955569,
    -8.359329593459));
#801 = CARTESIAN_POINT('',(-0.401854710358,3.626439999883,
    -8.363675506966));
#802 = CARTESIAN_POINT('',(-0.501831164853,3.613123016123,
    -8.369440211373));
#803 = CARTESIAN_POINT('',(-0.933860314859,3.540877048623,
    -8.400458848842));
#804 = CARTESIAN_POINT('',(-1.261209617438,3.44823019482,-8.439712685496
    ));
#805 = CARTESIAN_POINT('',(-1.580853489532,3.318502259573,
    -8.493056076946));
#806 = CARTESIAN_POINT('',(-1.889659108171,3.150789492419,
    -8.558171964476));
#807 = CARTESIAN_POINT('',(-2.183444183829,2.94359401824,-8.631607879924
    ));
#808 = CARTESIAN_POINT('',(-2.522672383202,2.634497719198,
    -8.727275361352));
#809 = CARTESIAN_POINT('',(-2.588181019558,2.571176488304,
    -8.746315003041));
#810 = CARTESIAN_POINT('',(-2.652353906468,2.505326662727,
    -8.765498170422));
#811 = CARTESIAN_POINT('',(-2.715092375643,2.436913700006,
    -8.784748902774));
#812 = CARTESIAN_POINT('',(-2.776285253067,2.365904311825,
    -8.803984566303));
#813 = CARTESIAN_POINT('',(-2.912743164547,2.197089490194,
    -8.847843058094));
#814 = CARTESIAN_POINT('',(-2.986908263927,2.097497769743,
    -8.872402018819));
#815 = CARTESIAN_POINT('',(-3.058007636252,1.993450808937,
    -8.896591129756));
#816 = CARTESIAN_POINT('',(-3.125714312239,1.884925066038,
    -8.920188646776));
#817 = CARTESIAN_POINT('',(-3.189669990373,1.771914894785,
    -8.942955243316));
#818 = CARTESIAN_POINT('',(-3.370341071888,1.417057585255,
    -9.008444548098));
#819 = CARTESIAN_POINT('',(-3.475554515556,1.158943557232,
    -9.048280098015));
#820 = CARTESIAN_POINT('',(-3.559165153906,0.883542584003,
    -9.081123847984));
#821 = CARTESIAN_POINT('',(-3.616987841635,0.595238845235,
    -9.104253923541));
#822 = CARTESIAN_POINT('',(-3.646408839779,0.298998421721,
    -9.116022099448));
#823 = CARTESIAN_POINT('',(-3.646408839779,6.698344371027E-16,
    -9.116022099448));
#824 = PCURVE('',#132,#825);
#825 = DEFINITIONAL_REPRESENTATION('',(#826),#879);
#826 = B_SPLINE_CURVE_WITH_KNOTS('',6,(#827,#828,#829,#830,#831,#832,
    #833,#834,#835,#836,#837,#838,#839,#840,#841,#842,#843,#844,#845,
    #846,#847,#848,#849,#850,#851,#852,#853,#854,#855,#856,#857,#858,
    #859,#860,#861,#862,#863,#864,#865,#866,#867,#868,#869,#870,#871,
    #872,#873,#874,#875,#876,#877,#878),.UNSPECIFIED.,.F.,.F.,(7,5,5,5,5
    ,5,5,5,5,5,7),(0.,7.932987087499E-02,0.19136368613,0.241060826639,
    0.44002859481,0.500088885384,0.559964420163,0.759839973057,
    0.808811742239,0.872107790832,1.),.UNSPECIFIED.);
#827 = CARTESIAN_POINT('',(0.,12.762430939227));
#828 = CARTESIAN_POINT('',(5.063728595901E-02,12.762430939227));
#829 = CARTESIAN_POINT('',(0.101184906567,12.766918880178));
#830 = CARTESIAN_POINT('',(0.151447403197,12.775864983946));
#831 = CARTESIAN_POINT('',(0.201229185824,12.789002433747));
#832 = CARTESIAN_POINT('',(0.250315609348,12.805834458058));
#833 = CARTESIAN_POINT('',(0.366431058626,12.853764851587));
#834 = CARTESIAN_POINT('',(0.432487894086,12.887872897353));
#835 = CARTESIAN_POINT('',(0.496772400293,12.926526293702));
#836 = CARTESIAN_POINT('',(0.559379275178,12.968217510129));
#837 = CARTESIAN_POINT('',(0.620372705194,13.011555297979));
#838 = CARTESIAN_POINT('',(0.70613274807,13.074738389766));
#839 = CARTESIAN_POINT('',(0.732204490356,13.094260992074));
#840 = CARTESIAN_POINT('',(0.758012755641,13.113797798426));
#841 = CARTESIAN_POINT('',(0.783574724214,13.133262548079));
#842 = CARTESIAN_POINT('',(0.808907390067,13.152576040616));
#843 = CARTESIAN_POINT('',(0.934598826649,13.2480953555));
#844 = CARTESIAN_POINT('',(1.03194890173,13.321081746589));
#845 = CARTESIAN_POINT('',(1.126935728075,13.385792050366));
#846 = CARTESIAN_POINT('',(1.220255624877,13.438826122634));
#847 = CARTESIAN_POINT('',(1.312573972838,13.477898998538));
#848 = CARTESIAN_POINT('',(1.432368553874,13.508923754839));
#849 = CARTESIAN_POINT('',(1.460098980115,13.51472381014));
#850 = CARTESIAN_POINT('',(1.487795468801,13.51909651327));
#851 = CARTESIAN_POINT('',(1.515469738906,13.522019294544));
#852 = CARTESIAN_POINT('',(1.54313307491,13.523480777152));
#853 = CARTESIAN_POINT('',(1.598374481754,13.523480777152));
#854 = CARTESIAN_POINT('',(1.625952721059,13.522028272952));
#855 = CARTESIAN_POINT('',(1.653541794936,13.519123445215));
#856 = CARTESIAN_POINT('',(1.681152882331,13.514777531708));
#857 = CARTESIAN_POINT('',(1.708797590906,13.509012827301));
#858 = CARTESIAN_POINT('',(1.828923494553,13.477994189832));
#859 = CARTESIAN_POINT('',(1.921658279637,13.438740353178));
#860 = CARTESIAN_POINT('',(2.015404260588,13.385396961728));
#861 = CARTESIAN_POINT('',(2.11083651823,13.320281074198));
#862 = CARTESIAN_POINT('',(2.20866154102,13.24684515875));
#863 = CARTESIAN_POINT('',(2.334519481856,13.151177677322));
#864 = CARTESIAN_POINT('',(2.35949488604,13.132138035633));
#865 = CARTESIAN_POINT('',(2.384693653501,13.112954868252));
#866 = CARTESIAN_POINT('',(2.410132053374,13.0937041359));
#867 = CARTESIAN_POINT('',(2.435826521959,13.074468472371));
#868 = CARTESIAN_POINT('',(2.495356211732,13.03060998058));
#869 = CARTESIAN_POINT('',(2.529382903004,13.006051019855));
#870 = CARTESIAN_POINT('',(2.563899389867,12.981861908918));
#871 = CARTESIAN_POINT('',(2.598931637696,12.958264391898));
#872 = CARTESIAN_POINT('',(2.634508113822,12.935497795358));
#873 = CARTESIAN_POINT('',(2.743712311416,12.870008490576));
#874 = CARTESIAN_POINT('',(2.819884284633,12.830172940659));
#875 = CARTESIAN_POINT('',(2.898295027348,12.79732919069));
#876 = CARTESIAN_POINT('',(2.978352991452,12.774199115133));
#877 = CARTESIAN_POINT('',(3.059594601572,12.762430939227));
#878 = CARTESIAN_POINT('',(3.14159265359,12.762430939227));
#879 = ( GEOMETRIC_REPRESENTATION_CONTEXT(2) 
PARAMETRIC_REPRESENTATION_CONTEXT() REPRESENTATION_CONTEXT('2D SPACE',''
  ) );
#880 = PCURVE('',#881,#886);
#881 = CYLINDRICAL_SURFACE('',#882,9.116022099448);
#882 = AXIS2_PLACEMENT_3D('',#883,#884,#885);
#883 = CARTESIAN_POINT('',(-9.944751381215,0.,-2.20817839152E-15));
#884 = DIRECTION('',(1.,0.,2.22044604925E-16));
#885 = DIRECTION('',(2.22044604925E-16,0.,-1.));
#886 = DEFINITIONAL_REPRESENTATION('',(#887),#940);
#887 = B_SPLINE_CURVE_WITH_KNOTS('',6,(#888,#889,#890,#891,#892,#893,
    #894,#895,#896,#897,#898,#899,#900,#901,#902,#903,#904,#905,#906,
    #907,#908,#909,#910,#911,#912,#913,#914,#915,#916,#917,#918,#919,
    #920,#921,#922,#923,#924,#925,#926,#927,#928,#929,#930,#931,#932,
    #933,#934,#935,#936,#937,#938,#939),.UNSPECIFIED.,.F.,.F.,(7,5,5,5,5
    ,5,5,5,5,5,7),(0.,7.932987087499E-02,0.19136368613,0.241060826639,
    0.44002859481,0.500088885384,0.559964420163,0.759839973057,
    0.808811742239,0.872107790832,1.),.UNSPECIFIED.);
#888 = CARTESIAN_POINT('',(0.,13.591160220994));
#889 = CARTESIAN_POINT('',(2.02549143836E-02,13.591160220994));
#890 = CARTESIAN_POINT('',(4.047396871604E-02,13.57994033745));
#891 = CARTESIAN_POINT('',(6.050040864571E-02,13.557575223662));
#892 = CARTESIAN_POINT('',(8.017901894639E-02,13.524513743721));
#893 = CARTESIAN_POINT('',(9.935727727847E-02,13.481574147523));
#894 = CARTESIAN_POINT('',(0.14406049037,13.357076179841));
#895 = CARTESIAN_POINT('',(0.168932202009,13.266923609939));
#896 = CARTESIAN_POINT('',(0.192428349167,13.161999205408));
#897 = CARTESIAN_POINT('',(0.214492115594,13.044577588419));
#898 = CARTESIAN_POINT('',(0.235082670191,12.916777949389));
#899 = CARTESIAN_POINT('',(0.262646901736,12.720197658306));
#900 = CARTESIAN_POINT('',(0.270832477615,12.658072723809));
#901 = CARTESIAN_POINT('',(0.278735650347,12.594357809476));
#902 = CARTESIAN_POINT('',(0.286358497866,12.529168909104));
#903 = CARTESIAN_POINT('',(0.293703140891,12.462608797378));
#904 = CARTESIAN_POINT('',(0.329071640198,12.123155324805));
#905 = CARTESIAN_POINT('',(0.352998243607,11.830508017975));
#906 = CARTESIAN_POINT('',(0.372599040939,11.523010789171));
#907 = CARTESIAN_POINT('',(0.387895881845,11.204785539268));
#908 = CARTESIAN_POINT('',(0.398883703776,10.878925536424));
#909 = CARTESIAN_POINT('',(0.407510892257,10.44812497016));
#910 = CARTESIAN_POINT('',(0.409112549801,10.347843646399));
#911 = CARTESIAN_POINT('',(0.410314495729,10.247267488635));
#912 = CARTESIAN_POINT('',(0.411116048481,10.146494478044));
#913 = CARTESIAN_POINT('',(0.411516846067,10.045622907427));
#914 = CARTESIAN_POINT('',(0.411516846067,9.844190153187));
#915 = CARTESIAN_POINT('',(0.411118510691,9.743628875832));
#916 = CARTESIAN_POINT('',(0.410321881598,9.643165251153));
#917 = CARTESIAN_POINT('',(0.409127316413,9.542896670857));
#918 = CARTESIAN_POINT('',(0.407535488726,9.442920216363));
#919 = CARTESIAN_POINT('',(0.398910742326,9.010891066356));
#920 = CARTESIAN_POINT('',(0.387873189391,8.683541763778));
#921 = CARTESIAN_POINT('',(0.372487688275,8.363897891684));
#922 = CARTESIAN_POINT('',(0.352759088817,8.055092273044));
#923 = CARTESIAN_POINT('',(0.328664721368,7.761307197386));
#924 = CARTESIAN_POINT('',(0.293170879052,7.422078998013));
#925 = CARTESIAN_POINT('',(0.285917745572,7.356570361657));
#926 = CARTESIAN_POINT('',(0.278394393211,7.292397474747));
#927 = CARTESIAN_POINT('',(0.270598791,7.229659005572));
#928 = CARTESIAN_POINT('',(0.262528953193,7.168466128148));
#929 = CARTESIAN_POINT('',(0.243395709969,7.032008216669));
#930 = CARTESIAN_POINT('',(0.23214439758,6.957843117288));
#931 = CARTESIAN_POINT('',(0.220428004626,6.886743744963));
#932 = CARTESIAN_POINT('',(0.208246916711,6.819037068976));
#933 = CARTESIAN_POINT('',(0.195602663725,6.755081390842));
#934 = CARTESIAN_POINT('',(0.156018537036,6.574410309327));
#935 = CARTESIAN_POINT('',(0.127381305001,6.46919686566));
#936 = CARTESIAN_POINT('',(9.698525855257E-02,6.38558622731));
#937 = CARTESIAN_POINT('',(6.529594652514E-02,6.32776353958));
#938 = CARTESIAN_POINT('',(3.279922080701E-02,6.298342541436));
#939 = CARTESIAN_POINT('',(0.,6.298342541436));
#940 = ( GEOMETRIC_REPRESENTATION_CONTEXT(2) 
PARAMETRIC_REPRESENTATION_CONTEXT() REPRESENTATION_CONTEXT('2D SPACE',''
  ) );
#941 = ORIENTED_EDGE('',*,*,#942,.F.);
#942 = EDGE_CURVE('',#42,#766,#943,.T.);
#943 = SEAM_CURVE('',#944,(#948,#955),.PCURVE_S1.);
#944 = LINE('',#945,#946);
#945 = CARTESIAN_POINT('',(3.646408839779,-8.931125828036E-16,
    -21.87845303867));
#946 = VECTOR('',#947,1.);
#947 = DIRECTION('',(0.,0.,1.));
#948 = PCURVE('',#132,#949);
#949 = DEFINITIONAL_REPRESENTATION('',(#950),#954);
#950 = LINE('',#951,#952);
#951 = CARTESIAN_POINT('',(6.28318530718,-0.));
#952 = VECTOR('',#953,1.);
#953 = DIRECTION('',(0.,1.));
#954 = ( GEOMETRIC_REPRESENTATION_CONTEXT(2) 
PARAMETRIC_REPRESENTATION_CONTEXT() REPRESENTATION_CONTEXT('2D SPACE',''
  ) );
#955 = PCURVE('',#132,#956);
#956 = DEFINITIONAL_REPRESENTATION('',(#957),#961);
#957 = LINE('',#958,#959);
#958 = CARTESIAN_POINT('',(0.,-0.));
#959 = VECTOR('',#960,1.);
#960 = DIRECTION('',(0.,1.));
#961 = ( GEOMETRIC_REPRESENTATION_CONTEXT(2) 
PARAMETRIC_REPRESENTATION_CONTEXT() REPRESENTATION_CONTEXT('2D SPACE',''
  ) );
#962 = ORIENTED_EDGE('',*,*,#230,.T.);
#963 = ORIENTED_EDGE('',*,*,#39,.T.);
#964 = ORIENTED_EDGE('',*,*,#942,.T.);
#965 = ORIENTED_EDGE('',*,*,#966,.F.);
#966 = EDGE_CURVE('',#768,#766,#967,.T.);
#967 = SURFACE_CURVE('',#968,(#1021,#1077),.PCURVE_S1.);
#968 = B_SPLINE_CURVE_WITH_KNOTS('',6,(#969,#970,#971,#972,#973,#974,
    #975,#976,#977,#978,#979,#980,#981,#982,#983,#984,#985,#986,#987,
    #988,#989,#990,#991,#992,#993,#994,#995,#996,#997,#998,#999,#1000,
    #1001,#1002,#1003,#1004,#1005,#1006,#1007,#1008,#1009,#1010,#1011,
    #1012,#1013,#1014,#1015,#1016,#1017,#1018,#1019,#1020),
  .UNSPECIFIED.,.F.,.F.,(7,5,5,5,5,5,5,5,5,5,7),(0.,7.932987083152E-02,
    0.191363686063,0.241060826577,0.44002859477,0.500088885351,
    0.559964420137,0.759839973053,0.80881174224,0.872107790836,1.),
  .UNSPECIFIED.);
#969 = CARTESIAN_POINT('',(-3.646408839779,-4.440892098501E-16,
    -9.116022099448));
#970 = CARTESIAN_POINT('',(-3.646408839779,-0.184644247143,
    -9.116022099448));
#971 = CARTESIAN_POINT('',(-3.635188956235,-0.368961557645,
    -9.111534158496));
#972 = CARTESIAN_POINT('',(-3.612823842447,-0.551386848957,
    -9.102588054728));
#973 = CARTESIAN_POINT('',(-3.579762362505,-0.730370356287,
    -9.089450604927));
#974 = CARTESIAN_POINT('',(-3.536822766307,-0.904428142476,
    -9.072618580617));
#975 = CARTESIAN_POINT('',(-3.412324798602,-1.309115111162,
    -9.024688187078));
#976 = CARTESIAN_POINT('',(-3.322172228714,-1.533391261975,
    -8.990580141317));
#977 = CARTESIAN_POINT('',(-3.217247824226,-1.744205172408,
    -8.951926744986));
#978 = CARTESIAN_POINT('',(-3.099826207231,-1.941066268591,
    -8.910235528553));
#979 = CARTESIAN_POINT('',(-2.972026568129,-2.12374231227,
    -8.866897740681));
#980 = CARTESIAN_POINT('',(-2.77544627709,-2.366945102939,
    -8.803714648908));
#981 = CARTESIAN_POINT('',(-2.713321342593,-2.438970035097,-8.7841920466
    ));
#982 = CARTESIAN_POINT('',(-2.64960642826,-2.508321418238,
    -8.764655240248));
#983 = CARTESIAN_POINT('',(-2.584417527889,-2.575034080991,
    -8.745190490595));
#984 = CARTESIAN_POINT('',(-2.517857416162,-2.639144127923,
    -8.725876998058));
#985 = CARTESIAN_POINT('',(-2.178403943589,-2.947090114451,
    -8.630357683174));
#986 = CARTESIAN_POINT('',(-1.885756636759,-3.152818119114,
    -8.557371292085));
#987 = CARTESIAN_POINT('',(-1.578259407956,-3.319437432212,
    -8.492660988308));
#988 = CARTESIAN_POINT('',(-1.260034158053,-3.44841850916,-8.43962691604
    ));
#989 = CARTESIAN_POINT('',(-0.934174155209,-3.540649676778,
    -8.400554040136));
#990 = CARTESIAN_POINT('',(-0.503373588944,-3.612917244337,
    -8.369529283835));
#991 = CARTESIAN_POINT('',(-0.403092265183,-3.62631657057,
    -8.363729228534));
#992 = CARTESIAN_POINT('',(-0.302516107419,-3.636363247031,
    -8.359356525404));
#993 = CARTESIAN_POINT('',(-0.201743096828,-3.643060222091,
    -8.35643374413));
#994 = CARTESIAN_POINT('',(-0.100871526212,-3.646408839779,
    -8.354972261522));
#995 = CARTESIAN_POINT('',(0.100561228029,-3.646408839779,
    -8.354972261522));
#996 = CARTESIAN_POINT('',(0.201122505383,-3.643080793152,
    -8.356424765722));
#997 = CARTESIAN_POINT('',(0.301586130063,-3.636424955569,
    -8.359329593459));
#998 = CARTESIAN_POINT('',(0.401854710358,-3.626439999883,
    -8.363675506966));
#999 = CARTESIAN_POINT('',(0.501831164853,-3.613123016123,
    -8.369440211373));
#1000 = CARTESIAN_POINT('',(0.933860314858,-3.540877048623,
    -8.400458848842));
#1001 = CARTESIAN_POINT('',(1.26120961744,-3.44823019482,-8.439712685496
    ));
#1002 = CARTESIAN_POINT('',(1.580853489531,-3.318502259572,
    -8.493056076946));
#1003 = CARTESIAN_POINT('',(1.889659108171,-3.15078949242,
    -8.558171964476));
#1004 = CARTESIAN_POINT('',(2.183444183829,-2.94359401824,
    -8.631607879924));
#1005 = CARTESIAN_POINT('',(2.522672383202,-2.634497719198,
    -8.727275361352));
#1006 = CARTESIAN_POINT('',(2.588181019558,-2.571176488304,
    -8.746315003041));
#1007 = CARTESIAN_POINT('',(2.652353906468,-2.505326662727,
    -8.765498170422));
#1008 = CARTESIAN_POINT('',(2.715092375643,-2.436913700006,
    -8.784748902774));
#1009 = CARTESIAN_POINT('',(2.776285253067,-2.365904311825,
    -8.803984566303));
#1010 = CARTESIAN_POINT('',(2.912743164542,-2.1970894902,-8.847843058092
    ));
#1011 = CARTESIAN_POINT('',(2.986908263929,-2.097497769742,
    -8.872402018819));
#1012 = CARTESIAN_POINT('',(3.058007636257,-1.993450808929,
    -8.896591129757));
#1013 = CARTESIAN_POINT('',(3.125714312239,-1.884925066036,
    -8.920188646776));
#1014 = CARTESIAN_POINT('',(3.189669990369,-1.771914894793,
    -8.942955243315));
#1015 = CARTESIAN_POINT('',(3.370341071888,-1.417057585255,
    -9.008444548098));
#1016 = CARTESIAN_POINT('',(3.475554515555,-1.158943557233,
    -9.048280098015));
#1017 = CARTESIAN_POINT('',(3.559165153906,-0.883542584003,
    -9.081123847984));
#1018 = CARTESIAN_POINT('',(3.616987841635,-0.595238845235,
    -9.104253923541));
#1019 = CARTESIAN_POINT('',(3.646408839779,-0.298998421721,
    -9.116022099448));
#1020 = CARTESIAN_POINT('',(3.646408839779,-1.7763568394E-15,
    -9.116022099448));
#1021 = PCURVE('',#132,#1022);
#1022 = DEFINITIONAL_REPRESENTATION('',(#1023),#1076);
#1023 = B_SPLINE_CURVE_WITH_KNOTS('',6,(#1024,#1025,#1026,#1027,#1028,
    #1029,#1030,#1031,#1032,#1033,#1034,#1035,#1036,#1037,#1038,#1039,
    #1040,#1041,#1042,#1043,#1044,#1045,#1046,#1047,#1048,#1049,#1050,
    #1051,#1052,#1053,#1054,#1055,#1056,#1057,#1058,#1059,#1060,#1061,
    #1062,#1063,#1064,#1065,#1066,#1067,#1068,#1069,#1070,#1071,#1072,
    #1073,#1074,#1075),.UNSPECIFIED.,.F.,.F.,(7,5,5,5,5,5,5,5,5,5,7),(0.
    ,7.932987083152E-02,0.191363686063,0.241060826577,0.44002859477,
    0.500088885351,0.559964420137,0.759839973053,0.80881174224,
    0.872107790836,1.),.UNSPECIFIED.);
#1024 = CARTESIAN_POINT('',(3.14159265359,12.762430939227));
#1025 = CARTESIAN_POINT('',(3.192229939549,12.762430939227));
#1026 = CARTESIAN_POINT('',(3.242777560157,12.766918880178));
#1027 = CARTESIAN_POINT('',(3.293040056787,12.775864983946));
#1028 = CARTESIAN_POINT('',(3.342821839414,12.789002433747));
#1029 = CARTESIAN_POINT('',(3.391908262937,12.805834458058));
#1030 = CARTESIAN_POINT('',(3.508023712238,12.853764851596));
#1031 = CARTESIAN_POINT('',(3.574080547672,12.887872897357));
#1032 = CARTESIAN_POINT('',(3.638365053864,12.926526293688));
#1033 = CARTESIAN_POINT('',(3.700971928759,12.968217510121));
#1034 = CARTESIAN_POINT('',(3.761965358804,13.011555297993));
#1035 = CARTESIAN_POINT('',(3.84772540166,13.074738389766));
#1036 = CARTESIAN_POINT('',(3.873797143946,13.094260992074));
#1037 = CARTESIAN_POINT('',(3.899605409231,13.113797798426));
#1038 = CARTESIAN_POINT('',(3.925167377804,13.133262548079));
#1039 = CARTESIAN_POINT('',(3.950500043657,13.152576040616));
#1040 = CARTESIAN_POINT('',(4.076191480239,13.2480953555));
#1041 = CARTESIAN_POINT('',(4.17354155532,13.321081746589));
#1042 = CARTESIAN_POINT('',(4.268528381665,13.385792050366));
#1043 = CARTESIAN_POINT('',(4.361848278467,13.438826122634));
#1044 = CARTESIAN_POINT('',(4.454166626428,13.477898998538));
#1045 = CARTESIAN_POINT('',(4.573961207463,13.508923754839));
#1046 = CARTESIAN_POINT('',(4.601691633705,13.51472381014));
#1047 = CARTESIAN_POINT('',(4.629388122391,13.51909651327));
#1048 = CARTESIAN_POINT('',(4.657062392496,13.522019294544));
#1049 = CARTESIAN_POINT('',(4.684725728499,13.523480777152));
#1050 = CARTESIAN_POINT('',(4.739967135344,13.523480777152));
#1051 = CARTESIAN_POINT('',(4.767545374648,13.522028272952));
#1052 = CARTESIAN_POINT('',(4.795134448525,13.519123445215));
#1053 = CARTESIAN_POINT('',(4.822745535921,13.514777531708));
#1054 = CARTESIAN_POINT('',(4.850390244496,13.509012827301));
#1055 = CARTESIAN_POINT('',(4.970516148142,13.477994189832));
#1056 = CARTESIAN_POINT('',(5.063250933228,13.438740353178));
#1057 = CARTESIAN_POINT('',(5.156996914178,13.385396961728));
#1058 = CARTESIAN_POINT('',(5.25242917182,13.320281074198));
#1059 = CARTESIAN_POINT('',(5.35025419461,13.24684515875));
#1060 = CARTESIAN_POINT('',(5.476112135446,13.151177677322));
#1061 = CARTESIAN_POINT('',(5.50108753963,13.132138035633));
#1062 = CARTESIAN_POINT('',(5.52628630709,13.112954868252));
#1063 = CARTESIAN_POINT('',(5.551724706964,13.0937041359));
#1064 = CARTESIAN_POINT('',(5.577419175549,13.074468472371));
#1065 = CARTESIAN_POINT('',(5.63694886532,13.030609980582));
#1066 = CARTESIAN_POINT('',(5.670975556594,13.006051019855));
#1067 = CARTESIAN_POINT('',(5.705492043459,12.981861908917));
#1068 = CARTESIAN_POINT('',(5.740524291287,12.958264391898));
#1069 = CARTESIAN_POINT('',(5.776100767409,12.935497795359));
#1070 = CARTESIAN_POINT('',(5.885304965005,12.870008490576));
#1071 = CARTESIAN_POINT('',(5.961476938223,12.830172940659));
#1072 = CARTESIAN_POINT('',(6.039887680938,12.79732919069));
#1073 = CARTESIAN_POINT('',(6.119945645042,12.774199115133));
#1074 = CARTESIAN_POINT('',(6.201187255162,12.762430939227));
#1075 = CARTESIAN_POINT('',(6.28318530718,12.762430939227));
#1076 = ( GEOMETRIC_REPRESENTATION_CONTEXT(2) 
PARAMETRIC_REPRESENTATION_CONTEXT() REPRESENTATION_CONTEXT('2D SPACE',''
  ) );
#1077 = PCURVE('',#881,#1078);
#1078 = DEFINITIONAL_REPRESENTATION('',(#1079),#1132);
#1079 = B_SPLINE_CURVE_WITH_KNOTS('',6,(#1080,#1081,#1082,#1083,#1084,
    #1085,#1086,#1087,#1088,#1089,#1090,#1091,#1092,#1093,#1094,#1095,
    #1096,#1097,#1098,#1099,#1100,#1101,#1102,#1103,#1104,#1105,#1106,
    #1107,#1108,#1109,#1110,#1111,#1112,#1113,#1114,#1115,#1116,#1117,
    #1118,#1119,#1120,#1121,#1122,#1123,#1124,#1125,#1126,#1127,#1128,
    #1129,#1130,#1131),.UNSPECIFIED.,.F.,.F.,(7,5,5,5,5,5,5,5,5,5,7),(0.
    ,7.932987083152E-02,0.191363686063,0.241060826577,0.44002859477,
    0.500088885351,0.559964420137,0.759839973053,0.80881174224,
    0.872107790836,1.),.UNSPECIFIED.);
#1080 = CARTESIAN_POINT('',(6.28318530718,6.298342541436));
#1081 = CARTESIAN_POINT('',(6.262930392796,6.298342541436));
#1082 = CARTESIAN_POINT('',(6.242711338464,6.309562424981));
#1083 = CARTESIAN_POINT('',(6.222684898534,6.331927538769));
#1084 = CARTESIAN_POINT('',(6.203006288233,6.36498901871));
#1085 = CARTESIAN_POINT('',(6.183828029901,6.407928614908));
#1086 = CARTESIAN_POINT('',(6.139124816801,6.532426582614));
#1087 = CARTESIAN_POINT('',(6.114253105172,6.622579152501));
#1088 = CARTESIAN_POINT('',(6.09075695802,6.727503556989));
#1089 = CARTESIAN_POINT('',(6.068693191588,6.844925173984));
#1090 = CARTESIAN_POINT('',(6.048102636983,6.972724813086));
#1091 = CARTESIAN_POINT('',(6.020538405444,7.169305104125));
#1092 = CARTESIAN_POINT('',(6.012352829564,7.231430038622));
#1093 = CARTESIAN_POINT('',(6.004449656833,7.295144952955));
#1094 = CARTESIAN_POINT('',(5.996826809314,7.360333853327));
#1095 = CARTESIAN_POINT('',(5.989482166288,7.426893965053));
#1096 = CARTESIAN_POINT('',(5.954113666982,7.766347437626));
#1097 = CARTESIAN_POINT('',(5.930187063572,8.058994744456));
#1098 = CARTESIAN_POINT('',(5.910586266241,8.36649197326));
#1099 = CARTESIAN_POINT('',(5.895289425335,8.684717223163));
#1100 = CARTESIAN_POINT('',(5.884301603403,9.010577226007));
#1101 = CARTESIAN_POINT('',(5.875674414922,9.441377792271));
#1102 = CARTESIAN_POINT('',(5.874072757379,9.541659116032));
#1103 = CARTESIAN_POINT('',(5.872870811451,9.642235273796));
#1104 = CARTESIAN_POINT('',(5.872069258698,9.743008284387));
#1105 = CARTESIAN_POINT('',(5.871668461112,9.843879855004));
#1106 = CARTESIAN_POINT('',(5.871668461112,10.045312609244));
#1107 = CARTESIAN_POINT('',(5.872066796489,10.145873886599));
#1108 = CARTESIAN_POINT('',(5.872863425582,10.246337511278));
#1109 = CARTESIAN_POINT('',(5.874057990766,10.346606091574));
#1110 = CARTESIAN_POINT('',(5.875649818454,10.446582546068));
#1111 = CARTESIAN_POINT('',(5.884274564853,10.878611696073));
#1112 = CARTESIAN_POINT('',(5.895312117788,11.205960998655));
#1113 = CARTESIAN_POINT('',(5.910697618904,11.525604870747));
#1114 = CARTESIAN_POINT('',(5.930426218363,11.834410489386));
#1115 = CARTESIAN_POINT('',(5.954520585812,12.128195565045));
#1116 = CARTESIAN_POINT('',(5.990014428127,12.467423764417));
#1117 = CARTESIAN_POINT('',(5.997267561608,12.532932400774));
#1118 = CARTESIAN_POINT('',(6.004790913969,12.597105287684));
#1119 = CARTESIAN_POINT('',(6.012586516179,12.659843756859));
#1120 = CARTESIAN_POINT('',(6.020656353986,12.721036634283));
#1121 = CARTESIAN_POINT('',(6.03978959721,12.857494545757));
#1122 = CARTESIAN_POINT('',(6.051040909599,12.931659645145));
#1123 = CARTESIAN_POINT('',(6.062757302555,13.002759017472));
#1124 = CARTESIAN_POINT('',(6.074938390469,13.070465693455));
#1125 = CARTESIAN_POINT('',(6.087582643454,13.134421371585));
#1126 = CARTESIAN_POINT('',(6.127166770144,13.315092453104));
#1127 = CARTESIAN_POINT('',(6.155804002178,13.420305896771));
#1128 = CARTESIAN_POINT('',(6.186200048627,13.503916535121));
#1129 = CARTESIAN_POINT('',(6.217889360654,13.561739222851));
#1130 = CARTESIAN_POINT('',(6.250386086373,13.591160220994));
#1131 = CARTESIAN_POINT('',(6.28318530718,13.591160220994));
#1132 = ( GEOMETRIC_REPRESENTATION_CONTEXT(2) 
PARAMETRIC_REPRESENTATION_CONTEXT() REPRESENTATION_CONTEXT('2D SPACE',''
  ) );
#1133 = ADVANCED_FACE('',(#1134,#1137),#394,.F.);
#1134 = FACE_BOUND('',#1135,.F.);
#1135 = EDGE_LOOP('',(#1136));
#1136 = ORIENTED_EDGE('',*,*,#379,.T.);
#1137 = FACE_BOUND('',#1138,.F.);
#1138 = EDGE_LOOP('',(#1139));
#1139 = ORIENTED_EDGE('',*,*,#1140,.F.);
#1140 = EDGE_CURVE('',#1141,#1141,#1143,.T.);
#1141 = VERTEX_POINT('',#1142);
#1142 = CARTESIAN_POINT('',(-8.28729281768,-2.232781457009E-15,
    -9.116022099448));
#1143 = SURFACE_CURVE('',#1144,(#1149,#1156),.PCURVE_S1.);
#1144 = CIRCLE('',#1145,9.116022099448);
#1145 = AXIS2_PLACEMENT_3D('',#1146,#1147,#1148);
#1146 = CARTESIAN_POINT('',(-8.28729281768,0.,-1.8401486596E-15));
#1147 = DIRECTION('',(1.,-0.,2.22044604925E-16));
#1148 = DIRECTION('',(2.22044604925E-16,0.,-1.));
#1149 = PCURVE('',#394,#1150);
#1150 = DEFINITIONAL_REPRESENTATION('',(#1151),#1155);
#1151 = CIRCLE('',#1152,9.116022099448);
#1152 = AXIS2_PLACEMENT_2D('',#1153,#1154);
#1153 = CARTESIAN_POINT('',(0.,0.));
#1154 = DIRECTION('',(1.,0.));
#1155 = ( GEOMETRIC_REPRESENTATION_CONTEXT(2) 
PARAMETRIC_REPRESENTATION_CONTEXT() REPRESENTATION_CONTEXT('2D SPACE',''
  ) );
#1156 = PCURVE('',#881,#1157);
#1157 = DEFINITIONAL_REPRESENTATION('',(#1158),#1162);
#1158 = LINE('',#1159,#1160);
#1159 = CARTESIAN_POINT('',(0.,1.657458563536));
#1160 = VECTOR('',#1161,1.);
#1161 = DIRECTION('',(1.,0.));
#1162 = ( GEOMETRIC_REPRESENTATION_CONTEXT(2) 
PARAMETRIC_REPRESENTATION_CONTEXT() REPRESENTATION_CONTEXT('2D SPACE',''
  ) );
#1163 = ADVANCED_FACE('',(#1164,#1167),#217,.T.);
#1164 = FACE_BOUND('',#1165,.T.);
#1165 = EDGE_LOOP('',(#1166));
#1166 = ORIENTED_EDGE('',*,*,#202,.T.);
#1167 = FACE_BOUND('',#1168,.T.);
#1168 = EDGE_LOOP('',(#1169));
#1169 = ORIENTED_EDGE('',*,*,#1170,.F.);
#1170 = EDGE_CURVE('',#1171,#1171,#1173,.T.);
#1171 = VERTEX_POINT('',#1172);
#1172 = CARTESIAN_POINT('',(8.28729281768,-2.232781457009E-15,
    -9.116022099448));
#1173 = SURFACE_CURVE('',#1174,(#1179,#1186),.PCURVE_S1.);
#1174 = CIRCLE('',#1175,9.116022099448);
#1175 = AXIS2_PLACEMENT_3D('',#1176,#1177,#1178);
#1176 = CARTESIAN_POINT('',(8.28729281768,0.,1.8401486596E-15));
#1177 = DIRECTION('',(1.,-0.,2.22044604925E-16));
#1178 = DIRECTION('',(2.22044604925E-16,0.,-1.));
#1179 = PCURVE('',#217,#1180);
#1180 = DEFINITIONAL_REPRESENTATION('',(#1181),#1185);
#1181 = CIRCLE('',#1182,9.116022099448);
#1182 = AXIS2_PLACEMENT_2D('',#1183,#1184);
#1183 = CARTESIAN_POINT('',(0.,0.));
#1184 = DIRECTION('',(1.,0.));
#1185 = ( GEOMETRIC_REPRESENTATION_CONTEXT(2) 
PARAMETRIC_REPRESENTATION_CONTEXT() REPRESENTATION_CONTEXT('2D SPACE',''
  ) );
#1186 = PCURVE('',#881,#1187);
#1187 = DEFINITIONAL_REPRESENTATION('',(#1188),#1192);
#1188 = LINE('',#1189,#1190);
#1189 = CARTESIAN_POINT('',(0.,18.232044198895));
#1190 = VECTOR('',#1191,1.);
#1191 = DIRECTION('',(1.,0.));
#1192 = ( GEOMETRIC_REPRESENTATION_CONTEXT(2) 
PARAMETRIC_REPRESENTATION_CONTEXT() REPRESENTATION_CONTEXT('2D SPACE',''
  ) );
#1193 = ADVANCED_FACE('',(#1194),#428,.F.);
#1194 = FACE_BOUND('',#1195,.F.);
#1195 = EDGE_LOOP('',(#1196,#1219,#1220,#1243));
#1196 = ORIENTED_EDGE('',*,*,#1197,.F.);
#1197 = EDGE_CURVE('',#412,#1198,#1200,.T.);
#1198 = VERTEX_POINT('',#1199);
#1199 = CARTESIAN_POINT('',(-3.314917167072,20.303867528315,
    3.314917167072));
#1200 = SURFACE_CURVE('',#1201,(#1205,#1212),.PCURVE_S1.);
#1201 = LINE('',#1202,#1203);
#1202 = CARTESIAN_POINT('',(-3.314917167072,16.160221069475,
    3.314917167072));
#1203 = VECTOR('',#1204,1.);
#1204 = DIRECTION('',(-0.,1.,0.));
#1205 = PCURVE('',#428,#1206);
#1206 = DEFINITIONAL_REPRESENTATION('',(#1207),#1211);
#1207 = LINE('',#1208,#1209);
#1208 = CARTESIAN_POINT('',(6.629834334144,0.));
#1209 = VECTOR('',#1210,1.);
#1210 = DIRECTION('',(0.,-1.));
#1211 = ( GEOMETRIC_REPRESENTATION_CONTEXT(2) 
PARAMETRIC_REPRESENTATION_CONTEXT() REPRESENTATION_CONTEXT('2D SPACE',''
  ) );
#1212 = PCURVE('',#508,#1213);
#1213 = DEFINITIONAL_REPRESENTATION('',(#1214),#1218);
#1214 = LINE('',#1215,#1216);
#1215 = CARTESIAN_POINT('',(0.,0.));
#1216 = VECTOR('',#1217,1.);
#1217 = DIRECTION('',(0.,1.));
#1218 = ( GEOMETRIC_REPRESENTATION_CONTEXT(2) 
PARAMETRIC_REPRESENTATION_CONTEXT() REPRESENTATION_CONTEXT('2D SPACE',''
  ) );
#1219 = ORIENTED_EDGE('',*,*,#409,.F.);
#1220 = ORIENTED_EDGE('',*,*,#1221,.T.);
#1221 = EDGE_CURVE('',#410,#1222,#1224,.T.);
#1222 = VERTEX_POINT('',#1223);
#1223 = CARTESIAN_POINT('',(-3.314917167072,20.303867528315,
    -3.314917167072));
#1224 = SURFACE_CURVE('',#1225,(#1229,#1236),.PCURVE_S1.);
#1225 = LINE('',#1226,#1227);
#1226 = CARTESIAN_POINT('',(-3.314917167072,16.160221069475,
    -3.314917167072));
#1227 = VECTOR('',#1228,1.);
#1228 = DIRECTION('',(-0.,1.,0.));
#1229 = PCURVE('',#428,#1230);
#1230 = DEFINITIONAL_REPRESENTATION('',(#1231),#1235);
#1231 = LINE('',#1232,#1233);
#1232 = CARTESIAN_POINT('',(0.,0.));
#1233 = VECTOR('',#1234,1.);
#1234 = DIRECTION('',(0.,-1.));
#1235 = ( GEOMETRIC_REPRESENTATION_CONTEXT(2) 
PARAMETRIC_REPRESENTATION_CONTEXT() REPRESENTATION_CONTEXT('2D SPACE',''
  ) );
#1236 = PCURVE('',#455,#1237);
#1237 = DEFINITIONAL_REPRESENTATION('',(#1238),#1242);
#1238 = LINE('',#1239,#1240);
#1239 = CARTESIAN_POINT('',(0.,0.));
#1240 = VECTOR('',#1241,1.);
#1241 = DIRECTION('',(0.,1.));
#1242 = ( GEOMETRIC_REPRESENTATION_CONTEXT(2) 
PARAMETRIC_REPRESENTATION_CONTEXT() REPRESENTATION_CONTEXT('2D SPACE',''
  ) );
#1243 = ORIENTED_EDGE('',*,*,#1244,.T.);
#1244 = EDGE_CURVE('',#1222,#1198,#1245,.T.);
#1245 = SURFACE_CURVE('',#1246,(#1250,#1257),.PCURVE_S1.);
#1246 = LINE('',#1247,#1248);
#1247 = CARTESIAN_POINT('',(-3.314917167072,20.303867528315,
    -3.314917167072));
#1248 = VECTOR('',#1249,1.);
#1249 = DIRECTION('',(0.,0.,1.));
#1250 = PCURVE('',#428,#1251);
#1251 = DEFINITIONAL_REPRESENTATION('',(#1252),#1256);
#1252 = LINE('',#1253,#1254);
#1253 = CARTESIAN_POINT('',(0.,-4.14364645884));
#1254 = VECTOR('',#1255,1.);
#1255 = DIRECTION('',(1.,0.));
#1256 = ( GEOMETRIC_REPRESENTATION_CONTEXT(2) 
PARAMETRIC_REPRESENTATION_CONTEXT() REPRESENTATION_CONTEXT('2D SPACE',''
  ) );
#1257 = PCURVE('',#1258,#1263);
#1258 = PLANE('',#1259);
#1259 = AXIS2_PLACEMENT_3D('',#1260,#1261,#1262);
#1260 = CARTESIAN_POINT('',(-3.314917167072,20.303867528315,
    -3.314917167072));
#1261 = DIRECTION('',(-0.,1.,0.));
#1262 = DIRECTION('',(0.,0.,1.));
#1263 = DEFINITIONAL_REPRESENTATION('',(#1264),#1268);
#1264 = LINE('',#1265,#1266);
#1265 = CARTESIAN_POINT('',(0.,0.));
#1266 = VECTOR('',#1267,1.);
#1267 = DIRECTION('',(1.,0.));
#1268 = ( GEOMETRIC_REPRESENTATION_CONTEXT(2) 
PARAMETRIC_REPRESENTATION_CONTEXT() REPRESENTATION_CONTEXT('2D SPACE',''
  ) );
#1269 = ADVANCED_FACE('',(#1270),#508,.T.);
#1270 = FACE_BOUND('',#1271,.T.);
#1271 = EDGE_LOOP('',(#1272,#1273,#1274,#1297));
#1272 = ORIENTED_EDGE('',*,*,#1197,.F.);
#1273 = ORIENTED_EDGE('',*,*,#495,.T.);
#1274 = ORIENTED_EDGE('',*,*,#1275,.T.);
#1275 = EDGE_CURVE('',#467,#1276,#1278,.T.);
#1276 = VERTEX_POINT('',#1277);
#1277 = CARTESIAN_POINT('',(3.314917167072,20.303867528315,
    3.314917167072));
#1278 = SURFACE_CURVE('',#1279,(#1283,#1290),.PCURVE_S1.);
#1279 = LINE('',#1280,#1281);
#1280 = CARTESIAN_POINT('',(3.314917167072,16.160221069475,
    3.314917167072));
#1281 = VECTOR('',#1282,1.);
#1282 = DIRECTION('',(-0.,1.,0.));
#1283 = PCURVE('',#508,#1284);
#1284 = DEFINITIONAL_REPRESENTATION('',(#1285),#1289);
#1285 = LINE('',#1286,#1287);
#1286 = CARTESIAN_POINT('',(6.629834334144,0.));
#1287 = VECTOR('',#1288,1.);
#1288 = DIRECTION('',(0.,1.));
#1289 = ( GEOMETRIC_REPRESENTATION_CONTEXT(2) 
PARAMETRIC_REPRESENTATION_CONTEXT() REPRESENTATION_CONTEXT('2D SPACE',''
  ) );
#1290 = PCURVE('',#483,#1291);
#1291 = DEFINITIONAL_REPRESENTATION('',(#1292),#1296);
#1292 = LINE('',#1293,#1294);
#1293 = CARTESIAN_POINT('',(6.629834334144,0.));
#1294 = VECTOR('',#1295,1.);
#1295 = DIRECTION('',(0.,-1.));
#1296 = ( GEOMETRIC_REPRESENTATION_CONTEXT(2) 
PARAMETRIC_REPRESENTATION_CONTEXT() REPRESENTATION_CONTEXT('2D SPACE',''
  ) );
#1297 = ORIENTED_EDGE('',*,*,#1298,.F.);
#1298 = EDGE_CURVE('',#1198,#1276,#1299,.T.);
#1299 = SURFACE_CURVE('',#1300,(#1304,#1311),.PCURVE_S1.);
#1300 = LINE('',#1301,#1302);
#1301 = CARTESIAN_POINT('',(-3.314917167072,20.303867528315,
    3.314917167072));
#1302 = VECTOR('',#1303,1.);
#1303 = DIRECTION('',(1.,0.,-0.));
#1304 = PCURVE('',#508,#1305);
#1305 = DEFINITIONAL_REPRESENTATION('',(#1306),#1310);
#1306 = LINE('',#1307,#1308);
#1307 = CARTESIAN_POINT('',(0.,4.14364645884));
#1308 = VECTOR('',#1309,1.);
#1309 = DIRECTION('',(1.,0.));
#1310 = ( GEOMETRIC_REPRESENTATION_CONTEXT(2) 
PARAMETRIC_REPRESENTATION_CONTEXT() REPRESENTATION_CONTEXT('2D SPACE',''
  ) );
#1311 = PCURVE('',#1258,#1312);
#1312 = DEFINITIONAL_REPRESENTATION('',(#1313),#1317);
#1313 = LINE('',#1314,#1315);
#1314 = CARTESIAN_POINT('',(6.629834334144,0.));
#1315 = VECTOR('',#1316,1.);
#1316 = DIRECTION('',(0.,1.));
#1317 = ( GEOMETRIC_REPRESENTATION_CONTEXT(2) 
PARAMETRIC_REPRESENTATION_CONTEXT() REPRESENTATION_CONTEXT('2D SPACE',''
  ) );
#1318 = ADVANCED_FACE('',(#1319),#483,.T.);
#1319 = FACE_BOUND('',#1320,.T.);
#1320 = EDGE_LOOP('',(#1321,#1322,#1323,#1346));
#1321 = ORIENTED_EDGE('',*,*,#1275,.F.);
#1322 = ORIENTED_EDGE('',*,*,#466,.F.);
#1323 = ORIENTED_EDGE('',*,*,#1324,.T.);
#1324 = EDGE_CURVE('',#441,#1325,#1327,.T.);
#1325 = VERTEX_POINT('',#1326);
#1326 = CARTESIAN_POINT('',(3.314917167072,20.303867528315,
    -3.314917167072));
#1327 = SURFACE_CURVE('',#1328,(#1332,#1339),.PCURVE_S1.);
#1328 = LINE('',#1329,#1330);
#1329 = CARTESIAN_POINT('',(3.314917167072,16.160221069475,
    -3.314917167072));
#1330 = VECTOR('',#1331,1.);
#1331 = DIRECTION('',(-0.,1.,0.));
#1332 = PCURVE('',#483,#1333);
#1333 = DEFINITIONAL_REPRESENTATION('',(#1334),#1338);
#1334 = LINE('',#1335,#1336);
#1335 = CARTESIAN_POINT('',(0.,0.));
#1336 = VECTOR('',#1337,1.);
#1337 = DIRECTION('',(0.,-1.));
#1338 = ( GEOMETRIC_REPRESENTATION_CONTEXT(2) 
PARAMETRIC_REPRESENTATION_CONTEXT() REPRESENTATION_CONTEXT('2D SPACE',''
  ) );
#1339 = PCURVE('',#455,#1340);
#1340 = DEFINITIONAL_REPRESENTATION('',(#1341),#1345);
#1341 = LINE('',#1342,#1343);
#1342 = CARTESIAN_POINT('',(6.629834334144,0.));
#1343 = VECTOR('',#1344,1.);
#1344 = DIRECTION('',(0.,1.));
#1345 = ( GEOMETRIC_REPRESENTATION_CONTEXT(2) 
PARAMETRIC_REPRESENTATION_CONTEXT() REPRESENTATION_CONTEXT('2D SPACE',''
  ) );
#1346 = ORIENTED_EDGE('',*,*,#1347,.T.);
#1347 = EDGE_CURVE('',#1325,#1276,#1348,.T.);
#1348 = SURFACE_CURVE('',#1349,(#1353,#1360),.PCURVE_S1.);
#1349 = LINE('',#1350,#1351);
#1350 = CARTESIAN_POINT('',(3.314917167072,20.303867528315,
    -3.314917167072));
#1351 = VECTOR('',#1352,1.);
#1352 = DIRECTION('',(0.,0.,1.));
#1353 = PCURVE('',#483,#1354);
#1354 = DEFINITIONAL_REPRESENTATION('',(#1355),#1359);
#1355 = LINE('',#1356,#1357);
#1356 = CARTESIAN_POINT('',(0.,-4.14364645884));
#1357 = VECTOR('',#1358,1.);
#1358 = DIRECTION('',(1.,0.));
#1359 = ( GEOMETRIC_REPRESENTATION_CONTEXT(2) 
PARAMETRIC_REPRESENTATION_CONTEXT() REPRESENTATION_CONTEXT('2D SPACE',''
  ) );
#1360 = PCURVE('',#1258,#1361);
#1361 = DEFINITIONAL_REPRESENTATION('',(#1362),#1366);
#1362 = LINE('',#1363,#1364);
#1363 = CARTESIAN_POINT('',(0.,6.629834334144));
#1364 = VECTOR('',#1365,1.);
#1365 = DIRECTION('',(1.,0.));
#1366 = ( GEOMETRIC_REPRESENTATION_CONTEXT(2) 
PARAMETRIC_REPRESENTATION_CONTEXT() REPRESENTATION_CONTEXT('2D SPACE',''
  ) );
#1367 = ADVANCED_FACE('',(#1368),#455,.F.);
#1368 = FACE_BOUND('',#1369,.F.);
#1369 = EDGE_LOOP('',(#1370,#1371,#1372,#1373));
#1370 = ORIENTED_EDGE('',*,*,#1221,.F.);
#1371 = ORIENTED_EDGE('',*,*,#440,.T.);
#1372 = ORIENTED_EDGE('',*,*,#1324,.T.);
#1373 = ORIENTED_EDGE('',*,*,#1374,.F.);
#1374 = EDGE_CURVE('',#1222,#1325,#1375,.T.);
#1375 = SURFACE_CURVE('',#1376,(#1380,#1387),.PCURVE_S1.);
#1376 = LINE('',#1377,#1378);
#1377 = CARTESIAN_POINT('',(-3.314917167072,20.303867528315,
    -3.314917167072));
#1378 = VECTOR('',#1379,1.);
#1379 = DIRECTION('',(1.,0.,-0.));
#1380 = PCURVE('',#455,#1381);
#1381 = DEFINITIONAL_REPRESENTATION('',(#1382),#1386);
#1382 = LINE('',#1383,#1384);
#1383 = CARTESIAN_POINT('',(0.,4.14364645884));
#1384 = VECTOR('',#1385,1.);
#1385 = DIRECTION('',(1.,0.));
#1386 = ( GEOMETRIC_REPRESENTATION_CONTEXT(2) 
PARAMETRIC_REPRESENTATION_CONTEXT() REPRESENTATION_CONTEXT('2D SPACE',''
  ) );
#1387 = PCURVE('',#1258,#1388);
#1388 = DEFINITIONAL_REPRESENTATION('',(#1389),#1393);
#1389 = LINE('',#1390,#1391);
#1390 = CARTESIAN_POINT('',(0.,0.));
#1391 = VECTOR('',#1392,1.);
#1392 = DIRECTION('',(0.,1.));
#1393 = ( GEOMETRIC_REPRESENTATION_CONTEXT(2) 
PARAMETRIC_REPRESENTATION_CONTEXT() REPRESENTATION_CONTEXT('2D SPACE',''
  ) );
#1394 = ADVANCED_FACE('',(#1395),#679,.F.);
#1395 = FACE_BOUND('',#1396,.F.);
#1396 = EDGE_LOOP('',(#1397,#1398,#1421,#1754));
#1397 = ORIENTED_EDGE('',*,*,#521,.F.);
#1398 = ORIENTED_EDGE('',*,*,#1399,.F.);
#1399 = EDGE_CURVE('',#1400,#522,#1402,.T.);
#1400 = VERTEX_POINT('',#1401);
#1401 = CARTESIAN_POINT('',(3.646408839779,-8.931125828036E-16,
    9.116022099448));
#1402 = SEAM_CURVE('',#1403,(#1407,#1414),.PCURVE_S1.);
#1403 = LINE('',#1404,#1405);
#1404 = CARTESIAN_POINT('',(3.646408839779,-8.931125828036E-16,
    -21.87845303867));
#1405 = VECTOR('',#1406,1.);
#1406 = DIRECTION('',(0.,0.,1.));
#1407 = PCURVE('',#679,#1408);
#1408 = DEFINITIONAL_REPRESENTATION('',(#1409),#1413);
#1409 = LINE('',#1410,#1411);
#1410 = CARTESIAN_POINT('',(6.28318530718,-0.));
#1411 = VECTOR('',#1412,1.);
#1412 = DIRECTION('',(0.,1.));
#1413 = ( GEOMETRIC_REPRESENTATION_CONTEXT(2) 
PARAMETRIC_REPRESENTATION_CONTEXT() REPRESENTATION_CONTEXT('2D SPACE',''
  ) );
#1414 = PCURVE('',#679,#1415);
#1415 = DEFINITIONAL_REPRESENTATION('',(#1416),#1420);
#1416 = LINE('',#1417,#1418);
#1417 = CARTESIAN_POINT('',(0.,-0.));
#1418 = VECTOR('',#1419,1.);
#1419 = DIRECTION('',(0.,1.));
#1420 = ( GEOMETRIC_REPRESENTATION_CONTEXT(2) 
PARAMETRIC_REPRESENTATION_CONTEXT() REPRESENTATION_CONTEXT('2D SPACE',''
  ) );
#1421 = ORIENTED_EDGE('',*,*,#1422,.T.);
#1422 = EDGE_CURVE('',#1400,#1400,#1423,.T.);
#1423 = SURFACE_CURVE('',#1424,(#1532,#1643),.PCURVE_S1.);
#1424 = B_SPLINE_CURVE_WITH_KNOTS('',6,(#1425,#1426,#1427,#1428,#1429,
    #1430,#1431,#1432,#1433,#1434,#1435,#1436,#1437,#1438,#1439,#1440,
    #1441,#1442,#1443,#1444,#1445,#1446,#1447,#1448,#1449,#1450,#1451,
    #1452,#1453,#1454,#1455,#1456,#1457,#1458,#1459,#1460,#1461,#1462,
    #1463,#1464,#1465,#1466,#1467,#1468,#1469,#1470,#1471,#1472,#1473,
    #1474,#1475,#1476,#1477,#1478,#1479,#1480,#1481,#1482,#1483,#1484,
    #1485,#1486,#1487,#1488,#1489,#1490,#1491,#1492,#1493,#1494,#1495,
    #1496,#1497,#1498,#1499,#1500,#1501,#1502,#1503,#1504,#1505,#1506,
    #1507,#1508,#1509,#1510,#1511,#1512,#1513,#1514,#1515,#1516,#1517,
    #1518,#1519,#1520,#1521,#1522,#1523,#1524,#1525,#1526,#1527,#1528,
    #1529,#1530,#1531),.UNSPECIFIED.,.T.,.F.,(7,5,5,5,5,5,5,5,5,5,5,5,5,
    5,5,5,5,5,5,5,5,7),(0.,3.965076523254E-02,9.564766097836E-02,
    0.120487354159,0.219935697937,0.249955115049,0.279882187264,
    0.379784261253,0.404261398338,0.435898116475,0.472330070201,
    0.526965359776,0.564747581025,0.595800695123,0.620641960973,
    0.7200966011,0.750117918824,0.780046885805,0.879955284869,
    0.904433971669,0.936072692813,1.),.UNSPECIFIED.);
#1425 = CARTESIAN_POINT('',(3.646408839779,0.,9.116022099448));
#1426 = CARTESIAN_POINT('',(3.646408839779,0.184644247174,9.116022099448
    ));
#1427 = CARTESIAN_POINT('',(3.635188956231,0.368961557637,9.111534158494
    ));
#1428 = CARTESIAN_POINT('',(3.612823842451,0.551386848928,9.10258805473)
  );
#1429 = CARTESIAN_POINT('',(3.579762362512,0.730370356278,9.089450604929
    ));
#1430 = CARTESIAN_POINT('',(3.536822766298,0.904428142506,9.072618580613
    ));
#1431 = CARTESIAN_POINT('',(3.412324798604,1.309115111154,9.024688187079
    ));
#1432 = CARTESIAN_POINT('',(3.322172228715,1.533391261976,8.990580141318
    ));
#1433 = CARTESIAN_POINT('',(3.217247824223,1.744205172415,8.951926744985
    ));
#1434 = CARTESIAN_POINT('',(3.099826207229,1.941066268592,8.910235528552
    ));
#1435 = CARTESIAN_POINT('',(2.972026568133,2.123742312265,8.866897740682
    ));
#1436 = CARTESIAN_POINT('',(2.775446277091,2.366945102939,8.803714648908
    ));
#1437 = CARTESIAN_POINT('',(2.713321342593,2.438970035097,8.7841920466)
  );
#1438 = CARTESIAN_POINT('',(2.64960642826,2.508321418238,8.764655240248)
  );
#1439 = CARTESIAN_POINT('',(2.584417527889,2.575034080991,8.745190490595
    ));
#1440 = CARTESIAN_POINT('',(2.517857416162,2.639144127923,8.725876998058
    ));
#1441 = CARTESIAN_POINT('',(2.178403943589,2.947090114451,8.630357683174
    ));
#1442 = CARTESIAN_POINT('',(1.885756636759,3.152818119114,8.557371292085
    ));
#1443 = CARTESIAN_POINT('',(1.578259407955,3.319437432212,8.492660988308
    ));
#1444 = CARTESIAN_POINT('',(1.260034158053,3.44841850916,8.43962691604)
  );
#1445 = CARTESIAN_POINT('',(0.934174155208,3.540649676778,8.400554040136
    ));
#1446 = CARTESIAN_POINT('',(0.503373588944,3.612917244337,8.369529283835
    ));
#1447 = CARTESIAN_POINT('',(0.403092265183,3.62631657057,8.363729228534)
  );
#1448 = CARTESIAN_POINT('',(0.302516107419,3.636363247031,8.359356525404
    ));
#1449 = CARTESIAN_POINT('',(0.201743096828,3.643060222091,8.35643374413)
  );
#1450 = CARTESIAN_POINT('',(0.100871526212,3.646408839779,8.354972261522
    ));
#1451 = CARTESIAN_POINT('',(-0.100561228029,3.646408839779,
    8.354972261522));
#1452 = CARTESIAN_POINT('',(-0.201122505383,3.643080793152,
    8.356424765722));
#1453 = CARTESIAN_POINT('',(-0.301586130063,3.636424955569,
    8.359329593459));
#1454 = CARTESIAN_POINT('',(-0.401854710358,3.626439999883,
    8.363675506966));
#1455 = CARTESIAN_POINT('',(-0.501831164853,3.613123016123,
    8.369440211373));
#1456 = CARTESIAN_POINT('',(-0.93386031486,3.540877048622,8.400458848842
    ));
#1457 = CARTESIAN_POINT('',(-1.261209617437,3.44823019482,8.439712685496
    ));
#1458 = CARTESIAN_POINT('',(-1.580853489532,3.318502259574,
    8.493056076946));
#1459 = CARTESIAN_POINT('',(-1.889659108172,3.150789492418,
    8.558171964476));
#1460 = CARTESIAN_POINT('',(-2.183444183829,2.94359401824,8.631607879924
    ));
#1461 = CARTESIAN_POINT('',(-2.522672383202,2.634497719198,
    8.727275361352));
#1462 = CARTESIAN_POINT('',(-2.588181019558,2.571176488304,
    8.746315003041));
#1463 = CARTESIAN_POINT('',(-2.652353906468,2.505326662727,
    8.765498170422));
#1464 = CARTESIAN_POINT('',(-2.715092375643,2.436913700006,
    8.784748902774));
#1465 = CARTESIAN_POINT('',(-2.776285253067,2.365904311825,
    8.803984566303));
#1466 = CARTESIAN_POINT('',(-2.912743164542,2.1970894902,8.847843058092)
  );
#1467 = CARTESIAN_POINT('',(-2.986908263929,2.097497769742,
    8.872402018819));
#1468 = CARTESIAN_POINT('',(-3.058007636257,1.993450808929,
    8.896591129757));
#1469 = CARTESIAN_POINT('',(-3.12571431224,1.884925066036,8.920188646776
    ));
#1470 = CARTESIAN_POINT('',(-3.189669990369,1.771914894793,
    8.942955243315));
#1471 = CARTESIAN_POINT('',(-3.318364458484,1.519145207892,8.98960416563
    ));
#1472 = CARTESIAN_POINT('',(-3.381837485543,1.377760170477,
    9.013163484813));
#1473 = CARTESIAN_POINT('',(-3.439082991235,1.230660890727,
    9.034847459982));
#1474 = CARTESIAN_POINT('',(-3.489356951501,1.078297013729,
    9.054200709584));
#1475 = CARTESIAN_POINT('',(-3.531983870456,0.92118409163,9.070803304952
    ));
#1476 = CARTESIAN_POINT('',(-3.617884994441,0.518035725266,
    9.104526715606));
#1477 = CARTESIAN_POINT('',(-3.650827329489,0.266858540579,
    9.117756094328));
#1478 = CARTESIAN_POINT('',(-3.66259793171,1.080685545879E-02,
    9.122566267449));
#1479 = CARTESIAN_POINT('',(-3.652352468899,-0.245376539193,
    9.118373270579));
#1480 = CARTESIAN_POINT('',(-3.620866336778,-0.496943994527,
    9.105718093565));
#1481 = CARTESIAN_POINT('',(-3.535918079306,-0.907143614247,
    9.072334778812));
#1482 = CARTESIAN_POINT('',(-3.492247746256,-1.070422685508,
    9.055307840942));
#1483 = CARTESIAN_POINT('',(-3.440315082159,-1.228627677019,
    9.035299134148));
#1484 = CARTESIAN_POINT('',(-3.380870687802,-1.381178370096,
    9.012776246561));
#1485 = CARTESIAN_POINT('',(-3.314745633012,-1.527570793448,
    8.988248394831));
#1486 = CARTESIAN_POINT('',(-3.183778639622,-1.782286592665,
    8.940859815892));
#1487 = CARTESIAN_POINT('',(-3.120735418396,-1.892883740338,
    8.918454650991));
#1488 = CARTESIAN_POINT('',(-3.054098401277,-1.999159893115,
    8.89526198535));
#1489 = CARTESIAN_POINT('',(-2.984204893334,-2.101121999289,
    8.871507326497));
#1490 = CARTESIAN_POINT('',(-2.91136292083,-2.19879341855,8.847399769779
    ));
#1491 = CARTESIAN_POINT('',(-2.77544627709,-2.366945102939,
    8.803714648908));
#1492 = CARTESIAN_POINT('',(-2.713321342593,-2.438970035097,8.7841920466
    ));
#1493 = CARTESIAN_POINT('',(-2.64960642826,-2.508321418238,
    8.764655240248));
#1494 = CARTESIAN_POINT('',(-2.584417527889,-2.575034080991,
    8.745190490595));
#1495 = CARTESIAN_POINT('',(-2.517857416162,-2.639144127923,
    8.725876998058));
#1496 = CARTESIAN_POINT('',(-2.178403943589,-2.947090114451,
    8.630357683174));
#1497 = CARTESIAN_POINT('',(-1.885756636759,-3.152818119114,
    8.557371292085));
#1498 = CARTESIAN_POINT('',(-1.578259407956,-3.319437432212,
    8.492660988308));
#1499 = CARTESIAN_POINT('',(-1.260034158052,-3.44841850916,8.43962691604
    ));
#1500 = CARTESIAN_POINT('',(-0.934174155209,-3.540649676778,
    8.400554040136));
#1501 = CARTESIAN_POINT('',(-0.503373588944,-3.612917244337,
    8.369529283835));
#1502 = CARTESIAN_POINT('',(-0.403092265183,-3.62631657057,
    8.363729228534));
#1503 = CARTESIAN_POINT('',(-0.302516107419,-3.636363247031,
    8.359356525404));
#1504 = CARTESIAN_POINT('',(-0.201743096828,-3.643060222091,
    8.35643374413));
#1505 = CARTESIAN_POINT('',(-0.100871526212,-3.646408839779,
    8.354972261522));
#1506 = CARTESIAN_POINT('',(0.100561228029,-3.646408839779,
    8.354972261522));
#1507 = CARTESIAN_POINT('',(0.201122505383,-3.643080793152,
    8.356424765722));
#1508 = CARTESIAN_POINT('',(0.301586130063,-3.636424955569,
    8.359329593459));
#1509 = CARTESIAN_POINT('',(0.401854710358,-3.626439999883,
    8.363675506966));
#1510 = CARTESIAN_POINT('',(0.501831164853,-3.613123016123,
    8.369440211373));
#1511 = CARTESIAN_POINT('',(0.933860314859,-3.540877048623,
    8.400458848842));
#1512 = CARTESIAN_POINT('',(1.261209617439,-3.44823019482,8.439712685496
    ));
#1513 = CARTESIAN_POINT('',(1.580853489531,-3.318502259573,
    8.493056076946));
#1514 = CARTESIAN_POINT('',(1.889659108171,-3.15078949242,8.558171964476
    ));
#1515 = CARTESIAN_POINT('',(2.183444183829,-2.94359401824,8.631607879924
    ));
#1516 = CARTESIAN_POINT('',(2.522672383202,-2.634497719198,
    8.727275361352));
#1517 = CARTESIAN_POINT('',(2.588181019558,-2.571176488304,
    8.746315003041));
#1518 = CARTESIAN_POINT('',(2.652353906468,-2.505326662727,
    8.765498170422));
#1519 = CARTESIAN_POINT('',(2.715092375643,-2.436913700006,
    8.784748902774));
#1520 = CARTESIAN_POINT('',(2.776285253067,-2.365904311825,
    8.803984566303));
#1521 = CARTESIAN_POINT('',(2.912743164542,-2.1970894902,8.847843058092)
  );
#1522 = CARTESIAN_POINT('',(2.986908263929,-2.097497769742,
    8.872402018819));
#1523 = CARTESIAN_POINT('',(3.058007636257,-1.993450808929,
    8.896591129757));
#1524 = CARTESIAN_POINT('',(3.12571431224,-1.884925066036,8.920188646776
    ));
#1525 = CARTESIAN_POINT('',(3.189669990369,-1.771914894793,
    8.942955243315));
#1526 = CARTESIAN_POINT('',(3.370341071888,-1.417057585255,
    9.008444548098));
#1527 = CARTESIAN_POINT('',(3.475554515556,-1.158943557232,
    9.048280098015));
#1528 = CARTESIAN_POINT('',(3.559165153906,-0.883542584003,
    9.081123847984));
#1529 = CARTESIAN_POINT('',(3.616987841635,-0.595238845235,
    9.104253923541));
#1530 = CARTESIAN_POINT('',(3.646408839779,-0.298998421722,
    9.116022099448));
#1531 = CARTESIAN_POINT('',(3.646408839779,0.,9.116022099448));
#1532 = PCURVE('',#679,#1533);
#1533 = DEFINITIONAL_REPRESENTATION('',(#1534),#1642);
#1534 = B_SPLINE_CURVE_WITH_KNOTS('',6,(#1535,#1536,#1537,#1538,#1539,
    #1540,#1541,#1542,#1543,#1544,#1545,#1546,#1547,#1548,#1549,#1550,
    #1551,#1552,#1553,#1554,#1555,#1556,#1557,#1558,#1559,#1560,#1561,
    #1562,#1563,#1564,#1565,#1566,#1567,#1568,#1569,#1570,#1571,#1572,
    #1573,#1574,#1575,#1576,#1577,#1578,#1579,#1580,#1581,#1582,#1583,
    #1584,#1585,#1586,#1587,#1588,#1589,#1590,#1591,#1592,#1593,#1594,
    #1595,#1596,#1597,#1598,#1599,#1600,#1601,#1602,#1603,#1604,#1605,
    #1606,#1607,#1608,#1609,#1610,#1611,#1612,#1613,#1614,#1615,#1616,
    #1617,#1618,#1619,#1620,#1621,#1622,#1623,#1624,#1625,#1626,#1627,
    #1628,#1629,#1630,#1631,#1632,#1633,#1634,#1635,#1636,#1637,#1638,
    #1639,#1640,#1641),.UNSPECIFIED.,.F.,.F.,(7,5,5,5,5,5,5,5,5,5,5,5,5,
    5,5,5,5,5,5,5,5,7),(0.,3.965076523254E-02,9.564766097836E-02,
    0.120487354159,0.219935697937,0.249955115049,0.279882187264,
    0.379784261253,0.404261398338,0.435898116475,0.472330070201,
    0.526965359776,0.564747581025,0.595800695123,0.620641960973,
    0.7200966011,0.750117918824,0.780046885805,0.879955284869,
    0.904433971669,0.936072692813,1.),.UNSPECIFIED.);
#1535 = CARTESIAN_POINT('',(0.,30.994475138122));
#1536 = CARTESIAN_POINT('',(5.063728596743E-02,30.994475138122));
#1537 = CARTESIAN_POINT('',(0.101184906565,30.989987197168));
#1538 = CARTESIAN_POINT('',(0.151447403189,30.981041093404));
#1539 = CARTESIAN_POINT('',(0.201229185822,30.967903643603));
#1540 = CARTESIAN_POINT('',(0.250315609356,30.951071619287));
#1541 = CARTESIAN_POINT('',(0.366431058646,30.903141225753));
#1542 = CARTESIAN_POINT('',(0.432487894083,30.869033179992));
#1543 = CARTESIAN_POINT('',(0.496772400276,30.830379783659));
#1544 = CARTESIAN_POINT('',(0.55937927517,30.788688567226));
#1545 = CARTESIAN_POINT('',(0.620372705212,30.745350779356));
#1546 = CARTESIAN_POINT('',(0.70613274807,30.682167687582));
#1547 = CARTESIAN_POINT('',(0.732204490356,30.662645085274));
#1548 = CARTESIAN_POINT('',(0.758012755641,30.643108278922));
#1549 = CARTESIAN_POINT('',(0.783574724214,30.623643529269));
#1550 = CARTESIAN_POINT('',(0.808907390067,30.604330036732));
#1551 = CARTESIAN_POINT('',(0.934598826649,30.508810721848));
#1552 = CARTESIAN_POINT('',(1.03194890173,30.435824330759));
#1553 = CARTESIAN_POINT('',(1.126935728075,30.371114026982));
#1554 = CARTESIAN_POINT('',(1.220255624877,30.318079954714));
#1555 = CARTESIAN_POINT('',(1.312573972838,30.27900707881));
#1556 = CARTESIAN_POINT('',(1.432368553874,30.247982322509));
#1557 = CARTESIAN_POINT('',(1.460098980115,30.242182267208));
#1558 = CARTESIAN_POINT('',(1.487795468801,30.237809564078));
#1559 = CARTESIAN_POINT('',(1.515469738906,30.234886782804));
#1560 = CARTESIAN_POINT('',(1.54313307491,30.233425300196));
#1561 = CARTESIAN_POINT('',(1.598374481754,30.233425300196));
#1562 = CARTESIAN_POINT('',(1.625952721059,30.234877804396));
#1563 = CARTESIAN_POINT('',(1.653541794936,30.237782632133));
#1564 = CARTESIAN_POINT('',(1.681152882331,30.24212854564));
#1565 = CARTESIAN_POINT('',(1.708797590906,30.247893250047));
#1566 = CARTESIAN_POINT('',(1.828923494553,30.278911887516));
#1567 = CARTESIAN_POINT('',(1.921658279637,30.31816572417));
#1568 = CARTESIAN_POINT('',(2.015404260588,30.37150911562));
#1569 = CARTESIAN_POINT('',(2.11083651823,30.43662500315));
#1570 = CARTESIAN_POINT('',(2.20866154102,30.510060918598));
#1571 = CARTESIAN_POINT('',(2.334519481856,30.605728400026));
#1572 = CARTESIAN_POINT('',(2.35949488604,30.624768041715));
#1573 = CARTESIAN_POINT('',(2.384693653501,30.643951209096));
#1574 = CARTESIAN_POINT('',(2.410132053374,30.663201941448));
#1575 = CARTESIAN_POINT('',(2.435826521959,30.682437604977));
#1576 = CARTESIAN_POINT('',(2.49535621173,30.726296096766));
#1577 = CARTESIAN_POINT('',(2.529382903004,30.750855057493));
#1578 = CARTESIAN_POINT('',(2.563899389869,30.775044168432));
#1579 = CARTESIAN_POINT('',(2.598931637697,30.79864168545));
#1580 = CARTESIAN_POINT('',(2.634508113819,30.821408281989));
#1581 = CARTESIAN_POINT('',(2.712295748716,30.868057204304));
#1582 = CARTESIAN_POINT('',(2.754746654341,30.891616523487));
#1583 = CARTESIAN_POINT('',(2.797949226247,30.913300498656));
#1584 = CARTESIAN_POINT('',(2.841856030161,30.932653748258));
#1585 = CARTESIAN_POINT('',(2.886433286266,30.949256343626));
#1586 = CARTESIAN_POINT('',(2.999475603839,30.98297975428));
#1587 = CARTESIAN_POINT('',(3.068729284453,30.996209133002));
#1588 = CARTESIAN_POINT('',(3.138642300428,31.001019306123));
#1589 = CARTESIAN_POINT('',(3.208572914701,30.996826309253));
#1590 = CARTESIAN_POINT('',(3.277880918316,30.984171132239));
#1591 = CARTESIAN_POINT('',(3.392761961645,30.950787817486));
#1592 = CARTESIAN_POINT('',(3.439038339682,30.933760879616));
#1593 = CARTESIAN_POINT('',(3.484597851094,30.913752172822));
#1594 = CARTESIAN_POINT('',(3.529402545153,30.891229285235));
#1595 = CARTESIAN_POINT('',(3.573398640066,30.866701433505));
#1596 = CARTESIAN_POINT('',(3.651945276291,30.819312854566));
#1597 = CARTESIAN_POINT('',(3.686824781719,30.796907689665));
#1598 = CARTESIAN_POINT('',(3.721181119098,30.773715024024));
#1599 = CARTESIAN_POINT('',(3.755041404355,30.749960365172));
#1600 = CARTESIAN_POINT('',(3.788430458457,30.725852808453));
#1601 = CARTESIAN_POINT('',(3.84772540166,30.682167687582));
#1602 = CARTESIAN_POINT('',(3.873797143946,30.662645085274));
#1603 = CARTESIAN_POINT('',(3.899605409231,30.643108278922));
#1604 = CARTESIAN_POINT('',(3.925167377804,30.623643529269));
#1605 = CARTESIAN_POINT('',(3.950500043657,30.604330036732));
#1606 = CARTESIAN_POINT('',(4.076191480239,30.508810721848));
#1607 = CARTESIAN_POINT('',(4.17354155532,30.435824330759));
#1608 = CARTESIAN_POINT('',(4.268528381665,30.371114026982));
#1609 = CARTESIAN_POINT('',(4.361848278467,30.318079954714));
#1610 = CARTESIAN_POINT('',(4.454166626428,30.27900707881));
#1611 = CARTESIAN_POINT('',(4.573961207463,30.247982322509));
#1612 = CARTESIAN_POINT('',(4.601691633705,30.242182267208));
#1613 = CARTESIAN_POINT('',(4.629388122391,30.237809564078));
#1614 = CARTESIAN_POINT('',(4.657062392496,30.234886782804));
#1615 = CARTESIAN_POINT('',(4.684725728499,30.233425300196));
#1616 = CARTESIAN_POINT('',(4.739967135344,30.233425300196));
#1617 = CARTESIAN_POINT('',(4.767545374648,30.234877804396));
#1618 = CARTESIAN_POINT('',(4.795134448525,30.237782632133));
#1619 = CARTESIAN_POINT('',(4.822745535921,30.24212854564));
#1620 = CARTESIAN_POINT('',(4.850390244496,30.247893250047));
#1621 = CARTESIAN_POINT('',(4.970516148143,30.278911887516));
#1622 = CARTESIAN_POINT('',(5.063250933227,30.318165724171));
#1623 = CARTESIAN_POINT('',(5.156996914178,30.37150911562));
#1624 = CARTESIAN_POINT('',(5.25242917182,30.43662500315));
#1625 = CARTESIAN_POINT('',(5.35025419461,30.510060918598));
#1626 = CARTESIAN_POINT('',(5.476112135446,30.605728400026));
#1627 = CARTESIAN_POINT('',(5.50108753963,30.624768041715));
#1628 = CARTESIAN_POINT('',(5.52628630709,30.643951209096));
#1629 = CARTESIAN_POINT('',(5.551724706964,30.663201941448));
#1630 = CARTESIAN_POINT('',(5.577419175549,30.682437604977));
#1631 = CARTESIAN_POINT('',(5.63694886532,30.726296096766));
#1632 = CARTESIAN_POINT('',(5.670975556594,30.750855057493));
#1633 = CARTESIAN_POINT('',(5.705492043459,30.775044168432));
#1634 = CARTESIAN_POINT('',(5.740524291287,30.79864168545));
#1635 = CARTESIAN_POINT('',(5.776100767409,30.821408281989));
#1636 = CARTESIAN_POINT('',(5.885304965005,30.886897586772));
#1637 = CARTESIAN_POINT('',(5.961476938223,30.926733136689));
#1638 = CARTESIAN_POINT('',(6.039887680938,30.959576886658));
#1639 = CARTESIAN_POINT('',(6.119945645042,30.982706962215));
#1640 = CARTESIAN_POINT('',(6.201187255162,30.994475138122));
#1641 = CARTESIAN_POINT('',(6.28318530718,30.994475138122));
#1642 = ( GEOMETRIC_REPRESENTATION_CONTEXT(2) 
PARAMETRIC_REPRESENTATION_CONTEXT() REPRESENTATION_CONTEXT('2D SPACE',''
  ) );
#1643 = PCURVE('',#881,#1644);
#1644 = DEFINITIONAL_REPRESENTATION('',(#1645),#1753);
#1645 = B_SPLINE_CURVE_WITH_KNOTS('',6,(#1646,#1647,#1648,#1649,#1650,
    #1651,#1652,#1653,#1654,#1655,#1656,#1657,#1658,#1659,#1660,#1661,
    #1662,#1663,#1664,#1665,#1666,#1667,#1668,#1669,#1670,#1671,#1672,
    #1673,#1674,#1675,#1676,#1677,#1678,#1679,#1680,#1681,#1682,#1683,
    #1684,#1685,#1686,#1687,#1688,#1689,#1690,#1691,#1692,#1693,#1694,
    #1695,#1696,#1697,#1698,#1699,#1700,#1701,#1702,#1703,#1704,#1705,
    #1706,#1707,#1708,#1709,#1710,#1711,#1712,#1713,#1714,#1715,#1716,
    #1717,#1718,#1719,#1720,#1721,#1722,#1723,#1724,#1725,#1726,#1727,
    #1728,#1729,#1730,#1731,#1732,#1733,#1734,#1735,#1736,#1737,#1738,
    #1739,#1740,#1741,#1742,#1743,#1744,#1745,#1746,#1747,#1748,#1749,
    #1750,#1751,#1752),.UNSPECIFIED.,.T.,.F.,(7,5,5,5,5,5,5,5,5,5,5,5,5,
    5,5,5,5,5,5,5,5,7),(0.,3.965076523254E-02,9.564766097836E-02,
    0.120487354159,0.219935697937,0.249955115049,0.279882187264,
    0.379784261253,0.404261398338,0.435898116475,0.472330070201,
    0.526965359776,0.564747581025,0.595800695123,0.620641960973,
    0.7200966011,0.750117918824,0.780046885805,0.879955284869,
    0.904433971669,0.936072692813,1.),.UNSPECIFIED.);
#1646 = CARTESIAN_POINT('',(3.14159265359,13.591160220994));
#1647 = CARTESIAN_POINT('',(3.121337739203,13.591160220994));
#1648 = CARTESIAN_POINT('',(3.101118684875,13.579940337446));
#1649 = CARTESIAN_POINT('',(3.081092244947,13.557575223667));
#1650 = CARTESIAN_POINT('',(3.061413634644,13.524513743727));
#1651 = CARTESIAN_POINT('',(3.042235376308,13.481574147514));
#1652 = CARTESIAN_POINT('',(2.997532163212,13.357076179819));
#1653 = CARTESIAN_POINT('',(2.972660451582,13.266923609931));
#1654 = CARTESIAN_POINT('',(2.949164304429,13.161999205438));
#1655 = CARTESIAN_POINT('',(2.927100537998,13.044577588444));
#1656 = CARTESIAN_POINT('',(2.906509983393,12.916777949349));
#1657 = CARTESIAN_POINT('',(2.878945751854,12.720197658306));
#1658 = CARTESIAN_POINT('',(2.870760175975,12.658072723809));
#1659 = CARTESIAN_POINT('',(2.862857003243,12.594357809476));
#1660 = CARTESIAN_POINT('',(2.855234155724,12.529168909104));
#1661 = CARTESIAN_POINT('',(2.847889512698,12.462608797378));
#1662 = CARTESIAN_POINT('',(2.812521013392,12.123155324805));
#1663 = CARTESIAN_POINT('',(2.788594409982,11.830508017975));
#1664 = CARTESIAN_POINT('',(2.768993612651,11.523010789171));
#1665 = CARTESIAN_POINT('',(2.753696771745,11.204785539269));
#1666 = CARTESIAN_POINT('',(2.742708949813,10.878925536424));
#1667 = CARTESIAN_POINT('',(2.734081761332,10.44812497016));
#1668 = CARTESIAN_POINT('',(2.732480103789,10.347843646399));
#1669 = CARTESIAN_POINT('',(2.731278157861,10.247267488635));
#1670 = CARTESIAN_POINT('',(2.730476605109,10.146494478044));
#1671 = CARTESIAN_POINT('',(2.730075807522,10.045622907427));
#1672 = CARTESIAN_POINT('',(2.730075807522,9.844190153187));
#1673 = CARTESIAN_POINT('',(2.730474142899,9.743628875832));
#1674 = CARTESIAN_POINT('',(2.731270771992,9.643165251153));
#1675 = CARTESIAN_POINT('',(2.732465337177,9.542896670857));
#1676 = CARTESIAN_POINT('',(2.734057164864,9.442920216363));
#1677 = CARTESIAN_POINT('',(2.742681911264,9.010891066356));
#1678 = CARTESIAN_POINT('',(2.753719464199,8.683541763778));
#1679 = CARTESIAN_POINT('',(2.769104965315,8.363897891684));
#1680 = CARTESIAN_POINT('',(2.788833564773,8.055092273044));
#1681 = CARTESIAN_POINT('',(2.812927932222,7.761307197387));
#1682 = CARTESIAN_POINT('',(2.848421774537,7.422078998013));
#1683 = CARTESIAN_POINT('',(2.855674908018,7.356570361657));
#1684 = CARTESIAN_POINT('',(2.863198260379,7.292397474747));
#1685 = CARTESIAN_POINT('',(2.870993862589,7.229659005572));
#1686 = CARTESIAN_POINT('',(2.879063700397,7.168466128148));
#1687 = CARTESIAN_POINT('',(2.89819694362,7.032008216674));
#1688 = CARTESIAN_POINT('',(2.90944825601,6.957843117286));
#1689 = CARTESIAN_POINT('',(2.921164648965,6.886743744959));
#1690 = CARTESIAN_POINT('',(2.933345736879,6.819037068976));
#1691 = CARTESIAN_POINT('',(2.945989989864,6.755081390846));
#1692 = CARTESIAN_POINT('',(2.974186301567,6.626386922731));
#1693 = CARTESIAN_POINT('',(2.989907298369,6.562913895672));
#1694 = CARTESIAN_POINT('',(3.006213514148,6.50566838998));
#1695 = CARTESIAN_POINT('',(3.023056287862,6.455394429715));
#1696 = CARTESIAN_POINT('',(3.040382916358,6.41276751076));
#1697 = CARTESIAN_POINT('',(3.084761526553,6.326866386774));
#1698 = CARTESIAN_POINT('',(3.112340032626,6.293924051727));
#1699 = CARTESIAN_POINT('',(3.140408058311,6.282153449505));
#1700 = CARTESIAN_POINT('',(3.168489257421,6.292398912316));
#1701 = CARTESIAN_POINT('',(3.196107170521,6.323885044438));
#1702 = CARTESIAN_POINT('',(3.24125359427,6.40883330191));
#1703 = CARTESIAN_POINT('',(3.259257277966,6.452503634959));
#1704 = CARTESIAN_POINT('',(3.276744111662,6.504436299056));
#1705 = CARTESIAN_POINT('',(3.293654842544,6.563880693414));
#1706 = CARTESIAN_POINT('',(3.309934893639,6.630005748203));
#1707 = CARTESIAN_POINT('',(3.338355897854,6.760972741593));
#1708 = CARTESIAN_POINT('',(3.350732947518,6.824015962819));
#1709 = CARTESIAN_POINT('',(3.362663587957,6.890652979938));
#1710 = CARTESIAN_POINT('',(3.374146522222,6.960546487881));
#1711 = CARTESIAN_POINT('',(3.385181501142,7.033388460386));
#1712 = CARTESIAN_POINT('',(3.404239555326,7.169305104125));
#1713 = CARTESIAN_POINT('',(3.412425131205,7.231430038622));
#1714 = CARTESIAN_POINT('',(3.420328303937,7.295144952955));
#1715 = CARTESIAN_POINT('',(3.427951151456,7.360333853327));
#1716 = CARTESIAN_POINT('',(3.435295794481,7.426893965053));
#1717 = CARTESIAN_POINT('',(3.470664293787,7.766347437626));
#1718 = CARTESIAN_POINT('',(3.494590897197,8.058994744456));
#1719 = CARTESIAN_POINT('',(3.514191694528,8.366491973259));
#1720 = CARTESIAN_POINT('',(3.529488535435,8.684717223163));
#1721 = CARTESIAN_POINT('',(3.540476357366,9.010577226007));
#1722 = CARTESIAN_POINT('',(3.549103545847,9.441377792271));
#1723 = CARTESIAN_POINT('',(3.55070520339,9.541659116032));
#1724 = CARTESIAN_POINT('',(3.551907149318,9.642235273796));
#1725 = CARTESIAN_POINT('',(3.552708702071,9.743008284387));
#1726 = CARTESIAN_POINT('',(3.553109499657,9.843879855004));
#1727 = CARTESIAN_POINT('',(3.553109499657,10.045312609244));
#1728 = CARTESIAN_POINT('',(3.552711164281,10.145873886599));
#1729 = CARTESIAN_POINT('',(3.551914535188,10.246337511278));
#1730 = CARTESIAN_POINT('',(3.550719970003,10.346606091574));
#1731 = CARTESIAN_POINT('',(3.549128142315,10.446582546068));
#1732 = CARTESIAN_POINT('',(3.540503395916,10.878611696074));
#1733 = CARTESIAN_POINT('',(3.529465842981,11.205960998654));
#1734 = CARTESIAN_POINT('',(3.514080341865,11.525604870747));
#1735 = CARTESIAN_POINT('',(3.494351742406,11.834410489386));
#1736 = CARTESIAN_POINT('',(3.470257374958,12.128195565045));
#1737 = CARTESIAN_POINT('',(3.434763532642,12.467423764417));
#1738 = CARTESIAN_POINT('',(3.427510399162,12.532932400774));
#1739 = CARTESIAN_POINT('',(3.419987046801,12.597105287684));
#1740 = CARTESIAN_POINT('',(3.41219144459,12.659843756859));
#1741 = CARTESIAN_POINT('',(3.404121606783,12.721036634283));
#1742 = CARTESIAN_POINT('',(3.384988363559,12.857494545757));
#1743 = CARTESIAN_POINT('',(3.37373705117,12.931659645145));
#1744 = CARTESIAN_POINT('',(3.362020658215,13.002759017472));
#1745 = CARTESIAN_POINT('',(3.3498395703,13.070465693455));
#1746 = CARTESIAN_POINT('',(3.337195317315,13.134421371584));
#1747 = CARTESIAN_POINT('',(3.297611190626,13.315092453104));
#1748 = CARTESIAN_POINT('',(3.268973958591,13.420305896771));
#1749 = CARTESIAN_POINT('',(3.238577912142,13.503916535121));
#1750 = CARTESIAN_POINT('',(3.206888600115,13.561739222851));
#1751 = CARTESIAN_POINT('',(3.174391874397,13.591160220994));
#1752 = CARTESIAN_POINT('',(3.14159265359,13.591160220994));
#1753 = ( GEOMETRIC_REPRESENTATION_CONTEXT(2) 
PARAMETRIC_REPRESENTATION_CONTEXT() REPRESENTATION_CONTEXT('2D SPACE',''
  ) );
#1754 = ORIENTED_EDGE('',*,*,#1399,.T.);
#1755 = ADVANCED_FACE('',(#1756,#1806),#881,.F.);
#1756 = FACE_BOUND('',#1757,.F.);
#1757 = EDGE_LOOP('',(#1758,#1779,#1780,#1781,#1782,#1803,#1804,#1805));
#1758 = ORIENTED_EDGE('',*,*,#1759,.T.);
#1759 = EDGE_CURVE('',#766,#1171,#1760,.T.);
#1760 = SEAM_CURVE('',#1761,(#1765,#1772),.PCURVE_S1.);
#1761 = LINE('',#1762,#1763);
#1762 = CARTESIAN_POINT('',(-9.944751381215,-2.232781457009E-15,
    -9.116022099448));
#1763 = VECTOR('',#1764,1.);
#1764 = DIRECTION('',(1.,0.,2.22044604925E-16));
#1765 = PCURVE('',#881,#1766);
#1766 = DEFINITIONAL_REPRESENTATION('',(#1767),#1771);
#1767 = LINE('',#1768,#1769);
#1768 = CARTESIAN_POINT('',(6.28318530718,-0.));
#1769 = VECTOR('',#1770,1.);
#1770 = DIRECTION('',(0.,1.));
#1771 = ( GEOMETRIC_REPRESENTATION_CONTEXT(2) 
PARAMETRIC_REPRESENTATION_CONTEXT() REPRESENTATION_CONTEXT('2D SPACE',''
  ) );
#1772 = PCURVE('',#881,#1773);
#1773 = DEFINITIONAL_REPRESENTATION('',(#1774),#1778);
#1774 = LINE('',#1775,#1776);
#1775 = CARTESIAN_POINT('',(0.,-0.));
#1776 = VECTOR('',#1777,1.);
#1777 = DIRECTION('',(0.,1.));
#1778 = ( GEOMETRIC_REPRESENTATION_CONTEXT(2) 
PARAMETRIC_REPRESENTATION_CONTEXT() REPRESENTATION_CONTEXT('2D SPACE',''
  ) );
#1779 = ORIENTED_EDGE('',*,*,#1170,.F.);
#1780 = ORIENTED_EDGE('',*,*,#1759,.F.);
#1781 = ORIENTED_EDGE('',*,*,#765,.T.);
#1782 = ORIENTED_EDGE('',*,*,#1783,.F.);
#1783 = EDGE_CURVE('',#1141,#768,#1784,.T.);
#1784 = SEAM_CURVE('',#1785,(#1789,#1796),.PCURVE_S1.);
#1785 = LINE('',#1786,#1787);
#1786 = CARTESIAN_POINT('',(-9.944751381215,-2.232781457009E-15,
    -9.116022099448));
#1787 = VECTOR('',#1788,1.);
#1788 = DIRECTION('',(1.,0.,2.22044604925E-16));
#1789 = PCURVE('',#881,#1790);
#1790 = DEFINITIONAL_REPRESENTATION('',(#1791),#1795);
#1791 = LINE('',#1792,#1793);
#1792 = CARTESIAN_POINT('',(6.28318530718,-0.));
#1793 = VECTOR('',#1794,1.);
#1794 = DIRECTION('',(0.,1.));
#1795 = ( GEOMETRIC_REPRESENTATION_CONTEXT(2) 
PARAMETRIC_REPRESENTATION_CONTEXT() REPRESENTATION_CONTEXT('2D SPACE',''
  ) );
#1796 = PCURVE('',#881,#1797);
#1797 = DEFINITIONAL_REPRESENTATION('',(#1798),#1802);
#1798 = LINE('',#1799,#1800);
#1799 = CARTESIAN_POINT('',(0.,-0.));
#1800 = VECTOR('',#1801,1.);
#1801 = DIRECTION('',(0.,1.));
#1802 = ( GEOMETRIC_REPRESENTATION_CONTEXT(2) 
PARAMETRIC_REPRESENTATION_CONTEXT() REPRESENTATION_CONTEXT('2D SPACE',''
  ) );
#1803 = ORIENTED_EDGE('',*,*,#1140,.T.);
#1804 = ORIENTED_EDGE('',*,*,#1783,.T.);
#1805 = ORIENTED_EDGE('',*,*,#966,.T.);
#1806 = FACE_BOUND('',#1807,.F.);
#1807 = EDGE_LOOP('',(#1808));
#1808 = ORIENTED_EDGE('',*,*,#1422,.F.);
#1809 = ADVANCED_FACE('',(#1810),#1258,.T.);
#1810 = FACE_BOUND('',#1811,.T.);
#1811 = EDGE_LOOP('',(#1812,#1813,#1814,#1815));
#1812 = ORIENTED_EDGE('',*,*,#1374,.F.);
#1813 = ORIENTED_EDGE('',*,*,#1244,.T.);
#1814 = ORIENTED_EDGE('',*,*,#1298,.T.);
#1815 = ORIENTED_EDGE('',*,*,#1347,.F.);
#1816 = ( GEOMETRIC_REPRESENTATION_CONTEXT(3) 
GLOBAL_UNCERTAINTY_ASSIGNED_CONTEXT((#1820)) 
GLOBAL_UNIT_ASSIGNED_CONTEXT((#1817,#1818,#1819)) REPRESENTATION_CONTEXT
('Context #1','3D Context with UNIT and UNCERTAINTY') );
#1817 = ( LENGTH_UNIT() NAMED_UNIT(*) SI_UNIT(.MILLI.,.METRE.) );
#1818 = ( NAMED_UNIT(*) PLANE_ANGLE_UNIT() SI_UNIT($,.RADIAN.) );
#1819 = ( NAMED_UNIT(*) SI_UNIT($,.STERADIAN.) SOLID_ANGLE_UNIT() );
#1820 = UNCERTAINTY_MEASURE_WITH_UNIT(LENGTH_MEASURE(2.E-07),#1817,
  'distance_accuracy_value','confusion accuracy');
#1821 = CONTEXT_DEPENDENT_SHAPE_REPRESENTATION(#1822,#1824);
#1822 = ( REPRESENTATION_RELATIONSHIP('','',#32,#10) 
REPRESENTATION_RELATIONSHIP_WITH_TRANSFORMATION(#1823) 
SHAPE_REPRESENTATION_RELATIONSHIP() );
#1823 = ITEM_DEFINED_TRANSFORMATION('','',#11,#15);
#1824 = PRODUCT_DEFINITION_SHAPE('Placement','Placement of an item',
  #1825);
#1825 = NEXT_ASSEMBLY_USAGE_OCCURRENCE('22','=>[0:1:1:2]','',#5,#27,$);
#1826 = PRODUCT_RELATED_PRODUCT_CATEGORY('part',$,(#29));
ENDSEC;
END-ISO-10303-21;
