ISO-10303-21;
HEADER;
FILE_DESCRIPTION(('Open CASCADE Model'),'2;1');
FILE_NAME('Open CASCADE Shape Model','2026-07-26T12:10:36',('Author'),(
    'Open CASCADE'),'Open CASCADE STEP processor 7.9','build123d',
  'Unknown');
FILE_SCHEMA(('AUTOMOTIVE_DESIGN { 1 0 10303 214 1 1 1 1 }'));
ENDSEC;
DATA;
#1 = APPLICATION_PROTOCOL_DEFINITION('international standard',
  'automotive_design',2000,#2);
#2 = APPLICATION_CONTEXT(
  'core data for automotive mechanical design processes');
#3 = SHAPE_DEFINITION_REPRESENTATION(#4,#10);
#4 = PRODUCT_DEFINITION_SHAPE('','',#5);
#5 = PRODUCT_DEFINITION('design','',#6,#9);
#6 = PRODUCT_DEFINITION_FORMATION('','',#7);
#7 = PRODUCT('COMPOUND','COMPOUND','',(#8));
#8 = PRODUCT_CONTEXT('',#2,'mechanical');
#9 = PRODUCT_DEFINITION_CONTEXT('part definition',#2,'design');
#10 = SHAPE_REPRESENTATION('',(#11,#15,#1936),#2584);
#11 = AXIS2_PLACEMENT_3D('',#12,#13,#14);
#12 = CARTESIAN_POINT('',(0.,0.,0.));
#13 = DIRECTION('',(0.,0.,1.));
#14 = DIRECTION('',(1.,0.,-0.));
#15 = MANIFOLD_SOLID_BREP('',#16);
#16 = CLOSED_SHELL('',(#17,#456,#532,#814,#844,#870,#946,#1074,#1078,
    #1086,#1113,#1140,#1147,#1173,#1427,#1713,#1717,#1793,#1899,#1903,
    #1929));
#17 = ADVANCED_FACE('',(#18,#342),#32,.T.);
#18 = FACE_BOUND('',#19,.T.);
#19 = EDGE_LOOP('',(#20,#55,#82,#105,#134,#161,#194,#221,#248,#270,#298,
    #320));
#20 = ORIENTED_EDGE('',*,*,#21,.T.);
#21 = EDGE_CURVE('',#22,#24,#26,.T.);
#22 = VERTEX_POINT('',#23);
#23 = CARTESIAN_POINT('',(-3.,-2.645751311065,3.));
#24 = VERTEX_POINT('',#25);
#25 = CARTESIAN_POINT('',(-40.,-2.645751311065,3.));
#26 = SURFACE_CURVE('',#27,(#31,#43),.PCURVE_S1.);
#27 = LINE('',#28,#29);
#28 = CARTESIAN_POINT('',(-3.,-2.645751311065,3.));
#29 = VECTOR('',#30,1.);
#30 = DIRECTION('',(-1.,-1.200241107703E-17,-2.160433993865E-16));
#31 = PCURVE('',#32,#37);
#32 = PLANE('',#33);
#33 = AXIS2_PLACEMENT_3D('',#34,#35,#36);
#34 = CARTESIAN_POINT('',(-20.,-5.,3.));
#35 = DIRECTION('',(0.,0.,1.));
#36 = DIRECTION('',(1.,0.,-0.));
#37 = DEFINITIONAL_REPRESENTATION('',(#38),#42);
#38 = LINE('',#39,#40);
#39 = CARTESIAN_POINT('',(17.,2.354248688935));
#40 = VECTOR('',#41,1.);
#41 = DIRECTION('',(-1.,-1.200241107703E-17));
#42 = ( GEOMETRIC_REPRESENTATION_CONTEXT(2) 
PARAMETRIC_REPRESENTATION_CONTEXT() REPRESENTATION_CONTEXT('2D SPACE',''
  ) );
#43 = PCURVE('',#44,#49);
#44 = CYLINDRICAL_SURFACE('',#45,4.);
#45 = AXIS2_PLACEMENT_3D('',#46,#47,#48);
#46 = CARTESIAN_POINT('',(-40.,0.,-8.881784197001E-15));
#47 = DIRECTION('',(1.,0.,2.22044604925E-16));
#48 = DIRECTION('',(2.22044604925E-16,0.,-1.));
#49 = DEFINITIONAL_REPRESENTATION('',(#50),#54);
#50 = LINE('',#51,#52);
#51 = CARTESIAN_POINT('',(3.864326901403,37.));
#52 = VECTOR('',#53,1.);
#53 = DIRECTION('',(-0.,-1.));
#54 = ( GEOMETRIC_REPRESENTATION_CONTEXT(2) 
PARAMETRIC_REPRESENTATION_CONTEXT() REPRESENTATION_CONTEXT('2D SPACE',''
  ) );
#55 = ORIENTED_EDGE('',*,*,#56,.F.);
#56 = EDGE_CURVE('',#57,#24,#59,.T.);
#57 = VERTEX_POINT('',#58);
#58 = CARTESIAN_POINT('',(-40.,2.645751311065,3.));
#59 = SURFACE_CURVE('',#60,(#64,#71),.PCURVE_S1.);
#60 = LINE('',#61,#62);
#61 = CARTESIAN_POINT('',(-40.,-21.,3.));
#62 = VECTOR('',#63,1.);
#63 = DIRECTION('',(0.,-1.,0.));
#64 = PCURVE('',#32,#65);
#65 = DEFINITIONAL_REPRESENTATION('',(#66),#70);
#66 = LINE('',#67,#68);
#67 = CARTESIAN_POINT('',(-20.,-16.));
#68 = VECTOR('',#69,1.);
#69 = DIRECTION('',(0.,-1.));
#70 = ( GEOMETRIC_REPRESENTATION_CONTEXT(2) 
PARAMETRIC_REPRESENTATION_CONTEXT() REPRESENTATION_CONTEXT('2D SPACE',''
  ) );
#71 = PCURVE('',#72,#77);
#72 = PLANE('',#73);
#73 = AXIS2_PLACEMENT_3D('',#74,#75,#76);
#74 = CARTESIAN_POINT('',(-40.,0.,-8.881784197001E-15));
#75 = DIRECTION('',(1.,0.,2.22044604925E-16));
#76 = DIRECTION('',(2.22044604925E-16,0.,-1.));
#77 = DEFINITIONAL_REPRESENTATION('',(#78),#81);
#78 = B_SPLINE_CURVE_WITH_KNOTS('',1,(#79,#80),.UNSPECIFIED.,.F.,.F.,(2,
    2),(-25.,-17.),.PIECEWISE_BEZIER_KNOTS.);
#79 = CARTESIAN_POINT('',(-3.,4.));
#80 = CARTESIAN_POINT('',(-3.,-4.));
#81 = ( GEOMETRIC_REPRESENTATION_CONTEXT(2) 
PARAMETRIC_REPRESENTATION_CONTEXT() REPRESENTATION_CONTEXT('2D SPACE',''
  ) );
#82 = ORIENTED_EDGE('',*,*,#83,.T.);
#83 = EDGE_CURVE('',#57,#84,#86,.T.);
#84 = VERTEX_POINT('',#85);
#85 = CARTESIAN_POINT('',(-3.,2.645751311065,3.));
#86 = SURFACE_CURVE('',#87,(#91,#98),.PCURVE_S1.);
#87 = LINE('',#88,#89);
#88 = CARTESIAN_POINT('',(-40.,2.645751311065,3.));
#89 = VECTOR('',#90,1.);
#90 = DIRECTION('',(1.,-2.400482215406E-17,2.400482215406E-16));
#91 = PCURVE('',#32,#92);
#92 = DEFINITIONAL_REPRESENTATION('',(#93),#97);
#93 = LINE('',#94,#95);
#94 = CARTESIAN_POINT('',(-20.,7.645751311065));
#95 = VECTOR('',#96,1.);
#96 = DIRECTION('',(1.,-2.400482215406E-17));
#97 = ( GEOMETRIC_REPRESENTATION_CONTEXT(2) 
PARAMETRIC_REPRESENTATION_CONTEXT() REPRESENTATION_CONTEXT('2D SPACE',''
  ) );
#98 = PCURVE('',#44,#99);
#99 = DEFINITIONAL_REPRESENTATION('',(#100),#104);
#100 = LINE('',#101,#102);
#101 = CARTESIAN_POINT('',(2.418858405776,6.661338147751E-16));
#102 = VECTOR('',#103,1.);
#103 = DIRECTION('',(0.,1.));
#104 = ( GEOMETRIC_REPRESENTATION_CONTEXT(2) 
PARAMETRIC_REPRESENTATION_CONTEXT() REPRESENTATION_CONTEXT('2D SPACE',''
  ) );
#105 = ORIENTED_EDGE('',*,*,#106,.F.);
#106 = EDGE_CURVE('',#107,#84,#109,.T.);
#107 = VERTEX_POINT('',#108);
#108 = CARTESIAN_POINT('',(3.,2.645751311065,3.));
#109 = SURFACE_CURVE('',#110,(#115,#122),.PCURVE_S1.);
#110 = CIRCLE('',#111,4.);
#111 = AXIS2_PLACEMENT_3D('',#112,#113,#114);
#112 = CARTESIAN_POINT('',(0.,0.,3.));
#113 = DIRECTION('',(0.,0.,1.));
#114 = DIRECTION('',(1.,0.,-0.));
#115 = PCURVE('',#32,#116);
#116 = DEFINITIONAL_REPRESENTATION('',(#117),#121);
#117 = CIRCLE('',#118,4.);
#118 = AXIS2_PLACEMENT_2D('',#119,#120);
#119 = CARTESIAN_POINT('',(20.,5.));
#120 = DIRECTION('',(1.,0.));
#121 = ( GEOMETRIC_REPRESENTATION_CONTEXT(2) 
PARAMETRIC_REPRESENTATION_CONTEXT() REPRESENTATION_CONTEXT('2D SPACE',''
  ) );
#122 = PCURVE('',#123,#128);
#123 = CYLINDRICAL_SURFACE('',#124,4.);
#124 = AXIS2_PLACEMENT_3D('',#125,#126,#127);
#125 = CARTESIAN_POINT('',(0.,0.,-55.));
#126 = DIRECTION('',(0.,0.,1.));
#127 = DIRECTION('',(1.,0.,-0.));
#128 = DEFINITIONAL_REPRESENTATION('',(#129),#133);
#129 = LINE('',#130,#131);
#130 = CARTESIAN_POINT('',(0.,58.));
#131 = VECTOR('',#132,1.);
#132 = DIRECTION('',(1.,0.));
#133 = ( GEOMETRIC_REPRESENTATION_CONTEXT(2) 
PARAMETRIC_REPRESENTATION_CONTEXT() REPRESENTATION_CONTEXT('2D SPACE',''
  ) );
#134 = ORIENTED_EDGE('',*,*,#135,.T.);
#135 = EDGE_CURVE('',#107,#136,#138,.T.);
#136 = VERTEX_POINT('',#137);
#137 = CARTESIAN_POINT('',(14.614835192865,2.645751311065,3.));
#138 = SURFACE_CURVE('',#139,(#143,#150),.PCURVE_S1.);
#139 = LINE('',#140,#141);
#140 = CARTESIAN_POINT('',(-40.,2.645751311065,3.));
#141 = VECTOR('',#142,1.);
#142 = DIRECTION('',(1.,0.,2.22044604925E-16));
#143 = PCURVE('',#32,#144);
#144 = DEFINITIONAL_REPRESENTATION('',(#145),#149);
#145 = LINE('',#146,#147);
#146 = CARTESIAN_POINT('',(-20.,7.645751311065));
#147 = VECTOR('',#148,1.);
#148 = DIRECTION('',(1.,0.));
#149 = ( GEOMETRIC_REPRESENTATION_CONTEXT(2) 
PARAMETRIC_REPRESENTATION_CONTEXT() REPRESENTATION_CONTEXT('2D SPACE',''
  ) );
#150 = PCURVE('',#151,#156);
#151 = CYLINDRICAL_SURFACE('',#152,4.);
#152 = AXIS2_PLACEMENT_3D('',#153,#154,#155);
#153 = CARTESIAN_POINT('',(-40.,0.,-8.881784197001E-15));
#154 = DIRECTION('',(1.,0.,2.22044604925E-16));
#155 = DIRECTION('',(2.22044604925E-16,0.,-1.));
#156 = DEFINITIONAL_REPRESENTATION('',(#157),#160);
#157 = B_SPLINE_CURVE_WITH_KNOTS('',1,(#158,#159),.UNSPECIFIED.,.F.,.F.,
  (2,2),(16.331662479036,60.351712730609),.PIECEWISE_BEZIER_KNOTS.);
#158 = CARTESIAN_POINT('',(2.418858405776,16.331662479036));
#159 = CARTESIAN_POINT('',(2.418858405776,60.351712730609));
#160 = ( GEOMETRIC_REPRESENTATION_CONTEXT(2) 
PARAMETRIC_REPRESENTATION_CONTEXT() REPRESENTATION_CONTEXT('2D SPACE',''
  ) );
#161 = ORIENTED_EDGE('',*,*,#162,.T.);
#162 = EDGE_CURVE('',#136,#163,#165,.T.);
#163 = VERTEX_POINT('',#164);
#164 = CARTESIAN_POINT('',(25.38516478772,2.645751310898,3.));
#165 = SURFACE_CURVE('',#166,(#171,#182),.PCURVE_S1.);
#166 = CIRCLE('',#167,6.);
#167 = AXIS2_PLACEMENT_3D('',#168,#169,#170);
#168 = CARTESIAN_POINT('',(20.,0.,3.));
#169 = DIRECTION('',(0.,0.,-1.));
#170 = DIRECTION('',(-0.897527467856,0.440958551844,0.));
#171 = PCURVE('',#32,#172);
#172 = DEFINITIONAL_REPRESENTATION('',(#173),#181);
#173 = ( BOUNDED_CURVE() B_SPLINE_CURVE(2,(#174,#175,#176,#177,#178,#179
,#180),.UNSPECIFIED.,.T.,.F.) B_SPLINE_CURVE_WITH_KNOTS((1,2,2,2,2,1),(
    -2.094395102393,0.,2.094395102393,4.188790204786,6.28318530718,
8.377580409573),.UNSPECIFIED.) CURVE() GEOMETRIC_REPRESENTATION_ITEM() 
RATIONAL_B_SPLINE_CURVE((1.,0.5,1.,0.5,1.,0.5,1.)) REPRESENTATION_ITEM(
  '') );
#174 = CARTESIAN_POINT('',(34.614835192865,7.645751311065));
#175 = CARTESIAN_POINT('',(39.197410887821,16.973130364153));
#176 = CARTESIAN_POINT('',(44.983870251045,8.340813871012));
#177 = CARTESIAN_POINT('',(50.770329614269,-0.291502622129));
#178 = CARTESIAN_POINT('',(40.401294556089,-0.986565182077));
#179 = CARTESIAN_POINT('',(30.03225949791,-1.681627742024));
#180 = CARTESIAN_POINT('',(34.614835192865,7.645751311065));
#181 = ( GEOMETRIC_REPRESENTATION_CONTEXT(2) 
PARAMETRIC_REPRESENTATION_CONTEXT() REPRESENTATION_CONTEXT('2D SPACE',''
  ) );
#182 = PCURVE('',#183,#188);
#183 = CYLINDRICAL_SURFACE('',#184,6.);
#184 = AXIS2_PLACEMENT_3D('',#185,#186,#187);
#185 = CARTESIAN_POINT('',(20.,0.,0.));
#186 = DIRECTION('',(0.,0.,1.));
#187 = DIRECTION('',(1.,0.,-0.));
#188 = DEFINITIONAL_REPRESENTATION('',(#189),#193);
#189 = LINE('',#190,#191);
#190 = CARTESIAN_POINT('',(2.684926268383,3.));
#191 = VECTOR('',#192,1.);
#192 = DIRECTION('',(-1.,-0.));
#193 = ( GEOMETRIC_REPRESENTATION_CONTEXT(2) 
PARAMETRIC_REPRESENTATION_CONTEXT() REPRESENTATION_CONTEXT('2D SPACE',''
  ) );
#194 = ORIENTED_EDGE('',*,*,#195,.T.);
#195 = EDGE_CURVE('',#163,#196,#198,.T.);
#196 = VERTEX_POINT('',#197);
#197 = CARTESIAN_POINT('',(40.,2.645751311065,3.));
#198 = SURFACE_CURVE('',#199,(#203,#210),.PCURVE_S1.);
#199 = LINE('',#200,#201);
#200 = CARTESIAN_POINT('',(-40.,2.645751311065,3.));
#201 = VECTOR('',#202,1.);
#202 = DIRECTION('',(1.,0.,2.22044604925E-16));
#203 = PCURVE('',#32,#204);
#204 = DEFINITIONAL_REPRESENTATION('',(#205),#209);
#205 = LINE('',#206,#207);
#206 = CARTESIAN_POINT('',(-20.,7.645751311065));
#207 = VECTOR('',#208,1.);
#208 = DIRECTION('',(1.,0.));
#209 = ( GEOMETRIC_REPRESENTATION_CONTEXT(2) 
PARAMETRIC_REPRESENTATION_CONTEXT() REPRESENTATION_CONTEXT('2D SPACE',''
  ) );
#210 = PCURVE('',#211,#216);
#211 = CYLINDRICAL_SURFACE('',#212,4.);
#212 = AXIS2_PLACEMENT_3D('',#213,#214,#215);
#213 = CARTESIAN_POINT('',(-40.,0.,-8.881784197001E-15));
#214 = DIRECTION('',(1.,0.,2.22044604925E-16));
#215 = DIRECTION('',(2.22044604925E-16,0.,-1.));
#216 = DEFINITIONAL_REPRESENTATION('',(#217),#220);
#217 = B_SPLINE_CURVE_WITH_KNOTS('',1,(#218,#219),.UNSPECIFIED.,.F.,.F.,
  (2,2),(42.999997593319,80.0000024),.PIECEWISE_BEZIER_KNOTS.);
#218 = CARTESIAN_POINT('',(2.418858405776,42.999997593319));
#219 = CARTESIAN_POINT('',(2.418858405776,80.0000024));
#220 = ( GEOMETRIC_REPRESENTATION_CONTEXT(2) 
PARAMETRIC_REPRESENTATION_CONTEXT() REPRESENTATION_CONTEXT('2D SPACE',''
  ) );
#221 = ORIENTED_EDGE('',*,*,#222,.T.);
#222 = EDGE_CURVE('',#196,#223,#225,.T.);
#223 = VERTEX_POINT('',#224);
#224 = CARTESIAN_POINT('',(40.,-2.645751311065,3.));
#225 = SURFACE_CURVE('',#226,(#230,#237),.PCURVE_S1.);
#226 = LINE('',#227,#228);
#227 = CARTESIAN_POINT('',(40.,-21.,3.));
#228 = VECTOR('',#229,1.);
#229 = DIRECTION('',(0.,-1.,0.));
#230 = PCURVE('',#32,#231);
#231 = DEFINITIONAL_REPRESENTATION('',(#232),#236);
#232 = LINE('',#233,#234);
#233 = CARTESIAN_POINT('',(60.,-16.));
#234 = VECTOR('',#235,1.);
#235 = DIRECTION('',(0.,-1.));
#236 = ( GEOMETRIC_REPRESENTATION_CONTEXT(2) 
PARAMETRIC_REPRESENTATION_CONTEXT() REPRESENTATION_CONTEXT('2D SPACE',''
  ) );
#237 = PCURVE('',#238,#243);
#238 = PLANE('',#239);
#239 = AXIS2_PLACEMENT_3D('',#240,#241,#242);
#240 = CARTESIAN_POINT('',(40.,0.,8.881784197001E-15));
#241 = DIRECTION('',(1.,0.,2.22044604925E-16));
#242 = DIRECTION('',(2.22044604925E-16,0.,-1.));
#243 = DEFINITIONAL_REPRESENTATION('',(#244),#247);
#244 = B_SPLINE_CURVE_WITH_KNOTS('',1,(#245,#246),.UNSPECIFIED.,.F.,.F.,
  (2,2),(-25.,-17.),.PIECEWISE_BEZIER_KNOTS.);
#245 = CARTESIAN_POINT('',(-3.,4.));
#246 = CARTESIAN_POINT('',(-3.,-4.));
#247 = ( GEOMETRIC_REPRESENTATION_CONTEXT(2) 
PARAMETRIC_REPRESENTATION_CONTEXT() REPRESENTATION_CONTEXT('2D SPACE',''
  ) );
#248 = ORIENTED_EDGE('',*,*,#249,.F.);
#249 = EDGE_CURVE('',#250,#223,#252,.T.);
#250 = VERTEX_POINT('',#251);
#251 = CARTESIAN_POINT('',(25.385164787938,-2.645751310007,3.));
#252 = SURFACE_CURVE('',#253,(#257,#264),.PCURVE_S1.);
#253 = LINE('',#254,#255);
#254 = CARTESIAN_POINT('',(-40.,-2.645751311065,3.));
#255 = VECTOR('',#256,1.);
#256 = DIRECTION('',(1.,0.,2.22044604925E-16));
#257 = PCURVE('',#32,#258);
#258 = DEFINITIONAL_REPRESENTATION('',(#259),#263);
#259 = LINE('',#260,#261);
#260 = CARTESIAN_POINT('',(-20.,2.354248688935));
#261 = VECTOR('',#262,1.);
#262 = DIRECTION('',(1.,0.));
#263 = ( GEOMETRIC_REPRESENTATION_CONTEXT(2) 
PARAMETRIC_REPRESENTATION_CONTEXT() REPRESENTATION_CONTEXT('2D SPACE',''
  ) );
#264 = PCURVE('',#211,#265);
#265 = DEFINITIONAL_REPRESENTATION('',(#266),#269);
#266 = B_SPLINE_CURVE_WITH_KNOTS('',1,(#267,#268),.UNSPECIFIED.,.F.,.F.,
  (2,2),(42.999997593319,80.0000024),.PIECEWISE_BEZIER_KNOTS.);
#267 = CARTESIAN_POINT('',(3.864326901403,42.999997593319));
#268 = CARTESIAN_POINT('',(3.864326901403,80.0000024));
#269 = ( GEOMETRIC_REPRESENTATION_CONTEXT(2) 
PARAMETRIC_REPRESENTATION_CONTEXT() REPRESENTATION_CONTEXT('2D SPACE',''
  ) );
#270 = ORIENTED_EDGE('',*,*,#271,.T.);
#271 = EDGE_CURVE('',#250,#272,#274,.T.);
#272 = VERTEX_POINT('',#273);
#273 = CARTESIAN_POINT('',(14.614835192865,-2.645751311065,3.));
#274 = SURFACE_CURVE('',#275,(#280,#291),.PCURVE_S1.);
#275 = CIRCLE('',#276,6.);
#276 = AXIS2_PLACEMENT_3D('',#277,#278,#279);
#277 = CARTESIAN_POINT('',(20.,0.,3.));
#278 = DIRECTION('',(0.,-0.,-1.));
#279 = DIRECTION('',(0.897527467303,-0.440958552968,0.));
#280 = PCURVE('',#32,#281);
#281 = DEFINITIONAL_REPRESENTATION('',(#282),#290);
#282 = ( BOUNDED_CURVE() B_SPLINE_CURVE(2,(#283,#284,#285,#286,#287,#288
,#289),.UNSPECIFIED.,.T.,.F.) B_SPLINE_CURVE_WITH_KNOTS((1,2,2,2,2,1),(
    -2.094395102393,0.,2.094395102393,4.188790204786,6.28318530718,
8.377580409573),.UNSPECIFIED.) CURVE() GEOMETRIC_REPRESENTATION_ITEM() 
RATIONAL_B_SPLINE_CURVE((1.,0.5,1.,0.5,1.,0.5,1.)) REPRESENTATION_ITEM(
  '') );
#283 = CARTESIAN_POINT('',(45.385164803821,2.35424868219));
#284 = CARTESIAN_POINT('',(40.802589097182,-6.973130365159));
#285 = CARTESIAN_POINT('',(35.01612974477,1.65918613523));
#286 = CARTESIAN_POINT('',(29.229670392359,10.29150263562));
#287 = CARTESIAN_POINT('',(39.598705451409,10.986565182579));
#288 = CARTESIAN_POINT('',(49.967740510459,11.681627729539));
#289 = CARTESIAN_POINT('',(45.385164803821,2.35424868219));
#290 = ( GEOMETRIC_REPRESENTATION_CONTEXT(2) 
PARAMETRIC_REPRESENTATION_CONTEXT() REPRESENTATION_CONTEXT('2D SPACE',''
  ) );
#291 = PCURVE('',#183,#292);
#292 = DEFINITIONAL_REPRESENTATION('',(#293),#297);
#293 = LINE('',#294,#295);
#294 = CARTESIAN_POINT('',(5.82651892072,3.));
#295 = VECTOR('',#296,1.);
#296 = DIRECTION('',(-1.,-0.));
#297 = ( GEOMETRIC_REPRESENTATION_CONTEXT(2) 
PARAMETRIC_REPRESENTATION_CONTEXT() REPRESENTATION_CONTEXT('2D SPACE',''
  ) );
#298 = ORIENTED_EDGE('',*,*,#299,.F.);
#299 = EDGE_CURVE('',#300,#272,#302,.T.);
#300 = VERTEX_POINT('',#301);
#301 = CARTESIAN_POINT('',(3.,-2.645751311065,3.));
#302 = SURFACE_CURVE('',#303,(#307,#314),.PCURVE_S1.);
#303 = LINE('',#304,#305);
#304 = CARTESIAN_POINT('',(-40.,-2.645751311065,3.));
#305 = VECTOR('',#306,1.);
#306 = DIRECTION('',(1.,0.,2.22044604925E-16));
#307 = PCURVE('',#32,#308);
#308 = DEFINITIONAL_REPRESENTATION('',(#309),#313);
#309 = LINE('',#310,#311);
#310 = CARTESIAN_POINT('',(-20.,2.354248688935));
#311 = VECTOR('',#312,1.);
#312 = DIRECTION('',(1.,0.));
#313 = ( GEOMETRIC_REPRESENTATION_CONTEXT(2) 
PARAMETRIC_REPRESENTATION_CONTEXT() REPRESENTATION_CONTEXT('2D SPACE',''
  ) );
#314 = PCURVE('',#151,#315);
#315 = DEFINITIONAL_REPRESENTATION('',(#316),#319);
#316 = B_SPLINE_CURVE_WITH_KNOTS('',1,(#317,#318),.UNSPECIFIED.,.F.,.F.,
  (2,2),(16.331662479036,60.351712730609),.PIECEWISE_BEZIER_KNOTS.);
#317 = CARTESIAN_POINT('',(3.864326901403,16.331662479036));
#318 = CARTESIAN_POINT('',(3.864326901403,60.351712730609));
#319 = ( GEOMETRIC_REPRESENTATION_CONTEXT(2) 
PARAMETRIC_REPRESENTATION_CONTEXT() REPRESENTATION_CONTEXT('2D SPACE',''
  ) );
#320 = ORIENTED_EDGE('',*,*,#321,.F.);
#321 = EDGE_CURVE('',#22,#300,#322,.T.);
#322 = SURFACE_CURVE('',#323,(#328,#335),.PCURVE_S1.);
#323 = CIRCLE('',#324,4.);
#324 = AXIS2_PLACEMENT_3D('',#325,#326,#327);
#325 = CARTESIAN_POINT('',(0.,0.,3.));
#326 = DIRECTION('',(0.,0.,1.));
#327 = DIRECTION('',(1.,0.,-0.));
#328 = PCURVE('',#32,#329);
#329 = DEFINITIONAL_REPRESENTATION('',(#330),#334);
#330 = CIRCLE('',#331,4.);
#331 = AXIS2_PLACEMENT_2D('',#332,#333);
#332 = CARTESIAN_POINT('',(20.,5.));
#333 = DIRECTION('',(1.,0.));
#334 = ( GEOMETRIC_REPRESENTATION_CONTEXT(2) 
PARAMETRIC_REPRESENTATION_CONTEXT() REPRESENTATION_CONTEXT('2D SPACE',''
  ) );
#335 = PCURVE('',#123,#336);
#336 = DEFINITIONAL_REPRESENTATION('',(#337),#341);
#337 = LINE('',#338,#339);
#338 = CARTESIAN_POINT('',(0.,58.));
#339 = VECTOR('',#340,1.);
#340 = DIRECTION('',(1.,0.));
#341 = ( GEOMETRIC_REPRESENTATION_CONTEXT(2) 
PARAMETRIC_REPRESENTATION_CONTEXT() REPRESENTATION_CONTEXT('2D SPACE',''
  ) );
#342 = FACE_BOUND('',#343,.T.);
#343 = EDGE_LOOP('',(#344,#374,#402,#430));
#344 = ORIENTED_EDGE('',*,*,#345,.F.);
#345 = EDGE_CURVE('',#346,#348,#350,.T.);
#346 = VERTEX_POINT('',#347);
#347 = CARTESIAN_POINT('',(-52.,-42.,3.));
#348 = VERTEX_POINT('',#349);
#349 = CARTESIAN_POINT('',(-52.,42.,3.));
#350 = SURFACE_CURVE('',#351,(#355,#362),.PCURVE_S1.);
#351 = LINE('',#352,#353);
#352 = CARTESIAN_POINT('',(-52.,-42.,3.));
#353 = VECTOR('',#354,1.);
#354 = DIRECTION('',(-0.,1.,0.));
#355 = PCURVE('',#32,#356);
#356 = DEFINITIONAL_REPRESENTATION('',(#357),#361);
#357 = LINE('',#358,#359);
#358 = CARTESIAN_POINT('',(-32.,-37.));
#359 = VECTOR('',#360,1.);
#360 = DIRECTION('',(0.,1.));
#361 = ( GEOMETRIC_REPRESENTATION_CONTEXT(2) 
PARAMETRIC_REPRESENTATION_CONTEXT() REPRESENTATION_CONTEXT('2D SPACE',''
  ) );
#362 = PCURVE('',#363,#368);
#363 = PLANE('',#364);
#364 = AXIS2_PLACEMENT_3D('',#365,#366,#367);
#365 = CARTESIAN_POINT('',(-52.,-42.,-3.));
#366 = DIRECTION('',(1.,0.,-0.));
#367 = DIRECTION('',(0.,0.,1.));
#368 = DEFINITIONAL_REPRESENTATION('',(#369),#373);
#369 = LINE('',#370,#371);
#370 = CARTESIAN_POINT('',(6.,0.));
#371 = VECTOR('',#372,1.);
#372 = DIRECTION('',(0.,-1.));
#373 = ( GEOMETRIC_REPRESENTATION_CONTEXT(2) 
PARAMETRIC_REPRESENTATION_CONTEXT() REPRESENTATION_CONTEXT('2D SPACE',''
  ) );
#374 = ORIENTED_EDGE('',*,*,#375,.T.);
#375 = EDGE_CURVE('',#346,#376,#378,.T.);
#376 = VERTEX_POINT('',#377);
#377 = CARTESIAN_POINT('',(52.,-42.,3.));
#378 = SURFACE_CURVE('',#379,(#383,#390),.PCURVE_S1.);
#379 = LINE('',#380,#381);
#380 = CARTESIAN_POINT('',(-52.,-42.,3.));
#381 = VECTOR('',#382,1.);
#382 = DIRECTION('',(1.,0.,-0.));
#383 = PCURVE('',#32,#384);
#384 = DEFINITIONAL_REPRESENTATION('',(#385),#389);
#385 = LINE('',#386,#387);
#386 = CARTESIAN_POINT('',(-32.,-37.));
#387 = VECTOR('',#388,1.);
#388 = DIRECTION('',(1.,0.));
#389 = ( GEOMETRIC_REPRESENTATION_CONTEXT(2) 
PARAMETRIC_REPRESENTATION_CONTEXT() REPRESENTATION_CONTEXT('2D SPACE',''
  ) );
#390 = PCURVE('',#391,#396);
#391 = PLANE('',#392);
#392 = AXIS2_PLACEMENT_3D('',#393,#394,#395);
#393 = CARTESIAN_POINT('',(-52.,-42.,-3.));
#394 = DIRECTION('',(-0.,1.,0.));
#395 = DIRECTION('',(0.,0.,1.));
#396 = DEFINITIONAL_REPRESENTATION('',(#397),#401);
#397 = LINE('',#398,#399);
#398 = CARTESIAN_POINT('',(6.,0.));
#399 = VECTOR('',#400,1.);
#400 = DIRECTION('',(0.,1.));
#401 = ( GEOMETRIC_REPRESENTATION_CONTEXT(2) 
PARAMETRIC_REPRESENTATION_CONTEXT() REPRESENTATION_CONTEXT('2D SPACE',''
  ) );
#402 = ORIENTED_EDGE('',*,*,#403,.T.);
#403 = EDGE_CURVE('',#376,#404,#406,.T.);
#404 = VERTEX_POINT('',#405);
#405 = CARTESIAN_POINT('',(52.,42.,3.));
#406 = SURFACE_CURVE('',#407,(#411,#418),.PCURVE_S1.);
#407 = LINE('',#408,#409);
#408 = CARTESIAN_POINT('',(52.,-42.,3.));
#409 = VECTOR('',#410,1.);
#410 = DIRECTION('',(-0.,1.,0.));
#411 = PCURVE('',#32,#412);
#412 = DEFINITIONAL_REPRESENTATION('',(#413),#417);
#413 = LINE('',#414,#415);
#414 = CARTESIAN_POINT('',(72.,-37.));
#415 = VECTOR('',#416,1.);
#416 = DIRECTION('',(0.,1.));
#417 = ( GEOMETRIC_REPRESENTATION_CONTEXT(2) 
PARAMETRIC_REPRESENTATION_CONTEXT() REPRESENTATION_CONTEXT('2D SPACE',''
  ) );
#418 = PCURVE('',#419,#424);
#419 = PLANE('',#420);
#420 = AXIS2_PLACEMENT_3D('',#421,#422,#423);
#421 = CARTESIAN_POINT('',(52.,-42.,-3.));
#422 = DIRECTION('',(1.,0.,-0.));
#423 = DIRECTION('',(0.,0.,1.));
#424 = DEFINITIONAL_REPRESENTATION('',(#425),#429);
#425 = LINE('',#426,#427);
#426 = CARTESIAN_POINT('',(6.,0.));
#427 = VECTOR('',#428,1.);
#428 = DIRECTION('',(0.,-1.));
#429 = ( GEOMETRIC_REPRESENTATION_CONTEXT(2) 
PARAMETRIC_REPRESENTATION_CONTEXT() REPRESENTATION_CONTEXT('2D SPACE',''
  ) );
#430 = ORIENTED_EDGE('',*,*,#431,.F.);
#431 = EDGE_CURVE('',#348,#404,#432,.T.);
#432 = SURFACE_CURVE('',#433,(#437,#444),.PCURVE_S1.);
#433 = LINE('',#434,#435);
#434 = CARTESIAN_POINT('',(-52.,42.,3.));
#435 = VECTOR('',#436,1.);
#436 = DIRECTION('',(1.,0.,-0.));
#437 = PCURVE('',#32,#438);
#438 = DEFINITIONAL_REPRESENTATION('',(#439),#443);
#439 = LINE('',#440,#441);
#440 = CARTESIAN_POINT('',(-32.,47.));
#441 = VECTOR('',#442,1.);
#442 = DIRECTION('',(1.,0.));
#443 = ( GEOMETRIC_REPRESENTATION_CONTEXT(2) 
PARAMETRIC_REPRESENTATION_CONTEXT() REPRESENTATION_CONTEXT('2D SPACE',''
  ) );
#444 = PCURVE('',#445,#450);
#445 = PLANE('',#446);
#446 = AXIS2_PLACEMENT_3D('',#447,#448,#449);
#447 = CARTESIAN_POINT('',(-52.,42.,-3.));
#448 = DIRECTION('',(-0.,1.,0.));
#449 = DIRECTION('',(0.,0.,1.));
#450 = DEFINITIONAL_REPRESENTATION('',(#451),#455);
#451 = LINE('',#452,#453);
#452 = CARTESIAN_POINT('',(6.,0.));
#453 = VECTOR('',#454,1.);
#454 = DIRECTION('',(0.,1.));
#455 = ( GEOMETRIC_REPRESENTATION_CONTEXT(2) 
PARAMETRIC_REPRESENTATION_CONTEXT() REPRESENTATION_CONTEXT('2D SPACE',''
  ) );
#456 = ADVANCED_FACE('',(#457),#445,.T.);
#457 = FACE_BOUND('',#458,.T.);
#458 = EDGE_LOOP('',(#459,#489,#510,#511));
#459 = ORIENTED_EDGE('',*,*,#460,.F.);
#460 = EDGE_CURVE('',#461,#463,#465,.T.);
#461 = VERTEX_POINT('',#462);
#462 = CARTESIAN_POINT('',(-52.,42.,-3.));
#463 = VERTEX_POINT('',#464);
#464 = CARTESIAN_POINT('',(52.,42.,-3.));
#465 = SURFACE_CURVE('',#466,(#470,#477),.PCURVE_S1.);
#466 = LINE('',#467,#468);
#467 = CARTESIAN_POINT('',(-52.,42.,-3.));
#468 = VECTOR('',#469,1.);
#469 = DIRECTION('',(1.,0.,-0.));
#470 = PCURVE('',#445,#471);
#471 = DEFINITIONAL_REPRESENTATION('',(#472),#476);
#472 = LINE('',#473,#474);
#473 = CARTESIAN_POINT('',(0.,0.));
#474 = VECTOR('',#475,1.);
#475 = DIRECTION('',(0.,1.));
#476 = ( GEOMETRIC_REPRESENTATION_CONTEXT(2) 
PARAMETRIC_REPRESENTATION_CONTEXT() REPRESENTATION_CONTEXT('2D SPACE',''
  ) );
#477 = PCURVE('',#478,#483);
#478 = PLANE('',#479);
#479 = AXIS2_PLACEMENT_3D('',#480,#481,#482);
#480 = CARTESIAN_POINT('',(-52.,-42.,-3.));
#481 = DIRECTION('',(0.,0.,1.));
#482 = DIRECTION('',(1.,0.,-0.));
#483 = DEFINITIONAL_REPRESENTATION('',(#484),#488);
#484 = LINE('',#485,#486);
#485 = CARTESIAN_POINT('',(0.,84.));
#486 = VECTOR('',#487,1.);
#487 = DIRECTION('',(1.,0.));
#488 = ( GEOMETRIC_REPRESENTATION_CONTEXT(2) 
PARAMETRIC_REPRESENTATION_CONTEXT() REPRESENTATION_CONTEXT('2D SPACE',''
  ) );
#489 = ORIENTED_EDGE('',*,*,#490,.T.);
#490 = EDGE_CURVE('',#461,#348,#491,.T.);
#491 = SURFACE_CURVE('',#492,(#496,#503),.PCURVE_S1.);
#492 = LINE('',#493,#494);
#493 = CARTESIAN_POINT('',(-52.,42.,-3.));
#494 = VECTOR('',#495,1.);
#495 = DIRECTION('',(0.,0.,1.));
#496 = PCURVE('',#445,#497);
#497 = DEFINITIONAL_REPRESENTATION('',(#498),#502);
#498 = LINE('',#499,#500);
#499 = CARTESIAN_POINT('',(0.,0.));
#500 = VECTOR('',#501,1.);
#501 = DIRECTION('',(1.,0.));
#502 = ( GEOMETRIC_REPRESENTATION_CONTEXT(2) 
PARAMETRIC_REPRESENTATION_CONTEXT() REPRESENTATION_CONTEXT('2D SPACE',''
  ) );
#503 = PCURVE('',#363,#504);
#504 = DEFINITIONAL_REPRESENTATION('',(#505),#509);
#505 = LINE('',#506,#507);
#506 = CARTESIAN_POINT('',(0.,-84.));
#507 = VECTOR('',#508,1.);
#508 = DIRECTION('',(1.,0.));
#509 = ( GEOMETRIC_REPRESENTATION_CONTEXT(2) 
PARAMETRIC_REPRESENTATION_CONTEXT() REPRESENTATION_CONTEXT('2D SPACE',''
  ) );
#510 = ORIENTED_EDGE('',*,*,#431,.T.);
#511 = ORIENTED_EDGE('',*,*,#512,.F.);
#512 = EDGE_CURVE('',#463,#404,#513,.T.);
#513 = SURFACE_CURVE('',#514,(#518,#525),.PCURVE_S1.);
#514 = LINE('',#515,#516);
#515 = CARTESIAN_POINT('',(52.,42.,-3.));
#516 = VECTOR('',#517,1.);
#517 = DIRECTION('',(0.,0.,1.));
#518 = PCURVE('',#445,#519);
#519 = DEFINITIONAL_REPRESENTATION('',(#520),#524);
#520 = LINE('',#521,#522);
#521 = CARTESIAN_POINT('',(0.,104.));
#522 = VECTOR('',#523,1.);
#523 = DIRECTION('',(1.,0.));
#524 = ( GEOMETRIC_REPRESENTATION_CONTEXT(2) 
PARAMETRIC_REPRESENTATION_CONTEXT() REPRESENTATION_CONTEXT('2D SPACE',''
  ) );
#525 = PCURVE('',#419,#526);
#526 = DEFINITIONAL_REPRESENTATION('',(#527),#531);
#527 = LINE('',#528,#529);
#528 = CARTESIAN_POINT('',(0.,-84.));
#529 = VECTOR('',#530,1.);
#530 = DIRECTION('',(1.,0.));
#531 = ( GEOMETRIC_REPRESENTATION_CONTEXT(2) 
PARAMETRIC_REPRESENTATION_CONTEXT() REPRESENTATION_CONTEXT('2D SPACE',''
  ) );
#532 = ADVANCED_FACE('',(#533,#603),#478,.F.);
#533 = FACE_BOUND('',#534,.F.);
#534 = EDGE_LOOP('',(#535,#558,#581,#602));
#535 = ORIENTED_EDGE('',*,*,#536,.F.);
#536 = EDGE_CURVE('',#537,#461,#539,.T.);
#537 = VERTEX_POINT('',#538);
#538 = CARTESIAN_POINT('',(-52.,-42.,-3.));
#539 = SURFACE_CURVE('',#540,(#544,#551),.PCURVE_S1.);
#540 = LINE('',#541,#542);
#541 = CARTESIAN_POINT('',(-52.,-42.,-3.));
#542 = VECTOR('',#543,1.);
#543 = DIRECTION('',(-0.,1.,0.));
#544 = PCURVE('',#478,#545);
#545 = DEFINITIONAL_REPRESENTATION('',(#546),#550);
#546 = LINE('',#547,#548);
#547 = CARTESIAN_POINT('',(0.,0.));
#548 = VECTOR('',#549,1.);
#549 = DIRECTION('',(0.,1.));
#550 = ( GEOMETRIC_REPRESENTATION_CONTEXT(2) 
PARAMETRIC_REPRESENTATION_CONTEXT() REPRESENTATION_CONTEXT('2D SPACE',''
  ) );
#551 = PCURVE('',#363,#552);
#552 = DEFINITIONAL_REPRESENTATION('',(#553),#557);
#553 = LINE('',#554,#555);
#554 = CARTESIAN_POINT('',(0.,0.));
#555 = VECTOR('',#556,1.);
#556 = DIRECTION('',(0.,-1.));
#557 = ( GEOMETRIC_REPRESENTATION_CONTEXT(2) 
PARAMETRIC_REPRESENTATION_CONTEXT() REPRESENTATION_CONTEXT('2D SPACE',''
  ) );
#558 = ORIENTED_EDGE('',*,*,#559,.T.);
#559 = EDGE_CURVE('',#537,#560,#562,.T.);
#560 = VERTEX_POINT('',#561);
#561 = CARTESIAN_POINT('',(52.,-42.,-3.));
#562 = SURFACE_CURVE('',#563,(#567,#574),.PCURVE_S1.);
#563 = LINE('',#564,#565);
#564 = CARTESIAN_POINT('',(-52.,-42.,-3.));
#565 = VECTOR('',#566,1.);
#566 = DIRECTION('',(1.,0.,-0.));
#567 = PCURVE('',#478,#568);
#568 = DEFINITIONAL_REPRESENTATION('',(#569),#573);
#569 = LINE('',#570,#571);
#570 = CARTESIAN_POINT('',(0.,0.));
#571 = VECTOR('',#572,1.);
#572 = DIRECTION('',(1.,0.));
#573 = ( GEOMETRIC_REPRESENTATION_CONTEXT(2) 
PARAMETRIC_REPRESENTATION_CONTEXT() REPRESENTATION_CONTEXT('2D SPACE',''
  ) );
#574 = PCURVE('',#391,#575);
#575 = DEFINITIONAL_REPRESENTATION('',(#576),#580);
#576 = LINE('',#577,#578);
#577 = CARTESIAN_POINT('',(0.,0.));
#578 = VECTOR('',#579,1.);
#579 = DIRECTION('',(0.,1.));
#580 = ( GEOMETRIC_REPRESENTATION_CONTEXT(2) 
PARAMETRIC_REPRESENTATION_CONTEXT() REPRESENTATION_CONTEXT('2D SPACE',''
  ) );
#581 = ORIENTED_EDGE('',*,*,#582,.T.);
#582 = EDGE_CURVE('',#560,#463,#583,.T.);
#583 = SURFACE_CURVE('',#584,(#588,#595),.PCURVE_S1.);
#584 = LINE('',#585,#586);
#585 = CARTESIAN_POINT('',(52.,-42.,-3.));
#586 = VECTOR('',#587,1.);
#587 = DIRECTION('',(-0.,1.,0.));
#588 = PCURVE('',#478,#589);
#589 = DEFINITIONAL_REPRESENTATION('',(#590),#594);
#590 = LINE('',#591,#592);
#591 = CARTESIAN_POINT('',(104.,0.));
#592 = VECTOR('',#593,1.);
#593 = DIRECTION('',(0.,1.));
#594 = ( GEOMETRIC_REPRESENTATION_CONTEXT(2) 
PARAMETRIC_REPRESENTATION_CONTEXT() REPRESENTATION_CONTEXT('2D SPACE',''
  ) );
#595 = PCURVE('',#419,#596);
#596 = DEFINITIONAL_REPRESENTATION('',(#597),#601);
#597 = LINE('',#598,#599);
#598 = CARTESIAN_POINT('',(0.,0.));
#599 = VECTOR('',#600,1.);
#600 = DIRECTION('',(0.,-1.));
#601 = ( GEOMETRIC_REPRESENTATION_CONTEXT(2) 
PARAMETRIC_REPRESENTATION_CONTEXT() REPRESENTATION_CONTEXT('2D SPACE',''
  ) );
#602 = ORIENTED_EDGE('',*,*,#460,.F.);
#603 = FACE_BOUND('',#604,.F.);
#604 = EDGE_LOOP('',(#605,#635,#664,#692,#719,#742,#766,#789));
#605 = ORIENTED_EDGE('',*,*,#606,.F.);
#606 = EDGE_CURVE('',#607,#609,#611,.T.);
#607 = VERTEX_POINT('',#608);
#608 = CARTESIAN_POINT('',(3.,-2.645751311065,-3.));
#609 = VERTEX_POINT('',#610);
#610 = CARTESIAN_POINT('',(40.,-2.645751311065,-3.));
#611 = SURFACE_CURVE('',#612,(#616,#623),.PCURVE_S1.);
#612 = LINE('',#613,#614);
#613 = CARTESIAN_POINT('',(3.,-2.645751311065,-3.));
#614 = VECTOR('',#615,1.);
#615 = DIRECTION('',(1.,5.041012652352E-16,-2.280458104635E-16));
#616 = PCURVE('',#478,#617);
#617 = DEFINITIONAL_REPRESENTATION('',(#618),#622);
#618 = LINE('',#619,#620);
#619 = CARTESIAN_POINT('',(55.,39.354248688935));
#620 = VECTOR('',#621,1.);
#621 = DIRECTION('',(1.,5.041012652352E-16));
#622 = ( GEOMETRIC_REPRESENTATION_CONTEXT(2) 
PARAMETRIC_REPRESENTATION_CONTEXT() REPRESENTATION_CONTEXT('2D SPACE',''
  ) );
#623 = PCURVE('',#624,#629);
#624 = CYLINDRICAL_SURFACE('',#625,4.);
#625 = AXIS2_PLACEMENT_3D('',#626,#627,#628);
#626 = CARTESIAN_POINT('',(-40.,0.,-8.881784197001E-15));
#627 = DIRECTION('',(1.,0.,2.22044604925E-16));
#628 = DIRECTION('',(2.22044604925E-16,0.,-1.));
#629 = DEFINITIONAL_REPRESENTATION('',(#630),#634);
#630 = LINE('',#631,#632);
#631 = CARTESIAN_POINT('',(5.560451059366,43.));
#632 = VECTOR('',#633,1.);
#633 = DIRECTION('',(0.,1.));
#634 = ( GEOMETRIC_REPRESENTATION_CONTEXT(2) 
PARAMETRIC_REPRESENTATION_CONTEXT() REPRESENTATION_CONTEXT('2D SPACE',''
  ) );
#635 = ORIENTED_EDGE('',*,*,#636,.F.);
#636 = EDGE_CURVE('',#637,#607,#639,.T.);
#637 = VERTEX_POINT('',#638);
#638 = CARTESIAN_POINT('',(-3.,-2.645751311065,-3.));
#639 = SURFACE_CURVE('',#640,(#645,#652),.PCURVE_S1.);
#640 = CIRCLE('',#641,4.);
#641 = AXIS2_PLACEMENT_3D('',#642,#643,#644);
#642 = CARTESIAN_POINT('',(0.,0.,-3.));
#643 = DIRECTION('',(0.,0.,1.));
#644 = DIRECTION('',(1.,0.,-0.));
#645 = PCURVE('',#478,#646);
#646 = DEFINITIONAL_REPRESENTATION('',(#647),#651);
#647 = CIRCLE('',#648,4.);
#648 = AXIS2_PLACEMENT_2D('',#649,#650);
#649 = CARTESIAN_POINT('',(52.,42.));
#650 = DIRECTION('',(1.,0.));
#651 = ( GEOMETRIC_REPRESENTATION_CONTEXT(2) 
PARAMETRIC_REPRESENTATION_CONTEXT() REPRESENTATION_CONTEXT('2D SPACE',''
  ) );
#652 = PCURVE('',#653,#658);
#653 = CYLINDRICAL_SURFACE('',#654,4.);
#654 = AXIS2_PLACEMENT_3D('',#655,#656,#657);
#655 = CARTESIAN_POINT('',(0.,0.,-55.));
#656 = DIRECTION('',(0.,0.,1.));
#657 = DIRECTION('',(1.,0.,-0.));
#658 = DEFINITIONAL_REPRESENTATION('',(#659),#663);
#659 = LINE('',#660,#661);
#660 = CARTESIAN_POINT('',(0.,52.));
#661 = VECTOR('',#662,1.);
#662 = DIRECTION('',(1.,0.));
#663 = ( GEOMETRIC_REPRESENTATION_CONTEXT(2) 
PARAMETRIC_REPRESENTATION_CONTEXT() REPRESENTATION_CONTEXT('2D SPACE',''
  ) );
#664 = ORIENTED_EDGE('',*,*,#665,.F.);
#665 = EDGE_CURVE('',#666,#637,#668,.T.);
#666 = VERTEX_POINT('',#667);
#667 = CARTESIAN_POINT('',(-40.,-2.645751311065,-3.));
#668 = SURFACE_CURVE('',#669,(#673,#680),.PCURVE_S1.);
#669 = LINE('',#670,#671);
#670 = CARTESIAN_POINT('',(-40.,-2.645751311065,-3.));
#671 = VECTOR('',#672,1.);
#672 = DIRECTION('',(1.,0.,2.160433993865E-16));
#673 = PCURVE('',#478,#674);
#674 = DEFINITIONAL_REPRESENTATION('',(#675),#679);
#675 = LINE('',#676,#677);
#676 = CARTESIAN_POINT('',(12.,39.354248688935));
#677 = VECTOR('',#678,1.);
#678 = DIRECTION('',(1.,0.));
#679 = ( GEOMETRIC_REPRESENTATION_CONTEXT(2) 
PARAMETRIC_REPRESENTATION_CONTEXT() REPRESENTATION_CONTEXT('2D SPACE',''
  ) );
#680 = PCURVE('',#681,#686);
#681 = CYLINDRICAL_SURFACE('',#682,4.);
#682 = AXIS2_PLACEMENT_3D('',#683,#684,#685);
#683 = CARTESIAN_POINT('',(-40.,0.,-8.881784197001E-15));
#684 = DIRECTION('',(1.,0.,2.22044604925E-16));
#685 = DIRECTION('',(2.22044604925E-16,0.,-1.));
#686 = DEFINITIONAL_REPRESENTATION('',(#687),#691);
#687 = LINE('',#688,#689);
#688 = CARTESIAN_POINT('',(5.560451059366,-6.661338147751E-16));
#689 = VECTOR('',#690,1.);
#690 = DIRECTION('',(0.,1.));
#691 = ( GEOMETRIC_REPRESENTATION_CONTEXT(2) 
PARAMETRIC_REPRESENTATION_CONTEXT() REPRESENTATION_CONTEXT('2D SPACE',''
  ) );
#692 = ORIENTED_EDGE('',*,*,#693,.F.);
#693 = EDGE_CURVE('',#694,#666,#696,.T.);
#694 = VERTEX_POINT('',#695);
#695 = CARTESIAN_POINT('',(-40.,2.645751311065,-3.));
#696 = SURFACE_CURVE('',#697,(#701,#708),.PCURVE_S1.);
#697 = LINE('',#698,#699);
#698 = CARTESIAN_POINT('',(-40.,-21.,-3.));
#699 = VECTOR('',#700,1.);
#700 = DIRECTION('',(0.,-1.,0.));
#701 = PCURVE('',#478,#702);
#702 = DEFINITIONAL_REPRESENTATION('',(#703),#707);
#703 = LINE('',#704,#705);
#704 = CARTESIAN_POINT('',(12.,21.));
#705 = VECTOR('',#706,1.);
#706 = DIRECTION('',(0.,-1.));
#707 = ( GEOMETRIC_REPRESENTATION_CONTEXT(2) 
PARAMETRIC_REPRESENTATION_CONTEXT() REPRESENTATION_CONTEXT('2D SPACE',''
  ) );
#708 = PCURVE('',#709,#714);
#709 = PLANE('',#710);
#710 = AXIS2_PLACEMENT_3D('',#711,#712,#713);
#711 = CARTESIAN_POINT('',(-40.,0.,-8.881784197001E-15));
#712 = DIRECTION('',(1.,0.,2.22044604925E-16));
#713 = DIRECTION('',(2.22044604925E-16,0.,-1.));
#714 = DEFINITIONAL_REPRESENTATION('',(#715),#718);
#715 = B_SPLINE_CURVE_WITH_KNOTS('',1,(#716,#717),.UNSPECIFIED.,.F.,.F.,
  (2,2),(-25.,-17.),.PIECEWISE_BEZIER_KNOTS.);
#716 = CARTESIAN_POINT('',(3.,4.));
#717 = CARTESIAN_POINT('',(3.,-4.));
#718 = ( GEOMETRIC_REPRESENTATION_CONTEXT(2) 
PARAMETRIC_REPRESENTATION_CONTEXT() REPRESENTATION_CONTEXT('2D SPACE',''
  ) );
#719 = ORIENTED_EDGE('',*,*,#720,.F.);
#720 = EDGE_CURVE('',#721,#694,#723,.T.);
#721 = VERTEX_POINT('',#722);
#722 = CARTESIAN_POINT('',(-3.,2.645751311065,-3.));
#723 = SURFACE_CURVE('',#724,(#728,#735),.PCURVE_S1.);
#724 = LINE('',#725,#726);
#725 = CARTESIAN_POINT('',(-3.,2.645751311065,-3.));
#726 = VECTOR('',#727,1.);
#727 = DIRECTION('',(-1.,0.,-2.280458104635E-16));
#728 = PCURVE('',#478,#729);
#729 = DEFINITIONAL_REPRESENTATION('',(#730),#734);
#730 = LINE('',#731,#732);
#731 = CARTESIAN_POINT('',(49.,44.645751311065));
#732 = VECTOR('',#733,1.);
#733 = DIRECTION('',(-1.,0.));
#734 = ( GEOMETRIC_REPRESENTATION_CONTEXT(2) 
PARAMETRIC_REPRESENTATION_CONTEXT() REPRESENTATION_CONTEXT('2D SPACE',''
  ) );
#735 = PCURVE('',#681,#736);
#736 = DEFINITIONAL_REPRESENTATION('',(#737),#741);
#737 = LINE('',#738,#739);
#738 = CARTESIAN_POINT('',(7.005919554993,37.));
#739 = VECTOR('',#740,1.);
#740 = DIRECTION('',(-0.,-1.));
#741 = ( GEOMETRIC_REPRESENTATION_CONTEXT(2) 
PARAMETRIC_REPRESENTATION_CONTEXT() REPRESENTATION_CONTEXT('2D SPACE',''
  ) );
#742 = ORIENTED_EDGE('',*,*,#743,.F.);
#743 = EDGE_CURVE('',#744,#721,#746,.T.);
#744 = VERTEX_POINT('',#745);
#745 = CARTESIAN_POINT('',(3.,2.645751311065,-3.));
#746 = SURFACE_CURVE('',#747,(#752,#759),.PCURVE_S1.);
#747 = CIRCLE('',#748,4.);
#748 = AXIS2_PLACEMENT_3D('',#749,#750,#751);
#749 = CARTESIAN_POINT('',(0.,0.,-3.));
#750 = DIRECTION('',(0.,0.,1.));
#751 = DIRECTION('',(1.,0.,-0.));
#752 = PCURVE('',#478,#753);
#753 = DEFINITIONAL_REPRESENTATION('',(#754),#758);
#754 = CIRCLE('',#755,4.);
#755 = AXIS2_PLACEMENT_2D('',#756,#757);
#756 = CARTESIAN_POINT('',(52.,42.));
#757 = DIRECTION('',(1.,0.));
#758 = ( GEOMETRIC_REPRESENTATION_CONTEXT(2) 
PARAMETRIC_REPRESENTATION_CONTEXT() REPRESENTATION_CONTEXT('2D SPACE',''
  ) );
#759 = PCURVE('',#653,#760);
#760 = DEFINITIONAL_REPRESENTATION('',(#761),#765);
#761 = LINE('',#762,#763);
#762 = CARTESIAN_POINT('',(0.,52.));
#763 = VECTOR('',#764,1.);
#764 = DIRECTION('',(1.,0.));
#765 = ( GEOMETRIC_REPRESENTATION_CONTEXT(2) 
PARAMETRIC_REPRESENTATION_CONTEXT() REPRESENTATION_CONTEXT('2D SPACE',''
  ) );
#766 = ORIENTED_EDGE('',*,*,#767,.F.);
#767 = EDGE_CURVE('',#768,#744,#770,.T.);
#768 = VERTEX_POINT('',#769);
#769 = CARTESIAN_POINT('',(40.,2.645751311065,-3.));
#770 = SURFACE_CURVE('',#771,(#775,#782),.PCURVE_S1.);
#771 = LINE('',#772,#773);
#772 = CARTESIAN_POINT('',(40.,2.645751311065,-3.));
#773 = VECTOR('',#774,1.);
#774 = DIRECTION('',(-1.,5.401084984663E-16,2.640530436946E-16));
#775 = PCURVE('',#478,#776);
#776 = DEFINITIONAL_REPRESENTATION('',(#777),#781);
#777 = LINE('',#778,#779);
#778 = CARTESIAN_POINT('',(92.,44.645751311065));
#779 = VECTOR('',#780,1.);
#780 = DIRECTION('',(-1.,5.401084984663E-16));
#781 = ( GEOMETRIC_REPRESENTATION_CONTEXT(2) 
PARAMETRIC_REPRESENTATION_CONTEXT() REPRESENTATION_CONTEXT('2D SPACE',''
  ) );
#782 = PCURVE('',#624,#783);
#783 = DEFINITIONAL_REPRESENTATION('',(#784),#788);
#784 = LINE('',#785,#786);
#785 = CARTESIAN_POINT('',(7.005919554993,80.));
#786 = VECTOR('',#787,1.);
#787 = DIRECTION('',(-0.,-1.));
#788 = ( GEOMETRIC_REPRESENTATION_CONTEXT(2) 
PARAMETRIC_REPRESENTATION_CONTEXT() REPRESENTATION_CONTEXT('2D SPACE',''
  ) );
#789 = ORIENTED_EDGE('',*,*,#790,.T.);
#790 = EDGE_CURVE('',#768,#609,#791,.T.);
#791 = SURFACE_CURVE('',#792,(#796,#803),.PCURVE_S1.);
#792 = LINE('',#793,#794);
#793 = CARTESIAN_POINT('',(40.,-21.,-3.));
#794 = VECTOR('',#795,1.);
#795 = DIRECTION('',(0.,-1.,0.));
#796 = PCURVE('',#478,#797);
#797 = DEFINITIONAL_REPRESENTATION('',(#798),#802);
#798 = LINE('',#799,#800);
#799 = CARTESIAN_POINT('',(92.,21.));
#800 = VECTOR('',#801,1.);
#801 = DIRECTION('',(0.,-1.));
#802 = ( GEOMETRIC_REPRESENTATION_CONTEXT(2) 
PARAMETRIC_REPRESENTATION_CONTEXT() REPRESENTATION_CONTEXT('2D SPACE',''
  ) );
#803 = PCURVE('',#804,#809);
#804 = PLANE('',#805);
#805 = AXIS2_PLACEMENT_3D('',#806,#807,#808);
#806 = CARTESIAN_POINT('',(40.,0.,8.881784197001E-15));
#807 = DIRECTION('',(1.,0.,2.22044604925E-16));
#808 = DIRECTION('',(2.22044604925E-16,0.,-1.));
#809 = DEFINITIONAL_REPRESENTATION('',(#810),#813);
#810 = B_SPLINE_CURVE_WITH_KNOTS('',1,(#811,#812),.UNSPECIFIED.,.F.,.F.,
  (2,2),(-25.,-17.),.PIECEWISE_BEZIER_KNOTS.);
#811 = CARTESIAN_POINT('',(3.,4.));
#812 = CARTESIAN_POINT('',(3.,-4.));
#813 = ( GEOMETRIC_REPRESENTATION_CONTEXT(2) 
PARAMETRIC_REPRESENTATION_CONTEXT() REPRESENTATION_CONTEXT('2D SPACE',''
  ) );
#814 = ADVANCED_FACE('',(#815),#804,.T.);
#815 = FACE_BOUND('',#816,.T.);
#816 = EDGE_LOOP('',(#817,#818));
#817 = ORIENTED_EDGE('',*,*,#790,.T.);
#818 = ORIENTED_EDGE('',*,*,#819,.F.);
#819 = EDGE_CURVE('',#768,#609,#820,.T.);
#820 = SURFACE_CURVE('',#821,(#826,#837),.PCURVE_S1.);
#821 = CIRCLE('',#822,4.);
#822 = AXIS2_PLACEMENT_3D('',#823,#824,#825);
#823 = CARTESIAN_POINT('',(40.,0.,8.881784197001E-15));
#824 = DIRECTION('',(-1.,0.,0.));
#825 = DIRECTION('',(0.,0.661437827766,-0.75));
#826 = PCURVE('',#804,#827);
#827 = DEFINITIONAL_REPRESENTATION('',(#828),#836);
#828 = ( BOUNDED_CURVE() B_SPLINE_CURVE(2,(#829,#830,#831,#832,#833,#834
,#835),.UNSPECIFIED.,.T.,.F.) B_SPLINE_CURVE_WITH_KNOTS((1,2,2,2,2,1),(
    -2.094395102393,0.,2.094395102393,4.188790204786,6.28318530718,
8.377580409573),.UNSPECIFIED.) CURVE() GEOMETRIC_REPRESENTATION_ITEM() 
RATIONAL_B_SPLINE_CURVE((1.,0.5,1.,0.5,1.,0.5,1.)) REPRESENTATION_ITEM(
  '') );
#829 = CARTESIAN_POINT('',(3.,2.645751311065));
#830 = CARTESIAN_POINT('',(7.582575694956,-2.550401111642));
#831 = CARTESIAN_POINT('',(0.791287847478,-3.920951866886));
#832 = CARTESIAN_POINT('',(-6.,-5.291502622129));
#833 = CARTESIAN_POINT('',(-3.791287847478,1.275200555821));
#834 = CARTESIAN_POINT('',(-1.582575694956,7.841903733771));
#835 = CARTESIAN_POINT('',(3.,2.645751311065));
#836 = ( GEOMETRIC_REPRESENTATION_CONTEXT(2) 
PARAMETRIC_REPRESENTATION_CONTEXT() REPRESENTATION_CONTEXT('2D SPACE',''
  ) );
#837 = PCURVE('',#624,#838);
#838 = DEFINITIONAL_REPRESENTATION('',(#839),#843);
#839 = LINE('',#840,#841);
#840 = CARTESIAN_POINT('',(7.005919554993,80.));
#841 = VECTOR('',#842,1.);
#842 = DIRECTION('',(-1.,-0.));
#843 = ( GEOMETRIC_REPRESENTATION_CONTEXT(2) 
PARAMETRIC_REPRESENTATION_CONTEXT() REPRESENTATION_CONTEXT('2D SPACE',''
  ) );
#844 = ADVANCED_FACE('',(#845),#709,.F.);
#845 = FACE_BOUND('',#846,.F.);
#846 = EDGE_LOOP('',(#847,#869));
#847 = ORIENTED_EDGE('',*,*,#848,.T.);
#848 = EDGE_CURVE('',#666,#694,#849,.T.);
#849 = SURFACE_CURVE('',#850,(#855,#862),.PCURVE_S1.);
#850 = CIRCLE('',#851,4.);
#851 = AXIS2_PLACEMENT_3D('',#852,#853,#854);
#852 = CARTESIAN_POINT('',(-40.,0.,-8.881784197001E-15));
#853 = DIRECTION('',(1.,0.,0.));
#854 = DIRECTION('',(0.,-0.661437827766,-0.75));
#855 = PCURVE('',#709,#856);
#856 = DEFINITIONAL_REPRESENTATION('',(#857),#861);
#857 = CIRCLE('',#858,4.);
#858 = AXIS2_PLACEMENT_2D('',#859,#860);
#859 = CARTESIAN_POINT('',(0.,0.));
#860 = DIRECTION('',(0.75,-0.661437827766));
#861 = ( GEOMETRIC_REPRESENTATION_CONTEXT(2) 
PARAMETRIC_REPRESENTATION_CONTEXT() REPRESENTATION_CONTEXT('2D SPACE',''
  ) );
#862 = PCURVE('',#681,#863);
#863 = DEFINITIONAL_REPRESENTATION('',(#864),#868);
#864 = LINE('',#865,#866);
#865 = CARTESIAN_POINT('',(5.560451059366,0.));
#866 = VECTOR('',#867,1.);
#867 = DIRECTION('',(1.,0.));
#868 = ( GEOMETRIC_REPRESENTATION_CONTEXT(2) 
PARAMETRIC_REPRESENTATION_CONTEXT() REPRESENTATION_CONTEXT('2D SPACE',''
  ) );
#869 = ORIENTED_EDGE('',*,*,#693,.T.);
#870 = ADVANCED_FACE('',(#871),#681,.T.);
#871 = FACE_BOUND('',#872,.T.);
#872 = EDGE_LOOP('',(#873,#909,#943,#944,#945));
#873 = ORIENTED_EDGE('',*,*,#874,.F.);
#874 = EDGE_CURVE('',#875,#721,#877,.T.);
#875 = VERTEX_POINT('',#876);
#876 = CARTESIAN_POINT('',(-4.,-9.797174393179E-16,-4.));
#877 = SURFACE_CURVE('',#878,(#883,#896),.PCURVE_S1.);
#878 = ELLIPSE('',#879,5.656854249492,4.);
#879 = AXIS2_PLACEMENT_3D('',#880,#881,#882);
#880 = CARTESIAN_POINT('',(0.,0.,-8.881784197001E-15));
#881 = DIRECTION('',(0.707106781187,0.,-0.707106781187));
#882 = DIRECTION('',(0.707106781187,0.,0.707106781187));
#883 = PCURVE('',#681,#884);
#884 = DEFINITIONAL_REPRESENTATION('',(#885),#895);
#885 = B_SPLINE_CURVE_WITH_KNOTS('',8,(#886,#887,#888,#889,#890,#891,
    #892,#893,#894),.UNSPECIFIED.,.F.,.F.,(9,9),(3.14159265359,
    3.864326901403),.PIECEWISE_BEZIER_KNOTS.);
#886 = CARTESIAN_POINT('',(6.28318530718,36.));
#887 = CARTESIAN_POINT('',(6.373527088156,36.));
#888 = CARTESIAN_POINT('',(6.463868869133,36.037310377962));
#889 = CARTESIAN_POINT('',(6.554210650109,36.111930988034));
#890 = CARTESIAN_POINT('',(6.644552431086,36.223212403553));
#891 = CARTESIAN_POINT('',(6.734894212063,36.369855279289));
#892 = CARTESIAN_POINT('',(6.825235993039,36.549939001581));
#893 = CARTESIAN_POINT('',(6.915577774016,36.760978128598));
#894 = CARTESIAN_POINT('',(7.005919554993,37.000000006481));
#895 = ( GEOMETRIC_REPRESENTATION_CONTEXT(2) 
PARAMETRIC_REPRESENTATION_CONTEXT() REPRESENTATION_CONTEXT('2D SPACE',''
  ) );
#896 = PCURVE('',#653,#897);
#897 = DEFINITIONAL_REPRESENTATION('',(#898),#908);
#898 = B_SPLINE_CURVE_WITH_KNOTS('',8,(#899,#900,#901,#902,#903,#904,
    #905,#906,#907),.UNSPECIFIED.,.F.,.F.,(9,9),(3.14159265359,
    4.712388980385),.PIECEWISE_BEZIER_KNOTS.);
#899 = CARTESIAN_POINT('',(3.14159265359,51.));
#900 = CARTESIAN_POINT('',(2.94524311274,51.));
#901 = CARTESIAN_POINT('',(2.748893571886,51.176243103924));
#902 = CARTESIAN_POINT('',(2.552544031046,51.528727814701));
#903 = CARTESIAN_POINT('',(2.356194490163,52.042964997585));
#904 = CARTESIAN_POINT('',(2.159844949351,52.689946955157));
#905 = CARTESIAN_POINT('',(1.963495408489,53.429203486688));
#906 = CARTESIAN_POINT('',(1.767145867644,54.214601836603));
#907 = CARTESIAN_POINT('',(1.570796326795,55.));
#908 = ( GEOMETRIC_REPRESENTATION_CONTEXT(2) 
PARAMETRIC_REPRESENTATION_CONTEXT() REPRESENTATION_CONTEXT('2D SPACE',''
  ) );
#909 = ORIENTED_EDGE('',*,*,#910,.F.);
#910 = EDGE_CURVE('',#637,#875,#911,.T.);
#911 = SURFACE_CURVE('',#912,(#917,#930),.PCURVE_S1.);
#912 = ELLIPSE('',#913,5.656854249492,4.);
#913 = AXIS2_PLACEMENT_3D('',#914,#915,#916);
#914 = CARTESIAN_POINT('',(0.,0.,-8.881784197001E-15));
#915 = DIRECTION('',(0.707106781187,0.,-0.707106781187));
#916 = DIRECTION('',(0.707106781187,0.,0.707106781187));
#917 = PCURVE('',#681,#918);
#918 = DEFINITIONAL_REPRESENTATION('',(#919),#929);
#919 = B_SPLINE_CURVE_WITH_KNOTS('',8,(#920,#921,#922,#923,#924,#925,
    #926,#927,#928),.UNSPECIFIED.,.F.,.F.,(9,9),(2.418858405776,
    3.14159265359),.PIECEWISE_BEZIER_KNOTS.);
#920 = CARTESIAN_POINT('',(5.560451059365,37.000000006548));
#921 = CARTESIAN_POINT('',(5.650792840341,36.760978128665));
#922 = CARTESIAN_POINT('',(5.741134621318,36.549939001646));
#923 = CARTESIAN_POINT('',(5.831476402294,36.369855279347));
#924 = CARTESIAN_POINT('',(5.92181818327,36.223212403598));
#925 = CARTESIAN_POINT('',(6.012159964248,36.111930988054));
#926 = CARTESIAN_POINT('',(6.102501745225,36.037310377955));
#927 = CARTESIAN_POINT('',(6.192843526203,36.));
#928 = CARTESIAN_POINT('',(6.28318530718,36.));
#929 = ( GEOMETRIC_REPRESENTATION_CONTEXT(2) 
PARAMETRIC_REPRESENTATION_CONTEXT() REPRESENTATION_CONTEXT('2D SPACE',''
  ) );
#930 = PCURVE('',#653,#931);
#931 = DEFINITIONAL_REPRESENTATION('',(#932),#942);
#932 = B_SPLINE_CURVE_WITH_KNOTS('',8,(#933,#934,#935,#936,#937,#938,
    #939,#940,#941),.UNSPECIFIED.,.F.,.F.,(9,9),(1.570796326795,
    3.14159265359),.PIECEWISE_BEZIER_KNOTS.);
#933 = CARTESIAN_POINT('',(4.712388980385,55.));
#934 = CARTESIAN_POINT('',(4.516039439535,54.214601836603));
#935 = CARTESIAN_POINT('',(4.319689898685,53.429203486652));
#936 = CARTESIAN_POINT('',(4.123340357828,52.68994695539));
#937 = CARTESIAN_POINT('',(3.926990816984,52.042964997323));
#938 = CARTESIAN_POINT('',(3.730641276125,51.52872781473));
#939 = CARTESIAN_POINT('',(3.534291735289,51.176243103888));
#940 = CARTESIAN_POINT('',(3.337942194439,51.));
#941 = CARTESIAN_POINT('',(3.14159265359,51.));
#942 = ( GEOMETRIC_REPRESENTATION_CONTEXT(2) 
PARAMETRIC_REPRESENTATION_CONTEXT() REPRESENTATION_CONTEXT('2D SPACE',''
  ) );
#943 = ORIENTED_EDGE('',*,*,#665,.F.);
#944 = ORIENTED_EDGE('',*,*,#848,.T.);
#945 = ORIENTED_EDGE('',*,*,#720,.F.);
#946 = ADVANCED_FACE('',(#947),#653,.T.);
#947 = FACE_BOUND('',#948,.T.);
#948 = EDGE_LOOP('',(#949,#985,#1008,#1035,#1036,#1070,#1071,#1072,#1073
    ));
#949 = ORIENTED_EDGE('',*,*,#950,.F.);
#950 = EDGE_CURVE('',#951,#744,#953,.T.);
#951 = VERTEX_POINT('',#952);
#952 = CARTESIAN_POINT('',(4.,-9.797174393179E-16,-4.));
#953 = SURFACE_CURVE('',#954,(#959,#972),.PCURVE_S1.);
#954 = ELLIPSE('',#955,5.656854249492,4.);
#955 = AXIS2_PLACEMENT_3D('',#956,#957,#958);
#956 = CARTESIAN_POINT('',(0.,0.,-8.881784197001E-15));
#957 = DIRECTION('',(0.707106781187,0.,0.707106781187));
#958 = DIRECTION('',(0.707106781187,0.,-0.707106781187));
#959 = PCURVE('',#653,#960);
#960 = DEFINITIONAL_REPRESENTATION('',(#961),#971);
#961 = B_SPLINE_CURVE_WITH_KNOTS('',8,(#962,#963,#964,#965,#966,#967,
    #968,#969,#970),.UNSPECIFIED.,.F.,.F.,(9,9),(0.,1.570796326795),
  .PIECEWISE_BEZIER_KNOTS.);
#962 = CARTESIAN_POINT('',(0.,51.));
#963 = CARTESIAN_POINT('',(0.196349540849,51.));
#964 = CARTESIAN_POINT('',(0.392699081698,51.176243103953));
#965 = CARTESIAN_POINT('',(0.589048622547,51.528727814468));
#966 = CARTESIAN_POINT('',(0.785398163395,52.042964997469));
#967 = CARTESIAN_POINT('',(0.981747704248,52.689946955041));
#968 = CARTESIAN_POINT('',(1.178097245096,53.429203486747));
#969 = CARTESIAN_POINT('',(1.374446785946,54.214601836603));
#970 = CARTESIAN_POINT('',(1.570796326795,55.));
#971 = ( GEOMETRIC_REPRESENTATION_CONTEXT(2) 
PARAMETRIC_REPRESENTATION_CONTEXT() REPRESENTATION_CONTEXT('2D SPACE',''
  ) );
#972 = PCURVE('',#624,#973);
#973 = DEFINITIONAL_REPRESENTATION('',(#974),#984);
#974 = B_SPLINE_CURVE_WITH_KNOTS('',8,(#975,#976,#977,#978,#979,#980,
    #981,#982,#983),.UNSPECIFIED.,.F.,.F.,(9,9),(0.,0.722734247813),
  .PIECEWISE_BEZIER_KNOTS.);
#975 = CARTESIAN_POINT('',(6.28318530718,44.));
#976 = CARTESIAN_POINT('',(6.373527088156,44.));
#977 = CARTESIAN_POINT('',(6.463868869133,43.962689622037));
#978 = CARTESIAN_POINT('',(6.554210650109,43.888069011923));
#979 = CARTESIAN_POINT('',(6.644552431086,43.776787596349));
#980 = CARTESIAN_POINT('',(6.734894212062,43.630144720565));
#981 = CARTESIAN_POINT('',(6.825235993039,43.450060998239));
#982 = CARTESIAN_POINT('',(6.915577774015,43.239021871204));
#983 = CARTESIAN_POINT('',(7.005919554992,42.999999993319));
#984 = ( GEOMETRIC_REPRESENTATION_CONTEXT(2) 
PARAMETRIC_REPRESENTATION_CONTEXT() REPRESENTATION_CONTEXT('2D SPACE',''
  ) );
#985 = ORIENTED_EDGE('',*,*,#986,.T.);
#986 = EDGE_CURVE('',#951,#987,#989,.T.);
#987 = VERTEX_POINT('',#988);
#988 = CARTESIAN_POINT('',(4.,-9.797174393179E-16,-58.));
#989 = SEAM_CURVE('',#990,(#994,#1001),.PCURVE_S1.);
#990 = LINE('',#991,#992);
#991 = CARTESIAN_POINT('',(4.,-9.797174393179E-16,-4.));
#992 = VECTOR('',#993,1.);
#993 = DIRECTION('',(0.,0.,-1.));
#994 = PCURVE('',#653,#995);
#995 = DEFINITIONAL_REPRESENTATION('',(#996),#1000);
#996 = LINE('',#997,#998);
#997 = CARTESIAN_POINT('',(0.,51.));
#998 = VECTOR('',#999,1.);
#999 = DIRECTION('',(-0.,-1.));
#1000 = ( GEOMETRIC_REPRESENTATION_CONTEXT(2) 
PARAMETRIC_REPRESENTATION_CONTEXT() REPRESENTATION_CONTEXT('2D SPACE',''
  ) );
#1001 = PCURVE('',#653,#1002);
#1002 = DEFINITIONAL_REPRESENTATION('',(#1003),#1007);
#1003 = LINE('',#1004,#1005);
#1004 = CARTESIAN_POINT('',(6.28318530718,51.));
#1005 = VECTOR('',#1006,1.);
#1006 = DIRECTION('',(-0.,-1.));
#1007 = ( GEOMETRIC_REPRESENTATION_CONTEXT(2) 
PARAMETRIC_REPRESENTATION_CONTEXT() REPRESENTATION_CONTEXT('2D SPACE',''
  ) );
#1008 = ORIENTED_EDGE('',*,*,#1009,.T.);
#1009 = EDGE_CURVE('',#987,#987,#1010,.T.);
#1010 = SURFACE_CURVE('',#1011,(#1016,#1023),.PCURVE_S1.);
#1011 = CIRCLE('',#1012,4.);
#1012 = AXIS2_PLACEMENT_3D('',#1013,#1014,#1015);
#1013 = CARTESIAN_POINT('',(0.,0.,-58.));
#1014 = DIRECTION('',(0.,0.,1.));
#1015 = DIRECTION('',(1.,0.,-0.));
#1016 = PCURVE('',#653,#1017);
#1017 = DEFINITIONAL_REPRESENTATION('',(#1018),#1022);
#1018 = LINE('',#1019,#1020);
#1019 = CARTESIAN_POINT('',(0.,-3.));
#1020 = VECTOR('',#1021,1.);
#1021 = DIRECTION('',(1.,0.));
#1022 = ( GEOMETRIC_REPRESENTATION_CONTEXT(2) 
PARAMETRIC_REPRESENTATION_CONTEXT() REPRESENTATION_CONTEXT('2D SPACE',''
  ) );
#1023 = PCURVE('',#1024,#1029);
#1024 = PLANE('',#1025);
#1025 = AXIS2_PLACEMENT_3D('',#1026,#1027,#1028);
#1026 = CARTESIAN_POINT('',(0.,0.,-58.));
#1027 = DIRECTION('',(0.,0.,1.));
#1028 = DIRECTION('',(1.,0.,-0.));
#1029 = DEFINITIONAL_REPRESENTATION('',(#1030),#1034);
#1030 = CIRCLE('',#1031,4.);
#1031 = AXIS2_PLACEMENT_2D('',#1032,#1033);
#1032 = CARTESIAN_POINT('',(0.,0.));
#1033 = DIRECTION('',(1.,0.));
#1034 = ( GEOMETRIC_REPRESENTATION_CONTEXT(2) 
PARAMETRIC_REPRESENTATION_CONTEXT() REPRESENTATION_CONTEXT('2D SPACE',''
  ) );
#1035 = ORIENTED_EDGE('',*,*,#986,.F.);
#1036 = ORIENTED_EDGE('',*,*,#1037,.F.);
#1037 = EDGE_CURVE('',#607,#951,#1038,.T.);
#1038 = SURFACE_CURVE('',#1039,(#1044,#1057),.PCURVE_S1.);
#1039 = ELLIPSE('',#1040,5.656854249492,4.);
#1040 = AXIS2_PLACEMENT_3D('',#1041,#1042,#1043);
#1041 = CARTESIAN_POINT('',(0.,0.,-8.881784197001E-15));
#1042 = DIRECTION('',(0.707106781187,0.,0.707106781187));
#1043 = DIRECTION('',(0.707106781187,0.,-0.707106781187));
#1044 = PCURVE('',#653,#1045);
#1045 = DEFINITIONAL_REPRESENTATION('',(#1046),#1056);
#1046 = B_SPLINE_CURVE_WITH_KNOTS('',8,(#1047,#1048,#1049,#1050,#1051,
    #1052,#1053,#1054,#1055),.UNSPECIFIED.,.F.,.F.,(9,9),(4.712388980385
    ,6.28318530718),.PIECEWISE_BEZIER_KNOTS.);
#1047 = CARTESIAN_POINT('',(4.712388980385,55.));
#1048 = CARTESIAN_POINT('',(4.908738521234,54.214601836603));
#1049 = CARTESIAN_POINT('',(5.105088062087,53.429203486696));
#1050 = CARTESIAN_POINT('',(5.301437602902,52.689946955215));
#1051 = CARTESIAN_POINT('',(5.49778714378,52.042964997265));
#1052 = CARTESIAN_POINT('',(5.694136684611,51.528727814555));
#1053 = CARTESIAN_POINT('',(5.89048622548,51.176243103931));
#1054 = CARTESIAN_POINT('',(6.08683576633,51.));
#1055 = CARTESIAN_POINT('',(6.28318530718,51.));
#1056 = ( GEOMETRIC_REPRESENTATION_CONTEXT(2) 
PARAMETRIC_REPRESENTATION_CONTEXT() REPRESENTATION_CONTEXT('2D SPACE',''
  ) );
#1057 = PCURVE('',#624,#1058);
#1058 = DEFINITIONAL_REPRESENTATION('',(#1059),#1069);
#1059 = B_SPLINE_CURVE_WITH_KNOTS('',8,(#1060,#1061,#1062,#1063,#1064,
    #1065,#1066,#1067,#1068),.UNSPECIFIED.,.F.,.F.,(9,9),(5.560451059366
    ,6.28318530718),.PIECEWISE_BEZIER_KNOTS.);
#1060 = CARTESIAN_POINT('',(5.560451059357,42.999999993423));
#1061 = CARTESIAN_POINT('',(5.650792840335,43.239021871313));
#1062 = CARTESIAN_POINT('',(5.741134621313,43.450060998343));
#1063 = CARTESIAN_POINT('',(5.831476402291,43.630144720653));
#1064 = CARTESIAN_POINT('',(5.921818183269,43.776787596409));
#1065 = CARTESIAN_POINT('',(6.012159964247,43.888069011949));
#1066 = CARTESIAN_POINT('',(6.102501745226,43.962689622037));
#1067 = CARTESIAN_POINT('',(6.192843526203,44.));
#1068 = CARTESIAN_POINT('',(6.28318530718,44.));
#1069 = ( GEOMETRIC_REPRESENTATION_CONTEXT(2) 
PARAMETRIC_REPRESENTATION_CONTEXT() REPRESENTATION_CONTEXT('2D SPACE',''
  ) );
#1070 = ORIENTED_EDGE('',*,*,#636,.F.);
#1071 = ORIENTED_EDGE('',*,*,#910,.T.);
#1072 = ORIENTED_EDGE('',*,*,#874,.T.);
#1073 = ORIENTED_EDGE('',*,*,#743,.F.);
#1074 = ADVANCED_FACE('',(#1075),#1024,.F.);
#1075 = FACE_BOUND('',#1076,.T.);
#1076 = EDGE_LOOP('',(#1077));
#1077 = ORIENTED_EDGE('',*,*,#1009,.F.);
#1078 = ADVANCED_FACE('',(#1079),#624,.T.);
#1079 = FACE_BOUND('',#1080,.T.);
#1080 = EDGE_LOOP('',(#1081,#1082,#1083,#1084,#1085));
#1081 = ORIENTED_EDGE('',*,*,#606,.F.);
#1082 = ORIENTED_EDGE('',*,*,#1037,.T.);
#1083 = ORIENTED_EDGE('',*,*,#950,.T.);
#1084 = ORIENTED_EDGE('',*,*,#767,.F.);
#1085 = ORIENTED_EDGE('',*,*,#819,.T.);
#1086 = ADVANCED_FACE('',(#1087),#419,.T.);
#1087 = FACE_BOUND('',#1088,.T.);
#1088 = EDGE_LOOP('',(#1089,#1110,#1111,#1112));
#1089 = ORIENTED_EDGE('',*,*,#1090,.F.);
#1090 = EDGE_CURVE('',#560,#376,#1091,.T.);
#1091 = SURFACE_CURVE('',#1092,(#1096,#1103),.PCURVE_S1.);
#1092 = LINE('',#1093,#1094);
#1093 = CARTESIAN_POINT('',(52.,-42.,-3.));
#1094 = VECTOR('',#1095,1.);
#1095 = DIRECTION('',(0.,0.,1.));
#1096 = PCURVE('',#419,#1097);
#1097 = DEFINITIONAL_REPRESENTATION('',(#1098),#1102);
#1098 = LINE('',#1099,#1100);
#1099 = CARTESIAN_POINT('',(0.,0.));
#1100 = VECTOR('',#1101,1.);
#1101 = DIRECTION('',(1.,0.));
#1102 = ( GEOMETRIC_REPRESENTATION_CONTEXT(2) 
PARAMETRIC_REPRESENTATION_CONTEXT() REPRESENTATION_CONTEXT('2D SPACE',''
  ) );
#1103 = PCURVE('',#391,#1104);
#1104 = DEFINITIONAL_REPRESENTATION('',(#1105),#1109);
#1105 = LINE('',#1106,#1107);
#1106 = CARTESIAN_POINT('',(0.,104.));
#1107 = VECTOR('',#1108,1.);
#1108 = DIRECTION('',(1.,0.));
#1109 = ( GEOMETRIC_REPRESENTATION_CONTEXT(2) 
PARAMETRIC_REPRESENTATION_CONTEXT() REPRESENTATION_CONTEXT('2D SPACE',''
  ) );
#1110 = ORIENTED_EDGE('',*,*,#582,.T.);
#1111 = ORIENTED_EDGE('',*,*,#512,.T.);
#1112 = ORIENTED_EDGE('',*,*,#403,.F.);
#1113 = ADVANCED_FACE('',(#1114),#391,.F.);
#1114 = FACE_BOUND('',#1115,.F.);
#1115 = EDGE_LOOP('',(#1116,#1117,#1138,#1139));
#1116 = ORIENTED_EDGE('',*,*,#559,.F.);
#1117 = ORIENTED_EDGE('',*,*,#1118,.T.);
#1118 = EDGE_CURVE('',#537,#346,#1119,.T.);
#1119 = SURFACE_CURVE('',#1120,(#1124,#1131),.PCURVE_S1.);
#1120 = LINE('',#1121,#1122);
#1121 = CARTESIAN_POINT('',(-52.,-42.,-3.));
#1122 = VECTOR('',#1123,1.);
#1123 = DIRECTION('',(0.,0.,1.));
#1124 = PCURVE('',#391,#1125);
#1125 = DEFINITIONAL_REPRESENTATION('',(#1126),#1130);
#1126 = LINE('',#1127,#1128);
#1127 = CARTESIAN_POINT('',(0.,0.));
#1128 = VECTOR('',#1129,1.);
#1129 = DIRECTION('',(1.,0.));
#1130 = ( GEOMETRIC_REPRESENTATION_CONTEXT(2) 
PARAMETRIC_REPRESENTATION_CONTEXT() REPRESENTATION_CONTEXT('2D SPACE',''
  ) );
#1131 = PCURVE('',#363,#1132);
#1132 = DEFINITIONAL_REPRESENTATION('',(#1133),#1137);
#1133 = LINE('',#1134,#1135);
#1134 = CARTESIAN_POINT('',(0.,0.));
#1135 = VECTOR('',#1136,1.);
#1136 = DIRECTION('',(1.,0.));
#1137 = ( GEOMETRIC_REPRESENTATION_CONTEXT(2) 
PARAMETRIC_REPRESENTATION_CONTEXT() REPRESENTATION_CONTEXT('2D SPACE',''
  ) );
#1138 = ORIENTED_EDGE('',*,*,#375,.T.);
#1139 = ORIENTED_EDGE('',*,*,#1090,.F.);
#1140 = ADVANCED_FACE('',(#1141),#363,.F.);
#1141 = FACE_BOUND('',#1142,.F.);
#1142 = EDGE_LOOP('',(#1143,#1144,#1145,#1146));
#1143 = ORIENTED_EDGE('',*,*,#1118,.F.);
#1144 = ORIENTED_EDGE('',*,*,#536,.T.);
#1145 = ORIENTED_EDGE('',*,*,#490,.T.);
#1146 = ORIENTED_EDGE('',*,*,#345,.F.);
#1147 = ADVANCED_FACE('',(#1148),#238,.T.);
#1148 = FACE_BOUND('',#1149,.T.);
#1149 = EDGE_LOOP('',(#1150,#1151));
#1150 = ORIENTED_EDGE('',*,*,#222,.F.);
#1151 = ORIENTED_EDGE('',*,*,#1152,.T.);
#1152 = EDGE_CURVE('',#196,#223,#1153,.T.);
#1153 = SURFACE_CURVE('',#1154,(#1159,#1166),.PCURVE_S1.);
#1154 = CIRCLE('',#1155,4.);
#1155 = AXIS2_PLACEMENT_3D('',#1156,#1157,#1158);
#1156 = CARTESIAN_POINT('',(40.,0.,8.881784197001E-15));
#1157 = DIRECTION('',(1.,-0.,2.22044604925E-16));
#1158 = DIRECTION('',(2.22044604925E-16,0.,-1.));
#1159 = PCURVE('',#238,#1160);
#1160 = DEFINITIONAL_REPRESENTATION('',(#1161),#1165);
#1161 = CIRCLE('',#1162,4.);
#1162 = AXIS2_PLACEMENT_2D('',#1163,#1164);
#1163 = CARTESIAN_POINT('',(0.,0.));
#1164 = DIRECTION('',(1.,0.));
#1165 = ( GEOMETRIC_REPRESENTATION_CONTEXT(2) 
PARAMETRIC_REPRESENTATION_CONTEXT() REPRESENTATION_CONTEXT('2D SPACE',''
  ) );
#1166 = PCURVE('',#211,#1167);
#1167 = DEFINITIONAL_REPRESENTATION('',(#1168),#1172);
#1168 = LINE('',#1169,#1170);
#1169 = CARTESIAN_POINT('',(0.,80.));
#1170 = VECTOR('',#1171,1.);
#1171 = DIRECTION('',(1.,0.));
#1172 = ( GEOMETRIC_REPRESENTATION_CONTEXT(2) 
PARAMETRIC_REPRESENTATION_CONTEXT() REPRESENTATION_CONTEXT('2D SPACE',''
  ) );
#1173 = ADVANCED_FACE('',(#1174),#211,.T.);
#1174 = FACE_BOUND('',#1175,.T.);
#1175 = EDGE_LOOP('',(#1176,#1177,#1178,#1179,#1304));
#1176 = ORIENTED_EDGE('',*,*,#249,.T.);
#1177 = ORIENTED_EDGE('',*,*,#1152,.F.);
#1178 = ORIENTED_EDGE('',*,*,#195,.F.);
#1179 = ORIENTED_EDGE('',*,*,#1180,.T.);
#1180 = EDGE_CURVE('',#163,#1181,#1183,.T.);
#1181 = VERTEX_POINT('',#1182);
#1182 = CARTESIAN_POINT('',(26.,-1.469576158977E-15,4.));
#1183 = SURFACE_CURVE('',#1184,(#1222,#1263),.PCURVE_S1.);
#1184 = B_SPLINE_CURVE_WITH_KNOTS('',6,(#1185,#1186,#1187,#1188,#1189,
    #1190,#1191,#1192,#1193,#1194,#1195,#1196,#1197,#1198,#1199,#1200,
    #1201,#1202,#1203,#1204,#1205,#1206,#1207,#1208,#1209,#1210,#1211,
    #1212,#1213,#1214,#1215,#1216,#1217,#1218,#1219,#1220,#1221),
  .UNSPECIFIED.,.F.,.F.,(7,5,5,5,5,5,5,7),(0.,0.202816405685,
    0.417735165002,0.614012304025,0.686012350989,0.786505006838,
    0.865705456782,1.),.UNSPECIFIED.);
#1185 = CARTESIAN_POINT('',(24.472135955,3.999999999999,
    -2.399999999484E-06));
#1186 = CARTESIAN_POINT('',(24.472135851212,4.000000116039,
    0.193396458452));
#1187 = CARTESIAN_POINT('',(24.482171936073,3.98877940571,0.386491442295
    ));
#1188 = CARTESIAN_POINT('',(24.502185884097,3.966403254462,
    0.578516188054));
#1189 = CARTESIAN_POINT('',(24.531682057177,3.933000335435,
    0.768669554939));
#1190 = CARTESIAN_POINT('',(24.569725980823,3.888783074859,
    0.956047106139));
#1191 = CARTESIAN_POINT('',(24.66306882948,3.776431723093,1.334064820275
    ));
#1192 = CARTESIAN_POINT('',(24.719300830676,3.706981061179,
    1.524390626755));
#1193 = CARTESIAN_POINT('',(24.782514938011,3.62610607843,1.710342179787
    ));
#1194 = CARTESIAN_POINT('',(24.851407179825,3.533876397262,
    1.891598396742));
#1195 = CARTESIAN_POINT('',(24.924655749563,3.43027961322,2.067718111978
    ));
#1196 = CARTESIAN_POINT('',(25.070575119506,3.210164891097,
    2.393763127564));
#1197 = CARTESIAN_POINT('',(25.142784477037,3.095487235301,
    2.544723972264));
#1198 = CARTESIAN_POINT('',(25.216663108653,2.970928269506,
    2.690848337804));
#1199 = CARTESIAN_POINT('',(25.291322358211,2.836071276168,
    2.831790575693));
#1200 = CARTESIAN_POINT('',(25.365788587099,2.690410819644,
    2.966959724907));
#1201 = CARTESIAN_POINT('',(25.465745062816,2.475816526227,
    3.142589887272));
#1202 = CARTESIAN_POINT('',(25.492394762978,2.416690849686,
    3.188832971781));
#1203 = CARTESIAN_POINT('',(25.518813220094,2.356001283571,
    3.234141471576));
#1204 = CARTESIAN_POINT('',(25.544941436417,2.293717993943,
    3.278465738977));
#1205 = CARTESIAN_POINT('',(25.57071610934,2.229812195082,3.321748645477
    ));
#1206 = CARTESIAN_POINT('',(25.631456313408,2.072757582357,
    3.422793214727));
#1207 = CARTESIAN_POINT('',(25.666030982279,1.978022386769,
    3.479520558844));
#1208 = CARTESIAN_POINT('',(25.699597729862,1.880000951471,
    3.533911636836));
#1209 = CARTESIAN_POINT('',(25.731945307578,1.778654021502,
    3.585747678534));
#1210 = CARTESIAN_POINT('',(25.762847742826,1.6739531381,3.634786690418)
  );
#1211 = CARTESIAN_POINT('',(25.815091676735,1.480707135671,
    3.716997975593));
#1212 = CARTESIAN_POINT('',(25.837074524779,1.393428565033,
    3.751335088459));
#1213 = CARTESIAN_POINT('',(25.857876512587,1.304105938019,
    3.783613512296));
#1214 = CARTESIAN_POINT('',(25.877363164743,1.212806748277,
    3.813676963607));
#1215 = CARTESIAN_POINT('',(25.895403644056,1.119605413766,
    3.841373053196));
#1216 = CARTESIAN_POINT('',(25.939795886163,0.863461034708,
    3.909247791761));
#1217 = CARTESIAN_POINT('',(25.963257169682,0.696770737483,
    3.944795817399));
#1218 = CARTESIAN_POINT('',(25.981451570167,0.525758331481,
    3.972177321773));
#1219 = CARTESIAN_POINT('',(25.993802910497,0.351729682139,
    3.990704374252));
#1220 = CARTESIAN_POINT('',(26.,0.1760265384,4.));
#1221 = CARTESIAN_POINT('',(26.,7.347880794884E-16,4.));
#1222 = PCURVE('',#211,#1223);
#1223 = DEFINITIONAL_REPRESENTATION('',(#1224),#1262);
#1224 = B_SPLINE_CURVE_WITH_KNOTS('',6,(#1225,#1226,#1227,#1228,#1229,
    #1230,#1231,#1232,#1233,#1234,#1235,#1236,#1237,#1238,#1239,#1240,
    #1241,#1242,#1243,#1244,#1245,#1246,#1247,#1248,#1249,#1250,#1251,
    #1252,#1253,#1254,#1255,#1256,#1257,#1258,#1259,#1260,#1261),
  .UNSPECIFIED.,.F.,.F.,(7,5,5,5,5,5,5,7),(0.,0.202816405685,
    0.417735165002,0.614012304025,0.686012350989,0.786505006838,
    0.865705456782,1.),.UNSPECIFIED.);
#1225 = CARTESIAN_POINT('',(1.570795726795,64.472135955));
#1226 = CARTESIAN_POINT('',(1.619145441408,64.472135851212));
#1227 = CARTESIAN_POINT('',(1.667419144455,64.482171936073));
#1228 = CARTESIAN_POINT('',(1.715628973635,64.502185884097));
#1229 = CARTESIAN_POINT('',(1.763773946106,64.531682057177));
#1230 = CARTESIAN_POINT('',(1.811826325188,64.569725980823));
#1231 = CARTESIAN_POINT('',(1.910416454778,64.66306882948));
#1232 = CARTESIAN_POINT('',(1.960972630059,64.719300830676));
#1233 = CARTESIAN_POINT('',(2.011529014041,64.782514938011));
#1234 = CARTESIAN_POINT('',(2.062231427013,64.851407179825));
#1235 = CARTESIAN_POINT('',(2.113215265075,64.924655749563));
#1236 = CARTESIAN_POINT('',(2.21156281305,65.070575119506));
#1237 = CARTESIAN_POINT('',(2.258883549847,65.142784477037));
#1238 = CARTESIAN_POINT('',(2.306771103302,65.216663108653));
#1239 = CARTESIAN_POINT('',(2.355412194769,65.291322358211));
#1240 = CARTESIAN_POINT('',(2.404995124194,65.365788587099));
#1241 = CARTESIAN_POINT('',(2.474320743871,65.465745062816));
#1242 = CARTESIAN_POINT('',(2.493081639053,65.492394762978));
#1243 = CARTESIAN_POINT('',(2.512008602658,65.518813220094));
#1244 = CARTESIAN_POINT('',(2.531112207931,65.544941436417));
#1245 = CARTESIAN_POINT('',(2.550402865915,65.57071610934));
#1246 = CARTESIAN_POINT('',(2.597090763405,65.631456313408));
#1247 = CARTESIAN_POINT('',(2.624681671027,65.666030982279));
#1248 = CARTESIAN_POINT('',(2.652683729633,65.699597729862));
#1249 = CARTESIAN_POINT('',(2.681116962643,65.731945307578));
#1250 = CARTESIAN_POINT('',(2.710002495399,65.762847742826));
#1251 = CARTESIAN_POINT('',(2.762504110175,65.815091676735));
#1252 = CARTESIAN_POINT('',(2.785942831534,65.837074524779));
#1253 = CARTESIAN_POINT('',(2.809672615216,65.857876512587));
#1254 = CARTESIAN_POINT('',(2.833687802676,65.877363164743));
#1255 = CARTESIAN_POINT('',(2.85798435555,65.895403644056));
#1256 = CARTESIAN_POINT('',(2.924230545563,65.939795886163));
#1257 = CARTESIAN_POINT('',(2.966789213329,65.963257169682));
#1258 = CARTESIAN_POINT('',(3.009999661782,65.981451570167));
#1259 = CARTESIAN_POINT('',(3.053660234683,65.993802910497));
#1260 = CARTESIAN_POINT('',(3.09758601899,66.));
#1261 = CARTESIAN_POINT('',(3.14159265359,66.));
#1262 = ( GEOMETRIC_REPRESENTATION_CONTEXT(2) 
PARAMETRIC_REPRESENTATION_CONTEXT() REPRESENTATION_CONTEXT('2D SPACE',''
  ) );
#1263 = PCURVE('',#183,#1264);
#1264 = DEFINITIONAL_REPRESENTATION('',(#1265),#1303);
#1265 = B_SPLINE_CURVE_WITH_KNOTS('',6,(#1266,#1267,#1268,#1269,#1270,
    #1271,#1272,#1273,#1274,#1275,#1276,#1277,#1278,#1279,#1280,#1281,
    #1282,#1283,#1284,#1285,#1286,#1287,#1288,#1289,#1290,#1291,#1292,
    #1293,#1294,#1295,#1296,#1297,#1298,#1299,#1300,#1301,#1302),
  .UNSPECIFIED.,.F.,.F.,(7,5,5,5,5,5,5,7),(0.,0.202816405685,
    0.417735165002,0.614012304025,0.686012350989,0.786505006838,
    0.865705456782,1.),.UNSPECIFIED.);
#1266 = CARTESIAN_POINT('',(0.729727656227,-2.4E-06));
#1267 = CARTESIAN_POINT('',(0.729727682174,0.193396458452));
#1268 = CARTESIAN_POINT('',(0.727218671741,0.386491442295));
#1269 = CARTESIAN_POINT('',(0.7222151341,0.578516188054));
#1270 = CARTESIAN_POINT('',(0.714788431905,0.768669554939));
#1271 = CARTESIAN_POINT('',(0.705068059794,0.956047106139));
#1272 = CARTESIAN_POINT('',(0.680723476983,1.334064820275));
#1273 = CARTESIAN_POINT('',(0.665831124589,1.524390626755));
#1274 = CARTESIAN_POINT('',(0.648727051294,1.710342179787));
#1275 = CARTESIAN_POINT('',(0.629548833724,1.891598396742));
#1276 = CARTESIAN_POINT('',(0.608412286654,2.067718111978));
#1277 = CARTESIAN_POINT('',(0.564397467994,2.393763127564));
#1278 = CARTESIAN_POINT('',(0.541817421865,2.544723972264));
#1279 = CARTESIAN_POINT('',(0.517693959113,2.690848337804));
#1280 = CARTESIAN_POINT('',(0.492022672905,2.831790575693));
#1281 = CARTESIAN_POINT('',(0.464775654005,2.966959724907));
#1282 = CARTESIAN_POINT('',(0.425320331943,3.142589887272));
#1283 = CARTESIAN_POINT('',(0.414512139021,3.188832971781));
#1284 = CARTESIAN_POINT('',(0.403481840655,3.234141471576));
#1285 = CARTESIAN_POINT('',(0.392226470544,3.278465738977));
#1286 = CARTESIAN_POINT('',(0.380743000845,3.321748645477));
#1287 = CARTESIAN_POINT('',(0.352677836709,3.422793214727));
#1288 = CARTESIAN_POINT('',(0.335873027058,3.479520558844));
#1289 = CARTESIAN_POINT('',(0.318610105293,3.533911636836));
#1290 = CARTESIAN_POINT('',(0.300885625512,3.585747678534));
#1291 = CARTESIAN_POINT('',(0.282696072766,3.634786690418));
#1292 = CARTESIAN_POINT('',(0.249332150932,3.716997975593));
#1293 = CARTESIAN_POINT('',(0.234333659001,3.751335088459));
#1294 = CARTESIAN_POINT('',(0.219051940616,3.783613512296));
#1295 = CARTESIAN_POINT('',(0.203496829917,3.813676963607));
#1296 = CARTESIAN_POINT('',(0.187677988648,3.841373053196));
#1297 = CARTESIAN_POINT('',(0.144350869195,3.909247791761));
#1298 = CARTESIAN_POINT('',(0.11630948261,3.944795817399));
#1299 = CARTESIAN_POINT('',(8.767181813706E-02,3.972177321773));
#1300 = CARTESIAN_POINT('',(5.862161924079E-02,3.990704374252));
#1301 = CARTESIAN_POINT('',(2.933775639992E-02,4.));
#1302 = CARTESIAN_POINT('',(0.,4.));
#1303 = ( GEOMETRIC_REPRESENTATION_CONTEXT(2) 
PARAMETRIC_REPRESENTATION_CONTEXT() REPRESENTATION_CONTEXT('2D SPACE',''
  ) );
#1304 = ORIENTED_EDGE('',*,*,#1305,.T.);
#1305 = EDGE_CURVE('',#1181,#250,#1306,.T.);
#1306 = SURFACE_CURVE('',#1307,(#1345,#1386),.PCURVE_S1.);
#1307 = B_SPLINE_CURVE_WITH_KNOTS('',6,(#1308,#1309,#1310,#1311,#1312,
    #1313,#1314,#1315,#1316,#1317,#1318,#1319,#1320,#1321,#1322,#1323,
    #1324,#1325,#1326,#1327,#1328,#1329,#1330,#1331,#1332,#1333,#1334,
    #1335,#1336,#1337,#1338,#1339,#1340,#1341,#1342,#1343,#1344),
  .UNSPECIFIED.,.F.,.F.,(7,5,5,5,5,5,5,7),(0.,0.134690491068,
    0.213237926904,0.312760192345,0.385702355332,0.578953412137,
    0.805857405102,1.),.UNSPECIFIED.);
#1308 = CARTESIAN_POINT('',(26.,0.,4.));
#1309 = CARTESIAN_POINT('',(26.,-0.176552641811,4.));
#1310 = CARTESIAN_POINT('',(25.993765809479,-0.352758729726,
    3.990648724018));
#1311 = CARTESIAN_POINT('',(25.981343472384,-0.527265592066,
    3.972015172309));
#1312 = CARTESIAN_POINT('',(25.963048072591,-0.698729988877,
    3.944481095069));
#1313 = CARTESIAN_POINT('',(25.939460325917,-0.865844844265,
    3.908739375003));
#1314 = CARTESIAN_POINT('',(25.895019226238,-1.121556325201,
    3.840782513066));
#1315 = CARTESIAN_POINT('',(25.877105215323,-1.213956325171,
    3.813278073274));
#1316 = CARTESIAN_POINT('',(25.857770379101,-1.304484404366,
    3.783447059748));
#1317 = CARTESIAN_POINT('',(25.837142343972,-1.393068159116,
    3.751438125109));
#1318 = CARTESIAN_POINT('',(25.815352236043,-1.479641883056,
    3.717403661176));
#1319 = CARTESIAN_POINT('',(25.763621617354,-1.671216863112,
    3.636009851372));
#1320 = CARTESIAN_POINT('',(25.733054110092,-1.774981720544,
    3.587512405873));
#1321 = CARTESIAN_POINT('',(25.701064444741,-1.875457174513,
    3.536266422761));
#1322 = CARTESIAN_POINT('',(25.667872495084,-1.972670138929,
    3.482507564798));
#1323 = CARTESIAN_POINT('',(25.633684036445,-2.066657986365,
    3.426449262452));
#1324 = CARTESIAN_POINT('',(25.573042303937,-2.224024978274,
    3.325651836488));
#1325 = CARTESIAN_POINT('',(25.546957435802,-2.2888862311,3.281880887665
    ));
#1326 = CARTESIAN_POINT('',(25.520506060748,-2.35208066875,
    3.237037849935));
#1327 = CARTESIAN_POINT('',(25.493754175618,-2.413638163894,
    3.191182426007));
#1328 = CARTESIAN_POINT('',(25.466763247497,-2.47358968173,
    3.144366458404));
#1329 = CARTESIAN_POINT('',(25.367598689454,-2.686631360326,
    2.970172617038));
#1330 = CARTESIAN_POINT('',(25.294306229351,-2.830296437425,
    2.837237509191));
#1331 = CARTESIAN_POINT('',(25.220804285095,-2.963476901415,
    2.698690215104));
#1332 = CARTESIAN_POINT('',(25.148024261571,-3.086657535644,
    2.555099293099));
#1333 = CARTESIAN_POINT('',(25.076816014152,-3.200240567157,
    2.40680070489));
#1334 = CARTESIAN_POINT('',(24.927257574847,-3.426899442939,
    2.074499697223));
#1335 = CARTESIAN_POINT('',(24.849755101502,-3.53654591893,
    1.888625630751));
#1336 = CARTESIAN_POINT('',(24.777100757652,-3.633521215725,
    1.697024828087));
#1337 = CARTESIAN_POINT('',(24.710855741901,-3.717834483595,
    1.500226927499));
#1338 = CARTESIAN_POINT('',(24.65255592184,-3.789398842142,
    1.298612340842));
#1339 = CARTESIAN_POINT('',(24.561766970918,-3.898017821516,
    0.916016904382));
#1340 = CARTESIAN_POINT('',(24.526753007275,-3.93857943462,
    0.736202447704));
#1341 = CARTESIAN_POINT('',(24.499676598064,-3.969208694782,
    0.553926671325));
#1342 = CARTESIAN_POINT('',(24.481331309995,-3.989719261525,
    0.36999289075));
#1343 = CARTESIAN_POINT('',(24.472135855653,-4.000000111072,
    0.185119537922));
#1344 = CARTESIAN_POINT('',(24.472135955,-3.999999999999,
    -2.399999998504E-06));
#1345 = PCURVE('',#211,#1346);
#1346 = DEFINITIONAL_REPRESENTATION('',(#1347),#1385);
#1347 = B_SPLINE_CURVE_WITH_KNOTS('',6,(#1348,#1349,#1350,#1351,#1352,
    #1353,#1354,#1355,#1356,#1357,#1358,#1359,#1360,#1361,#1362,#1363,
    #1364,#1365,#1366,#1367,#1368,#1369,#1370,#1371,#1372,#1373,#1374,
    #1375,#1376,#1377,#1378,#1379,#1380,#1381,#1382,#1383,#1384),
  .UNSPECIFIED.,.F.,.F.,(7,5,5,5,5,5,5,7),(0.,0.134690491068,
    0.213237926904,0.312760192345,0.385702355332,0.578953412137,
    0.805857405102,1.),.UNSPECIFIED.);
#1348 = CARTESIAN_POINT('',(3.14159265359,66.));
#1349 = CARTESIAN_POINT('',(3.185730814043,66.));
#1350 = CARTESIAN_POINT('',(3.22978233417,65.993765809479));
#1351 = CARTESIAN_POINT('',(3.273563840655,65.981343472384));
#1352 = CARTESIAN_POINT('',(3.316891203915,65.963048072591));
#1353 = CARTESIAN_POINT('',(3.359563378399,65.939460325917));
#1354 = CARTESIAN_POINT('',(3.425710230444,65.895019226238));
#1355 = CARTESIAN_POINT('',(3.449801379057,65.877105215323));
#1356 = CARTESIAN_POINT('',(3.473615666688,65.857770379101));
#1357 = CARTESIAN_POINT('',(3.497149178,65.837142343972));
#1358 = CARTESIAN_POINT('',(3.520396432076,65.815352236043));
#1359 = CARTESIAN_POINT('',(3.572433633467,65.763621617354));
#1360 = CARTESIAN_POINT('',(3.601050358346,65.733054110092));
#1361 = CARTESIAN_POINT('',(3.629223157417,65.701064444741));
#1362 = CARTESIAN_POINT('',(3.656972439423,65.667872495084));
#1363 = CARTESIAN_POINT('',(3.684317536916,65.633684036445));
#1364 = CARTESIAN_POINT('',(3.731037775587,65.573042303937));
#1365 = CARTESIAN_POINT('',(3.750594427524,65.546957435802));
#1366 = CARTESIAN_POINT('',(3.769958517157,65.520506060748));
#1367 = CARTESIAN_POINT('',(3.789140863192,65.493754175618));
#1368 = CARTESIAN_POINT('',(3.808152443921,65.466763247497));
#1369 = CARTESIAN_POINT('',(3.876950268737,65.367598689454));
#1370 = CARTESIAN_POINT('',(3.925792023147,65.294306229351));
#1371 = CARTESIAN_POINT('',(3.973716337428,65.220804285095));
#1372 = CARTESIAN_POINT('',(4.020903475863,65.148024261571));
#1373 = CARTESIAN_POINT('',(4.067532288145,65.076816014152));
#1374 = CARTESIAN_POINT('',(4.168092657348,64.927257574847));
#1375 = CARTESIAN_POINT('',(4.221927569003,64.849755101502));
#1376 = CARTESIAN_POINT('',(4.275448326804,64.777100757652));
#1377 = CARTESIAN_POINT('',(4.328810811109,64.710855741901));
#1378 = CARTESIAN_POINT('',(4.382184511632,64.65255592184));
#1379 = CARTESIAN_POINT('',(4.481613302319,64.561766970918));
#1380 = CARTESIAN_POINT('',(4.52762733026,64.526753007275));
#1381 = CARTESIAN_POINT('',(4.573728768305,64.499676598064));
#1382 = CARTESIAN_POINT('',(4.619890790654,64.481331309995));
#1383 = CARTESIAN_POINT('',(4.666109095904,64.472135855653));
#1384 = CARTESIAN_POINT('',(4.712389580385,64.472135955));
#1385 = ( GEOMETRIC_REPRESENTATION_CONTEXT(2) 
PARAMETRIC_REPRESENTATION_CONTEXT() REPRESENTATION_CONTEXT('2D SPACE',''
  ) );
#1386 = PCURVE('',#183,#1387);
#1387 = DEFINITIONAL_REPRESENTATION('',(#1388),#1426);
#1388 = B_SPLINE_CURVE_WITH_KNOTS('',6,(#1389,#1390,#1391,#1392,#1393,
    #1394,#1395,#1396,#1397,#1398,#1399,#1400,#1401,#1402,#1403,#1404,
    #1405,#1406,#1407,#1408,#1409,#1410,#1411,#1412,#1413,#1414,#1415,
    #1416,#1417,#1418,#1419,#1420,#1421,#1422,#1423,#1424,#1425),
  .UNSPECIFIED.,.F.,.F.,(7,5,5,5,5,5,5,7),(0.,0.134690491068,
    0.213237926904,0.312760192345,0.385702355332,0.578953412137,
    0.805857405102,1.),.UNSPECIFIED.);
#1389 = CARTESIAN_POINT('',(6.28318530718,4.));
#1390 = CARTESIAN_POINT('',(6.253759866878,4.));
#1391 = CARTESIAN_POINT('',(6.224392179475,3.990648724018));
#1392 = CARTESIAN_POINT('',(6.19526187088,3.972015172309));
#1393 = CARTESIAN_POINT('',(6.166547712442,3.944481095069));
#1394 = CARTESIAN_POINT('',(6.138433424708,3.908739375003));
#1395 = CARTESIAN_POINT('',(6.095175999905,3.840782513066));
#1396 = CARTESIAN_POINT('',(6.079492207024,3.813278073274));
#1397 = CARTESIAN_POINT('',(6.064067960358,3.783447059748));
#1398 = CARTESIAN_POINT('',(6.0489126618,3.751438125109));
#1399 = CARTESIAN_POINT('',(6.034035879606,3.717403661176));
#1400 = CARTESIAN_POINT('',(6.000963135754,3.636009851372));
#1401 = CARTESIAN_POINT('',(5.98293887119,3.587512405873));
#1402 = CARTESIAN_POINT('',(5.96537072975,3.536266422761));
#1403 = CARTESIAN_POINT('',(5.948255383573,3.482507564798));
#1404 = CARTESIAN_POINT('',(5.931589569561,3.426449262452));
#1405 = CARTESIAN_POINT('',(5.903481746479,3.325651836488));
#1406 = CARTESIAN_POINT('',(5.891831302436,3.281880887665));
#1407 = CARTESIAN_POINT('',(5.880415128367,3.237037849935));
#1408 = CARTESIAN_POINT('',(5.869230074999,3.191182426007));
#1409 = CARTESIAN_POINT('',(5.858273061863,3.144366458404));
#1410 = CARTESIAN_POINT('',(5.819108038354,2.970172617038));
#1411 = CARTESIAN_POINT('',(5.792245349386,2.837237509191));
#1412 = CARTESIAN_POINT('',(5.766911153226,2.698690215104));
#1413 = CARTESIAN_POINT('',(5.743078214077,2.555099293099));
#1414 = CARTESIAN_POINT('',(5.720741244302,2.40680070489));
#1415 = CARTESIAN_POINT('',(5.67548212222,2.074499697223));
#1416 = CARTESIAN_POINT('',(5.653114930465,1.888625630752));
#1417 = CARTESIAN_POINT('',(5.632929202001,1.697024828087));
#1418 = CARTESIAN_POINT('',(5.615062906314,1.500226927499));
#1419 = CARTESIAN_POINT('',(5.599679859793,1.298612340842));
#1420 = CARTESIAN_POINT('',(5.576085653648,0.916016904382));
#1421 = CARTESIAN_POINT('',(5.567156164234,0.736202447704));
#1422 = CARTESIAN_POINT('',(5.560342840623,0.553926671325));
#1423 = CARTESIAN_POINT('',(5.55575648187,0.36999289075));
#1424 = CARTESIAN_POINT('',(5.553457626116,0.185119537922));
#1425 = CARTESIAN_POINT('',(5.553457650953,-2.4E-06));
#1426 = ( GEOMETRIC_REPRESENTATION_CONTEXT(2) 
PARAMETRIC_REPRESENTATION_CONTEXT() REPRESENTATION_CONTEXT('2D SPACE',''
  ) );
#1427 = ADVANCED_FACE('',(#1428),#183,.T.);
#1428 = FACE_BOUND('',#1429,.T.);
#1429 = EDGE_LOOP('',(#1430,#1453,#1454,#1455,#1683,#1684,#1685,#1686));
#1430 = ORIENTED_EDGE('',*,*,#1431,.F.);
#1431 = EDGE_CURVE('',#1181,#1432,#1434,.T.);
#1432 = VERTEX_POINT('',#1433);
#1433 = CARTESIAN_POINT('',(26.,-1.469576158977E-15,24.));
#1434 = SEAM_CURVE('',#1435,(#1439,#1446),.PCURVE_S1.);
#1435 = LINE('',#1436,#1437);
#1436 = CARTESIAN_POINT('',(26.,-1.469576158977E-15,0.));
#1437 = VECTOR('',#1438,1.);
#1438 = DIRECTION('',(0.,0.,1.));
#1439 = PCURVE('',#183,#1440);
#1440 = DEFINITIONAL_REPRESENTATION('',(#1441),#1445);
#1441 = LINE('',#1442,#1443);
#1442 = CARTESIAN_POINT('',(0.,-0.));
#1443 = VECTOR('',#1444,1.);
#1444 = DIRECTION('',(0.,1.));
#1445 = ( GEOMETRIC_REPRESENTATION_CONTEXT(2) 
PARAMETRIC_REPRESENTATION_CONTEXT() REPRESENTATION_CONTEXT('2D SPACE',''
  ) );
#1446 = PCURVE('',#183,#1447);
#1447 = DEFINITIONAL_REPRESENTATION('',(#1448),#1452);
#1448 = LINE('',#1449,#1450);
#1449 = CARTESIAN_POINT('',(6.28318530718,-0.));
#1450 = VECTOR('',#1451,1.);
#1451 = DIRECTION('',(0.,1.));
#1452 = ( GEOMETRIC_REPRESENTATION_CONTEXT(2) 
PARAMETRIC_REPRESENTATION_CONTEXT() REPRESENTATION_CONTEXT('2D SPACE',''
  ) );
#1453 = ORIENTED_EDGE('',*,*,#1180,.F.);
#1454 = ORIENTED_EDGE('',*,*,#162,.F.);
#1455 = ORIENTED_EDGE('',*,*,#1456,.T.);
#1456 = EDGE_CURVE('',#136,#272,#1457,.T.);
#1457 = SURFACE_CURVE('',#1458,(#1531,#1607),.PCURVE_S1.);
#1458 = B_SPLINE_CURVE_WITH_KNOTS('',6,(#1459,#1460,#1461,#1462,#1463,
    #1464,#1465,#1466,#1467,#1468,#1469,#1470,#1471,#1472,#1473,#1474,
    #1475,#1476,#1477,#1478,#1479,#1480,#1481,#1482,#1483,#1484,#1485,
    #1486,#1487,#1488,#1489,#1490,#1491,#1492,#1493,#1494,#1495,#1496,
    #1497,#1498,#1499,#1500,#1501,#1502,#1503,#1504,#1505,#1506,#1507,
    #1508,#1509,#1510,#1511,#1512,#1513,#1514,#1515,#1516,#1517,#1518,
    #1519,#1520,#1521,#1522,#1523,#1524,#1525,#1526,#1527,#1528,#1529,
    #1530),.UNSPECIFIED.,.F.,.F.,(7,5,5,5,5,5,5,5,5,5,5,5,5,5,7),(0.,
    8.313346419367E-02,0.208820167936,0.306970168089,0.342974387872,
    0.393226572703,0.456454380157,0.544257772795,0.606521685391,
    0.656285661533,0.692758827036,0.78938988489,0.899176597315,
    0.955024502108,1.),.UNSPECIFIED.);
#1459 = CARTESIAN_POINT('',(15.527864045,3.999999999999,
    -2.400000000477E-06));
#1460 = CARTESIAN_POINT('',(15.527864130087,4.00000009513,0.158548244765
    ));
#1461 = CARTESIAN_POINT('',(15.521118926984,3.99245872282,0.316978021614
    ));
#1462 = CARTESIAN_POINT('',(15.507647535853,3.977397277857,
    0.474816265568));
#1463 = CARTESIAN_POINT('',(15.48767959305,3.954880437881,0.631580424611
    ));
#1464 = CARTESIAN_POINT('',(15.461656876315,3.925022063258,
    0.786746103774));
#1465 = CARTESIAN_POINT('',(15.382641555427,3.832151791617,1.17099317571
    ));
#1466 = CARTESIAN_POINT('',(15.322716180237,3.760056342003,
    1.396992804314));
#1467 = CARTESIAN_POINT('',(15.252274264082,3.672209351166,
    1.617375006557));
#1468 = CARTESIAN_POINT('',(15.173403315376,3.568766532927,
    1.831582786342));
#1469 = CARTESIAN_POINT('',(15.088270362938,3.44977824224,2.03883576035)
  );
#1470 = CARTESIAN_POINT('',(14.929424886256,3.210164899788,
    2.393763114689));
#1471 = CARTESIAN_POINT('',(14.857215513172,3.095487217854,
    2.544723991976));
#1472 = CARTESIAN_POINT('',(14.783336891723,2.970928272008,
    2.690848338415));
#1473 = CARTESIAN_POINT('',(14.708677651772,2.836071294818,
    2.831790556238));
#1474 = CARTESIAN_POINT('',(14.634211406367,2.690410805616,
    2.966959736388));
#1475 = CARTESIAN_POINT('',(14.534254937184,2.475816526227,
    3.142589887272));
#1476 = CARTESIAN_POINT('',(14.507605237022,2.416690849686,
    3.188832971781));
#1477 = CARTESIAN_POINT('',(14.481186779906,2.356001283571,
    3.234141471576));
#1478 = CARTESIAN_POINT('',(14.455058563583,2.293717993943,
    3.278465738977));
#1479 = CARTESIAN_POINT('',(14.42928389066,2.229812195082,3.321748645477
    ));
#1480 = CARTESIAN_POINT('',(14.368543686591,2.072757582357,
    3.422793214727));
#1481 = CARTESIAN_POINT('',(14.333969017721,1.978022386769,
    3.479520558844));
#1482 = CARTESIAN_POINT('',(14.300402270138,1.880000951471,
    3.533911636836));
#1483 = CARTESIAN_POINT('',(14.268054692422,1.778654021502,
    3.585747678534));
#1484 = CARTESIAN_POINT('',(14.237152257174,1.6739531381,3.634786690418)
  );
#1485 = CARTESIAN_POINT('',(14.171173652086,1.429903719817,
    3.738610914831));
#1486 = CARTESIAN_POINT('',(14.137025095944,1.288386089551,
    3.791696632097));
#1487 = CARTESIAN_POINT('',(14.106102751113,1.141706870535,
    3.839275327043));
#1488 = CARTESIAN_POINT('',(14.078977805939,0.990291161782,
    3.880677833068));
#1489 = CARTESIAN_POINT('',(14.056165211065,0.834609422915,
    3.915302217473));
#1490 = CARTESIAN_POINT('',(14.013036144278,0.453774487068,
    3.980520707878));
#1491 = CARTESIAN_POINT('',(13.997162474055,0.22536919147,4.004278187676
    ));
#1492 = CARTESIAN_POINT('',(13.991878801944,-6.563761276673E-03,
    4.012125075273));
#1493 = CARTESIAN_POINT('',(13.99767558013,-0.238429645365,
    4.003512521352));
#1494 = CARTESIAN_POINT('',(14.014034964931,-0.466636474361,
    3.979021928567));
#1495 = CARTESIAN_POINT('',(14.057631696417,-0.844490539595,
    3.913075837359));
#1496 = CARTESIAN_POINT('',(14.080310118778,-0.9975880247,3.878643068027
    ));
#1497 = CARTESIAN_POINT('',(14.10715016963,-1.146524014623,
    3.837661370236));
#1498 = CARTESIAN_POINT('',(14.137659020624,-1.290855429112,3.7907069374
    ));
#1499 = CARTESIAN_POINT('',(14.171292174019,-1.430181873861,
    3.738417566959));
#1500 = CARTESIAN_POINT('',(14.236378382646,-1.671216863112,
    3.636009851372));
#1501 = CARTESIAN_POINT('',(14.266945889908,-1.774981720544,
    3.587512405873));
#1502 = CARTESIAN_POINT('',(14.298935555259,-1.875457174513,
    3.536266422761));
#1503 = CARTESIAN_POINT('',(14.332127504915,-1.972670138929,
    3.482507564798));
#1504 = CARTESIAN_POINT('',(14.366315963555,-2.066657986365,
    3.426449262452));
#1505 = CARTESIAN_POINT('',(14.426957696063,-2.224024978274,
    3.325651836488));
#1506 = CARTESIAN_POINT('',(14.453042564198,-2.2888862311,3.281880887665
    ));
#1507 = CARTESIAN_POINT('',(14.479493939252,-2.35208066875,
    3.237037849935));
#1508 = CARTESIAN_POINT('',(14.506245824382,-2.413638163894,
    3.191182426007));
#1509 = CARTESIAN_POINT('',(14.533236752503,-2.47358968173,
    3.144366458404));
#1510 = CARTESIAN_POINT('',(14.632401316605,-2.686631373343,
    2.970172606394));
#1511 = CARTESIAN_POINT('',(14.705693761349,-2.830296420025,
    2.837237527272));
#1512 = CARTESIAN_POINT('',(14.779195714576,-2.963476899137,
    2.698690214522));
#1513 = CARTESIAN_POINT('',(14.851975747558,-3.086657551947,
    2.555099274774));
#1514 = CARTESIAN_POINT('',(14.92318398046,-3.200240558991,
    2.406800716862));
#1515 = CARTESIAN_POINT('',(15.070128568955,-3.422938090373,
    2.080307373825));
#1516 = CARTESIAN_POINT('',(15.145215732682,-3.529421440639,
    1.900670487702));
#1517 = CARTESIAN_POINT('',(15.215809731151,-3.6240385404,1.715660158302
    ));
#1518 = CARTESIAN_POINT('',(15.28050247721,-3.706807236311,
    1.525747464909));
#1519 = CARTESIAN_POINT('',(15.337903736157,-3.777655955545,
    1.331272334761));
#1520 = CARTESIAN_POINT('',(15.41153398418,-3.8661980343,1.031325484735)
  );
#1521 = CARTESIAN_POINT('',(15.434124368598,-3.892891836655,
    0.929114306119));
#1522 = CARTESIAN_POINT('',(15.45428411649,-3.916367242553,
    0.825965777752));
#1523 = CARTESIAN_POINT('',(15.471844080563,-3.936580308378,
    0.722008065374));
#1524 = CARTESIAN_POINT('',(15.486664174608,-3.953495621475,
    0.617358397878));
#1525 = CARTESIAN_POINT('',(15.508278722406,-3.978021194329,
    0.427374925002));
#1526 = CARTESIAN_POINT('',(15.516072180613,-3.986799596674,
    0.342263127063));
#1527 = CARTESIAN_POINT('',(15.521957616195,-3.993396491433,
    0.256880277064));
#1528 = CARTESIAN_POINT('',(15.525895039114,-3.997798838228,
    0.171316704672));
#1529 = CARTESIAN_POINT('',(15.527864090971,-4.000000051397,
    8.566051727823E-02));
#1530 = CARTESIAN_POINT('',(15.527864045,-3.999999999999,
    -2.399999995945E-06));
#1531 = PCURVE('',#183,#1532);
#1532 = DEFINITIONAL_REPRESENTATION('',(#1533),#1606);
#1533 = B_SPLINE_CURVE_WITH_KNOTS('',6,(#1534,#1535,#1536,#1537,#1538,
    #1539,#1540,#1541,#1542,#1543,#1544,#1545,#1546,#1547,#1548,#1549,
    #1550,#1551,#1552,#1553,#1554,#1555,#1556,#1557,#1558,#1559,#1560,
    #1561,#1562,#1563,#1564,#1565,#1566,#1567,#1568,#1569,#1570,#1571,
    #1572,#1573,#1574,#1575,#1576,#1577,#1578,#1579,#1580,#1581,#1582,
    #1583,#1584,#1585,#1586,#1587,#1588,#1589,#1590,#1591,#1592,#1593,
    #1594,#1595,#1596,#1597,#1598,#1599,#1600,#1601,#1602,#1603,#1604,
    #1605),.UNSPECIFIED.,.F.,.F.,(7,5,5,5,5,5,5,5,5,5,5,5,5,5,7),(0.,
    8.313346419367E-02,0.208820167936,0.306970168089,0.342974387872,
    0.393226572703,0.456454380157,0.544257772795,0.606521685391,
    0.656285661533,0.692758827036,0.78938988489,0.899176597315,
    0.955024502108,1.),.UNSPECIFIED.);
#1534 = CARTESIAN_POINT('',(2.411864997363,-2.4E-06));
#1535 = CARTESIAN_POINT('',(2.411864976091,0.158548244765));
#1536 = CARTESIAN_POINT('',(2.413551274391,0.316978021614));
#1537 = CARTESIAN_POINT('',(2.416919133704,0.474816265568));
#1538 = CARTESIAN_POINT('',(2.421934934433,0.631580424611));
#1539 = CARTESIAN_POINT('',(2.428535608567,0.786746103774));
#1540 = CARTESIAN_POINT('',(2.448858220692,1.17099317571));
#1541 = CARTESIAN_POINT('',(2.464481953688,1.396992804314));
#1542 = CARTESIAN_POINT('',(2.483244305864,1.617375006557));
#1543 = CARTESIAN_POINT('',(2.504912283913,1.831582786342));
#1544 = CARTESIAN_POINT('',(2.529281360944,2.03883576035));
#1545 = CARTESIAN_POINT('',(2.577195183858,2.393763114689));
#1546 = CARTESIAN_POINT('',(2.599775235067,2.544723991976));
#1547 = CARTESIAN_POINT('',(2.623898694082,2.690848338415));
#1548 = CARTESIAN_POINT('',(2.649569977152,2.831790556238));
#1549 = CARTESIAN_POINT('',(2.676817002163,2.966959736388));
#1550 = CARTESIAN_POINT('',(2.716272321646,3.142589887272));
#1551 = CARTESIAN_POINT('',(2.727080514569,3.188832971781));
#1552 = CARTESIAN_POINT('',(2.738110812935,3.234141471576));
#1553 = CARTESIAN_POINT('',(2.749366183046,3.278465738977));
#1554 = CARTESIAN_POINT('',(2.760849652745,3.321748645477));
#1555 = CARTESIAN_POINT('',(2.788914816881,3.422793214727));
#1556 = CARTESIAN_POINT('',(2.805719626531,3.479520558844));
#1557 = CARTESIAN_POINT('',(2.822982548297,3.533911636836));
#1558 = CARTESIAN_POINT('',(2.840707028078,3.585747678534));
#1559 = CARTESIAN_POINT('',(2.858896580823,3.634786690418));
#1560 = CARTESIAN_POINT('',(2.901031712277,3.738610914831));
#1561 = CARTESIAN_POINT('',(2.925285953497,3.791696632097));
#1562 = CARTESIAN_POINT('',(2.950253519944,3.839275327043));
#1563 = CARTESIAN_POINT('',(2.975872399743,3.880677833068));
#1564 = CARTESIAN_POINT('',(3.002082373967,3.915302217473));
#1565 = CARTESIAN_POINT('',(3.065960592469,3.980520707878));
#1566 = CARTESIAN_POINT('',(3.104084115705,4.004278187676));
#1567 = CARTESIAN_POINT('',(3.142685097233,4.012125075273));
#1568 = CARTESIAN_POINT('',(3.181277036919,4.003512521352));
#1569 = CARTESIAN_POINT('',(3.219373415816,3.979021928567));
#1570 = CARTESIAN_POINT('',(3.282766889369,3.913075837359));
#1571 = CARTESIAN_POINT('',(3.308548179669,3.878643068027));
#1572 = CARTESIAN_POINT('',(3.333752796981,3.837661370236));
#1573 = CARTESIAN_POINT('',(3.35832402909,3.7907069374));
#1574 = CARTESIAN_POINT('',(3.382203501571,3.738417566959));
#1575 = CARTESIAN_POINT('',(3.423814825015,3.636009851372));
#1576 = CARTESIAN_POINT('',(3.441839089579,3.587512405873));
#1577 = CARTESIAN_POINT('',(3.45940723102,3.536266422761));
#1578 = CARTESIAN_POINT('',(3.476522577197,3.482507564798));
#1579 = CARTESIAN_POINT('',(3.493188391208,3.426449262452));
#1580 = CARTESIAN_POINT('',(3.521296214291,3.325651836488));
#1581 = CARTESIAN_POINT('',(3.532946658333,3.281880887665));
#1582 = CARTESIAN_POINT('',(3.544362832403,3.237037849935));
#1583 = CARTESIAN_POINT('',(3.555547885771,3.191182426007));
#1584 = CARTESIAN_POINT('',(3.566504898907,3.144366458404));
#1585 = CARTESIAN_POINT('',(3.605669924808,2.970172606394));
#1586 = CARTESIAN_POINT('',(3.632532608088,2.837237527272));
#1587 = CARTESIAN_POINT('',(3.657866807185,2.698690214522));
#1588 = CARTESIAN_POINT('',(3.681699749814,2.555099274774));
#1589 = CARTESIAN_POINT('',(3.704036714837,2.406800716862));
#1590 = CARTESIAN_POINT('',(3.748504837805,2.080307373825));
#1591 = CARTESIAN_POINT('',(3.77021029659,1.900670487702));
#1592 = CARTESIAN_POINT('',(3.789876379764,1.715660158302));
#1593 = CARTESIAN_POINT('',(3.807380631159,1.525747464909));
#1594 = CARTESIAN_POINT('',(3.822576655185,1.331272334761));
#1595 = CARTESIAN_POINT('',(3.841769472949,1.031325484735));
#1596 = CARTESIAN_POINT('',(3.847597550958,0.929114306119));
#1597 = CARTESIAN_POINT('',(3.852754667029,0.825965777752));
#1598 = CARTESIAN_POINT('',(3.857217167211,0.722008065374));
#1599 = CARTESIAN_POINT('',(3.860965346515,0.617358397878));
#1600 = CARTESIAN_POINT('',(3.866413823367,0.427374925002));
#1601 = CARTESIAN_POINT('',(3.868370276792,0.342263127063));
#1602 = CARTESIAN_POINT('',(3.869843710829,0.256880277064));
#1603 = CARTESIAN_POINT('',(3.870828084443,0.171316704672));
#1604 = CARTESIAN_POINT('',(3.871320321309,8.566051727823E-02));
#1605 = CARTESIAN_POINT('',(3.871320309817,-2.4E-06));
#1606 = ( GEOMETRIC_REPRESENTATION_CONTEXT(2) 
PARAMETRIC_REPRESENTATION_CONTEXT() REPRESENTATION_CONTEXT('2D SPACE',''
  ) );
#1607 = PCURVE('',#151,#1608);
#1608 = DEFINITIONAL_REPRESENTATION('',(#1609),#1682);
#1609 = B_SPLINE_CURVE_WITH_KNOTS('',6,(#1610,#1611,#1612,#1613,#1614,
    #1615,#1616,#1617,#1618,#1619,#1620,#1621,#1622,#1623,#1624,#1625,
    #1626,#1627,#1628,#1629,#1630,#1631,#1632,#1633,#1634,#1635,#1636,
    #1637,#1638,#1639,#1640,#1641,#1642,#1643,#1644,#1645,#1646,#1647,
    #1648,#1649,#1650,#1651,#1652,#1653,#1654,#1655,#1656,#1657,#1658,
    #1659,#1660,#1661,#1662,#1663,#1664,#1665,#1666,#1667,#1668,#1669,
    #1670,#1671,#1672,#1673,#1674,#1675,#1676,#1677,#1678,#1679,#1680,
    #1681),.UNSPECIFIED.,.F.,.F.,(7,5,5,5,5,5,5,5,5,5,5,5,5,5,7),(0.,
    8.313346419367E-02,0.208820167936,0.306970168089,0.342974387872,
    0.393226572703,0.456454380157,0.544257772795,0.606521685391,
    0.656285661533,0.692758827036,0.78938988489,0.899176597315,
    0.955024502108,1.),.UNSPECIFIED.);
#1610 = CARTESIAN_POINT('',(1.570795726795,55.527864045));
#1611 = CARTESIAN_POINT('',(1.610433387986,55.527864130087));
#1612 = CARTESIAN_POINT('',(1.650040819345,55.521118926984));
#1613 = CARTESIAN_POINT('',(1.689612532404,55.507647535853));
#1614 = CARTESIAN_POINT('',(1.729138857691,55.48767959305));
#1615 = CARTESIAN_POINT('',(1.768598241199,55.461656876315));
#1616 = CARTESIAN_POINT('',(1.867425963665,55.382641555427));
#1617 = CARTESIAN_POINT('',(1.926578972869,55.322716180237));
#1618 = CARTESIAN_POINT('',(1.98567053674,55.252274264082));
#1619 = CARTESIAN_POINT('',(2.044915485916,55.173403315376));
#1620 = CARTESIAN_POINT('',(2.104503251928,55.088270362938));
#1621 = CARTESIAN_POINT('',(2.211562809167,54.929424886256));
#1622 = CARTESIAN_POINT('',(2.258883556487,54.857215513172));
#1623 = CARTESIAN_POINT('',(2.30677110299,54.783336891723));
#1624 = CARTESIAN_POINT('',(2.355412187973,54.708677651772));
#1625 = CARTESIAN_POINT('',(2.404995128725,54.634211406367));
#1626 = CARTESIAN_POINT('',(2.474320743871,54.534254937184));
#1627 = CARTESIAN_POINT('',(2.493081639053,54.507605237022));
#1628 = CARTESIAN_POINT('',(2.512008602658,54.481186779906));
#1629 = CARTESIAN_POINT('',(2.531112207931,54.455058563583));
#1630 = CARTESIAN_POINT('',(2.550402865915,54.42928389066));
#1631 = CARTESIAN_POINT('',(2.597090763405,54.368543686591));
#1632 = CARTESIAN_POINT('',(2.624681671027,54.333969017721));
#1633 = CARTESIAN_POINT('',(2.652683729633,54.300402270138));
#1634 = CARTESIAN_POINT('',(2.681116962643,54.268054692422));
#1635 = CARTESIAN_POINT('',(2.710002495399,54.237152257174));
#1636 = CARTESIAN_POINT('',(2.776306524377,54.171173652086));
#1637 = CARTESIAN_POINT('',(2.814057675305,54.137025095944));
#1638 = CARTESIAN_POINT('',(2.852548120726,54.106102751113));
#1639 = CARTESIAN_POINT('',(2.891724966344,54.078977805939));
#1640 = CARTESIAN_POINT('',(2.931548073691,54.056165211065));
#1641 = CARTESIAN_POINT('',(3.028142813407,54.013036144278));
#1642 = CARTESIAN_POINT('',(3.085427325566,53.997162474055));
#1643 = CARTESIAN_POINT('',(3.143228538858,53.991878801944));
#1644 = CARTESIAN_POINT('',(3.201020005133,53.99767558013));
#1645 = CARTESIAN_POINT('',(3.258274820199,54.014034964931));
#1646 = CARTESIAN_POINT('',(3.354166224128,54.057631696417));
#1647 = CARTESIAN_POINT('',(3.393350691613,54.080310118778));
#1648 = CARTESIAN_POINT('',(3.431905020561,54.10715016963));
#1649 = CARTESIAN_POINT('',(3.469791797996,54.137659020624));
#1650 = CARTESIAN_POINT('',(3.506961689927,54.171292174019));
#1651 = CARTESIAN_POINT('',(3.572433633467,54.236378382646));
#1652 = CARTESIAN_POINT('',(3.601050358346,54.266945889908));
#1653 = CARTESIAN_POINT('',(3.629223157417,54.298935555259));
#1654 = CARTESIAN_POINT('',(3.656972439423,54.332127504915));
#1655 = CARTESIAN_POINT('',(3.684317536916,54.366315963555));
#1656 = CARTESIAN_POINT('',(3.731037775587,54.426957696063));
#1657 = CARTESIAN_POINT('',(3.750594427524,54.453042564198));
#1658 = CARTESIAN_POINT('',(3.769958517157,54.479493939252));
#1659 = CARTESIAN_POINT('',(3.789140863192,54.506245824382));
#1660 = CARTESIAN_POINT('',(3.808152443921,54.533236752503));
#1661 = CARTESIAN_POINT('',(3.87695027294,54.632401316605));
#1662 = CARTESIAN_POINT('',(3.925792016821,54.705693761349));
#1663 = CARTESIAN_POINT('',(3.973716337148,54.779195714576));
#1664 = CARTESIAN_POINT('',(4.020903482048,54.851975747558));
#1665 = CARTESIAN_POINT('',(4.067532284522,54.92318398046));
#1666 = CARTESIAN_POINT('',(4.166335148072,55.070128568955));
#1667 = CARTESIAN_POINT('',(4.218436286885,55.145215732682));
#1668 = CARTESIAN_POINT('',(4.270236638313,55.215809731151));
#1669 = CARTESIAN_POINT('',(4.321880946274,55.28050247721));
#1670 = CARTESIAN_POINT('',(4.373525148938,55.337903736157));
#1671 = CARTESIAN_POINT('',(4.451710750454,55.41153398418));
#1672 = CARTESIAN_POINT('',(4.478107421508,55.434124368598));
#1673 = CARTESIAN_POINT('',(4.504534063061,55.45428411649));
#1674 = CARTESIAN_POINT('',(4.530990149105,55.471844080563));
#1675 = CARTESIAN_POINT('',(4.557478684701,55.486664174608));
#1676 = CARTESIAN_POINT('',(4.605368678234,55.508278722406));
#1677 = CARTESIAN_POINT('',(4.626752456366,55.516072180613));
#1678 = CARTESIAN_POINT('',(4.648151234933,55.521957616195));
#1679 = CARTESIAN_POINT('',(4.669559842068,55.525895039114));
#1680 = CARTESIAN_POINT('',(4.690973851065,55.527864090971));
#1681 = CARTESIAN_POINT('',(4.712389580385,55.527864045));
#1682 = ( GEOMETRIC_REPRESENTATION_CONTEXT(2) 
PARAMETRIC_REPRESENTATION_CONTEXT() REPRESENTATION_CONTEXT('2D SPACE',''
  ) );
#1683 = ORIENTED_EDGE('',*,*,#271,.F.);
#1684 = ORIENTED_EDGE('',*,*,#1305,.F.);
#1685 = ORIENTED_EDGE('',*,*,#1431,.T.);
#1686 = ORIENTED_EDGE('',*,*,#1687,.F.);
#1687 = EDGE_CURVE('',#1432,#1432,#1688,.T.);
#1688 = SURFACE_CURVE('',#1689,(#1694,#1701),.PCURVE_S1.);
#1689 = CIRCLE('',#1690,6.);
#1690 = AXIS2_PLACEMENT_3D('',#1691,#1692,#1693);
#1691 = CARTESIAN_POINT('',(20.,0.,24.));
#1692 = DIRECTION('',(0.,0.,1.));
#1693 = DIRECTION('',(1.,0.,-0.));
#1694 = PCURVE('',#183,#1695);
#1695 = DEFINITIONAL_REPRESENTATION('',(#1696),#1700);
#1696 = LINE('',#1697,#1698);
#1697 = CARTESIAN_POINT('',(0.,24.));
#1698 = VECTOR('',#1699,1.);
#1699 = DIRECTION('',(1.,0.));
#1700 = ( GEOMETRIC_REPRESENTATION_CONTEXT(2) 
PARAMETRIC_REPRESENTATION_CONTEXT() REPRESENTATION_CONTEXT('2D SPACE',''
  ) );
#1701 = PCURVE('',#1702,#1707);
#1702 = PLANE('',#1703);
#1703 = AXIS2_PLACEMENT_3D('',#1704,#1705,#1706);
#1704 = CARTESIAN_POINT('',(20.,0.,24.));
#1705 = DIRECTION('',(0.,0.,1.));
#1706 = DIRECTION('',(1.,0.,-0.));
#1707 = DEFINITIONAL_REPRESENTATION('',(#1708),#1712);
#1708 = CIRCLE('',#1709,6.);
#1709 = AXIS2_PLACEMENT_2D('',#1710,#1711);
#1710 = CARTESIAN_POINT('',(0.,0.));
#1711 = DIRECTION('',(1.,0.));
#1712 = ( GEOMETRIC_REPRESENTATION_CONTEXT(2) 
PARAMETRIC_REPRESENTATION_CONTEXT() REPRESENTATION_CONTEXT('2D SPACE',''
  ) );
#1713 = ADVANCED_FACE('',(#1714),#1702,.T.);
#1714 = FACE_BOUND('',#1715,.T.);
#1715 = EDGE_LOOP('',(#1716));
#1716 = ORIENTED_EDGE('',*,*,#1687,.T.);
#1717 = ADVANCED_FACE('',(#1718),#151,.T.);
#1718 = FACE_BOUND('',#1719,.T.);
#1719 = EDGE_LOOP('',(#1720,#1756,#1757,#1758,#1759));
#1720 = ORIENTED_EDGE('',*,*,#1721,.T.);
#1721 = EDGE_CURVE('',#1722,#300,#1724,.T.);
#1722 = VERTEX_POINT('',#1723);
#1723 = CARTESIAN_POINT('',(4.,-9.797174393179E-16,4.));
#1724 = SURFACE_CURVE('',#1725,(#1730,#1743),.PCURVE_S1.);
#1725 = ELLIPSE('',#1726,5.656854249492,4.);
#1726 = AXIS2_PLACEMENT_3D('',#1727,#1728,#1729);
#1727 = CARTESIAN_POINT('',(0.,0.,-8.881784197001E-15));
#1728 = DIRECTION('',(0.707106781187,0.,-0.707106781187));
#1729 = DIRECTION('',(0.707106781187,0.,0.707106781187));
#1730 = PCURVE('',#151,#1731);
#1731 = DEFINITIONAL_REPRESENTATION('',(#1732),#1742);
#1732 = B_SPLINE_CURVE_WITH_KNOTS('',8,(#1733,#1734,#1735,#1736,#1737,
    #1738,#1739,#1740,#1741),.UNSPECIFIED.,.F.,.F.,(9,9),(0.,
    1.570796326795),.PIECEWISE_BEZIER_KNOTS.);
#1733 = CARTESIAN_POINT('',(3.14159265359,44.));
#1734 = CARTESIAN_POINT('',(3.337942194439,44.));
#1735 = CARTESIAN_POINT('',(3.534291735285,43.823756896061));
#1736 = CARTESIAN_POINT('',(3.730641276143,43.471272185168));
#1737 = CARTESIAN_POINT('',(3.926990816981,42.957035002182));
#1738 = CARTESIAN_POINT('',(4.123340357839,42.310053044755));
#1739 = CARTESIAN_POINT('',(4.319689898683,41.570796513282));
#1740 = CARTESIAN_POINT('',(4.516039439535,40.785398163397));
#1741 = CARTESIAN_POINT('',(4.712388980385,40.));
#1742 = ( GEOMETRIC_REPRESENTATION_CONTEXT(2) 
PARAMETRIC_REPRESENTATION_CONTEXT() REPRESENTATION_CONTEXT('2D SPACE',''
  ) );
#1743 = PCURVE('',#123,#1744);
#1744 = DEFINITIONAL_REPRESENTATION('',(#1745),#1755);
#1745 = B_SPLINE_CURVE_WITH_KNOTS('',8,(#1746,#1747,#1748,#1749,#1750,
    #1751,#1752,#1753,#1754),.UNSPECIFIED.,.F.,.F.,(9,9),(0.,
    1.570796326795),.PIECEWISE_BEZIER_KNOTS.);
#1746 = CARTESIAN_POINT('',(6.28318530718,59.));
#1747 = CARTESIAN_POINT('',(6.08683576633,59.));
#1748 = CARTESIAN_POINT('',(5.89048622548,58.823756896098));
#1749 = CARTESIAN_POINT('',(5.694136684634,58.471272185008));
#1750 = CARTESIAN_POINT('',(5.49778714378,57.957035002648));
#1751 = CARTESIAN_POINT('',(5.301437602935,57.310053044377));
#1752 = CARTESIAN_POINT('',(5.105088062083,56.570796513282));
#1753 = CARTESIAN_POINT('',(4.908738521234,55.785398163397));
#1754 = CARTESIAN_POINT('',(4.712388980385,55.));
#1755 = ( GEOMETRIC_REPRESENTATION_CONTEXT(2) 
PARAMETRIC_REPRESENTATION_CONTEXT() REPRESENTATION_CONTEXT('2D SPACE',''
  ) );
#1756 = ORIENTED_EDGE('',*,*,#299,.T.);
#1757 = ORIENTED_EDGE('',*,*,#1456,.F.);
#1758 = ORIENTED_EDGE('',*,*,#135,.F.);
#1759 = ORIENTED_EDGE('',*,*,#1760,.T.);
#1760 = EDGE_CURVE('',#107,#1722,#1761,.T.);
#1761 = SURFACE_CURVE('',#1762,(#1767,#1780),.PCURVE_S1.);
#1762 = ELLIPSE('',#1763,5.656854249492,4.);
#1763 = AXIS2_PLACEMENT_3D('',#1764,#1765,#1766);
#1764 = CARTESIAN_POINT('',(0.,0.,-8.881784197001E-15));
#1765 = DIRECTION('',(0.707106781187,0.,-0.707106781187));
#1766 = DIRECTION('',(0.707106781187,0.,0.707106781187));
#1767 = PCURVE('',#151,#1768);
#1768 = DEFINITIONAL_REPRESENTATION('',(#1769),#1779);
#1769 = B_SPLINE_CURVE_WITH_KNOTS('',8,(#1770,#1771,#1772,#1773,#1774,
    #1775,#1776,#1777,#1778),.UNSPECIFIED.,.F.,.F.,(9,9),(4.712388980385
    ,6.28318530718),.PIECEWISE_BEZIER_KNOTS.);
#1770 = CARTESIAN_POINT('',(1.570796326795,40.));
#1771 = CARTESIAN_POINT('',(1.767145867644,40.785398163397));
#1772 = CARTESIAN_POINT('',(1.963495408493,41.570796513224));
#1773 = CARTESIAN_POINT('',(2.159844949339,42.310053044886));
#1774 = CARTESIAN_POINT('',(2.356194490203,42.95703500224));
#1775 = CARTESIAN_POINT('',(2.552544031038,43.471272185445));
#1776 = CARTESIAN_POINT('',(2.74889357189,43.823756896061));
#1777 = CARTESIAN_POINT('',(2.94524311274,44.));
#1778 = CARTESIAN_POINT('',(3.14159265359,44.));
#1779 = ( GEOMETRIC_REPRESENTATION_CONTEXT(2) 
PARAMETRIC_REPRESENTATION_CONTEXT() REPRESENTATION_CONTEXT('2D SPACE',''
  ) );
#1780 = PCURVE('',#123,#1781);
#1781 = DEFINITIONAL_REPRESENTATION('',(#1782),#1792);
#1782 = B_SPLINE_CURVE_WITH_KNOTS('',8,(#1783,#1784,#1785,#1786,#1787,
    #1788,#1789,#1790,#1791),.UNSPECIFIED.,.F.,.F.,(9,9),(4.712388980385
    ,6.28318530718),.PIECEWISE_BEZIER_KNOTS.);
#1783 = CARTESIAN_POINT('',(1.570796326795,55.));
#1784 = CARTESIAN_POINT('',(1.374446785946,55.785398163397));
#1785 = CARTESIAN_POINT('',(1.178097245096,56.570796513239));
#1786 = CARTESIAN_POINT('',(0.981747704245,57.310053044843));
#1787 = CARTESIAN_POINT('',(0.785398163394,57.957035001891));
#1788 = CARTESIAN_POINT('',(0.589048622546,58.471272185328));
#1789 = CARTESIAN_POINT('',(0.392699081699,58.823756896003));
#1790 = CARTESIAN_POINT('',(0.196349540849,59.));
#1791 = CARTESIAN_POINT('',(2.449293598295E-16,59.));
#1792 = ( GEOMETRIC_REPRESENTATION_CONTEXT(2) 
PARAMETRIC_REPRESENTATION_CONTEXT() REPRESENTATION_CONTEXT('2D SPACE',''
  ) );
#1793 = ADVANCED_FACE('',(#1794),#123,.T.);
#1794 = FACE_BOUND('',#1795,.T.);
#1795 = EDGE_LOOP('',(#1796,#1797,#1798,#1846,#1847,#1848,#1871,#1898));
#1796 = ORIENTED_EDGE('',*,*,#1760,.F.);
#1797 = ORIENTED_EDGE('',*,*,#106,.T.);
#1798 = ORIENTED_EDGE('',*,*,#1799,.T.);
#1799 = EDGE_CURVE('',#84,#22,#1800,.T.);
#1800 = SURFACE_CURVE('',#1801,(#1806,#1826),.PCURVE_S1.);
#1801 = ELLIPSE('',#1802,5.656854249492,4.);
#1802 = AXIS2_PLACEMENT_3D('',#1803,#1804,#1805);
#1803 = CARTESIAN_POINT('',(0.,0.,-8.881784197001E-15));
#1804 = DIRECTION('',(0.707106781187,0.,0.707106781187));
#1805 = DIRECTION('',(0.707106781187,0.,-0.707106781187));
#1806 = PCURVE('',#123,#1807);
#1807 = DEFINITIONAL_REPRESENTATION('',(#1808),#1825);
#1808 = B_SPLINE_CURVE_WITH_KNOTS('',8,(#1809,#1810,#1811,#1812,#1813,
    #1814,#1815,#1816,#1817,#1818,#1819,#1820,#1821,#1822,#1823,#1824),
  .UNSPECIFIED.,.F.,.F.,(9,7,9),(1.570796326795,3.14159265359,
    4.712388980385),.UNSPECIFIED.);
#1809 = CARTESIAN_POINT('',(1.570796326795,55.));
#1810 = CARTESIAN_POINT('',(1.767145867644,55.785398163397));
#1811 = CARTESIAN_POINT('',(1.963495408489,56.570796513239));
#1812 = CARTESIAN_POINT('',(2.159844949349,57.310053044843));
#1813 = CARTESIAN_POINT('',(2.356194490172,57.957035001891));
#1814 = CARTESIAN_POINT('',(2.552544031047,58.471272185328));
#1815 = CARTESIAN_POINT('',(2.748893571887,58.823756896003));
#1816 = CARTESIAN_POINT('',(2.94524311274,59.));
#1817 = CARTESIAN_POINT('',(3.337942194439,59.));
#1818 = CARTESIAN_POINT('',(3.534291735285,58.823756896098));
#1819 = CARTESIAN_POINT('',(3.730641276146,58.471272185008));
#1820 = CARTESIAN_POINT('',(3.926990816959,57.957035002648));
#1821 = CARTESIAN_POINT('',(4.12334035785,57.310053044377));
#1822 = CARTESIAN_POINT('',(4.319689898683,56.570796513282));
#1823 = CARTESIAN_POINT('',(4.516039439535,55.785398163397));
#1824 = CARTESIAN_POINT('',(4.712388980385,55.));
#1825 = ( GEOMETRIC_REPRESENTATION_CONTEXT(2) 
PARAMETRIC_REPRESENTATION_CONTEXT() REPRESENTATION_CONTEXT('2D SPACE',''
  ) );
#1826 = PCURVE('',#44,#1827);
#1827 = DEFINITIONAL_REPRESENTATION('',(#1828),#1845);
#1828 = B_SPLINE_CURVE_WITH_KNOTS('',8,(#1829,#1830,#1831,#1832,#1833,
    #1834,#1835,#1836,#1837,#1838,#1839,#1840,#1841,#1842,#1843,#1844),
  .UNSPECIFIED.,.F.,.F.,(9,7,9),(1.570796326795,3.14159265359,
    4.712388980385),.UNSPECIFIED.);
#1829 = CARTESIAN_POINT('',(1.570796326795,40.));
#1830 = CARTESIAN_POINT('',(1.767145867644,39.214601836603));
#1831 = CARTESIAN_POINT('',(1.963495408493,38.429203486685));
#1832 = CARTESIAN_POINT('',(2.159844949339,37.68994695523));
#1833 = CARTESIAN_POINT('',(2.356194490203,37.042964997469));
#1834 = CARTESIAN_POINT('',(2.552544031038,36.528727814715));
#1835 = CARTESIAN_POINT('',(2.74889357189,36.176243103902));
#1836 = CARTESIAN_POINT('',(2.94524311274,36.));
#1837 = CARTESIAN_POINT('',(3.337942194439,36.));
#1838 = CARTESIAN_POINT('',(3.534291735283,36.176243103931));
#1839 = CARTESIAN_POINT('',(3.730641276154,36.528727814526));
#1840 = CARTESIAN_POINT('',(3.926990816963,37.042964997556));
#1841 = CARTESIAN_POINT('',(4.123340357848,37.689946955055));
#1842 = CARTESIAN_POINT('',(4.319689898678,38.429203486696));
#1843 = CARTESIAN_POINT('',(4.516039439535,39.214601836603));
#1844 = CARTESIAN_POINT('',(4.712388980385,40.));
#1845 = ( GEOMETRIC_REPRESENTATION_CONTEXT(2) 
PARAMETRIC_REPRESENTATION_CONTEXT() REPRESENTATION_CONTEXT('2D SPACE',''
  ) );
#1846 = ORIENTED_EDGE('',*,*,#321,.T.);
#1847 = ORIENTED_EDGE('',*,*,#1721,.F.);
#1848 = ORIENTED_EDGE('',*,*,#1849,.T.);
#1849 = EDGE_CURVE('',#1722,#1850,#1852,.T.);
#1850 = VERTEX_POINT('',#1851);
#1851 = CARTESIAN_POINT('',(4.,-9.797174393179E-16,58.));
#1852 = SEAM_CURVE('',#1853,(#1857,#1864),.PCURVE_S1.);
#1853 = LINE('',#1854,#1855);
#1854 = CARTESIAN_POINT('',(4.,-9.797174393179E-16,4.));
#1855 = VECTOR('',#1856,1.);
#1856 = DIRECTION('',(0.,0.,1.));
#1857 = PCURVE('',#123,#1858);
#1858 = DEFINITIONAL_REPRESENTATION('',(#1859),#1863);
#1859 = LINE('',#1860,#1861);
#1860 = CARTESIAN_POINT('',(6.28318530718,59.));
#1861 = VECTOR('',#1862,1.);
#1862 = DIRECTION('',(0.,1.));
#1863 = ( GEOMETRIC_REPRESENTATION_CONTEXT(2) 
PARAMETRIC_REPRESENTATION_CONTEXT() REPRESENTATION_CONTEXT('2D SPACE',''
  ) );
#1864 = PCURVE('',#123,#1865);
#1865 = DEFINITIONAL_REPRESENTATION('',(#1866),#1870);
#1866 = LINE('',#1867,#1868);
#1867 = CARTESIAN_POINT('',(0.,59.));
#1868 = VECTOR('',#1869,1.);
#1869 = DIRECTION('',(0.,1.));
#1870 = ( GEOMETRIC_REPRESENTATION_CONTEXT(2) 
PARAMETRIC_REPRESENTATION_CONTEXT() REPRESENTATION_CONTEXT('2D SPACE',''
  ) );
#1871 = ORIENTED_EDGE('',*,*,#1872,.F.);
#1872 = EDGE_CURVE('',#1850,#1850,#1873,.T.);
#1873 = SURFACE_CURVE('',#1874,(#1879,#1886),.PCURVE_S1.);
#1874 = CIRCLE('',#1875,4.);
#1875 = AXIS2_PLACEMENT_3D('',#1876,#1877,#1878);
#1876 = CARTESIAN_POINT('',(0.,0.,58.));
#1877 = DIRECTION('',(0.,0.,1.));
#1878 = DIRECTION('',(1.,0.,-0.));
#1879 = PCURVE('',#123,#1880);
#1880 = DEFINITIONAL_REPRESENTATION('',(#1881),#1885);
#1881 = LINE('',#1882,#1883);
#1882 = CARTESIAN_POINT('',(0.,113.));
#1883 = VECTOR('',#1884,1.);
#1884 = DIRECTION('',(1.,0.));
#1885 = ( GEOMETRIC_REPRESENTATION_CONTEXT(2) 
PARAMETRIC_REPRESENTATION_CONTEXT() REPRESENTATION_CONTEXT('2D SPACE',''
  ) );
#1886 = PCURVE('',#1887,#1892);
#1887 = PLANE('',#1888);
#1888 = AXIS2_PLACEMENT_3D('',#1889,#1890,#1891);
#1889 = CARTESIAN_POINT('',(0.,0.,58.));
#1890 = DIRECTION('',(0.,0.,1.));
#1891 = DIRECTION('',(1.,0.,-0.));
#1892 = DEFINITIONAL_REPRESENTATION('',(#1893),#1897);
#1893 = CIRCLE('',#1894,4.);
#1894 = AXIS2_PLACEMENT_2D('',#1895,#1896);
#1895 = CARTESIAN_POINT('',(0.,0.));
#1896 = DIRECTION('',(1.,0.));
#1897 = ( GEOMETRIC_REPRESENTATION_CONTEXT(2) 
PARAMETRIC_REPRESENTATION_CONTEXT() REPRESENTATION_CONTEXT('2D SPACE',''
  ) );
#1898 = ORIENTED_EDGE('',*,*,#1849,.F.);
#1899 = ADVANCED_FACE('',(#1900),#1887,.T.);
#1900 = FACE_BOUND('',#1901,.T.);
#1901 = EDGE_LOOP('',(#1902));
#1902 = ORIENTED_EDGE('',*,*,#1872,.T.);
#1903 = ADVANCED_FACE('',(#1904),#72,.F.);
#1904 = FACE_BOUND('',#1905,.F.);
#1905 = EDGE_LOOP('',(#1906,#1907));
#1906 = ORIENTED_EDGE('',*,*,#56,.F.);
#1907 = ORIENTED_EDGE('',*,*,#1908,.T.);
#1908 = EDGE_CURVE('',#57,#24,#1909,.T.);
#1909 = SURFACE_CURVE('',#1910,(#1915,#1922),.PCURVE_S1.);
#1910 = CIRCLE('',#1911,4.);
#1911 = AXIS2_PLACEMENT_3D('',#1912,#1913,#1914);
#1912 = CARTESIAN_POINT('',(-40.,0.,-8.881784197001E-15));
#1913 = DIRECTION('',(1.,-0.,2.22044604925E-16));
#1914 = DIRECTION('',(2.22044604925E-16,0.,-1.));
#1915 = PCURVE('',#72,#1916);
#1916 = DEFINITIONAL_REPRESENTATION('',(#1917),#1921);
#1917 = CIRCLE('',#1918,4.);
#1918 = AXIS2_PLACEMENT_2D('',#1919,#1920);
#1919 = CARTESIAN_POINT('',(0.,0.));
#1920 = DIRECTION('',(1.,0.));
#1921 = ( GEOMETRIC_REPRESENTATION_CONTEXT(2) 
PARAMETRIC_REPRESENTATION_CONTEXT() REPRESENTATION_CONTEXT('2D SPACE',''
  ) );
#1922 = PCURVE('',#44,#1923);
#1923 = DEFINITIONAL_REPRESENTATION('',(#1924),#1928);
#1924 = LINE('',#1925,#1926);
#1925 = CARTESIAN_POINT('',(0.,0.));
#1926 = VECTOR('',#1927,1.);
#1927 = DIRECTION('',(1.,0.));
#1928 = ( GEOMETRIC_REPRESENTATION_CONTEXT(2) 
PARAMETRIC_REPRESENTATION_CONTEXT() REPRESENTATION_CONTEXT('2D SPACE',''
  ) );
#1929 = ADVANCED_FACE('',(#1930),#44,.T.);
#1930 = FACE_BOUND('',#1931,.T.);
#1931 = EDGE_LOOP('',(#1932,#1933,#1934,#1935));
#1932 = ORIENTED_EDGE('',*,*,#1799,.F.);
#1933 = ORIENTED_EDGE('',*,*,#83,.F.);
#1934 = ORIENTED_EDGE('',*,*,#1908,.T.);
#1935 = ORIENTED_EDGE('',*,*,#21,.F.);
#1936 = MANIFOLD_SOLID_BREP('',#1937);
#1937 = CLOSED_SHELL('',(#1938,#2058,#2134,#2205,#2342,#2418,#2489,#2516
    ,#2543,#2550,#2577));
#1938 = ADVANCED_FACE('',(#1939),#1953,.F.);
#1939 = FACE_BOUND('',#1940,.F.);
#1940 = EDGE_LOOP('',(#1941,#1976,#2004,#2032));
#1941 = ORIENTED_EDGE('',*,*,#1942,.F.);
#1942 = EDGE_CURVE('',#1943,#1945,#1947,.T.);
#1943 = VERTEX_POINT('',#1944);
#1944 = CARTESIAN_POINT('',(-57.4,-47.4,-62.4));
#1945 = VERTEX_POINT('',#1946);
#1946 = CARTESIAN_POINT('',(-57.4,-47.4,62.4));
#1947 = SURFACE_CURVE('',#1948,(#1952,#1964),.PCURVE_S1.);
#1948 = LINE('',#1949,#1950);
#1949 = CARTESIAN_POINT('',(-57.4,-47.4,-62.4));
#1950 = VECTOR('',#1951,1.);
#1951 = DIRECTION('',(0.,0.,1.));
#1952 = PCURVE('',#1953,#1958);
#1953 = PLANE('',#1954);
#1954 = AXIS2_PLACEMENT_3D('',#1955,#1956,#1957);
#1955 = CARTESIAN_POINT('',(-57.4,-47.4,-62.4));
#1956 = DIRECTION('',(1.,0.,-0.));
#1957 = DIRECTION('',(0.,0.,1.));
#1958 = DEFINITIONAL_REPRESENTATION('',(#1959),#1963);
#1959 = LINE('',#1960,#1961);
#1960 = CARTESIAN_POINT('',(0.,0.));
#1961 = VECTOR('',#1962,1.);
#1962 = DIRECTION('',(1.,0.));
#1963 = ( GEOMETRIC_REPRESENTATION_CONTEXT(2) 
PARAMETRIC_REPRESENTATION_CONTEXT() REPRESENTATION_CONTEXT('2D SPACE',''
  ) );
#1964 = PCURVE('',#1965,#1970);
#1965 = PLANE('',#1966);
#1966 = AXIS2_PLACEMENT_3D('',#1967,#1968,#1969);
#1967 = CARTESIAN_POINT('',(-57.4,-47.4,-62.4));
#1968 = DIRECTION('',(-0.,1.,0.));
#1969 = DIRECTION('',(0.,0.,1.));
#1970 = DEFINITIONAL_REPRESENTATION('',(#1971),#1975);
#1971 = LINE('',#1972,#1973);
#1972 = CARTESIAN_POINT('',(0.,0.));
#1973 = VECTOR('',#1974,1.);
#1974 = DIRECTION('',(1.,0.));
#1975 = ( GEOMETRIC_REPRESENTATION_CONTEXT(2) 
PARAMETRIC_REPRESENTATION_CONTEXT() REPRESENTATION_CONTEXT('2D SPACE',''
  ) );
#1976 = ORIENTED_EDGE('',*,*,#1977,.T.);
#1977 = EDGE_CURVE('',#1943,#1978,#1980,.T.);
#1978 = VERTEX_POINT('',#1979);
#1979 = CARTESIAN_POINT('',(-57.4,47.4,-62.4));
#1980 = SURFACE_CURVE('',#1981,(#1985,#1992),.PCURVE_S1.);
#1981 = LINE('',#1982,#1983);
#1982 = CARTESIAN_POINT('',(-57.4,-47.4,-62.4));
#1983 = VECTOR('',#1984,1.);
#1984 = DIRECTION('',(-0.,1.,0.));
#1985 = PCURVE('',#1953,#1986);
#1986 = DEFINITIONAL_REPRESENTATION('',(#1987),#1991);
#1987 = LINE('',#1988,#1989);
#1988 = CARTESIAN_POINT('',(0.,0.));
#1989 = VECTOR('',#1990,1.);
#1990 = DIRECTION('',(0.,-1.));
#1991 = ( GEOMETRIC_REPRESENTATION_CONTEXT(2) 
PARAMETRIC_REPRESENTATION_CONTEXT() REPRESENTATION_CONTEXT('2D SPACE',''
  ) );
#1992 = PCURVE('',#1993,#1998);
#1993 = PLANE('',#1994);
#1994 = AXIS2_PLACEMENT_3D('',#1995,#1996,#1997);
#1995 = CARTESIAN_POINT('',(-57.4,-47.4,-62.4));
#1996 = DIRECTION('',(0.,0.,1.));
#1997 = DIRECTION('',(1.,0.,-0.));
#1998 = DEFINITIONAL_REPRESENTATION('',(#1999),#2003);
#1999 = LINE('',#2000,#2001);
#2000 = CARTESIAN_POINT('',(0.,0.));
#2001 = VECTOR('',#2002,1.);
#2002 = DIRECTION('',(0.,1.));
#2003 = ( GEOMETRIC_REPRESENTATION_CONTEXT(2) 
PARAMETRIC_REPRESENTATION_CONTEXT() REPRESENTATION_CONTEXT('2D SPACE',''
  ) );
#2004 = ORIENTED_EDGE('',*,*,#2005,.T.);
#2005 = EDGE_CURVE('',#1978,#2006,#2008,.T.);
#2006 = VERTEX_POINT('',#2007);
#2007 = CARTESIAN_POINT('',(-57.4,47.4,62.4));
#2008 = SURFACE_CURVE('',#2009,(#2013,#2020),.PCURVE_S1.);
#2009 = LINE('',#2010,#2011);
#2010 = CARTESIAN_POINT('',(-57.4,47.4,-62.4));
#2011 = VECTOR('',#2012,1.);
#2012 = DIRECTION('',(0.,0.,1.));
#2013 = PCURVE('',#1953,#2014);
#2014 = DEFINITIONAL_REPRESENTATION('',(#2015),#2019);
#2015 = LINE('',#2016,#2017);
#2016 = CARTESIAN_POINT('',(0.,-94.8));
#2017 = VECTOR('',#2018,1.);
#2018 = DIRECTION('',(1.,0.));
#2019 = ( GEOMETRIC_REPRESENTATION_CONTEXT(2) 
PARAMETRIC_REPRESENTATION_CONTEXT() REPRESENTATION_CONTEXT('2D SPACE',''
  ) );
#2020 = PCURVE('',#2021,#2026);
#2021 = PLANE('',#2022);
#2022 = AXIS2_PLACEMENT_3D('',#2023,#2024,#2025);
#2023 = CARTESIAN_POINT('',(-57.4,47.4,-62.4));
#2024 = DIRECTION('',(-0.,1.,0.));
#2025 = DIRECTION('',(0.,0.,1.));
#2026 = DEFINITIONAL_REPRESENTATION('',(#2027),#2031);
#2027 = LINE('',#2028,#2029);
#2028 = CARTESIAN_POINT('',(0.,0.));
#2029 = VECTOR('',#2030,1.);
#2030 = DIRECTION('',(1.,0.));
#2031 = ( GEOMETRIC_REPRESENTATION_CONTEXT(2) 
PARAMETRIC_REPRESENTATION_CONTEXT() REPRESENTATION_CONTEXT('2D SPACE',''
  ) );
#2032 = ORIENTED_EDGE('',*,*,#2033,.F.);
#2033 = EDGE_CURVE('',#1945,#2006,#2034,.T.);
#2034 = SURFACE_CURVE('',#2035,(#2039,#2046),.PCURVE_S1.);
#2035 = LINE('',#2036,#2037);
#2036 = CARTESIAN_POINT('',(-57.4,-47.4,62.4));
#2037 = VECTOR('',#2038,1.);
#2038 = DIRECTION('',(-0.,1.,0.));
#2039 = PCURVE('',#1953,#2040);
#2040 = DEFINITIONAL_REPRESENTATION('',(#2041),#2045);
#2041 = LINE('',#2042,#2043);
#2042 = CARTESIAN_POINT('',(124.8,0.));
#2043 = VECTOR('',#2044,1.);
#2044 = DIRECTION('',(0.,-1.));
#2045 = ( GEOMETRIC_REPRESENTATION_CONTEXT(2) 
PARAMETRIC_REPRESENTATION_CONTEXT() REPRESENTATION_CONTEXT('2D SPACE',''
  ) );
#2046 = PCURVE('',#2047,#2052);
#2047 = PLANE('',#2048);
#2048 = AXIS2_PLACEMENT_3D('',#2049,#2050,#2051);
#2049 = CARTESIAN_POINT('',(-57.4,-47.4,62.4));
#2050 = DIRECTION('',(0.,0.,1.));
#2051 = DIRECTION('',(1.,0.,-0.));
#2052 = DEFINITIONAL_REPRESENTATION('',(#2053),#2057);
#2053 = LINE('',#2054,#2055);
#2054 = CARTESIAN_POINT('',(0.,0.));
#2055 = VECTOR('',#2056,1.);
#2056 = DIRECTION('',(0.,1.));
#2057 = ( GEOMETRIC_REPRESENTATION_CONTEXT(2) 
PARAMETRIC_REPRESENTATION_CONTEXT() REPRESENTATION_CONTEXT('2D SPACE',''
  ) );
#2058 = ADVANCED_FACE('',(#2059),#1993,.F.);
#2059 = FACE_BOUND('',#2060,.F.);
#2060 = EDGE_LOOP('',(#2061,#2062,#2085,#2113));
#2061 = ORIENTED_EDGE('',*,*,#1977,.F.);
#2062 = ORIENTED_EDGE('',*,*,#2063,.T.);
#2063 = EDGE_CURVE('',#1943,#2064,#2066,.T.);
#2064 = VERTEX_POINT('',#2065);
#2065 = CARTESIAN_POINT('',(57.4,-47.4,-62.4));
#2066 = SURFACE_CURVE('',#2067,(#2071,#2078),.PCURVE_S1.);
#2067 = LINE('',#2068,#2069);
#2068 = CARTESIAN_POINT('',(-57.4,-47.4,-62.4));
#2069 = VECTOR('',#2070,1.);
#2070 = DIRECTION('',(1.,0.,-0.));
#2071 = PCURVE('',#1993,#2072);
#2072 = DEFINITIONAL_REPRESENTATION('',(#2073),#2077);
#2073 = LINE('',#2074,#2075);
#2074 = CARTESIAN_POINT('',(0.,0.));
#2075 = VECTOR('',#2076,1.);
#2076 = DIRECTION('',(1.,0.));
#2077 = ( GEOMETRIC_REPRESENTATION_CONTEXT(2) 
PARAMETRIC_REPRESENTATION_CONTEXT() REPRESENTATION_CONTEXT('2D SPACE',''
  ) );
#2078 = PCURVE('',#1965,#2079);
#2079 = DEFINITIONAL_REPRESENTATION('',(#2080),#2084);
#2080 = LINE('',#2081,#2082);
#2081 = CARTESIAN_POINT('',(0.,0.));
#2082 = VECTOR('',#2083,1.);
#2083 = DIRECTION('',(0.,1.));
#2084 = ( GEOMETRIC_REPRESENTATION_CONTEXT(2) 
PARAMETRIC_REPRESENTATION_CONTEXT() REPRESENTATION_CONTEXT('2D SPACE',''
  ) );
#2085 = ORIENTED_EDGE('',*,*,#2086,.T.);
#2086 = EDGE_CURVE('',#2064,#2087,#2089,.T.);
#2087 = VERTEX_POINT('',#2088);
#2088 = CARTESIAN_POINT('',(57.4,47.4,-62.4));
#2089 = SURFACE_CURVE('',#2090,(#2094,#2101),.PCURVE_S1.);
#2090 = LINE('',#2091,#2092);
#2091 = CARTESIAN_POINT('',(57.4,-47.4,-62.4));
#2092 = VECTOR('',#2093,1.);
#2093 = DIRECTION('',(-0.,1.,0.));
#2094 = PCURVE('',#1993,#2095);
#2095 = DEFINITIONAL_REPRESENTATION('',(#2096),#2100);
#2096 = LINE('',#2097,#2098);
#2097 = CARTESIAN_POINT('',(114.8,0.));
#2098 = VECTOR('',#2099,1.);
#2099 = DIRECTION('',(0.,1.));
#2100 = ( GEOMETRIC_REPRESENTATION_CONTEXT(2) 
PARAMETRIC_REPRESENTATION_CONTEXT() REPRESENTATION_CONTEXT('2D SPACE',''
  ) );
#2101 = PCURVE('',#2102,#2107);
#2102 = PLANE('',#2103);
#2103 = AXIS2_PLACEMENT_3D('',#2104,#2105,#2106);
#2104 = CARTESIAN_POINT('',(57.4,-47.4,-62.4));
#2105 = DIRECTION('',(1.,0.,-0.));
#2106 = DIRECTION('',(0.,0.,1.));
#2107 = DEFINITIONAL_REPRESENTATION('',(#2108),#2112);
#2108 = LINE('',#2109,#2110);
#2109 = CARTESIAN_POINT('',(0.,0.));
#2110 = VECTOR('',#2111,1.);
#2111 = DIRECTION('',(0.,-1.));
#2112 = ( GEOMETRIC_REPRESENTATION_CONTEXT(2) 
PARAMETRIC_REPRESENTATION_CONTEXT() REPRESENTATION_CONTEXT('2D SPACE',''
  ) );
#2113 = ORIENTED_EDGE('',*,*,#2114,.F.);
#2114 = EDGE_CURVE('',#1978,#2087,#2115,.T.);
#2115 = SURFACE_CURVE('',#2116,(#2120,#2127),.PCURVE_S1.);
#2116 = LINE('',#2117,#2118);
#2117 = CARTESIAN_POINT('',(-57.4,47.4,-62.4));
#2118 = VECTOR('',#2119,1.);
#2119 = DIRECTION('',(1.,0.,-0.));
#2120 = PCURVE('',#1993,#2121);
#2121 = DEFINITIONAL_REPRESENTATION('',(#2122),#2126);
#2122 = LINE('',#2123,#2124);
#2123 = CARTESIAN_POINT('',(0.,94.8));
#2124 = VECTOR('',#2125,1.);
#2125 = DIRECTION('',(1.,0.));
#2126 = ( GEOMETRIC_REPRESENTATION_CONTEXT(2) 
PARAMETRIC_REPRESENTATION_CONTEXT() REPRESENTATION_CONTEXT('2D SPACE',''
  ) );
#2127 = PCURVE('',#2021,#2128);
#2128 = DEFINITIONAL_REPRESENTATION('',(#2129),#2133);
#2129 = LINE('',#2130,#2131);
#2130 = CARTESIAN_POINT('',(0.,0.));
#2131 = VECTOR('',#2132,1.);
#2132 = DIRECTION('',(0.,1.));
#2133 = ( GEOMETRIC_REPRESENTATION_CONTEXT(2) 
PARAMETRIC_REPRESENTATION_CONTEXT() REPRESENTATION_CONTEXT('2D SPACE',''
  ) );
#2134 = ADVANCED_FACE('',(#2135),#2102,.T.);
#2135 = FACE_BOUND('',#2136,.T.);
#2136 = EDGE_LOOP('',(#2137,#2160,#2161,#2184));
#2137 = ORIENTED_EDGE('',*,*,#2138,.F.);
#2138 = EDGE_CURVE('',#2064,#2139,#2141,.T.);
#2139 = VERTEX_POINT('',#2140);
#2140 = CARTESIAN_POINT('',(57.4,-47.4,62.4));
#2141 = SURFACE_CURVE('',#2142,(#2146,#2153),.PCURVE_S1.);
#2142 = LINE('',#2143,#2144);
#2143 = CARTESIAN_POINT('',(57.4,-47.4,-62.4));
#2144 = VECTOR('',#2145,1.);
#2145 = DIRECTION('',(0.,0.,1.));
#2146 = PCURVE('',#2102,#2147);
#2147 = DEFINITIONAL_REPRESENTATION('',(#2148),#2152);
#2148 = LINE('',#2149,#2150);
#2149 = CARTESIAN_POINT('',(0.,0.));
#2150 = VECTOR('',#2151,1.);
#2151 = DIRECTION('',(1.,0.));
#2152 = ( GEOMETRIC_REPRESENTATION_CONTEXT(2) 
PARAMETRIC_REPRESENTATION_CONTEXT() REPRESENTATION_CONTEXT('2D SPACE',''
  ) );
#2153 = PCURVE('',#1965,#2154);
#2154 = DEFINITIONAL_REPRESENTATION('',(#2155),#2159);
#2155 = LINE('',#2156,#2157);
#2156 = CARTESIAN_POINT('',(0.,114.8));
#2157 = VECTOR('',#2158,1.);
#2158 = DIRECTION('',(1.,0.));
#2159 = ( GEOMETRIC_REPRESENTATION_CONTEXT(2) 
PARAMETRIC_REPRESENTATION_CONTEXT() REPRESENTATION_CONTEXT('2D SPACE',''
  ) );
#2160 = ORIENTED_EDGE('',*,*,#2086,.T.);
#2161 = ORIENTED_EDGE('',*,*,#2162,.T.);
#2162 = EDGE_CURVE('',#2087,#2163,#2165,.T.);
#2163 = VERTEX_POINT('',#2164);
#2164 = CARTESIAN_POINT('',(57.4,47.4,62.4));
#2165 = SURFACE_CURVE('',#2166,(#2170,#2177),.PCURVE_S1.);
#2166 = LINE('',#2167,#2168);
#2167 = CARTESIAN_POINT('',(57.4,47.4,-62.4));
#2168 = VECTOR('',#2169,1.);
#2169 = DIRECTION('',(0.,0.,1.));
#2170 = PCURVE('',#2102,#2171);
#2171 = DEFINITIONAL_REPRESENTATION('',(#2172),#2176);
#2172 = LINE('',#2173,#2174);
#2173 = CARTESIAN_POINT('',(0.,-94.8));
#2174 = VECTOR('',#2175,1.);
#2175 = DIRECTION('',(1.,0.));
#2176 = ( GEOMETRIC_REPRESENTATION_CONTEXT(2) 
PARAMETRIC_REPRESENTATION_CONTEXT() REPRESENTATION_CONTEXT('2D SPACE',''
  ) );
#2177 = PCURVE('',#2021,#2178);
#2178 = DEFINITIONAL_REPRESENTATION('',(#2179),#2183);
#2179 = LINE('',#2180,#2181);
#2180 = CARTESIAN_POINT('',(0.,114.8));
#2181 = VECTOR('',#2182,1.);
#2182 = DIRECTION('',(1.,0.));
#2183 = ( GEOMETRIC_REPRESENTATION_CONTEXT(2) 
PARAMETRIC_REPRESENTATION_CONTEXT() REPRESENTATION_CONTEXT('2D SPACE',''
  ) );
#2184 = ORIENTED_EDGE('',*,*,#2185,.F.);
#2185 = EDGE_CURVE('',#2139,#2163,#2186,.T.);
#2186 = SURFACE_CURVE('',#2187,(#2191,#2198),.PCURVE_S1.);
#2187 = LINE('',#2188,#2189);
#2188 = CARTESIAN_POINT('',(57.4,-47.4,62.4));
#2189 = VECTOR('',#2190,1.);
#2190 = DIRECTION('',(-0.,1.,0.));
#2191 = PCURVE('',#2102,#2192);
#2192 = DEFINITIONAL_REPRESENTATION('',(#2193),#2197);
#2193 = LINE('',#2194,#2195);
#2194 = CARTESIAN_POINT('',(124.8,0.));
#2195 = VECTOR('',#2196,1.);
#2196 = DIRECTION('',(0.,-1.));
#2197 = ( GEOMETRIC_REPRESENTATION_CONTEXT(2) 
PARAMETRIC_REPRESENTATION_CONTEXT() REPRESENTATION_CONTEXT('2D SPACE',''
  ) );
#2198 = PCURVE('',#2047,#2199);
#2199 = DEFINITIONAL_REPRESENTATION('',(#2200),#2204);
#2200 = LINE('',#2201,#2202);
#2201 = CARTESIAN_POINT('',(114.8,0.));
#2202 = VECTOR('',#2203,1.);
#2203 = DIRECTION('',(0.,1.));
#2204 = ( GEOMETRIC_REPRESENTATION_CONTEXT(2) 
PARAMETRIC_REPRESENTATION_CONTEXT() REPRESENTATION_CONTEXT('2D SPACE',''
  ) );
#2205 = ADVANCED_FACE('',(#2206,#2232),#2021,.T.);
#2206 = FACE_BOUND('',#2207,.T.);
#2207 = EDGE_LOOP('',(#2208,#2209,#2210,#2231));
#2208 = ORIENTED_EDGE('',*,*,#2114,.F.);
#2209 = ORIENTED_EDGE('',*,*,#2005,.T.);
#2210 = ORIENTED_EDGE('',*,*,#2211,.T.);
#2211 = EDGE_CURVE('',#2006,#2163,#2212,.T.);
#2212 = SURFACE_CURVE('',#2213,(#2217,#2224),.PCURVE_S1.);
#2213 = LINE('',#2214,#2215);
#2214 = CARTESIAN_POINT('',(-57.4,47.4,62.4));
#2215 = VECTOR('',#2216,1.);
#2216 = DIRECTION('',(1.,0.,-0.));
#2217 = PCURVE('',#2021,#2218);
#2218 = DEFINITIONAL_REPRESENTATION('',(#2219),#2223);
#2219 = LINE('',#2220,#2221);
#2220 = CARTESIAN_POINT('',(124.8,0.));
#2221 = VECTOR('',#2222,1.);
#2222 = DIRECTION('',(0.,1.));
#2223 = ( GEOMETRIC_REPRESENTATION_CONTEXT(2) 
PARAMETRIC_REPRESENTATION_CONTEXT() REPRESENTATION_CONTEXT('2D SPACE',''
  ) );
#2224 = PCURVE('',#2047,#2225);
#2225 = DEFINITIONAL_REPRESENTATION('',(#2226),#2230);
#2226 = LINE('',#2227,#2228);
#2227 = CARTESIAN_POINT('',(0.,94.8));
#2228 = VECTOR('',#2229,1.);
#2229 = DIRECTION('',(1.,0.));
#2230 = ( GEOMETRIC_REPRESENTATION_CONTEXT(2) 
PARAMETRIC_REPRESENTATION_CONTEXT() REPRESENTATION_CONTEXT('2D SPACE',''
  ) );
#2231 = ORIENTED_EDGE('',*,*,#2162,.F.);
#2232 = FACE_BOUND('',#2233,.T.);
#2233 = EDGE_LOOP('',(#2234,#2263,#2290,#2317));
#2234 = ORIENTED_EDGE('',*,*,#2235,.F.);
#2235 = EDGE_CURVE('',#2236,#2238,#2240,.T.);
#2236 = VERTEX_POINT('',#2237);
#2237 = CARTESIAN_POINT('',(-55.,47.4,60.));
#2238 = VERTEX_POINT('',#2239);
#2239 = CARTESIAN_POINT('',(55.,47.4,60.));
#2240 = SURFACE_CURVE('',#2241,(#2245,#2251),.PCURVE_S1.);
#2241 = LINE('',#2242,#2243);
#2242 = CARTESIAN_POINT('',(-56.2,47.4,60.));
#2243 = VECTOR('',#2244,1.);
#2244 = DIRECTION('',(1.,0.,-0.));
#2245 = PCURVE('',#2021,#2246);
#2246 = DEFINITIONAL_REPRESENTATION('',(#2247),#2250);
#2247 = B_SPLINE_CURVE_WITH_KNOTS('',1,(#2248,#2249),.UNSPECIFIED.,.F.,
  .F.,(2,2),(1.2,111.2),.PIECEWISE_BEZIER_KNOTS.);
#2248 = CARTESIAN_POINT('',(122.4,2.4));
#2249 = CARTESIAN_POINT('',(122.4,112.4));
#2250 = ( GEOMETRIC_REPRESENTATION_CONTEXT(2) 
PARAMETRIC_REPRESENTATION_CONTEXT() REPRESENTATION_CONTEXT('2D SPACE',''
  ) );
#2251 = PCURVE('',#2252,#2257);
#2252 = PLANE('',#2253);
#2253 = AXIS2_PLACEMENT_3D('',#2254,#2255,#2256);
#2254 = CARTESIAN_POINT('',(-55.,42.6,60.));
#2255 = DIRECTION('',(0.,0.,1.));
#2256 = DIRECTION('',(1.,0.,-0.));
#2257 = DEFINITIONAL_REPRESENTATION('',(#2258),#2262);
#2258 = LINE('',#2259,#2260);
#2259 = CARTESIAN_POINT('',(-1.2,4.8));
#2260 = VECTOR('',#2261,1.);
#2261 = DIRECTION('',(1.,0.));
#2262 = ( GEOMETRIC_REPRESENTATION_CONTEXT(2) 
PARAMETRIC_REPRESENTATION_CONTEXT() REPRESENTATION_CONTEXT('2D SPACE',''
  ) );
#2263 = ORIENTED_EDGE('',*,*,#2264,.T.);
#2264 = EDGE_CURVE('',#2236,#2265,#2267,.T.);
#2265 = VERTEX_POINT('',#2266);
#2266 = CARTESIAN_POINT('',(-55.,47.4,-60.));
#2267 = SURFACE_CURVE('',#2268,(#2272,#2278),.PCURVE_S1.);
#2268 = LINE('',#2269,#2270);
#2269 = CARTESIAN_POINT('',(-55.,47.4,-61.2));
#2270 = VECTOR('',#2271,1.);
#2271 = DIRECTION('',(-0.,0.,-1.));
#2272 = PCURVE('',#2021,#2273);
#2273 = DEFINITIONAL_REPRESENTATION('',(#2274),#2277);
#2274 = B_SPLINE_CURVE_WITH_KNOTS('',1,(#2275,#2276),.UNSPECIFIED.,.F.,
  .F.,(2,2),(-121.2,-1.2),.PIECEWISE_BEZIER_KNOTS.);
#2275 = CARTESIAN_POINT('',(122.4,2.4));
#2276 = CARTESIAN_POINT('',(2.4,2.4));
#2277 = ( GEOMETRIC_REPRESENTATION_CONTEXT(2) 
PARAMETRIC_REPRESENTATION_CONTEXT() REPRESENTATION_CONTEXT('2D SPACE',''
  ) );
#2278 = PCURVE('',#2279,#2284);
#2279 = PLANE('',#2280);
#2280 = AXIS2_PLACEMENT_3D('',#2281,#2282,#2283);
#2281 = CARTESIAN_POINT('',(-55.,42.6,-60.));
#2282 = DIRECTION('',(1.,0.,-0.));
#2283 = DIRECTION('',(0.,0.,1.));
#2284 = DEFINITIONAL_REPRESENTATION('',(#2285),#2289);
#2285 = LINE('',#2286,#2287);
#2286 = CARTESIAN_POINT('',(-1.2,-4.8));
#2287 = VECTOR('',#2288,1.);
#2288 = DIRECTION('',(-1.,-0.));
#2289 = ( GEOMETRIC_REPRESENTATION_CONTEXT(2) 
PARAMETRIC_REPRESENTATION_CONTEXT() REPRESENTATION_CONTEXT('2D SPACE',''
  ) );
#2290 = ORIENTED_EDGE('',*,*,#2291,.T.);
#2291 = EDGE_CURVE('',#2265,#2292,#2294,.T.);
#2292 = VERTEX_POINT('',#2293);
#2293 = CARTESIAN_POINT('',(55.,47.4,-60.));
#2294 = SURFACE_CURVE('',#2295,(#2299,#2305),.PCURVE_S1.);
#2295 = LINE('',#2296,#2297);
#2296 = CARTESIAN_POINT('',(-56.2,47.4,-60.));
#2297 = VECTOR('',#2298,1.);
#2298 = DIRECTION('',(1.,0.,-0.));
#2299 = PCURVE('',#2021,#2300);
#2300 = DEFINITIONAL_REPRESENTATION('',(#2301),#2304);
#2301 = B_SPLINE_CURVE_WITH_KNOTS('',1,(#2302,#2303),.UNSPECIFIED.,.F.,
  .F.,(2,2),(1.2,111.2),.PIECEWISE_BEZIER_KNOTS.);
#2302 = CARTESIAN_POINT('',(2.4,2.4));
#2303 = CARTESIAN_POINT('',(2.4,112.4));
#2304 = ( GEOMETRIC_REPRESENTATION_CONTEXT(2) 
PARAMETRIC_REPRESENTATION_CONTEXT() REPRESENTATION_CONTEXT('2D SPACE',''
  ) );
#2305 = PCURVE('',#2306,#2311);
#2306 = PLANE('',#2307);
#2307 = AXIS2_PLACEMENT_3D('',#2308,#2309,#2310);
#2308 = CARTESIAN_POINT('',(-55.,42.6,-60.));
#2309 = DIRECTION('',(0.,0.,1.));
#2310 = DIRECTION('',(1.,0.,-0.));
#2311 = DEFINITIONAL_REPRESENTATION('',(#2312),#2316);
#2312 = LINE('',#2313,#2314);
#2313 = CARTESIAN_POINT('',(-1.2,4.8));
#2314 = VECTOR('',#2315,1.);
#2315 = DIRECTION('',(1.,0.));
#2316 = ( GEOMETRIC_REPRESENTATION_CONTEXT(2) 
PARAMETRIC_REPRESENTATION_CONTEXT() REPRESENTATION_CONTEXT('2D SPACE',''
  ) );
#2317 = ORIENTED_EDGE('',*,*,#2318,.F.);
#2318 = EDGE_CURVE('',#2238,#2292,#2319,.T.);
#2319 = SURFACE_CURVE('',#2320,(#2324,#2330),.PCURVE_S1.);
#2320 = LINE('',#2321,#2322);
#2321 = CARTESIAN_POINT('',(55.,47.4,-61.2));
#2322 = VECTOR('',#2323,1.);
#2323 = DIRECTION('',(-0.,0.,-1.));
#2324 = PCURVE('',#2021,#2325);
#2325 = DEFINITIONAL_REPRESENTATION('',(#2326),#2329);
#2326 = B_SPLINE_CURVE_WITH_KNOTS('',1,(#2327,#2328),.UNSPECIFIED.,.F.,
  .F.,(2,2),(-121.2,-1.2),.PIECEWISE_BEZIER_KNOTS.);
#2327 = CARTESIAN_POINT('',(122.4,112.4));
#2328 = CARTESIAN_POINT('',(2.4,112.4));
#2329 = ( GEOMETRIC_REPRESENTATION_CONTEXT(2) 
PARAMETRIC_REPRESENTATION_CONTEXT() REPRESENTATION_CONTEXT('2D SPACE',''
  ) );
#2330 = PCURVE('',#2331,#2336);
#2331 = PLANE('',#2332);
#2332 = AXIS2_PLACEMENT_3D('',#2333,#2334,#2335);
#2333 = CARTESIAN_POINT('',(55.,42.6,-60.));
#2334 = DIRECTION('',(1.,0.,-0.));
#2335 = DIRECTION('',(0.,0.,1.));
#2336 = DEFINITIONAL_REPRESENTATION('',(#2337),#2341);
#2337 = LINE('',#2338,#2339);
#2338 = CARTESIAN_POINT('',(-1.2,-4.8));
#2339 = VECTOR('',#2340,1.);
#2340 = DIRECTION('',(-1.,-0.));
#2341 = ( GEOMETRIC_REPRESENTATION_CONTEXT(2) 
PARAMETRIC_REPRESENTATION_CONTEXT() REPRESENTATION_CONTEXT('2D SPACE',''
  ) );
#2342 = ADVANCED_FACE('',(#2343),#2279,.T.);
#2343 = FACE_BOUND('',#2344,.T.);
#2344 = EDGE_LOOP('',(#2345,#2368,#2396,#2417));
#2345 = ORIENTED_EDGE('',*,*,#2346,.F.);
#2346 = EDGE_CURVE('',#2347,#2236,#2349,.T.);
#2347 = VERTEX_POINT('',#2348);
#2348 = CARTESIAN_POINT('',(-55.,-45.,60.));
#2349 = SURFACE_CURVE('',#2350,(#2354,#2361),.PCURVE_S1.);
#2350 = LINE('',#2351,#2352);
#2351 = CARTESIAN_POINT('',(-55.,-45.,60.));
#2352 = VECTOR('',#2353,1.);
#2353 = DIRECTION('',(0.,1.,0.));
#2354 = PCURVE('',#2279,#2355);
#2355 = DEFINITIONAL_REPRESENTATION('',(#2356),#2360);
#2356 = LINE('',#2357,#2358);
#2357 = CARTESIAN_POINT('',(120.,87.6));
#2358 = VECTOR('',#2359,1.);
#2359 = DIRECTION('',(0.,-1.));
#2360 = ( GEOMETRIC_REPRESENTATION_CONTEXT(2) 
PARAMETRIC_REPRESENTATION_CONTEXT() REPRESENTATION_CONTEXT('2D SPACE',''
  ) );
#2361 = PCURVE('',#2252,#2362);
#2362 = DEFINITIONAL_REPRESENTATION('',(#2363),#2367);
#2363 = LINE('',#2364,#2365);
#2364 = CARTESIAN_POINT('',(0.,-87.6));
#2365 = VECTOR('',#2366,1.);
#2366 = DIRECTION('',(0.,1.));
#2367 = ( GEOMETRIC_REPRESENTATION_CONTEXT(2) 
PARAMETRIC_REPRESENTATION_CONTEXT() REPRESENTATION_CONTEXT('2D SPACE',''
  ) );
#2368 = ORIENTED_EDGE('',*,*,#2369,.F.);
#2369 = EDGE_CURVE('',#2370,#2347,#2372,.T.);
#2370 = VERTEX_POINT('',#2371);
#2371 = CARTESIAN_POINT('',(-55.,-45.,-60.));
#2372 = SURFACE_CURVE('',#2373,(#2377,#2384),.PCURVE_S1.);
#2373 = LINE('',#2374,#2375);
#2374 = CARTESIAN_POINT('',(-55.,-45.,-60.));
#2375 = VECTOR('',#2376,1.);
#2376 = DIRECTION('',(0.,0.,1.));
#2377 = PCURVE('',#2279,#2378);
#2378 = DEFINITIONAL_REPRESENTATION('',(#2379),#2383);
#2379 = LINE('',#2380,#2381);
#2380 = CARTESIAN_POINT('',(0.,87.6));
#2381 = VECTOR('',#2382,1.);
#2382 = DIRECTION('',(1.,0.));
#2383 = ( GEOMETRIC_REPRESENTATION_CONTEXT(2) 
PARAMETRIC_REPRESENTATION_CONTEXT() REPRESENTATION_CONTEXT('2D SPACE',''
  ) );
#2384 = PCURVE('',#2385,#2390);
#2385 = PLANE('',#2386);
#2386 = AXIS2_PLACEMENT_3D('',#2387,#2388,#2389);
#2387 = CARTESIAN_POINT('',(-55.,-45.,-60.));
#2388 = DIRECTION('',(-0.,1.,0.));
#2389 = DIRECTION('',(0.,0.,1.));
#2390 = DEFINITIONAL_REPRESENTATION('',(#2391),#2395);
#2391 = LINE('',#2392,#2393);
#2392 = CARTESIAN_POINT('',(0.,0.));
#2393 = VECTOR('',#2394,1.);
#2394 = DIRECTION('',(1.,0.));
#2395 = ( GEOMETRIC_REPRESENTATION_CONTEXT(2) 
PARAMETRIC_REPRESENTATION_CONTEXT() REPRESENTATION_CONTEXT('2D SPACE',''
  ) );
#2396 = ORIENTED_EDGE('',*,*,#2397,.F.);
#2397 = EDGE_CURVE('',#2265,#2370,#2398,.T.);
#2398 = SURFACE_CURVE('',#2399,(#2403,#2410),.PCURVE_S1.);
#2399 = LINE('',#2400,#2401);
#2400 = CARTESIAN_POINT('',(-55.,47.4,-60.));
#2401 = VECTOR('',#2402,1.);
#2402 = DIRECTION('',(0.,-1.,0.));
#2403 = PCURVE('',#2279,#2404);
#2404 = DEFINITIONAL_REPRESENTATION('',(#2405),#2409);
#2405 = LINE('',#2406,#2407);
#2406 = CARTESIAN_POINT('',(0.,-4.8));
#2407 = VECTOR('',#2408,1.);
#2408 = DIRECTION('',(0.,1.));
#2409 = ( GEOMETRIC_REPRESENTATION_CONTEXT(2) 
PARAMETRIC_REPRESENTATION_CONTEXT() REPRESENTATION_CONTEXT('2D SPACE',''
  ) );
#2410 = PCURVE('',#2306,#2411);
#2411 = DEFINITIONAL_REPRESENTATION('',(#2412),#2416);
#2412 = LINE('',#2413,#2414);
#2413 = CARTESIAN_POINT('',(0.,4.8));
#2414 = VECTOR('',#2415,1.);
#2415 = DIRECTION('',(0.,-1.));
#2416 = ( GEOMETRIC_REPRESENTATION_CONTEXT(2) 
PARAMETRIC_REPRESENTATION_CONTEXT() REPRESENTATION_CONTEXT('2D SPACE',''
  ) );
#2417 = ORIENTED_EDGE('',*,*,#2264,.F.);
#2418 = ADVANCED_FACE('',(#2419),#2385,.T.);
#2419 = FACE_BOUND('',#2420,.T.);
#2420 = EDGE_LOOP('',(#2421,#2444,#2445,#2468));
#2421 = ORIENTED_EDGE('',*,*,#2422,.F.);
#2422 = EDGE_CURVE('',#2370,#2423,#2425,.T.);
#2423 = VERTEX_POINT('',#2424);
#2424 = CARTESIAN_POINT('',(55.,-45.,-60.));
#2425 = SURFACE_CURVE('',#2426,(#2430,#2437),.PCURVE_S1.);
#2426 = LINE('',#2427,#2428);
#2427 = CARTESIAN_POINT('',(-55.,-45.,-60.));
#2428 = VECTOR('',#2429,1.);
#2429 = DIRECTION('',(1.,0.,-0.));
#2430 = PCURVE('',#2385,#2431);
#2431 = DEFINITIONAL_REPRESENTATION('',(#2432),#2436);
#2432 = LINE('',#2433,#2434);
#2433 = CARTESIAN_POINT('',(0.,0.));
#2434 = VECTOR('',#2435,1.);
#2435 = DIRECTION('',(0.,1.));
#2436 = ( GEOMETRIC_REPRESENTATION_CONTEXT(2) 
PARAMETRIC_REPRESENTATION_CONTEXT() REPRESENTATION_CONTEXT('2D SPACE',''
  ) );
#2437 = PCURVE('',#2306,#2438);
#2438 = DEFINITIONAL_REPRESENTATION('',(#2439),#2443);
#2439 = LINE('',#2440,#2441);
#2440 = CARTESIAN_POINT('',(0.,-87.6));
#2441 = VECTOR('',#2442,1.);
#2442 = DIRECTION('',(1.,0.));
#2443 = ( GEOMETRIC_REPRESENTATION_CONTEXT(2) 
PARAMETRIC_REPRESENTATION_CONTEXT() REPRESENTATION_CONTEXT('2D SPACE',''
  ) );
#2444 = ORIENTED_EDGE('',*,*,#2369,.T.);
#2445 = ORIENTED_EDGE('',*,*,#2446,.T.);
#2446 = EDGE_CURVE('',#2347,#2447,#2449,.T.);
#2447 = VERTEX_POINT('',#2448);
#2448 = CARTESIAN_POINT('',(55.,-45.,60.));
#2449 = SURFACE_CURVE('',#2450,(#2454,#2461),.PCURVE_S1.);
#2450 = LINE('',#2451,#2452);
#2451 = CARTESIAN_POINT('',(-55.,-45.,60.));
#2452 = VECTOR('',#2453,1.);
#2453 = DIRECTION('',(1.,0.,-0.));
#2454 = PCURVE('',#2385,#2455);
#2455 = DEFINITIONAL_REPRESENTATION('',(#2456),#2460);
#2456 = LINE('',#2457,#2458);
#2457 = CARTESIAN_POINT('',(120.,0.));
#2458 = VECTOR('',#2459,1.);
#2459 = DIRECTION('',(0.,1.));
#2460 = ( GEOMETRIC_REPRESENTATION_CONTEXT(2) 
PARAMETRIC_REPRESENTATION_CONTEXT() REPRESENTATION_CONTEXT('2D SPACE',''
  ) );
#2461 = PCURVE('',#2252,#2462);
#2462 = DEFINITIONAL_REPRESENTATION('',(#2463),#2467);
#2463 = LINE('',#2464,#2465);
#2464 = CARTESIAN_POINT('',(0.,-87.6));
#2465 = VECTOR('',#2466,1.);
#2466 = DIRECTION('',(1.,0.));
#2467 = ( GEOMETRIC_REPRESENTATION_CONTEXT(2) 
PARAMETRIC_REPRESENTATION_CONTEXT() REPRESENTATION_CONTEXT('2D SPACE',''
  ) );
#2468 = ORIENTED_EDGE('',*,*,#2469,.F.);
#2469 = EDGE_CURVE('',#2423,#2447,#2470,.T.);
#2470 = SURFACE_CURVE('',#2471,(#2475,#2482),.PCURVE_S1.);
#2471 = LINE('',#2472,#2473);
#2472 = CARTESIAN_POINT('',(55.,-45.,-60.));
#2473 = VECTOR('',#2474,1.);
#2474 = DIRECTION('',(0.,0.,1.));
#2475 = PCURVE('',#2385,#2476);
#2476 = DEFINITIONAL_REPRESENTATION('',(#2477),#2481);
#2477 = LINE('',#2478,#2479);
#2478 = CARTESIAN_POINT('',(0.,110.));
#2479 = VECTOR('',#2480,1.);
#2480 = DIRECTION('',(1.,0.));
#2481 = ( GEOMETRIC_REPRESENTATION_CONTEXT(2) 
PARAMETRIC_REPRESENTATION_CONTEXT() REPRESENTATION_CONTEXT('2D SPACE',''
  ) );
#2482 = PCURVE('',#2331,#2483);
#2483 = DEFINITIONAL_REPRESENTATION('',(#2484),#2488);
#2484 = LINE('',#2485,#2486);
#2485 = CARTESIAN_POINT('',(0.,87.6));
#2486 = VECTOR('',#2487,1.);
#2487 = DIRECTION('',(1.,0.));
#2488 = ( GEOMETRIC_REPRESENTATION_CONTEXT(2) 
PARAMETRIC_REPRESENTATION_CONTEXT() REPRESENTATION_CONTEXT('2D SPACE',''
  ) );
#2489 = ADVANCED_FACE('',(#2490),#2306,.T.);
#2490 = FACE_BOUND('',#2491,.T.);
#2491 = EDGE_LOOP('',(#2492,#2493,#2494,#2515));
#2492 = ORIENTED_EDGE('',*,*,#2397,.T.);
#2493 = ORIENTED_EDGE('',*,*,#2422,.T.);
#2494 = ORIENTED_EDGE('',*,*,#2495,.F.);
#2495 = EDGE_CURVE('',#2292,#2423,#2496,.T.);
#2496 = SURFACE_CURVE('',#2497,(#2501,#2508),.PCURVE_S1.);
#2497 = LINE('',#2498,#2499);
#2498 = CARTESIAN_POINT('',(55.,47.4,-60.));
#2499 = VECTOR('',#2500,1.);
#2500 = DIRECTION('',(0.,-1.,0.));
#2501 = PCURVE('',#2306,#2502);
#2502 = DEFINITIONAL_REPRESENTATION('',(#2503),#2507);
#2503 = LINE('',#2504,#2505);
#2504 = CARTESIAN_POINT('',(110.,4.8));
#2505 = VECTOR('',#2506,1.);
#2506 = DIRECTION('',(0.,-1.));
#2507 = ( GEOMETRIC_REPRESENTATION_CONTEXT(2) 
PARAMETRIC_REPRESENTATION_CONTEXT() REPRESENTATION_CONTEXT('2D SPACE',''
  ) );
#2508 = PCURVE('',#2331,#2509);
#2509 = DEFINITIONAL_REPRESENTATION('',(#2510),#2514);
#2510 = LINE('',#2511,#2512);
#2511 = CARTESIAN_POINT('',(0.,-4.8));
#2512 = VECTOR('',#2513,1.);
#2513 = DIRECTION('',(0.,1.));
#2514 = ( GEOMETRIC_REPRESENTATION_CONTEXT(2) 
PARAMETRIC_REPRESENTATION_CONTEXT() REPRESENTATION_CONTEXT('2D SPACE',''
  ) );
#2515 = ORIENTED_EDGE('',*,*,#2291,.F.);
#2516 = ADVANCED_FACE('',(#2517),#2331,.F.);
#2517 = FACE_BOUND('',#2518,.F.);
#2518 = EDGE_LOOP('',(#2519,#2540,#2541,#2542));
#2519 = ORIENTED_EDGE('',*,*,#2520,.T.);
#2520 = EDGE_CURVE('',#2238,#2447,#2521,.T.);
#2521 = SURFACE_CURVE('',#2522,(#2526,#2533),.PCURVE_S1.);
#2522 = LINE('',#2523,#2524);
#2523 = CARTESIAN_POINT('',(55.,47.4,60.));
#2524 = VECTOR('',#2525,1.);
#2525 = DIRECTION('',(0.,-1.,0.));
#2526 = PCURVE('',#2331,#2527);
#2527 = DEFINITIONAL_REPRESENTATION('',(#2528),#2532);
#2528 = LINE('',#2529,#2530);
#2529 = CARTESIAN_POINT('',(120.,-4.8));
#2530 = VECTOR('',#2531,1.);
#2531 = DIRECTION('',(0.,1.));
#2532 = ( GEOMETRIC_REPRESENTATION_CONTEXT(2) 
PARAMETRIC_REPRESENTATION_CONTEXT() REPRESENTATION_CONTEXT('2D SPACE',''
  ) );
#2533 = PCURVE('',#2252,#2534);
#2534 = DEFINITIONAL_REPRESENTATION('',(#2535),#2539);
#2535 = LINE('',#2536,#2537);
#2536 = CARTESIAN_POINT('',(110.,4.8));
#2537 = VECTOR('',#2538,1.);
#2538 = DIRECTION('',(0.,-1.));
#2539 = ( GEOMETRIC_REPRESENTATION_CONTEXT(2) 
PARAMETRIC_REPRESENTATION_CONTEXT() REPRESENTATION_CONTEXT('2D SPACE',''
  ) );
#2540 = ORIENTED_EDGE('',*,*,#2469,.F.);
#2541 = ORIENTED_EDGE('',*,*,#2495,.F.);
#2542 = ORIENTED_EDGE('',*,*,#2318,.F.);
#2543 = ADVANCED_FACE('',(#2544),#2252,.F.);
#2544 = FACE_BOUND('',#2545,.F.);
#2545 = EDGE_LOOP('',(#2546,#2547,#2548,#2549));
#2546 = ORIENTED_EDGE('',*,*,#2346,.F.);
#2547 = ORIENTED_EDGE('',*,*,#2446,.T.);
#2548 = ORIENTED_EDGE('',*,*,#2520,.F.);
#2549 = ORIENTED_EDGE('',*,*,#2235,.F.);
#2550 = ADVANCED_FACE('',(#2551),#2047,.T.);
#2551 = FACE_BOUND('',#2552,.T.);
#2552 = EDGE_LOOP('',(#2553,#2554,#2575,#2576));
#2553 = ORIENTED_EDGE('',*,*,#2033,.F.);
#2554 = ORIENTED_EDGE('',*,*,#2555,.T.);
#2555 = EDGE_CURVE('',#1945,#2139,#2556,.T.);
#2556 = SURFACE_CURVE('',#2557,(#2561,#2568),.PCURVE_S1.);
#2557 = LINE('',#2558,#2559);
#2558 = CARTESIAN_POINT('',(-57.4,-47.4,62.4));
#2559 = VECTOR('',#2560,1.);
#2560 = DIRECTION('',(1.,0.,-0.));
#2561 = PCURVE('',#2047,#2562);
#2562 = DEFINITIONAL_REPRESENTATION('',(#2563),#2567);
#2563 = LINE('',#2564,#2565);
#2564 = CARTESIAN_POINT('',(0.,0.));
#2565 = VECTOR('',#2566,1.);
#2566 = DIRECTION('',(1.,0.));
#2567 = ( GEOMETRIC_REPRESENTATION_CONTEXT(2) 
PARAMETRIC_REPRESENTATION_CONTEXT() REPRESENTATION_CONTEXT('2D SPACE',''
  ) );
#2568 = PCURVE('',#1965,#2569);
#2569 = DEFINITIONAL_REPRESENTATION('',(#2570),#2574);
#2570 = LINE('',#2571,#2572);
#2571 = CARTESIAN_POINT('',(124.8,0.));
#2572 = VECTOR('',#2573,1.);
#2573 = DIRECTION('',(0.,1.));
#2574 = ( GEOMETRIC_REPRESENTATION_CONTEXT(2) 
PARAMETRIC_REPRESENTATION_CONTEXT() REPRESENTATION_CONTEXT('2D SPACE',''
  ) );
#2575 = ORIENTED_EDGE('',*,*,#2185,.T.);
#2576 = ORIENTED_EDGE('',*,*,#2211,.F.);
#2577 = ADVANCED_FACE('',(#2578),#1965,.F.);
#2578 = FACE_BOUND('',#2579,.F.);
#2579 = EDGE_LOOP('',(#2580,#2581,#2582,#2583));
#2580 = ORIENTED_EDGE('',*,*,#2063,.F.);
#2581 = ORIENTED_EDGE('',*,*,#1942,.T.);
#2582 = ORIENTED_EDGE('',*,*,#2555,.T.);
#2583 = ORIENTED_EDGE('',*,*,#2138,.F.);
#2584 = ( GEOMETRIC_REPRESENTATION_CONTEXT(3) 
GLOBAL_UNCERTAINTY_ASSIGNED_CONTEXT((#2588)) 
GLOBAL_UNIT_ASSIGNED_CONTEXT((#2585,#2586,#2587)) REPRESENTATION_CONTEXT
('Context #1','3D Context with UNIT and UNCERTAINTY') );
#2585 = ( LENGTH_UNIT() NAMED_UNIT(*) SI_UNIT(.MILLI.,.METRE.) );
#2586 = ( NAMED_UNIT(*) PLANE_ANGLE_UNIT() SI_UNIT($,.RADIAN.) );
#2587 = ( NAMED_UNIT(*) SI_UNIT($,.STERADIAN.) SOLID_ANGLE_UNIT() );
#2588 = UNCERTAINTY_MEASURE_WITH_UNIT(LENGTH_MEASURE(2.E-07),#2585,
  'distance_accuracy_value','confusion accuracy');
#2589 = PRODUCT_RELATED_PRODUCT_CATEGORY('part',$,(#7));
ENDSEC;
END-ISO-10303-21;
