time_s,platform_height_mm,platform_drift_mm,platform_overshoot_mm,peak_actuator_force_n,latch_contact_state,contact_force_n
0.002,44.462934317343176,44.462934317343176,44.462934317343176,-135.0,0.0,0.0
0.004,43.39673012077722,43.39673012077722,43.39673012077722,-133.38880295202952,0.0,0.0
0.006,41.81514294942985,41.81514294942985,41.81514294942985,-130.19019036233166,0.0,0.0
0.008,39.737582930566084,39.737582930566084,39.737582930566084,-125.44542884828954,0.0,0.0
0.01,37.18887904169186,37.18887904169186,37.18887904169186,-119.21274879169825,0.0,0.0
0.012,34.19898425526707,34.19898425526707,34.19898425526707,-111.56663712507557,0.0,0.0
0.014,30.802625048254185,30.802625048254185,30.802625048254185,-102.59695276580122,0.0,0.0
0.016,27.038899361766205,27.038899361766205,27.038899361766205,-92.40787514476256,0.0,0.0
0.018000000000000002,22.950827651666376,22.950827651666376,22.950827651666376,-81.11669808529862,0.0,0.0
0.020000000000000004,18.58486217313519,18.58486217313519,18.58486217313519,-68.85248295499913,0.0,0.0
0.022000000000000006,13.99036008559708,13.99036008559708,13.99036008559708,-55.754586519405564,0.0,0.0
0.024000000000000007,9.219026344297891,9.219026344297891,9.219026344297891,-41.97108025679124,0.0,0.0
0.02600000000000001,4.324332657273261,4.324332657273261,4.324332657273261,-27.657079032893673,0.0,0.0
0.02800000000000001,-0.6390809717616827,-0.6390809717616827,-0.6390809717616827,-12.972997971819783,0.0,0.0
0.030000000000000013,-4.621694552681137,-4.621694552681137,-4.621694552681137,1.9172429152850479,0.0,0.0
0.032000000000000015,-7.763349264508938,-7.763349264508938,-7.763349264508938,13.86508365804341,0.0,0.0
0.034000000000000016,-10.198731863502264,-10.198731863502264,-10.198731863502264,23.290047793526814,0.0,0.0
0.03600000000000002,-12.043093889482412,-12.043093889482412,-12.043093889482412,30.59619559050679,0.0,0.0
0.03800000000000002,-13.394915896683033,-13.394915896683033,-13.394915896683033,36.129281668447234,0.0,0.0
0.04000000000000002,-14.477509649986104,-14.477509649986104,-14.477509649986104,40.1847476900491,0.0,0.0
0.04200000000000002,-15.335983524594003,-15.335983524594003,-15.335983524594003,43.43252894995831,0.0,0.0
0.044000000000000025,-16.00833636167941,-16.00833636167941,-16.00833636167941,46.00795057378201,0.0,0.0
0.04600000000000003,-16.52654984303329,-16.52654984303329,-16.52654984303329,48.02500908503823,0.0,0.0
0.04800000000000003,-16.917515046284198,-16.917515046284198,-16.917515046284198,49.579649529099875,0.0,0.0
0.05000000000000003,-17.203354893784393,-17.203354893784393,-17.203354893784393,50.75254513885259,0.0,0.0
0.05200000000000003,-17.398816460871593,-17.398816460871593,-17.398816460871593,51.61006468135318,0.0,0.0
0.054000000000000034,-17.51692499912777,-17.51692499912777,-17.51692499912777,52.19644938261477,0.0,0.0
0.056000000000000036,-17.571210016139595,-17.571210016139595,-17.571210016139595,52.55077499738331,0.0,0.0
0.05800000000000004,-17.574026795762524,-17.574026795762524,-17.574026795762524,52.71363004841879,0.0,0.0
0.06000000000000004,-17.536118405072116,-17.536118405072116,-17.536118405072116,52.722080387287576,0.0,0.0
0.06200000000000004,-17.466727237358498,-17.466727237358498,-17.466727237358498,52.608355215216356,0.0,0.0
0.06400000000000004,-17.373895023626154,-17.373895023626154,-17.373895023626154,52.400181712075494,0.0,0.0
0.06600000000000004,-17.26482952499364,-17.26482952499364,-17.26482952499364,52.12168507087846,0.0,0.0
0.06800000000000005,-17.14626713130105,-17.14626713130105,-17.14626713130105,51.794488574980925,0.0,0.0
0.07000000000000005,-17.023856011181852,-17.023856011181852,-17.023856011181852,51.43880139390316,0.0,0.0
0.07200000000000005,-16.9017088023017,-16.9017088023017,-16.9017088023017,51.07156803354555,0.0,0.0
0.07400000000000005,-16.78232597943956,-16.78232597943956,-16.78232597943956,50.70512640690511,0.0,0.0
0.07600000000000005,-16.66672814535457,-16.66672814535457,-16.66672814535457,50.34697793831867,0.0,0.0
0.07800000000000006,-16.55533385723484,-16.55533385723484,-16.55533385723484,50.000184436063705,0.0,0.0
0.08000000000000006,-16.448429808142627,-16.448429808142627,-16.448429808142627,49.66600157170451,0.0,0.0
0.08200000000000006,-16.34619547464863,-16.34619547464863,-16.34619547464863,49.345289424427875,0.0,0.0
0.08400000000000006,-16.248723719841283,-16.248723719841283,-16.248723719841283,49.038586423945894,0.0,0.0
0.08600000000000006,-16.15603798386845,-16.15603798386845,-16.15603798386845,48.74617115952385,0.0,0.0
0.08800000000000006,-16.068106597381643,-16.068106597381643,-16.068106597381643,48.46811395160535,0.0,0.0
0.09000000000000007,-15.984854671150625,-15.984854671150625,-15.984854671150625,48.20431979214493,0.0,0.0
0.09200000000000007,-15.90617394547732,-15.90617394547732,-15.90617394547732,47.95456401345187,0.0,0.0
0.09400000000000007,-15.831930923979963,-15.831930923979963,-15.831930923979963,47.71852183643196,0.0,0.0
0.09600000000000007,-15.761973566243613,-15.761973566243613,-15.761973566243613,47.49579277193989,0.0,0.0
0.09800000000000007,-15.696136771380365,-15.696136771380365,-15.696136771380365,47.28592069873084,0.0,0.0
0.10000000000000007,-15.634246848557215,-15.634246848557215,-15.634246848557215,47.08841031414109,0.0,0.0
0.10200000000000008,-15.57612514005974,-15.57612514005974,-15.57612514005974,46.90274054567165,0.0,0.0
0.10400000000000008,-15.521590936622669,-15.521590936622669,-15.521590936622669,46.72837542017922,0.0,0.0
0.10600000000000008,-15.47046380287731,-15.47046380287731,-15.47046380287731,46.564772809868,0.0,0.0
0.10800000000000008,-15.42256541223744,-15.42256541223744,-15.42256541223744,46.41139140863193,0.0,0.0
0.11000000000000008,-15.377720974859692,-15.377720974859692,-15.377720974859692,46.26769623671232,0.0,0.0
0.11200000000000009,-15.335760329041895,-15.335760329041895,-15.335760329041895,46.133162924579075,0.0,0.0
0.11400000000000009,-15.29651875519764,-15.29651875519764,-15.29651875519764,46.00728098712568,0.0,0.0
0.11600000000000009,-15.259837562050691,-15.259837562050691,-15.259837562050691,45.88955626559292,0.0,0.0
0.11800000000000009,-15.225564486671496,-15.225564486671496,-15.225564486671496,45.779512686152074,0.0,0.0
0.12000000000000009,-15.193553943200664,-15.193553943200664,-15.193553943200664,45.67669346001449,0.0,0.0
0.1220000000000001,-15.163667149384295,-15.163667149384295,-15.163667149384295,45.58066182960199,0.0,0.0
0.1240000000000001,-15.135772155219554,-15.135772155219554,-15.135772155219554,45.491001448152886,0.0,0.0
0.12600000000000008,-15.109743793938964,-15.109743793938964,-15.109743793938964,45.40731646565867,0.0,0.0
0.12800000000000009,-15.085463572134548,-15.085463572134548,-15.085463572134548,45.329231381816896,0.0,0.0
0.1300000000000001,-15.062819512937923,-15.062819512937923,-15.062819512937923,45.256390716403644,0.0,0.0
0.1320000000000001,-15.041705963745692,-15.041705963745692,-15.041705963745692,45.18845853881377,0.0,0.0
0.1340000000000001,-15.02202337794189,-15.02202337794189,-15.02202337794189,45.125117891237075,0.0,0.0
0.1360000000000001,-15.003678078361208,-15.003678078361208,-15.003678078361208,45.06607013382567,0.0,0.0
0.1380000000000001,-14.986582008801339,-14.986582008801339,-14.986582008801339,45.01103423508362,0.0,0.0
0.1400000000000001,-14.970652478697843,-14.970652478697843,-14.970652478697843,44.95974602640401,0.0,0.0
0.1420000000000001,-14.955811905073194,-14.955811905073194,-14.955811905073194,44.91195743609353,0.0,0.0
0.1440000000000001,-14.941987555037395,-14.941987555037395,-14.941987555037395,44.867435715219585,0.0,0.0
0.1460000000000001,-14.929111291425672,-14.929111291425672,-14.929111291425672,44.825962665112186,0.0,0.0
0.1480000000000001,-14.917119323582549,-14.917119323582549,-14.917119323582549,44.78733387427702,0.0,0.0
0.1500000000000001,-14.905951964826729,-14.905951964826729,-14.905951964826729,44.75135797074765,0.0,0.0
0.1520000000000001,-14.895553397739759,-14.895553397739759,-14.895553397739759,44.71785589448019,0.0,0.0
0.1540000000000001,-14.88587144809845,-14.88587144809845,-14.88587144809845,44.686660193219275,0.0,0.0
0.1560000000000001,-14.876857368009896,-14.876857368009896,-14.876857368009896,44.657614344295354,0.0,0.0
0.1580000000000001,-14.868465628593063,-14.868465628593063,-14.868465628593063,44.63057210402969,0.0,0.0
0.16000000000000011,-14.860653722379608,-14.860653722379608,-14.860653722379608,44.605396885779186,0.0,0.0
0.16200000000000012,-14.853381975467075,-14.853381975467075,-14.853381975467075,44.58196116713882,0.0,0.0
0.16400000000000012,-14.846613369350521,-14.846613369350521,-14.846613369350521,44.56014592640122,0.0,0.0
0.16600000000000012,-14.840313372270193,-14.840313372270193,-14.840313372270193,44.539840108051564,0.0,0.0
0.16800000000000012,-14.834449779849145,-14.834449779849145,-14.834449779849145,44.52094011681058,0.0,0.0
0.17000000000000012,-14.828992564743332,-14.828992564743332,-14.828992564743332,44.503349339547434,0.0,0.0
0.17200000000000013,-14.823913734991132,-14.823913734991132,-14.823913734991132,44.48697769423,0.0,0.0
0.17400000000000013,-14.819187200723489,-14.819187200723489,-14.819187200723489,44.4717412049734,0.0,0.0
0.17600000000000013,-14.814788648878837,-14.814788648878837,-14.814788648878837,44.457561602170465,0.0,0.0
0.17800000000000013,-14.810695425558851,-14.810695425558851,-14.810695425558851,44.44436594663651,0.0,0.0
0.18000000000000013,-14.806886425654723,-14.806886425654723,-14.806886425654723,44.43208627667655,0.0,0.0
0.18200000000000013,-14.803341989379064,-14.803341989379064,-14.803341989379064,44.42065927696417,0.0,0.0
0.18400000000000014,-14.800043805338177,-14.800043805338177,-14.800043805338177,44.41002596813719,0.0,0.0
0.18600000000000014,-14.79697481979094,-14.79697481979094,-14.79697481979094,44.40013141601453,0.0,0.0
0.18800000000000014,-14.794119151747841,-14.794119151747841,-14.794119151747841,44.39092445937282,0.0,0.0
0.19000000000000014,-14.79146201357639,-14.79146201357639,-14.79146201357639,44.38235745524352,0.0,0.0
0.19200000000000014,-14.788989636789948,-14.788989636789948,-14.788989636789948,44.37438604072917,0.0,0.0
0.19400000000000014,-14.786689202711619,-14.786689202711619,-14.786689202711619,44.36696891036984,0.0,0.0
0.19600000000000015,-14.784548777718703,-14.784548777718703,-14.784548777718703,44.360067608134855,0.0,0.0
0.19800000000000015,-14.782557252784702,-14.782557252784702,-14.782557252784702,44.353646333156114,0.0,0.0
0.20000000000000015,-14.780704287052872,-14.780704287052872,-14.780704287052872,44.34767175835411,0.0,0.0
0.20200000000000015,-14.77898025518738,-14.77898025518738,-14.77898025518738,44.34211286115861,0.0,0.0
0.20400000000000015,-14.777376198261532,-14.777376198261532,-14.777376198261532,44.33694076556213,0.0,0.0
0.20600000000000016,-14.775883777956622,-14.775883777956622,-14.775883777956622,44.3321285947846,0.0,0.0
0.20800000000000016,-14.774495233857836,-14.774495233857836,-14.774495233857836,44.327651333869866,0.0,0.0
0.21000000000000016,-14.773203343644857,-14.773203343644857,-14.773203343644857,44.32348570157351,0.0,0.0
0.21200000000000016,-14.772001385987739,-14.772001385987739,-14.772001385987739,44.31961003093458,0.0,0.0
0.21400000000000016,-14.770883105970729,-14.770883105970729,-14.770883105970729,44.316004157963214,0.0,0.0
0.21600000000000016,-14.769842682875188,-14.769842682875188,-14.769842682875188,44.31264931791219,0.0,0.0
0.21800000000000017,-14.768874700165549,-14.768874700165549,-14.768874700165549,44.309528048625566,0.0,0.0
0.22000000000000017,-14.767974117531,-14.767974117531,-14.767974117531,44.30662410049665,0.0,0.0
0.22200000000000017,-14.767136244844668,-14.767136244844668,-14.767136244844668,44.303922352593,0.0,0.0
0.22400000000000017,-14.766356717911785,-14.766356717911785,-14.766356717911785,44.301408734534,0.0,0.0
0.22600000000000017,-14.765631475885233,-14.765631475885233,-14.765631475885233,44.29907015373536,0.0,0.0
0.22800000000000017,-14.76495674023619,-14.76495674023619,-14.76495674023619,44.296894427655694,0.0,0.0
0.23000000000000018,-14.76432899517458,-14.76432899517458,-14.76432899517458,44.294870220708574,0.0,0.0
0.23200000000000018,-14.763744969419967,-14.763744969419967,-14.763744969419967,44.29298698552374,0.0,0.0
0.23400000000000018,-14.763201619230902,-14.763201619230902,-14.763201619230902,44.2912349082599,0.0,0.0
0.23600000000000018,-14.762696112607347,-14.762696112607347,-14.762696112607347,44.2896048576927,0.0,0.0
0.23800000000000018,-14.762225814585305,-14.762225814585305,-14.762225814585305,44.288088337822046,0.0,0.0
0.24000000000000019,-14.76178827354919,-14.76178827354919,-14.76178827354919,44.28667744375591,0.0,0.0
0.2420000000000002,-14.761381208491484,-14.761381208491484,-14.761381208491484,44.28536482064757,0.0,0.0
0.2440000000000002,-14.761002497155578,-14.761002497155578,-14.761002497155578,44.28414362547445,0.0,0.0
0.2460000000000002,-14.760650164999927,-14.760650164999927,-14.760650164999927,44.28300749146673,0.0,0.0
0.2480000000000002,-14.760322374927563,-14.760322374927563,-14.760322374927563,44.28195049499978,0.0,0.0
0.25000000000000017,-14.760017417728207,-14.760017417728207,-14.760017417728207,44.280967124782684,0.0,0.0
0.25200000000000017,-14.759733703183418,-14.759733703183418,-14.759733703183418,44.28005225318462,0.0,0.0
0.25400000000000017,-14.759469751789307,-14.759469751789307,-14.759469751789307,44.27920110955026,0.0,0.0
0.25600000000000017,-14.75922418705406,-14.75922418705406,-14.75922418705406,44.27840925536792,0.0,0.0
0.2580000000000002,-14.758995728330413,-14.758995728330413,-14.758995728330413,44.277672561162184,0.0,0.0
0.2600000000000002,-14.758783184146187,-14.758783184146187,-14.758783184146187,44.27698718499124,0.0,0.0
0.2620000000000002,-14.758585445998342,-14.758585445998342,-14.758585445998342,44.27634955243856,0.0,0.0
0.2640000000000002,-14.75840148257804,-14.75840148257804,-14.75840148257804,44.27575633799503,0.0,0.0
0.2660000000000002,-14.75823033439778,-14.75823033439778,-14.75823033439778,44.275204447734126,0.0,0.0
0.2680000000000002,-14.758071108791777,-14.758071108791777,-14.758071108791777,44.27469100319334,0.0,0.0
0.2700000000000002,-14.75792297526394,-14.75792297526394,-14.75792297526394,44.27421332637533,0.0,0.0
0.2720000000000002,-14.757785161159765,-14.757785161159765,-14.757785161159765,44.27376892579181,0.0,0.0
0.2740000000000002,-14.757656946025396,-14.757656946025396,-14.757656946025396,44.27335548347929,0.0,0.0
0.2760000000000002,-14.757537659626323,-14.757537659626323,-14.757537659626323,44.27297083807619,0.0,0.0
0.2780000000000002,-14.757426678774483,-14.757426678774483,-14.757426678774483,44.27261297887897,0.0,0.0
0.2800000000000002,-14.757323423988682,-14.757323423988682,-14.757323423988682,44.27228003632345,0.0,0.0
0.2820000000000002,-14.75722735639738,-14.75722735639738,-14.75722735639738,44.27197027196605,0.0,0.0
0.2840000000000002,-14.757137974866154,-14.757137974866154,-14.757137974866154,44.27168206919214,0.0,0.0
0.2860000000000002,-14.757054813332095,-14.757054813332095,-14.757054813332095,44.27141392459846,0.0,0.0
0.2880000000000002,-14.756977438329846,-14.756977438329846,-14.756977438329846,44.271164439996284,0.0,0.0
0.2900000000000002,-14.756905446695097,-14.756905446695097,-14.756905446695097,44.27093231498954,0.0,0.0
0.2920000000000002,-14.756838463432535,-14.756838463432535,-14.756838463432535,44.270716340085286,0.0,0.0
0.2940000000000002,-14.756776139735617,-14.756776139735617,-14.756776139735617,44.270515390297604,0.0,0.0
0.2960000000000002,-14.756718151147593,-14.756718151147593,-14.756718151147593,44.27032841920685,0.0,0.0
0.2980000000000002,-14.756664195852874,-14.756664195852874,-14.756664195852874,44.27015445344278,0.0,0.0
0.3000000000000002,-14.756613993090127,-14.756613993090127,-14.756613993090127,44.269992587558626,0.0,0.0
0.3020000000000002,-14.756567281677086,-14.756567281677086,-14.756567281677086,44.26984197927038,0.0,0.0
0.3040000000000002,-14.756523818639797,-14.756523818639797,-14.756523818639797,44.26970184503126,0.0,0.0
0.3060000000000002,-14.756483377939128,-14.756483377939128,-14.756483377939128,44.26957145591939,0.0,0.0
0.3080000000000002,-14.75644574928635,-14.75644574928635,-14.75644574928635,44.26945013381739,0.0,0.0
0.3100000000000002,-14.756410737042586,-14.756410737042586,-14.756410737042586,44.26933724785905,0.0,0.0
0.3120000000000002,-14.756378159195261,-14.756378159195261,-14.756378159195261,44.26923221112776,0.0,0.0
0.3140000000000002,-14.756347846406907,-14.756347846406907,-14.756347846406907,44.26913447758579,0.0,0.0
0.3160000000000002,-14.756319641130357,-14.756319641130357,-14.756319641130357,44.269043539220725,0.0,0.0
0.3180000000000002,-14.756293396786232,-14.756293396786232,-14.756293396786232,44.268958923391075,0.0,0.0
0.32000000000000023,-14.756268976998035,-14.756268976998035,-14.756268976998035,44.2688801903587,0.0,0.0
0.32200000000000023,-14.756246254880507,-14.756246254880507,-14.756246254880507,44.2688069309941,0.0,0.0
0.32400000000000023,-14.756225112378278,-14.756225112378278,-14.756225112378278,44.26873876464152,0.0,0.0
0.32600000000000023,-14.75620543965041,-14.75620543965041,-14.75620543965041,44.26867533713484,0.0,0.0
0.32800000000000024,-14.756187134498157,-14.756187134498157,-14.756187134498157,44.26861631895123,0.0,0.0
0.33000000000000024,-14.756170101832653,-14.756170101832653,-14.756170101832653,44.26856140349447,0.0,0.0
0.33200000000000024,-14.756154253179611,-14.756154253179611,-14.756154253179611,44.26851030549796,0.0,0.0
0.33400000000000024,-14.756139506218812,-14.756139506218812,-14.756139506218812,44.268462759538835,0.0,0.0
0.33600000000000024,-14.756125784355769,-14.756125784355769,-14.756125784355769,44.26841851865643,0.0,0.0
0.33800000000000024,-14.756113016322871,-14.756113016322871,-14.756113016322871,44.2683773530673,0.0,0.0
0.34000000000000025,-14.756101135808796,-14.756101135808796,-14.756101135808796,44.26833904896861,0.0,0.0
0.34200000000000025,-14.75609008111374,-14.75609008111374,-14.75609008111374,44.268303407426394,0.0,0.0
0.34400000000000025,-14.75607979482832,-14.75607979482832,-14.75607979482832,44.26827024334122,0.0,0.0
0.34600000000000025,-14.756070223535021,-14.756070223535021,-14.756070223535021,44.26823938448496,0.0,0.0
0.34800000000000025,-14.756061317530692,-14.756061317530692,-14.756061317530692,44.268210670605065,0.0,0.0
0.35000000000000026,-14.75605303056804,-14.75605303056804,-14.75605303056804,44.268183952592075,0.0,0.0
0.35200000000000026,-14.75604531961516,-14.75604531961516,-14.75604531961516,44.26815909170412,0.0,0.0
0.35400000000000026,-14.756038144631848,-14.756038144631848,-14.756038144631848,44.26813595884548,0.0,0.0
0.35600000000000026,-14.756031468361734,-14.756031468361734,-14.756031468361734,44.26811443389554,0.0,0.0
0.35800000000000026,-14.756025256138647,-14.756025256138647,-14.756025256138647,44.2680944050852,0.0,0.0
0.36000000000000026,-14.756019475706339,-14.756019475706339,-14.756019475706339,44.26807576841594,0.0,0.0
0.36200000000000027,-14.756014097051045,-14.756014097051045,-14.756014097051045,44.268058427119016,0.0,0.0
0.36400000000000027,-14.75600909224547,-14.75600909224547,-14.75600909224547,44.26804229115314,0.0,0.0
0.36600000000000027,-14.75600443530366,-14.75600443530366,-14.75600443530366,44.26802727673641,0.0,0.0
0.36800000000000027,-14.756000102046166,-14.756000102046166,-14.756000102046166,44.26801330591098,0.0,0.0
0.3700000000000003,-14.755996069974216,-14.755996069974216,-14.755996069974216,44.2680003061385,0.0,0.0
0.3720000000000003,-14.75599231815313,-14.75599231815313,-14.75599231815313,44.26798820992265,0.0,0.0
0.3740000000000003,-14.75598882710351,-14.75598882710351,-14.75598882710351,44.267976954459385,0.0,0.0
0.3760000000000003,-14.755985578699748,-14.755985578699748,-14.755985578699748,44.26796648131053,0.0,0.0
0.3780000000000003,-14.755982556076429,-14.755982556076429,-14.755982556076429,44.267956736099244,0.0,0.0
0.3800000000000003,-14.755979743540244,-14.755979743540244,-14.755979743540244,44.26794766822928,0.0,0.0
0.3820000000000003,-14.75597712648884,-14.75597712648884,-14.75597712648884,44.26793923062073,0.0,0.0
0.3840000000000003,-14.755974691334805,-14.755974691334805,-14.755974691334805,44.26793137946652,0.0,0.0
0.3860000000000003,-14.755972425435262,-14.755972425435262,-14.755972425435262,44.26792407400441,0.0,0.0
0.3880000000000003,-14.755970317026037,-14.755970317026037,-14.755970317026037,44.26791727630579,0.0,0.0
0.3900000000000003,-14.75596835516065,-14.75596835516065,-14.75596835516065,44.267910951078115,0.0,0.0
0.3920000000000003,-14.755966529653465,-14.755966529653465,-14.755966529653465,44.26790506548195,0.0,0.0
0.3940000000000003,-14.755964831026919,-14.755964831026919,-14.755964831026919,44.2678995889604,0.0,0.0
0.3960000000000003,-14.755963250462225,-14.755963250462225,-14.755963250462225,44.26789449308076,0.0,0.0
0.3980000000000003,-14.755961779753505,-14.755961779753505,-14.755961779753505,44.267889751386676,0.0,0.0
0.4000000000000003,-14.755960411265184,-14.755960411265184,-14.755960411265184,44.267885339260516,0.0,0.0
0.4020000000000003,-14.755959137892434,-14.755959137892434,-14.755959137892434,44.26788123379555,0.0,0.0
0.4040000000000003,-14.755957953024298,-14.755957953024298,-14.755957953024298,44.267877413677304,0.0,0.0
0.4060000000000003,-14.755956850509422,-14.755956850509422,-14.755956850509422,44.26787385907289,0.0,0.0
0.4080000000000003,-14.755955824623804,-14.755955824623804,-14.755955824623804,44.26787055152827,0.0,0.0
0.4100000000000003,-14.755954870041359,-14.755954870041359,-14.755954870041359,44.26786747387141,0.0,0.0
0.4120000000000003,-14.755953981806135,-14.755953981806135,-14.755953981806135,44.26786461012407,0.0,0.0
0.4140000000000003,-14.755953155306871,-14.755953155306871,-14.755953155306871,44.2678619454184,0.0,0.0
0.4160000000000003,-14.755952386252565,-14.755952386252565,-14.755952386252565,44.267859465920615,0.0,0.0
0.4180000000000003,-14.75595167065057,-14.75595167065057,-14.75595167065057,44.26785715875769,0.0,0.0
0.4200000000000003,-14.755951004785663,-14.755951004785663,-14.755951004785663,44.26785501195171,0.0,0.0
0.4220000000000003,-14.755950385200958,-14.755950385200958,-14.755950385200958,44.26785301435699,0.0,0.0
0.4240000000000003,-14.755949808679887,-14.755949808679887,-14.755949808679887,44.26785115560288,0.0,0.0
0.4260000000000003,-14.755949272229303,-14.755949272229303,-14.755949272229303,44.26784942603966,0.0,0.0
0.4280000000000003,-14.7559487730641,-14.7559487730641,-14.7559487730641,44.26784781668791,0.0,0.0
0.4300000000000003,-14.755948308592734,-14.755948308592734,-14.755948308592734,44.2678463191923,0.0,0.0
0.43200000000000033,-14.75594787640385,-14.75594787640385,-14.75594787640385,44.267844925778206,0.0,0.0
0.43400000000000033,-14.755947474253752,-14.755947474253752,-14.755947474253752,44.267843629211555,0.0,0.0
0.43600000000000033,-14.755947100054618,-14.755947100054618,-14.755947100054618,44.267842422761255,0.0,0.0
0.43800000000000033,-14.755946751863707,-14.755946751863707,-14.755946751863707,44.26784130016385,0.0,0.0
0.44000000000000034,-14.755946427873337,-14.755946427873337,-14.755946427873337,44.267840255591125,0.0,0.0
0.44200000000000034,-14.755946126401547,-14.755946126401547,-14.755946126401547,44.267839283620006,0.0,0.0
0.44400000000000034,-14.755945845883078,-14.755945845883078,-14.755945845883078,44.26783837920464,0.0,0.0
0.44600000000000034,-14.755945584861738,-14.755945584861738,-14.755945584861738,44.267837537649235,0.0,0.0
0.44800000000000034,-14.755945341982326,-14.755945341982326,-14.755945341982326,44.26783675458522,0.0,0.0
0.45000000000000034,-14.755945115983982,-14.755945115983982,-14.755945115983982,44.26783602594698,0.0,0.0
0.45200000000000035,-14.755944905693411,-14.755944905693411,-14.755944905693411,44.267835347951944,0.0,0.0
0.45400000000000035,-14.755944710018916,-14.755944710018916,-14.755944710018916,44.267834717080234,0.0,0.0
0.45600000000000035,-14.755944527944541,-14.755944527944541,-14.755944527944541,44.26783413005675,0.0,0.0
0.45800000000000035,-14.755944358525003,-14.755944358525003,-14.755944358525003,44.26783358383362,0.0,0.0
0.46000000000000035,-14.755944200880817,-14.755944200880817,-14.755944200880817,44.26783307557501,0.0,0.0
0.46200000000000035,-14.755944054193533,-14.755944054193533,-14.755944054193533,44.26783260264245,0.0,0.0
0.46400000000000036,-14.75594391770161,-14.75594391770161,-14.75594391770161,44.2678321625806,0.0,0.0
0.46600000000000036,-14.755943790696389,-14.755943790696389,-14.755943790696389,44.26783175310483,0.0,0.0
0.46800000000000036,-14.75594367251849,-14.75594367251849,-14.75594367251849,44.26783137208917,0.0,0.0
0.47000000000000036,-14.755943562554494,-14.755943562554494,-14.755943562554494,44.267831017555466,0.0,0.0
0.47200000000000036,-14.75594346023335,-14.75594346023335,-14.75594346023335,44.267830687663476,0.0,0.0
0.47400000000000037,-14.755943365023917,-14.755943365023917,-14.755943365023917,44.26783038070005,0.0,0.0
0.47600000000000037,-14.755943276431866,-14.755943276431866,-14.755943276431866,44.26783009507175,0.0,0.0
0.47800000000000037,-14.75594319399734,-14.75594319399734,-14.75594319399734,44.2678298292956,0.0,0.0
0.48000000000000037,-14.755943117292313,-14.755943117292313,-14.755943117292313,44.26782958199202,0.0,0.0
0.4820000000000004,-14.755943045918585,-14.755943045918585,-14.755943045918585,44.26782935187694,0.0,0.0
0.4840000000000004,-14.755942979505447,-14.755942979505447,-14.755942979505447,44.267829137755754,0.0,0.0
0.4860000000000004,-14.755942917708193,-14.755942917708193,-14.755942917708193,44.26782893851634,0.0,0.0
0.4880000000000004,-14.755942860206183,-14.755942860206183,-14.755942860206183,44.26782875312458,0.0,0.0
0.4900000000000004,-14.755942806700796,-14.755942806700796,-14.755942806700796,44.26782858061855,0.0,0.0
0.4920000000000004,-14.755942756914257,-14.755942756914257,-14.755942756914257,44.26782842010239,0.0,0.0
0.4940000000000004,-14.755942710588041,-14.755942710588041,-14.755942710588041,44.26782827074277,0.0,0.0
0.4960000000000004,-14.755942667481605,-14.755942667481605,-14.755942667481605,44.26782813176412,0.0,0.0
0.4980000000000004,-14.75594262737127,-14.75594262737127,-14.75594262737127,44.267828002444816,0.0,0.0
0.5000000000000003,-14.755942590048761,-14.755942590048761,-14.755942590048761,44.267827882113814,0.0,0.0
0.5020000000000003,-14.755942555320212,-14.755942555320212,-14.755942555320212,44.26782777014628,0.0,0.0
0.5040000000000003,-14.755942523005448,-14.755942523005448,-14.755942523005448,44.26782766596064,0.0,0.0
0.5060000000000003,-14.755942492936652,-14.755942492936652,-14.755942492936652,44.26782756901634,0.0,0.0
0.5080000000000003,-14.75594246495779,-14.75594246495779,-14.75594246495779,44.267827478809956,0.0,0.0
0.5100000000000003,-14.755942438923624,-14.755942438923624,-14.755942438923624,44.26782739487337,0.0,0.0
0.5120000000000003,-14.755942414698907,-14.755942414698907,-14.755942414698907,44.26782731677087,0.0,0.0
0.5140000000000003,-14.755942392157959,-14.755942392157959,-14.755942392157959,44.26782724409672,0.0,0.0
0.5160000000000003,-14.755942371183638,-14.755942371183638,-14.755942371183638,44.26782717647387,0.0,0.0
0.5180000000000003,-14.755942351667047,-14.755942351667047,-14.755942351667047,44.26782711355091,0.0,0.0
0.5200000000000004,-14.755942333506892,-14.755942333506892,-14.755942333506892,44.26782705500114,0.0,0.0
0.5220000000000004,-14.755942316609058,-14.755942316609058,-14.755942316609058,44.26782700052068,0.0,0.0
0.5240000000000004,-14.75594230088564,-14.75594230088564,-14.75594230088564,44.267826949827175,0.0,0.0
0.5260000000000004,-14.755942286254985,-14.755942286254985,-14.755942286254985,44.267826902656914,0.0,0.0
0.5280000000000004,-14.75594227264122,-14.75594227264122,-14.75594227264122,44.267826858764955,0.0,0.0
0.5300000000000004,-14.755942259973587,-14.755942259973587,-14.755942259973587,44.26782681792366,0.0,0.0
0.5320000000000004,-14.755942248186505,-14.755942248186505,-14.755942248186505,44.26782677992076,0.0,0.0
0.5340000000000004,-14.755942237218745,-14.755942237218745,-14.755942237218745,44.267826744559514,0.0,0.0
0.5360000000000004,-14.755942227013275,-14.755942227013275,-14.755942227013275,44.267826711656234,0.0,0.0
0.5380000000000004,-14.755942217517193,-14.755942217517193,-14.755942217517193,44.26782668103983,0.0,0.0
0.5400000000000004,-14.75594220868108,-14.75594220868108,-14.75594220868108,44.26782665255158,0.0,0.0
0.5420000000000004,-14.7559422004591,-14.7559422004591,-14.7559422004591,44.26782662604324,0.0,0.0
0.5440000000000004,-14.755942192808599,-14.755942192808599,-14.755942192808599,44.2678266013773,0.0,0.0
0.5460000000000004,-14.755942185689777,-14.755942185689777,-14.755942185689777,44.2678265784258,0.0,0.0
0.5480000000000004,-14.755942179065737,-14.755942179065737,-14.755942179065737,44.267826557069334,0.0,0.0
0.5500000000000004,-14.755942172902156,-14.755942172902156,-14.755942172902156,44.26782653719721,0.0,0.0
0.5520000000000004,-14.755942167166966,-14.755942167166966,-14.755942167166966,44.267826518706464,0.0,0.0
0.5540000000000004,-14.755942161830328,-14.755942161830328,-14.755942161830328,44.2678265015009,0.0,0.0
0.5560000000000004,-14.755942156864588,-14.755942156864588,-14.755942156864588,44.267826485490986,0.0,0.0
0.5580000000000004,-14.755942152244057,-14.755942152244057,-14.755942152244057,44.26782647059377,0.0,0.0
0.5600000000000004,-14.7559421479446,-14.7559421479446,-14.7559421479446,44.26782645673217,0.0,0.0
0.5620000000000004,-14.755942143944035,-14.755942143944035,-14.755942143944035,44.2678264438338,0.0,0.0
0.5640000000000004,-14.755942140221562,-14.755942140221562,-14.755942140221562,44.267826431832106,0.0,0.0
0.5660000000000004,-14.755942136757854,-14.755942136757854,-14.755942136757854,44.26782642066468,0.0,0.0
0.5680000000000004,-14.755942133534944,-14.755942133534944,-14.755942133534944,44.267826410273564,0.0,0.0
0.5700000000000004,-14.755942130536098,-14.755942130536098,-14.755942130536098,44.26782640060483,0.0,0.0
0.5720000000000004,-14.755942127745705,-14.755942127745705,-14.755942127745705,44.267826391608295,0.0,0.0
0.5740000000000004,-14.755942125149238,-14.755942125149238,-14.755942125149238,44.267826383237114,0.0,0.0
0.5760000000000004,-14.755942122733131,-14.755942122733131,-14.755942122733131,44.26782637544771,0.0,0.0
0.5780000000000004,-14.755942120485019,-14.755942120485019,-14.755942120485019,44.267826368199394,0.0,0.0
0.5800000000000004,-14.755942118393095,-14.755942118393095,-14.755942118393095,44.26782636145506,0.0,0.0
0.5820000000000004,-14.755942116446574,-14.755942116446574,-14.755942116446574,44.26782635517929,0.0,0.0
0.5840000000000004,-14.755942114635305,-14.755942114635305,-14.755942114635305,44.26782634933972,0.0,0.0
0.5860000000000004,-14.755942112949812,-14.755942112949812,-14.755942112949812,44.26782634390591,0.0,0.0
0.5880000000000004,-14.755942111381557,-14.755942111381557,-14.755942111381557,44.26782633884944,0.0,0.0
0.5900000000000004,-14.755942109922227,-14.755942109922227,-14.755942109922227,44.26782633414467,0.0,0.0
0.5920000000000004,-14.755942108564327,-14.755942108564327,-14.755942108564327,44.26782632976668,0.0,0.0
0.5940000000000004,-14.755942107300836,-14.755942107300836,-14.755942107300836,44.26782632569298,0.0,0.0
0.5960000000000004,-14.75594210612516,-14.75594210612516,-14.75594210612516,44.26782632190251,0.0,0.0
0.5980000000000004,-14.75594210503117,-14.75594210503117,-14.75594210503117,44.267826318375484,0.0,0.0
0.6000000000000004,-14.755942104013236,-14.755942104013236,-14.755942104013236,44.267826315093515,0.0,0.0
0.6020000000000004,-14.755942103066078,-14.755942103066078,-14.755942103066078,44.26782631203971,0.0,0.0
0.6040000000000004,-14.755942102184736,-14.755942102184736,-14.755942102184736,44.267826309198234,0.0,0.0
0.6060000000000004,-14.755942101364598,-14.755942101364598,-14.755942101364598,44.267826306554205,0.0,0.0
0.6080000000000004,-14.75594210060142,-14.75594210060142,-14.75594210060142,44.267826304093795,0.0,0.0
0.6100000000000004,-14.755942099891273,-14.755942099891273,-14.755942099891273,44.267826301804256,0.0,0.0
0.6120000000000004,-14.755942099230532,-14.755942099230532,-14.755942099230532,44.26782629967382,0.0,0.0
0.6140000000000004,-14.755942098615725,-14.755942098615725,-14.755942098615725,44.2678262976916,0.0,0.0
0.6160000000000004,-14.75594209804369,-14.75594209804369,-14.75594209804369,44.26782629584717,0.0,0.0
0.6180000000000004,-14.755942097511449,-14.755942097511449,-14.755942097511449,44.26782629413107,0.0,0.0
0.6200000000000004,-14.755942097016185,-14.755942097016185,-14.755942097016185,44.26782629253435,0.0,0.0
0.6220000000000004,-14.755942096555353,-14.755942096555353,-14.755942096555353,44.26782629104855,0.0,0.0
0.6240000000000004,-14.755942096126498,-14.755942096126498,-14.755942096126498,44.26782628966606,0.0,0.0
0.6260000000000004,-14.755942095727411,-14.755942095727411,-14.755942095727411,44.267826288379496,0.0,0.0
0.6280000000000004,-14.755942095356112,-14.755942095356112,-14.755942095356112,44.26782628718223,0.0,0.0
0.6300000000000004,-14.755942095010589,-14.755942095010589,-14.755942095010589,44.267826286068335,0.0,0.0
0.6320000000000005,-14.755942094689111,-14.755942094689111,-14.755942094689111,44.26782628503177,0.0,0.0
0.6340000000000005,-14.755942094389969,-14.755942094389969,-14.755942094389969,44.26782628406733,0.0,0.0
0.6360000000000005,-14.755942094111683,-14.755942094111683,-14.755942094111683,44.26782628316991,0.0,0.0
0.6380000000000005,-14.755942093852687,-14.755942093852687,-14.755942093852687,44.26782628233505,0.0,0.0
0.6400000000000005,-14.75594209361167,-14.75594209361167,-14.75594209361167,44.26782628155806,0.0,0.0
0.6420000000000005,-14.755942093387377,-14.755942093387377,-14.755942093387377,44.26782628083501,0.0,0.0
0.6440000000000005,-14.755942093178666,-14.755942093178666,-14.755942093178666,44.26782628016213,0.0,0.0
0.6460000000000005,-14.755942092984473,-14.755942092984473,-14.755942092984473,44.267826279535996,0.0,0.0
0.6480000000000005,-14.755942092803773,-14.755942092803773,-14.755942092803773,44.267826278953414,0.0,0.0
0.6500000000000005,-14.755942092635628,-14.755942092635628,-14.755942092635628,44.26782627841132,0.0,0.0
0.6520000000000005,-14.755942092479142,-14.755942092479142,-14.755942092479142,44.267826277906885,0.0,0.0
0.6540000000000005,-14.755942092333534,-14.755942092333534,-14.755942092333534,44.26782627743742,0.0,0.0
0.6560000000000005,-14.75594209219814,-14.75594209219814,-14.75594209219814,44.2678262770006,0.0,0.0
0.6580000000000005,-14.75594209207212,-14.75594209207212,-14.75594209207212,44.26782627659442,0.0,0.0
0.6600000000000005,-14.75594209195489,-14.75594209195489,-14.75594209195489,44.26782627621636,0.0,0.0
0.6620000000000005,-14.755942091845798,-14.755942091845798,-14.755942091845798,44.26782627586467,0.0,0.0
0.6640000000000005,-14.755942091744258,-14.755942091744258,-14.755942091744258,44.267826275537395,0.0,0.0
0.6660000000000005,-14.755942091649866,-14.755942091649866,-14.755942091649866,44.26782627523277,0.0,0.0
0.6680000000000005,-14.755942091562058,-14.755942091562058,-14.755942091562058,44.2678262749496,0.0,0.0
0.6700000000000005,-14.755942091480264,-14.755942091480264,-14.755942091480264,44.26782627468618,0.0,0.0
0.6720000000000005,-14.755942091404224,-14.755942091404224,-14.755942091404224,44.26782627444079,0.0,0.0
0.6740000000000005,-14.755942091333393,-14.755942091333393,-14.755942091333393,44.26782627421267,0.0,0.0
0.6760000000000005,-14.75594209126752,-14.75594209126752,-14.75594209126752,44.26782627400018,0.0,0.0
0.6780000000000005,-14.755942091206167,-14.755942091206167,-14.755942091206167,44.26782627380256,0.0,0.0
0.6800000000000005,-14.755942091149088,-14.755942091149088,-14.755942091149088,44.2678262736185,0.0,0.0
0.6820000000000005,-14.755942091096026,-14.755942091096026,-14.755942091096026,44.26782627344726,0.0,0.0
0.6840000000000005,-14.755942091046656,-14.755942091046656,-14.755942091046656,44.26782627328808,0.0,0.0
0.6860000000000005,-14.755942091000765,-14.755942091000765,-14.755942091000765,44.26782627313997,0.0,0.0
0.6880000000000005,-14.755942090958131,-14.755942090958131,-14.755942090958131,44.2678262730023,0.0,0.0
0.6900000000000005,-14.755942090918447,-14.755942090918447,-14.755942090918447,44.267826272874395,0.0,0.0
0.6920000000000005,-14.755942090881572,-14.755942090881572,-14.755942090881572,44.26782627275534,0.0,0.0
0.6940000000000005,-14.755942090847267,-14.755942090847267,-14.755942090847267,44.26782627264472,0.0,0.0
0.6960000000000005,-14.755942090815255,-14.755942090815255,-14.755942090815255,44.2678262725418,0.0,0.0
0.6980000000000005,-14.755942090785416,-14.755942090785416,-14.755942090785416,44.26782627244577,0.0,0.0
0.7000000000000005,-14.755942090757634,-14.755942090757634,-14.755942090757634,44.267826272356245,0.0,0.0
0.7020000000000005,-14.755942090731772,-14.755942090731772,-14.755942090731772,44.2678262722729,0.0,0.0
0.7040000000000005,-14.755942090707782,-14.755942090707782,-14.755942090707782,44.267826272195315,0.0,0.0
0.7060000000000005,-14.755942090685448,-14.755942090685448,-14.755942090685448,44.26782627212335,0.0,0.0
0.7080000000000005,-14.75594209066463,-14.75594209066463,-14.75594209066463,44.26782627205635,0.0,0.0
0.7100000000000005,-14.755942090645258,-14.755942090645258,-14.755942090645258,44.2678262719939,0.0,0.0
0.7120000000000005,-14.755942090627178,-14.755942090627178,-14.755942090627178,44.267826271935775,0.0,0.0
0.7140000000000005,-14.755942090610437,-14.755942090610437,-14.755942090610437,44.26782627188154,0.0,0.0
0.7160000000000005,-14.755942090594797,-14.755942090594797,-14.755942090594797,44.26782627183131,0.0,0.0
0.7180000000000005,-14.755942090580193,-14.755942090580193,-14.755942090580193,44.26782627178439,0.0,0.0
0.7200000000000005,-14.755942090566514,-14.755942090566514,-14.755942090566514,44.26782627174058,0.0,0.0
0.7220000000000005,-14.755942090553878,-14.755942090553878,-14.755942090553878,44.26782627169954,0.0,0.0
0.7240000000000005,-14.755942090542105,-14.755942090542105,-14.755942090542105,44.26782627166163,0.0,0.0
0.7260000000000005,-14.755942090531152,-14.755942090531152,-14.755942090531152,44.26782627162631,0.0,0.0
0.7280000000000005,-14.75594209052095,-14.75594209052095,-14.75594209052095,44.26782627159346,0.0,0.0
0.7300000000000005,-14.75594209051151,-14.75594209051151,-14.75594209051151,44.267826271562846,0.0,0.0
0.7320000000000005,-14.75594209050279,-14.75594209050279,-14.75594209050279,44.26782627153453,0.0,0.0
0.7340000000000005,-14.755942090494566,-14.755942090494566,-14.755942090494566,44.26782627150837,0.0,0.0
0.7360000000000005,-14.755942090486979,-14.755942090486979,-14.755942090486979,44.2678262714837,0.0,0.0
0.7380000000000005,-14.75594209047986,-14.75594209047986,-14.75594209047986,44.26782627146093,0.0,0.0
0.7400000000000005,-14.755942090473255,-14.755942090473255,-14.755942090473255,44.267826271439574,0.0,0.0
0.7420000000000005,-14.755942090467181,-14.755942090467181,-14.755942090467181,44.267826271419764,0.0,0.0
0.7440000000000005,-14.755942090461584,-14.755942090461584,-14.755942090461584,44.267826271401546,0.0,0.0
0.7460000000000006,-14.75594209045629,-14.75594209045629,-14.75594209045629,44.26782627138475,0.0,0.0
0.7480000000000006,-14.755942090451402,-14.755942090451402,-14.755942090451402,44.267826271368875,0.0,0.0
0.7500000000000006,-14.755942090446801,-14.755942090446801,-14.755942090446801,44.26782627135421,0.0,0.0
0.7520000000000006,-14.75594209044252,-14.75594209044252,-14.75594209044252,44.267826271340404,0.0,0.0
0.7540000000000006,-14.755942090438511,-14.755942090438511,-14.755942090438511,44.267826271327564,0.0,0.0
0.7560000000000006,-14.755942090434766,-14.755942090434766,-14.755942090434766,44.26782627131553,0.0,0.0
0.7580000000000006,-14.755942090431375,-14.755942090431375,-14.755942090431375,44.2678262713043,0.0,0.0
0.7600000000000006,-14.755942090428158,-14.755942090428158,-14.755942090428158,44.267826271294126,0.0,0.0
0.7620000000000006,-14.75594209042517,-14.75594209042517,-14.75594209042517,44.26782627128448,0.0,0.0
0.7640000000000006,-14.755942090422419,-14.755942090422419,-14.755942090422419,44.26782627127551,0.0,0.0
0.7660000000000006,-14.755942090419873,-14.755942090419873,-14.755942090419873,44.26782627126725,0.0,0.0
0.7680000000000006,-14.755942090417424,-14.755942090417424,-14.755942090417424,44.26782627125962,0.0,0.0
0.7700000000000006,-14.755942090415171,-14.755942090415171,-14.755942090415171,44.267826271252275,0.0,0.0
0.7720000000000006,-14.75594209041304,-14.75594209041304,-14.75594209041304,44.26782627124551,0.0,0.0
0.7740000000000006,-14.755942090411146,-14.755942090411146,-14.755942090411146,44.267826271239116,0.0,0.0
0.7760000000000006,-14.755942090409388,-14.755942090409388,-14.755942090409388,44.26782627123344,0.0,0.0
0.7780000000000006,-14.755942090407634,-14.755942090407634,-14.755942090407634,44.26782627122816,0.0,0.0
0.7800000000000006,-14.755942090405942,-14.755942090405942,-14.755942090405942,44.2678262712229,0.0,0.0
0.7820000000000006,-14.755942090404352,-14.755942090404352,-14.755942090404352,44.26782627121782,0.0,0.0
0.7840000000000006,-14.755942090402794,-14.755942090402794,-14.755942090402794,44.26782627121305,0.0,0.0
0.7860000000000006,-14.755942090401337,-14.755942090401337,-14.755942090401337,44.267826271208385,0.0,0.0
0.7880000000000006,-14.755942090400065,-14.755942090400065,-14.755942090400065,44.26782627120401,0.0,0.0
0.7900000000000006,-14.755942090398873,-14.755942090398873,-14.755942090398873,44.26782627120019,0.0,0.0
0.7920000000000006,-14.755942090397728,-14.755942090397728,-14.755942090397728,44.26782627119662,0.0,0.0
0.7940000000000006,-14.755942090396667,-14.755942090396667,-14.755942090396667,44.26782627119318,0.0,0.0
0.7960000000000006,-14.75594209039578,-14.75594209039578,-14.75594209039578,44.26782627119,0.0,0.0
0.7980000000000006,-14.755942090395001,-14.755942090395001,-14.755942090395001,44.26782627118734,0.0,0.0
0.8000000000000006,-14.755942090394274,-14.755942090394274,-14.755942090394274,44.26782627118501,0.0,0.0
0.8020000000000006,-14.75594209039357,-14.75594209039357,-14.75594209039357,44.26782627118283,0.0,0.0
0.8040000000000006,-14.755942090392898,-14.755942090392898,-14.755942090392898,44.26782627118071,0.0,0.0
0.8060000000000006,-14.755942090392312,-14.755942090392312,-14.755942090392312,44.26782627117869,0.0,0.0
0.8080000000000006,-14.755942090391839,-14.755942090391839,-14.755942090391839,44.267826271176936,0.0,0.0
0.8100000000000006,-14.7559420903914,-14.7559420903914,-14.7559420903914,44.267826271175515,0.0,0.0
0.8120000000000006,-14.755942090391002,-14.755942090391002,-14.755942090391002,44.2678262711742,0.0,0.0
0.8140000000000006,-14.75594209039072,-14.75594209039072,-14.75594209039072,44.26782627117301,0.0,0.0
0.8160000000000006,-14.755942090390528,-14.755942090390528,-14.755942090390528,44.26782627117216,0.0,0.0
0.8180000000000006,-14.75594209039026,-14.75594209039026,-14.75594209039026,44.267826271171586,0.0,0.0
0.8200000000000006,-14.755942090390064,-14.755942090390064,-14.755942090390064,44.26782627117078,0.0,0.0
0.8220000000000006,-14.755942090389805,-14.755942090389805,-14.755942090389805,44.26782627117019,0.0,0.0
0.8240000000000006,-14.755942090389588,-14.755942090389588,-14.755942090389588,44.26782627116941,0.0,0.0
0.8260000000000006,-14.755942090389398,-14.755942090389398,-14.755942090389398,44.267826271168765,0.0,0.0
0.8280000000000006,-14.755942090389205,-14.755942090389205,-14.755942090389205,44.2678262711682,0.0,0.0
0.8300000000000006,-14.755942090388997,-14.755942090388997,-14.755942090388997,44.267826271167614,0.0,0.0
0.8320000000000006,-14.755942090388798,-14.755942090388798,-14.755942090388798,44.267826271166996,0.0,0.0
0.8340000000000006,-14.755942090388594,-14.755942090388594,-14.755942090388594,44.26782627116639,0.0,0.0
0.8360000000000006,-14.755942090388388,-14.755942090388388,-14.755942090388388,44.26782627116578,0.0,0.0
0.8380000000000006,-14.75594209038823,-14.75594209038823,-14.75594209038823,44.26782627116516,0.0,0.0
0.8400000000000006,-14.755942090388034,-14.755942090388034,-14.755942090388034,44.26782627116469,0.0,0.0
0.8420000000000006,-14.755942090387787,-14.755942090387787,-14.755942090387787,44.2678262711641,0.0,0.0
0.8440000000000006,-14.755942090387515,-14.755942090387515,-14.755942090387515,44.26782627116336,0.0,0.0
0.8460000000000006,-14.755942090387213,-14.755942090387213,-14.755942090387213,44.26782627116255,0.0,0.0
0.8480000000000006,-14.755942090386933,-14.755942090386933,-14.755942090386933,44.26782627116164,0.0,0.0
0.8500000000000006,-14.755942090386702,-14.755942090386702,-14.755942090386702,44.2678262711608,0.0,0.0
0.8520000000000006,-14.755942090386498,-14.755942090386498,-14.755942090386498,44.267826271160104,0.0,0.0
0.8540000000000006,-14.7559420903863,-14.7559420903863,-14.7559420903863,44.26782627115949,0.0,0.0
0.8560000000000006,-14.755942090386256,-14.755942090386256,-14.755942090386256,44.2678262711589,0.0,0.0
0.8580000000000007,-14.75594209038619,-14.75594209038619,-14.75594209038619,44.26782627115877,0.0,0.0
0.8600000000000007,-14.755942090386108,-14.755942090386108,-14.755942090386108,44.267826271158576,0.0,0.0
0.8620000000000007,-14.755942090386013,-14.755942090386013,-14.755942090386013,44.26782627115832,0.0,0.0
0.8640000000000007,-14.755942090385938,-14.755942090385938,-14.755942090385938,44.267826271158036,0.0,0.0
0.8660000000000007,-14.755942090385838,-14.755942090385838,-14.755942090385838,44.267826271157816,0.0,0.0
0.8680000000000007,-14.755942090385856,-14.755942090385856,-14.755942090385856,44.26782627115752,0.0,0.0
0.8700000000000007,-14.755942090385837,-14.755942090385837,-14.755942090385837,44.26782627115757,0.0,0.0
0.8720000000000007,-14.755942090385826,-14.755942090385826,-14.755942090385826,44.26782627115751,0.0,0.0
0.8740000000000007,-14.755942090385775,-14.755942090385775,-14.755942090385775,44.26782627115748,0.0,0.0
0.8760000000000007,-14.755942090385686,-14.755942090385686,-14.755942090385686,44.267826271157325,0.0,0.0
0.8780000000000007,-14.755942090385703,-14.755942090385703,-14.755942090385703,44.267826271157055,0.0,0.0
0.8800000000000007,-14.755942090385654,-14.755942090385654,-14.755942090385654,44.26782627115711,0.0,0.0
0.8820000000000007,-14.755942090385695,-14.755942090385695,-14.755942090385695,44.267826271156956,0.0,0.0
0.8840000000000007,-14.755942090385687,-14.755942090385687,-14.755942090385687,44.267826271157084,0.0,0.0
0.8860000000000007,-14.755942090385632,-14.755942090385632,-14.755942090385632,44.26782627115706,0.0,0.0
0.8880000000000007,-14.755942090385668,-14.755942090385668,-14.755942090385668,44.2678262711569,0.0,0.0
0.8900000000000007,-14.755942090385796,-14.755942090385796,-14.755942090385796,44.267826271157006,0.0,0.0
0.8920000000000007,-14.755942090385854,-14.755942090385854,-14.755942090385854,44.26782627115739,0.0,0.0
0.8940000000000007,-14.755942090385863,-14.755942090385863,-14.755942090385863,44.26782627115756,0.0,0.0
0.8960000000000007,-14.75594209038583,-14.75594209038583,-14.75594209038583,44.26782627115759,0.0,0.0
0.8980000000000007,-14.755942090385913,-14.755942090385913,-14.755942090385913,44.26782627115749,0.0,0.0
0.9000000000000007,-14.755942090385972,-14.755942090385972,-14.755942090385972,44.26782627115774,0.0,0.0
0.9020000000000007,-14.755942090386005,-14.755942090386005,-14.755942090386005,44.267826271157915,0.0,0.0
0.9040000000000007,-14.75594209038618,-14.75594209038618,-14.75594209038618,44.267826271158015,0.0,0.0
0.9060000000000007,-14.755942090386196,-14.755942090386196,-14.755942090386196,44.26782627115853,0.0,0.0
0.9080000000000007,-14.755942090386213,-14.755942090386213,-14.755942090386213,44.26782627115859,0.0,0.0
0.9100000000000007,-14.755942090386275,-14.755942090386275,-14.755942090386275,44.26782627115864,0.0,0.0
0.9120000000000007,-14.755942090386318,-14.755942090386318,-14.755942090386318,44.267826271158825,0.0,0.0
0.9140000000000007,-14.755942090386313,-14.755942090386313,-14.755942090386313,44.26782627115895,0.0,0.0
0.9160000000000007,-14.755942090386306,-14.755942090386306,-14.755942090386306,44.26782627115894,0.0,0.0
0.9180000000000007,-14.755942090386297,-14.755942090386297,-14.755942090386297,44.26782627115892,0.0,0.0
0.9200000000000007,-14.755942090386242,-14.755942090386242,-14.755942090386242,44.26782627115889,0.0,0.0
0.9220000000000007,-14.755942090386185,-14.755942090386185,-14.755942090386185,44.267826271158725,0.0,0.0
0.9240000000000007,-14.75594209038611,-14.75594209038611,-14.75594209038611,44.267826271158555,0.0,0.0
0.9260000000000007,-14.755942090386025,-14.755942090386025,-14.755942090386025,44.267826271158334,0.0,0.0
0.9280000000000007,-14.75594209038596,-14.75594209038596,-14.75594209038596,44.26782627115807,0.0,0.0
0.9300000000000007,-14.755942090386007,-14.755942090386007,-14.755942090386007,44.26782627115787,0.0,0.0
0.9320000000000007,-14.755942090386013,-14.755942090386013,-14.755942090386013,44.26782627115802,0.0,0.0
0.9340000000000007,-14.755942090385993,-14.755942090385993,-14.755942090385993,44.267826271158036,0.0,0.0
0.9360000000000007,-14.755942090385902,-14.755942090385902,-14.755942090385902,44.26782627115798,0.0,0.0
0.9380000000000007,-14.755942090385846,-14.755942090385846,-14.755942090385846,44.26782627115771,0.0,0.0
0.9400000000000007,-14.755942090385751,-14.755942090385751,-14.755942090385751,44.26782627115754,0.0,0.0
0.9420000000000007,-14.75594209038568,-14.75594209038568,-14.75594209038568,44.267826271157254,0.0,0.0
0.9440000000000007,-14.75594209038573,-14.75594209038573,-14.75594209038573,44.26782627115704,0.0,0.0
0.9460000000000007,-14.755942090385869,-14.755942090385869,-14.755942090385869,44.26782627115719,0.0,0.0
0.9480000000000007,-14.755942090385965,-14.755942090385965,-14.755942090385965,44.2678262711576,0.0,0.0
0.9500000000000007,-14.75594209038602,-14.75594209038602,-14.75594209038602,44.267826271157894,0.0,0.0
0.9520000000000007,-14.755942090386046,-14.755942090386046,-14.755942090386046,44.26782627115806,0.0,0.0
0.9540000000000007,-14.755942090386062,-14.755942090386062,-14.755942090386062,44.26782627115814,0.0,0.0
0.9560000000000007,-14.755942090386066,-14.755942090386066,-14.755942090386066,44.267826271158185,0.0,0.0
0.9580000000000007,-14.755942090386016,-14.755942090386016,-14.755942090386016,44.2678262711582,0.0,0.0
0.9600000000000007,-14.755942090386094,-14.755942090386094,-14.755942090386094,44.26782627115805,0.0,0.0
0.9620000000000007,-14.755942090386155,-14.755942090386155,-14.755942090386155,44.267826271158285,0.0,0.0
0.9640000000000007,-14.755942090386196,-14.755942090386196,-14.755942090386196,44.26782627115846,0.0,0.0
0.9660000000000007,-14.755942090386377,-14.755942090386377,-14.755942090386377,44.26782627115859,0.0,0.0
0.9680000000000007,-14.75594209038644,-14.75594209038644,-14.75594209038644,44.26782627115913,0.0,0.0
0.9700000000000008,-14.755942090386482,-14.755942090386482,-14.755942090386482,44.26782627115932,0.0,0.0
0.9720000000000008,-14.75594209038642,-14.75594209038642,-14.75594209038642,44.26782627115945,0.0,0.0
0.9740000000000008,-14.755942090386368,-14.755942090386368,-14.755942090386368,44.26782627115926,0.0,0.0
0.9760000000000008,-14.755942090386199,-14.755942090386199,-14.755942090386199,44.2678262711591,0.0,0.0
0.9780000000000008,-14.755942090386172,-14.755942090386172,-14.755942090386172,44.2678262711586,0.0,0.0
0.9800000000000008,-14.755942090386071,-14.755942090386071,-14.755942090386071,44.26782627115851,0.0,0.0
0.9820000000000008,-14.755942090385927,-14.755942090385927,-14.755942090385927,44.267826271158214,0.0,0.0
0.9840000000000008,-14.75594209038591,-14.75594209038591,-14.75594209038591,44.26782627115778,0.0,0.0
0.9860000000000008,-14.755942090385856,-14.755942090385856,-14.755942090385856,44.26782627115773,0.0,0.0
0.9880000000000008,-14.755942090385943,-14.755942090385943,-14.755942090385943,44.26782627115757,0.0,0.0
0.9900000000000008,-14.755942090386036,-14.755942090386036,-14.755942090386036,44.26782627115783,0.0,0.0
0.9920000000000008,-14.755942090385991,-14.755942090385991,-14.755942090385991,44.26782627115811,0.0,0.0
0.9940000000000008,-14.755942090386073,-14.755942090386073,-14.755942090386073,44.26782627115797,0.0,0.0
0.9960000000000008,-14.755942090386128,-14.755942090386128,-14.755942090386128,44.26782627115822,0.0,0.0
0.9980000000000008,-14.75594209038617,-14.75594209038617,-14.75594209038617,44.267826271158384,0.0,0.0
1.0000000000000007,-14.755942090386197,-14.755942090386197,-14.755942090386197,44.26782627115851,0.0,0.0
1.0020000000000007,-14.755942090386226,-14.755942090386226,-14.755942090386226,44.26782627115859,0.0,0.0
1.0040000000000007,-14.755942090386206,-14.755942090386206,-14.755942090386206,44.267826271158675,0.0,0.0
1.0060000000000007,-14.755942090386187,-14.755942090386187,-14.755942090386187,44.26782627115862,0.0,0.0
1.0080000000000007,-14.755942090386169,-14.755942090386169,-14.755942090386169,44.26782627115856,0.0,0.0
1.0100000000000007,-14.755942090386183,-14.755942090386183,-14.755942090386183,44.267826271158505,0.0,0.0
1.0120000000000007,-14.755942090386178,-14.755942090386178,-14.755942090386178,44.26782627115855,0.0,0.0
1.0140000000000007,-14.755942090386158,-14.755942090386158,-14.755942090386158,44.26782627115853,0.0,0.0
1.0160000000000007,-14.755942090386277,-14.755942090386277,-14.755942090386277,44.26782627115848,0.0,0.0
1.0180000000000007,-14.75594209038635,-14.75594209038635,-14.75594209038635,44.26782627115883,0.0,0.0
1.0200000000000007,-14.755942090386307,-14.755942090386307,-14.755942090386307,44.26782627115905,0.0,0.0
1.0220000000000007,-14.755942090386245,-14.755942090386245,-14.755942090386245,44.267826271158924,0.0,0.0
1.0240000000000007,-14.755942090386181,-14.755942090386181,-14.755942090386181,44.26782627115873,0.0,0.0
1.0260000000000007,-14.755942090386105,-14.755942090386105,-14.755942090386105,44.26782627115854,0.0,0.0
1.0280000000000007,-14.75594209038606,-14.75594209038606,-14.75594209038606,44.26782627115831,0.0,0.0
1.0300000000000007,-14.755942090386005,-14.755942090386005,-14.755942090386005,44.267826271158185,0.0,0.0
1.0320000000000007,-14.755942090385924,-14.755942090385924,-14.755942090385924,44.267826271158015,0.0,0.0
1.0340000000000007,-14.755942090385819,-14.755942090385819,-14.755942090385819,44.26782627115777,0.0,0.0
1.0360000000000007,-14.755942090385844,-14.755942090385844,-14.755942090385844,44.26782627115746,0.0,0.0
1.0380000000000007,-14.7559420903858,-14.7559420903858,-14.7559420903858,44.26782627115753,0.0,0.0
1.0400000000000007,-14.75594209038587,-14.75594209038587,-14.75594209038587,44.267826271157396,0.0,0.0
1.0420000000000007,-14.755942090385904,-14.755942090385904,-14.755942090385904,44.26782627115761,0.0,0.0
1.0440000000000007,-14.755942090385895,-14.755942090385895,-14.755942090385895,44.267826271157716,0.0,0.0
1.0460000000000007,-14.755942090385851,-14.755942090385851,-14.755942090385851,44.26782627115769,0.0,0.0
1.0480000000000007,-14.755942090385922,-14.755942090385922,-14.755942090385922,44.26782627115755,0.0,0.0
1.0500000000000007,-14.755942090385968,-14.755942090385968,-14.755942090385968,44.267826271157766,0.0,0.0
1.0520000000000007,-14.755942090385991,-14.755942090385991,-14.755942090385991,44.26782627115791,0.0,0.0
1.0540000000000007,-14.755942090385988,-14.755942090385988,-14.755942090385988,44.26782627115797,0.0,0.0
1.0560000000000007,-14.755942090386053,-14.755942090386053,-14.755942090386053,44.267826271157965,0.0,0.0
1.0580000000000007,-14.755942090386077,-14.755942090386077,-14.755942090386077,44.267826271158164,0.0,0.0
1.0600000000000007,-14.755942090386085,-14.755942090386085,-14.755942090386085,44.26782627115823,0.0,0.0
1.0620000000000007,-14.755942090386082,-14.755942090386082,-14.755942090386082,44.267826271158256,0.0,0.0
1.0640000000000007,-14.755942090386066,-14.755942090386066,-14.755942090386066,44.26782627115824,0.0,0.0
1.0660000000000007,-14.755942090386034,-14.755942090386034,-14.755942090386034,44.2678262711582,0.0,0.0
1.0680000000000007,-14.75594209038607,-14.75594209038607,-14.75594209038607,44.2678262711581,0.0,0.0
1.0700000000000007,-14.755942090386052,-14.755942090386052,-14.755942090386052,44.26782627115821,0.0,0.0
1.0720000000000007,-14.755942090386068,-14.755942090386068,-14.755942090386068,44.26782627115816,0.0,0.0
1.0740000000000007,-14.755942090386013,-14.755942090386013,-14.755942090386013,44.26782627115821,0.0,0.0
1.0760000000000007,-14.755942090386071,-14.755942090386071,-14.755942090386071,44.267826271158036,0.0,0.0
1.0780000000000007,-14.755942090386105,-14.755942090386105,-14.755942090386105,44.267826271158214,0.0,0.0
1.0800000000000007,-14.75594209038617,-14.75594209038617,-14.75594209038617,44.26782627115831,0.0,0.0
1.0820000000000007,-14.755942090386267,-14.755942090386267,-14.755942090386267,44.26782627115851,0.0,0.0
1.0840000000000007,-14.755942090386318,-14.755942090386318,-14.755942090386318,44.2678262711588,0.0,0.0
1.0860000000000007,-14.755942090386322,-14.755942090386322,-14.755942090386322,44.26782627115895,0.0,0.0
1.0880000000000007,-14.755942090386208,-14.755942090386208,-14.755942090386208,44.26782627115896,0.0,0.0
1.0900000000000007,-14.755942090386236,-14.755942090386236,-14.755942090386236,44.267826271158626,0.0,0.0
1.0920000000000007,-14.755942090386261,-14.755942090386261,-14.755942090386261,44.26782627115871,0.0,0.0
1.0940000000000007,-14.755942090386268,-14.755942090386268,-14.755942090386268,44.26782627115879,0.0,0.0
1.0960000000000008,-14.755942090386235,-14.755942090386235,-14.755942090386235,44.26782627115881,0.0,0.0
1.0980000000000008,-14.755942090386181,-14.755942090386181,-14.755942090386181,44.267826271158704,0.0,0.0
1.1000000000000008,-14.755942090386112,-14.755942090386112,-14.755942090386112,44.26782627115854,0.0,0.0
1.1020000000000008,-14.755942090386197,-14.755942090386197,-14.755942090386197,44.26782627115834,0.0,0.0
1.1040000000000008,-14.755942090386263,-14.755942090386263,-14.755942090386263,44.26782627115859,0.0,0.0
1.1060000000000008,-14.755942090386329,-14.755942090386329,-14.755942090386329,44.26782627115879,0.0,0.0
1.1080000000000008,-14.7559420903864,-14.7559420903864,-14.7559420903864,44.26782627115898,0.0,0.0
1.1100000000000008,-14.755942090386421,-14.755942090386421,-14.755942090386421,44.267826271159194,0.0,0.0
1.1120000000000008,-14.755942090386455,-14.755942090386455,-14.755942090386455,44.267826271159265,0.0,0.0
1.1140000000000008,-14.755942090386439,-14.755942090386439,-14.755942090386439,44.267826271159365,0.0,0.0
1.1160000000000008,-14.755942090386434,-14.755942090386434,-14.755942090386434,44.267826271159315,0.0,0.0
1.1180000000000008,-14.755942090386407,-14.755942090386407,-14.755942090386407,44.2678262711593,0.0,0.0
1.1200000000000008,-14.755942090386393,-14.755942090386393,-14.755942090386393,44.26782627115922,0.0,0.0
1.1220000000000008,-14.755942090386355,-14.755942090386355,-14.755942090386355,44.26782627115918,0.0,0.0
1.1240000000000008,-14.755942090386299,-14.755942090386299,-14.755942090386299,44.267826271159066,0.0,0.0
1.1260000000000008,-14.755942090386242,-14.755942090386242,-14.755942090386242,44.267826271158896,0.0,0.0
1.1280000000000008,-14.755942090386137,-14.755942090386137,-14.755942090386137,44.267826271158725,0.0,0.0
1.1300000000000008,-14.755942090386021,-14.755942090386021,-14.755942090386021,44.26782627115841,0.0,0.0
1.1320000000000008,-14.755942090385881,-14.755942090385881,-14.755942090385881,44.267826271158064,0.0,0.0
1.1340000000000008,-14.755942090385703,-14.755942090385703,-14.755942090385703,44.26782627115764,0.0,0.0
1.1360000000000008,-14.755942090385643,-14.755942090385643,-14.755942090385643,44.26782627115711,0.0,0.0
1.1380000000000008,-14.75594209038558,-14.75594209038558,-14.75594209038558,44.26782627115693,0.0,0.0
1.1400000000000008,-14.755942090385455,-14.755942090385455,-14.755942090385455,44.267826271156736,0.0,0.0
1.1420000000000008,-14.75594209038541,-14.75594209038541,-14.75594209038541,44.267826271156366,0.0,0.0
1.1440000000000008,-14.75594209038535,-14.75594209038535,-14.75594209038535,44.26782627115623,0.0,0.0
1.1460000000000008,-14.755942090385382,-14.755942090385382,-14.755942090385382,44.267826271156046,0.0,0.0
1.1480000000000008,-14.755942090385401,-14.755942090385401,-14.755942090385401,44.267826271156146,0.0,0.0
1.1500000000000008,-14.755942090385393,-14.755942090385393,-14.755942090385393,44.2678262711562,0.0,0.0
1.1520000000000008,-14.755942090385465,-14.755942090385465,-14.755942090385465,44.26782627115618,0.0,0.0
1.1540000000000008,-14.755942090385512,-14.755942090385512,-14.755942090385512,44.267826271156395,0.0,0.0
1.1560000000000008,-14.75594209038554,-14.75594209038554,-14.75594209038554,44.26782627115653,0.0,0.0
1.1580000000000008,-14.755942090385673,-14.755942090385673,-14.755942090385673,44.26782627115662,0.0,0.0
1.1600000000000008,-14.755942090385759,-14.755942090385759,-14.755942090385759,44.26782627115702,0.0,0.0
1.1620000000000008,-14.755942090385803,-14.755942090385803,-14.755942090385803,44.267826271157276,0.0,0.0
1.1640000000000008,-14.755942090385963,-14.755942090385963,-14.755942090385963,44.2678262711574,0.0,0.0
1.1660000000000008,-14.755942090385972,-14.755942090385972,-14.755942090385972,44.267826271157894,0.0,0.0
1.1680000000000008,-14.755942090385956,-14.755942090385956,-14.755942090385956,44.267826271157915,0.0,0.0
1.1700000000000008,-14.755942090385895,-14.755942090385895,-14.755942090385895,44.267826271157865,0.0,0.0
1.1720000000000008,-14.755942090385814,-14.755942090385814,-14.755942090385814,44.26782627115769,0.0,0.0
1.1740000000000008,-14.755942090385739,-14.755942090385739,-14.755942090385739,44.26782627115744,0.0,0.0
1.1760000000000008,-14.755942090385755,-14.755942090385755,-14.755942090385755,44.26782627115721,0.0,0.0
1.1780000000000008,-14.755942090385782,-14.755942090385782,-14.755942090385782,44.26782627115727,0.0,0.0
1.1800000000000008,-14.755942090385771,-14.755942090385771,-14.755942090385771,44.26782627115735,0.0,0.0
1.1820000000000008,-14.755942090385771,-14.755942090385771,-14.755942090385771,44.26782627115731,0.0,0.0
1.1840000000000008,-14.755942090385735,-14.755942090385735,-14.755942090385735,44.26782627115731,0.0,0.0
1.1860000000000008,-14.755942090385814,-14.755942090385814,-14.755942090385814,44.267826271157205,0.0,0.0
1.1880000000000008,-14.755942090385858,-14.755942090385858,-14.755942090385858,44.267826271157446,0.0,0.0
1.1900000000000008,-14.755942090385831,-14.755942090385831,-14.755942090385831,44.267826271157574,0.0,0.0
1.1920000000000008,-14.755942090385878,-14.755942090385878,-14.755942090385878,44.267826271157496,0.0,0.0
1.1940000000000008,-14.755942090385885,-14.755942090385885,-14.755942090385885,44.26782627115763,0.0,0.0
1.1960000000000008,-14.755942090385854,-14.755942090385854,-14.755942090385854,44.26782627115765,0.0,0.0
1.1980000000000008,-14.755942090385954,-14.755942090385954,-14.755942090385954,44.26782627115756,0.0,0.0
1.2000000000000008,-14.755942090386009,-14.755942090386009,-14.755942090386009,44.26782627115786,0.0,0.0
1.2020000000000008,-14.755942090386178,-14.755942090386178,-14.755942090386178,44.26782627115803,0.0,0.0
1.2040000000000008,-14.7559420903863,-14.7559420903863,-14.7559420903863,44.26782627115853,0.0,0.0
1.2060000000000008,-14.755942090386403,-14.755942090386403,-14.755942090386403,44.2678262711589,0.0,0.0
1.2080000000000009,-14.755942090386457,-14.755942090386457,-14.755942090386457,44.26782627115921,0.0,0.0
1.2100000000000009,-14.755942090386515,-14.755942090386515,-14.755942090386515,44.26782627115937,0.0,0.0
1.2120000000000009,-14.75594209038647,-14.75594209038647,-14.75594209038647,44.26782627115955,0.0,0.0
1.2140000000000009,-14.755942090386322,-14.755942090386322,-14.755942090386322,44.26782627115941,0.0,0.0
1.2160000000000009,-14.755942090386183,-14.755942090386183,-14.755942090386183,44.26782627115896,0.0,0.0
1.2180000000000009,-14.755942090386046,-14.755942090386046,-14.755942090386046,44.267826271158555,0.0,0.0
1.2200000000000009,-14.755942090386036,-14.755942090386036,-14.755942090386036,44.26782627115814,0.0,0.0
1.2220000000000009,-14.75594209038614,-14.75594209038614,-14.75594209038614,44.26782627115811,0.0,0.0
1.2240000000000009,-14.755942090386197,-14.755942090386197,-14.755942090386197,44.26782627115842,0.0,0.0
1.2260000000000009,-14.755942090386128,-14.755942090386128,-14.755942090386128,44.26782627115859,0.0,0.0
1.2280000000000009,-14.755942090386197,-14.755942090386197,-14.755942090386197,44.267826271158384,0.0,0.0
1.2300000000000009,-14.755942090386249,-14.755942090386249,-14.755942090386249,44.26782627115859,0.0,0.0
1.2320000000000009,-14.755942090386279,-14.755942090386279,-14.755942090386279,44.26782627115875,0.0,0.0
1.2340000000000009,-14.755942090386194,-14.755942090386194,-14.755942090386194,44.26782627115884,0.0,0.0
1.2360000000000009,-14.755942090386064,-14.755942090386064,-14.755942090386064,44.26782627115858,0.0,0.0
1.2380000000000009,-14.755942090385924,-14.755942090385924,-14.755942090385924,44.26782627115819,0.0,0.0
1.2400000000000009,-14.755942090385739,-14.755942090385739,-14.755942090385739,44.26782627115777,0.0,0.0
1.2420000000000009,-14.75594209038566,-14.75594209038566,-14.75594209038566,44.26782627115722,0.0,0.0
1.2440000000000009,-14.755942090385682,-14.755942090385682,-14.755942090385682,44.26782627115698,0.0,0.0
1.2460000000000009,-14.75594209038575,-14.75594209038575,-14.75594209038575,44.26782627115705,0.0,0.0
1.2480000000000009,-14.75594209038577,-14.75594209038577,-14.75594209038577,44.267826271157254,0.0,0.0
1.2500000000000009,-14.755942090385798,-14.755942090385798,-14.755942090385798,44.26782627115731,0.0,0.0
1.252000000000001,-14.755942090385954,-14.755942090385954,-14.755942090385954,44.26782627115739,0.0,0.0
1.254000000000001,-14.755942090385957,-14.755942090385957,-14.755942090385957,44.26782627115786,0.0,0.0
1.256000000000001,-14.755942090386089,-14.755942090386089,-14.755942090386089,44.26782627115787,0.0,0.0
1.258000000000001,-14.75594209038608,-14.75594209038608,-14.75594209038608,44.26782627115826,0.0,0.0
1.260000000000001,-14.755942090386167,-14.755942090386167,-14.755942090386167,44.26782627115824,0.0,0.0
1.262000000000001,-14.755942090386235,-14.755942090386235,-14.755942090386235,44.2678262711585,0.0,0.0
1.264000000000001,-14.755942090386283,-14.755942090386283,-14.755942090386283,44.267826271158704,0.0,0.0
1.266000000000001,-14.755942090386284,-14.755942090386284,-14.755942090386284,44.267826271158846,0.0,0.0
1.268000000000001,-14.755942090386267,-14.755942090386267,-14.755942090386267,44.26782627115885,0.0,0.0
1.270000000000001,-14.755942090386249,-14.755942090386249,-14.755942090386249,44.2678262711588,0.0,0.0
1.272000000000001,-14.755942090386228,-14.755942090386228,-14.755942090386228,44.26782627115875,0.0,0.0
1.274000000000001,-14.755942090386206,-14.755942090386206,-14.755942090386206,44.26782627115868,0.0,0.0
1.276000000000001,-14.755942090386279,-14.755942090386279,-14.755942090386279,44.26782627115862,0.0,0.0
1.278000000000001,-14.75594209038635,-14.75594209038635,-14.75594209038635,44.26782627115884,0.0,0.0
1.280000000000001,-14.755942090386402,-14.755942090386402,-14.755942090386402,44.26782627115905,0.0,0.0
1.282000000000001,-14.755942090386462,-14.755942090386462,-14.755942090386462,44.2678262711592,0.0,0.0
1.284000000000001,-14.755942090386528,-14.755942090386528,-14.755942090386528,44.267826271159386,0.0,0.0
1.286000000000001,-14.755942090386617,-14.755942090386617,-14.755942090386617,44.267826271159585,0.0,0.0
1.288000000000001,-14.755942090386613,-14.755942090386613,-14.755942090386613,44.26782627115985,0.0,0.0
1.290000000000001,-14.755942090386643,-14.755942090386643,-14.755942090386643,44.26782627115984,0.0,0.0
1.292000000000001,-14.755942090386569,-14.755942090386569,-14.755942090386569,44.26782627115993,0.0,0.0
1.294000000000001,-14.755942090386517,-14.755942090386517,-14.755942090386517,44.267826271159706,0.0,0.0
1.296000000000001,-14.755942090386535,-14.755942090386535,-14.755942090386535,44.26782627115955,0.0,0.0
1.298000000000001,-14.75594209038653,-14.75594209038653,-14.75594209038653,44.267826271159606,0.0,0.0
1.300000000000001,-14.755942090386528,-14.755942090386528,-14.755942090386528,44.267826271159585,0.0,0.0
1.302000000000001,-14.755942090386537,-14.755942090386537,-14.755942090386537,44.267826271159585,0.0,0.0
1.304000000000001,-14.755942090386549,-14.755942090386549,-14.755942090386549,44.267826271159606,0.0,0.0
1.306000000000001,-14.755942090386457,-14.755942090386457,-14.755942090386457,44.26782627115964,0.0,0.0
1.308000000000001,-14.75594209038637,-14.75594209038637,-14.75594209038637,44.26782627115937,0.0,0.0
1.310000000000001,-14.755942090386295,-14.755942090386295,-14.755942090386295,44.26782627115911,0.0,0.0
1.312000000000001,-14.755942090386219,-14.755942090386219,-14.755942090386219,44.26782627115888,0.0,0.0
1.314000000000001,-14.755942090386142,-14.755942090386142,-14.755942090386142,44.267826271158654,0.0,0.0
1.316000000000001,-14.755942090386052,-14.755942090386052,-14.755942090386052,44.26782627115843,0.0,0.0
1.318000000000001,-14.755942090385952,-14.755942090385952,-14.755942090385952,44.26782627115816,0.0,0.0
1.320000000000001,-14.755942090385991,-14.755942090385991,-14.755942090385991,44.26782627115785,0.0,0.0
1.322000000000001,-14.75594209038605,-14.75594209038605,-14.75594209038605,44.26782627115797,0.0,0.0
1.324000000000001,-14.755942090386098,-14.755942090386098,-14.755942090386098,44.26782627115815,0.0,0.0
1.326000000000001,-14.755942090386032,-14.755942090386032,-14.755942090386032,44.26782627115829,0.0,0.0
1.328000000000001,-14.755942090385998,-14.755942090385998,-14.755942090385998,44.26782627115809,0.0,0.0
1.330000000000001,-14.755942090385942,-14.755942090385942,-14.755942090385942,44.26782627115799,0.0,0.0
1.332000000000001,-14.75594209038586,-14.75594209038586,-14.75594209038586,44.26782627115782,0.0,0.0
1.334000000000001,-14.755942090385894,-14.755942090385894,-14.755942090385894,44.26782627115758,0.0,0.0
1.336000000000001,-14.755942090385904,-14.755942090385904,-14.755942090385904,44.26782627115768,0.0,0.0
1.338000000000001,-14.755942090385936,-14.755942090385936,-14.755942090385936,44.267826271157716,0.0,0.0
1.340000000000001,-14.755942090385943,-14.755942090385943,-14.755942090385943,44.26782627115781,0.0,0.0
1.342000000000001,-14.75594209038597,-14.75594209038597,-14.75594209038597,44.26782627115783,0.0,0.0
1.344000000000001,-14.755942090385973,-14.755942090385973,-14.755942090385973,44.267826271157915,0.0,0.0
1.346000000000001,-14.755942090385954,-14.755942090385954,-14.755942090385954,44.26782627115792,0.0,0.0
1.348000000000001,-14.755942090385888,-14.755942090385888,-14.755942090385888,44.26782627115786,0.0,0.0
1.350000000000001,-14.755942090385954,-14.755942090385954,-14.755942090385954,44.267826271157666,0.0,0.0
1.352000000000001,-14.755942090386144,-14.755942090386144,-14.755942090386144,44.26782627115786,0.0,0.0
1.354000000000001,-14.755942090386368,-14.755942090386368,-14.755942090386368,44.267826271158434,0.0,0.0
1.356000000000001,-14.755942090386448,-14.755942090386448,-14.755942090386448,44.2678262711591,0.0,0.0
1.358000000000001,-14.755942090386423,-14.755942090386423,-14.755942090386423,44.26782627115934,0.0,0.0
1.360000000000001,-14.755942090386405,-14.755942090386405,-14.755942090386405,44.26782627115927,0.0,0.0
1.362000000000001,-14.755942090386391,-14.755942090386391,-14.755942090386391,44.267826271159215,0.0,0.0
1.364000000000001,-14.75594209038639,-14.75594209038639,-14.75594209038639,44.26782627115917,0.0,0.0
1.366000000000001,-14.755942090386393,-14.755942090386393,-14.755942090386393,44.267826271159166,0.0,0.0
1.368000000000001,-14.755942090386375,-14.755942090386375,-14.755942090386375,44.26782627115918,0.0,0.0
1.370000000000001,-14.755942090386368,-14.755942090386368,-14.755942090386368,44.26782627115912,0.0,0.0
1.372000000000001,-14.755942090386245,-14.755942090386245,-14.755942090386245,44.2678262711591,0.0,0.0
1.374000000000001,-14.755942090386167,-14.755942090386167,-14.755942090386167,44.26782627115873,0.0,0.0
1.376000000000001,-14.755942090386071,-14.755942090386071,-14.755942090386071,44.2678262711585,0.0,0.0
1.378000000000001,-14.755942090385963,-14.755942090385963,-14.755942090385963,44.267826271158214,0.0,0.0
1.380000000000001,-14.75594209038601,-14.75594209038601,-14.75594209038601,44.267826271157894,0.0,0.0
1.382000000000001,-14.755942090386032,-14.755942090386032,-14.755942090386032,44.26782627115803,0.0,0.0
1.384000000000001,-14.755942090386071,-14.755942090386071,-14.755942090386071,44.26782627115809,0.0,0.0
1.386000000000001,-14.7559420903861,-14.7559420903861,-14.7559420903861,44.267826271158214,0.0,0.0
1.388000000000001,-14.755942090386114,-14.755942090386114,-14.755942090386114,44.2678262711583,0.0,0.0
1.390000000000001,-14.75594209038627,-14.75594209038627,-14.75594209038627,44.26782627115834,0.0,0.0
1.392000000000001,-14.755942090386378,-14.755942090386378,-14.755942090386378,44.26782627115881,0.0,0.0
1.394000000000001,-14.755942090386439,-14.755942090386439,-14.755942090386439,44.26782627115914,0.0,0.0
1.396000000000001,-14.755942090386505,-14.755942090386505,-14.755942090386505,44.267826271159315,0.0,0.0
1.398000000000001,-14.755942090386549,-14.755942090386549,-14.755942090386549,44.267826271159514,0.0,0.0
1.400000000000001,-14.755942090386595,-14.755942090386595,-14.755942090386595,44.26782627115964,0.0,0.0
1.402000000000001,-14.75594209038662,-14.75594209038662,-14.75594209038662,44.267826271159784,0.0,0.0
1.404000000000001,-14.755942090386538,-14.755942090386538,-14.755942090386538,44.267826271159855,0.0,0.0
1.406000000000001,-14.755942090386466,-14.755942090386466,-14.755942090386466,44.26782627115961,0.0,0.0
1.408000000000001,-14.755942090386462,-14.755942090386462,-14.755942090386462,44.26782627115939,0.0,0.0
1.410000000000001,-14.755942090386464,-14.755942090386464,-14.755942090386464,44.267826271159386,0.0,0.0
1.412000000000001,-14.755942090386444,-14.755942090386444,-14.755942090386444,44.26782627115939,0.0,0.0
1.414000000000001,-14.75594209038643,-14.75594209038643,-14.75594209038643,44.26782627115933,0.0,0.0
1.416000000000001,-14.7559420903864,-14.7559420903864,-14.7559420903864,44.267826271159294,0.0,0.0
1.418000000000001,-14.755942090386366,-14.755942090386366,-14.755942090386366,44.267826271159194,0.0,0.0
1.420000000000001,-14.755942090386345,-14.755942090386345,-14.755942090386345,44.2678262711591,0.0,0.0
1.422000000000001,-14.755942090386334,-14.755942090386334,-14.755942090386334,44.26782627115904,0.0,0.0
1.424000000000001,-14.755942090386196,-14.755942090386196,-14.755942090386196,44.267826271159,0.0,0.0
1.426000000000001,-14.755942090386103,-14.755942090386103,-14.755942090386103,44.26782627115859,0.0,0.0
1.428000000000001,-14.75594209038615,-14.75594209038615,-14.75594209038615,44.267826271158306,0.0,0.0
1.430000000000001,-14.755942090386068,-14.755942090386068,-14.755942090386068,44.26782627115845,0.0,0.0
1.432000000000001,-14.755942090385961,-14.755942090385961,-14.755942090385961,44.26782627115821,0.0,0.0
1.434000000000001,-14.755942090385831,-14.755942090385831,-14.755942090385831,44.26782627115789,0.0,0.0
1.436000000000001,-14.75594209038571,-14.75594209038571,-14.75594209038571,44.267826271157496,0.0,0.0
1.438000000000001,-14.75594209038554,-14.75594209038554,-14.75594209038554,44.26782627115713,0.0,0.0
1.440000000000001,-14.755942090385489,-14.755942090385489,-14.755942090385489,44.26782627115662,0.0,0.0
1.442000000000001,-14.755942090385377,-14.755942090385377,-14.755942090385377,44.267826271156466,0.0,0.0
1.444000000000001,-14.755942090385346,-14.755942090385346,-14.755942090385346,44.26782627115613,0.0,0.0
1.446000000000001,-14.755942090385409,-14.755942090385409,-14.755942090385409,44.26782627115604,0.0,0.0
1.448000000000001,-14.755942090385577,-14.755942090385577,-14.755942090385577,44.267826271156224,0.0,0.0
1.450000000000001,-14.75594209038573,-14.75594209038573,-14.75594209038573,44.26782627115673,0.0,0.0
1.452000000000001,-14.755942090385787,-14.755942090385787,-14.755942090385787,44.26782627115719,0.0,0.0
1.454000000000001,-14.755942090385776,-14.755942090385776,-14.755942090385776,44.26782627115736,0.0,0.0
1.456000000000001,-14.755942090385775,-14.755942090385775,-14.755942090385775,44.26782627115733,0.0,0.0
1.458000000000001,-14.755942090385782,-14.755942090385782,-14.755942090385782,44.267826271157325,0.0,0.0
1.460000000000001,-14.75594209038588,-14.75594209038588,-14.75594209038588,44.26782627115735,0.0,0.0
1.462000000000001,-14.75594209038594,-14.75594209038594,-14.75594209038594,44.26782627115764,0.0,0.0
1.464000000000001,-14.755942090385957,-14.755942090385957,-14.755942090385957,44.267826271157816,0.0,0.0
1.466000000000001,-14.755942090386103,-14.755942090386103,-14.755942090386103,44.26782627115787,0.0,0.0
1.468000000000001,-14.755942090386235,-14.755942090386235,-14.755942090386235,44.267826271158306,0.0,0.0
1.470000000000001,-14.75594209038641,-14.75594209038641,-14.75594209038641,44.267826271158704,0.0,0.0
1.472000000000001,-14.755942090386597,-14.755942090386597,-14.755942090386597,44.26782627115924,0.0,0.0
1.474000000000001,-14.755942090386785,-14.755942090386785,-14.755942090386785,44.26782627115979,0.0,0.0
1.476000000000001,-14.75594209038688,-14.75594209038688,-14.75594209038688,44.26782627116036,0.0,0.0
1.478000000000001,-14.755942090386865,-14.755942090386865,-14.755942090386865,44.26782627116064,0.0,0.0
1.480000000000001,-14.755942090386771,-14.755942090386771,-14.755942090386771,44.267826271160594,0.0,0.0
1.482000000000001,-14.755942090386677,-14.755942090386677,-14.755942090386677,44.26782627116031,0.0,0.0
1.484000000000001,-14.75594209038649,-14.75594209038649,-14.75594209038649,44.26782627116003,0.0,0.0
1.486000000000001,-14.755942090386373,-14.755942090386373,-14.755942090386373,44.26782627115947,0.0,0.0
1.488000000000001,-14.755942090386313,-14.755942090386313,-14.755942090386313,44.267826271159116,0.0,0.0
1.490000000000001,-14.755942090386204,-14.755942090386204,-14.755942090386204,44.26782627115894,0.0,0.0
1.492000000000001,-14.755942090386098,-14.755942090386098,-14.755942090386098,44.26782627115861,0.0,0.0
1.494000000000001,-14.755942090385977,-14.755942090385977,-14.755942090385977,44.26782627115829,0.0,0.0
1.496000000000001,-14.755942090385927,-14.755942090385927,-14.755942090385927,44.26782627115793,0.0,0.0
1.498000000000001,-14.755942090385854,-14.755942090385854,-14.755942090385854,44.26782627115778,0.0,0.0
1.500000000000001,-14.755942090385732,-14.755942090385732,-14.755942090385732,44.26782627115756,0.0,0.0
1.5020000000000011,-14.755942090385698,-14.755942090385698,-14.755942090385698,44.26782627115719,0.0,0.0
1.5040000000000011,-14.755942090385664,-14.755942090385664,-14.755942090385664,44.2678262711571,0.0,0.0
1.5060000000000011,-14.755942090385732,-14.755942090385732,-14.755942090385732,44.26782627115699,0.0,0.0
1.5080000000000011,-14.755942090385913,-14.755942090385913,-14.755942090385913,44.26782627115719,0.0,0.0
1.5100000000000011,-14.755942090386071,-14.755942090386071,-14.755942090386071,44.26782627115774,0.0,0.0
1.5120000000000011,-14.755942090386158,-14.755942090386158,-14.755942090386158,44.267826271158214,0.0,0.0
1.5140000000000011,-14.755942090386226,-14.755942090386226,-14.755942090386226,44.26782627115848,0.0,0.0
1.5160000000000011,-14.755942090386151,-14.755942090386151,-14.755942090386151,44.267826271158675,0.0,0.0
1.5180000000000011,-14.755942090386217,-14.755942090386217,-14.755942090386217,44.267826271158455,0.0,0.0
1.5200000000000011,-14.755942090386268,-14.755942090386268,-14.755942090386268,44.267826271158654,0.0,0.0
1.5220000000000011,-14.75594209038632,-14.75594209038632,-14.75594209038632,44.26782627115881,0.0,0.0
1.5240000000000011,-14.755942090386412,-14.755942090386412,-14.755942090386412,44.26782627115896,0.0,0.0
1.5260000000000011,-14.75594209038639,-14.75594209038639,-14.75594209038639,44.26782627115924,0.0,0.0
1.5280000000000011,-14.755942090386318,-14.755942090386318,-14.755942090386318,44.267826271159166,0.0,0.0
1.5300000000000011,-14.755942090386258,-14.755942090386258,-14.755942090386258,44.26782627115895,0.0,0.0
1.5320000000000011,-14.755942090386153,-14.755942090386153,-14.755942090386153,44.267826271158775,0.0,0.0
1.5340000000000011,-14.755942090386187,-14.755942090386187,-14.755942090386187,44.267826271158455,0.0,0.0
1.5360000000000011,-14.755942090386094,-14.755942090386094,-14.755942090386094,44.26782627115856,0.0,0.0
1.5380000000000011,-14.755942090385982,-14.755942090385982,-14.755942090385982,44.267826271158285,0.0,0.0
1.5400000000000011,-14.755942090385904,-14.755942090385904,-14.755942090385904,44.26782627115795,0.0,0.0
1.5420000000000011,-14.755942090385785,-14.755942090385785,-14.755942090385785,44.267826271157716,0.0,0.0
1.5440000000000011,-14.755942090385673,-14.755942090385673,-14.755942090385673,44.267826271157354,0.0,0.0
1.5460000000000012,-14.755942090385561,-14.755942090385561,-14.755942090385561,44.26782627115702,0.0,0.0
1.5480000000000012,-14.75594209038554,-14.75594209038554,-14.75594209038554,44.267826271156686,0.0,0.0
1.5500000000000012,-14.755942090385625,-14.755942090385625,-14.755942090385625,44.26782627115662,0.0,0.0
1.5520000000000012,-14.755942090385801,-14.755942090385801,-14.755942090385801,44.26782627115688,0.0,0.0
1.5540000000000012,-14.75594209038594,-14.75594209038594,-14.75594209038594,44.2678262711574,0.0,0.0
1.5560000000000012,-14.755942090386053,-14.755942090386053,-14.755942090386053,44.267826271157816,0.0,0.0
1.5580000000000012,-14.755942090386155,-14.755942090386155,-14.755942090386155,44.267826271158164,0.0,0.0
1.5600000000000012,-14.755942090386243,-14.755942090386243,-14.755942090386243,44.26782627115846,0.0,0.0
1.5620000000000012,-14.755942090386284,-14.755942090386284,-14.755942090386284,44.26782627115873,0.0,0.0
1.5640000000000012,-14.755942090386279,-14.755942090386279,-14.755942090386279,44.26782627115885,0.0,0.0
1.5660000000000012,-14.755942090386272,-14.755942090386272,-14.755942090386272,44.26782627115884,0.0,0.0
1.5680000000000012,-14.755942090386311,-14.755942090386311,-14.755942090386311,44.26782627115882,0.0,0.0
1.5700000000000012,-14.755942090386347,-14.755942090386347,-14.755942090386347,44.26782627115893,0.0,0.0
1.5720000000000012,-14.75594209038639,-14.75594209038639,-14.75594209038639,44.26782627115904,0.0,0.0
1.5740000000000012,-14.755942090386442,-14.755942090386442,-14.755942090386442,44.267826271159166,0.0,0.0
1.5760000000000012,-14.755942090386474,-14.755942090386474,-14.755942090386474,44.26782627115933,0.0,0.0
1.5780000000000012,-14.75594209038651,-14.75594209038651,-14.75594209038651,44.26782627115942,0.0,0.0
1.5800000000000012,-14.755942090386442,-14.755942090386442,-14.755942090386442,44.26782627115953,0.0,0.0
1.5820000000000012,-14.755942090386352,-14.755942090386352,-14.755942090386352,44.26782627115933,0.0,0.0
1.5840000000000012,-14.755942090386274,-14.755942090386274,-14.755942090386274,44.26782627115906,0.0,0.0
1.5860000000000012,-14.755942090386196,-14.755942090386196,-14.755942090386196,44.267826271158825,0.0,0.0
1.5880000000000012,-14.755942090386117,-14.755942090386117,-14.755942090386117,44.26782627115859,0.0,0.0
1.5900000000000012,-14.755942090386027,-14.755942090386027,-14.755942090386027,44.267826271158356,0.0,0.0
1.5920000000000012,-14.75594209038591,-14.75594209038591,-14.75594209038591,44.26782627115808,0.0,0.0
1.5940000000000012,-14.755942090385826,-14.755942090385826,-14.755942090385826,44.26782627115773,0.0,0.0
1.5960000000000012,-14.75594209038586,-14.75594209038586,-14.75594209038586,44.26782627115748,0.0,0.0
1.5980000000000012,-14.7559420903859,-14.7559420903859,-14.7559420903859,44.26782627115758,0.0,0.0
1.6000000000000012,-14.755942090385975,-14.755942090385975,-14.755942090385975,44.2678262711577,0.0,0.0
1.6020000000000012,-14.755942090386071,-14.755942090386071,-14.755942090386071,44.26782627115793,0.0,0.0
1.6040000000000012,-14.755942090386199,-14.755942090386199,-14.755942090386199,44.267826271158214,0.0,0.0
1.6060000000000012,-14.75594209038628,-14.75594209038628,-14.75594209038628,44.2678262711586,0.0,0.0
1.6080000000000012,-14.755942090386334,-14.755942090386334,-14.755942090386334,44.267826271158846,0.0,0.0
1.6100000000000012,-14.755942090386394,-14.755942090386394,-14.755942090386394,44.267826271159,0.0,0.0
1.6120000000000012,-14.755942090386405,-14.755942090386405,-14.755942090386405,44.26782627115918,0.0,0.0
1.6140000000000012,-14.75594209038637,-14.75594209038637,-14.75594209038637,44.267826271159215,0.0,0.0
1.6160000000000012,-14.755942090386345,-14.755942090386345,-14.755942090386345,44.26782627115911,0.0,0.0
1.6180000000000012,-14.755942090386377,-14.755942090386377,-14.755942090386377,44.26782627115904,0.0,0.0
1.6200000000000012,-14.755942090386387,-14.755942090386387,-14.755942090386387,44.26782627115913,0.0,0.0
1.6220000000000012,-14.755942090386377,-14.755942090386377,-14.755942090386377,44.26782627115916,0.0,0.0
1.6240000000000012,-14.755942090386378,-14.755942090386378,-14.755942090386378,44.26782627115913,0.0,0.0
1.6260000000000012,-14.755942090386391,-14.755942090386391,-14.755942090386391,44.26782627115914,0.0,0.0
1.6280000000000012,-14.755942090386355,-14.755942090386355,-14.755942090386355,44.26782627115917,0.0,0.0
1.6300000000000012,-14.75594209038633,-14.75594209038633,-14.75594209038633,44.267826271159066,0.0,0.0
1.6320000000000012,-14.7559420903864,-14.7559420903864,-14.7559420903864,44.267826271158995,0.0,0.0
1.6340000000000012,-14.75594209038635,-14.75594209038635,-14.75594209038635,44.267826271159194,0.0,0.0
1.6360000000000012,-14.7559420903863,-14.7559420903863,-14.7559420903863,44.26782627115905,0.0,0.0
1.6380000000000012,-14.755942090386249,-14.755942090386249,-14.755942090386249,44.2678262711589,0.0,0.0
1.6400000000000012,-14.755942090386196,-14.755942090386196,-14.755942090386196,44.26782627115875,0.0,0.0
1.6420000000000012,-14.755942090386283,-14.755942090386283,-14.755942090386283,44.26782627115859,0.0,0.0
1.6440000000000012,-14.755942090386506,-14.755942090386506,-14.755942090386506,44.267826271158846,0.0,0.0
1.6460000000000012,-14.755942090386586,-14.755942090386586,-14.755942090386586,44.26782627115952,0.0,0.0
1.6480000000000012,-14.7559420903866,-14.7559420903866,-14.7559420903866,44.26782627115976,0.0,0.0
1.6500000000000012,-14.75594209038661,-14.75594209038661,-14.75594209038661,44.2678262711598,0.0,0.0
1.6520000000000012,-14.755942090386622,-14.755942090386622,-14.755942090386622,44.26782627115983,0.0,0.0
1.6540000000000012,-14.755942090386668,-14.755942090386668,-14.755942090386668,44.26782627115986,0.0,0.0
1.6560000000000012,-14.755942090386693,-14.755942090386693,-14.755942090386693,44.267826271160004,0.0,0.0
1.6580000000000013,-14.755942090386691,-14.755942090386691,-14.755942090386691,44.267826271160075,0.0,0.0
1.6600000000000013,-14.755942090386666,-14.755942090386666,-14.755942090386666,44.26782627116007,0.0,0.0
1.6620000000000013,-14.755942090386618,-14.755942090386618,-14.755942090386618,44.26782627116,0.0,0.0
1.6640000000000013,-14.755942090386604,-14.755942090386604,-14.755942090386604,44.267826271159855,0.0,0.0
1.6660000000000013,-14.755942090386593,-14.755942090386593,-14.755942090386593,44.26782627115981,0.0,0.0
1.6680000000000013,-14.75594209038649,-14.75594209038649,-14.75594209038649,44.26782627115978,0.0,0.0
1.6700000000000013,-14.7559420903864,-14.7559420903864,-14.7559420903864,44.26782627115947,0.0,0.0
1.6720000000000013,-14.755942090386277,-14.755942090386277,-14.755942090386277,44.267826271159194,0.0,0.0
1.6740000000000013,-14.755942090386307,-14.755942090386307,-14.755942090386307,44.26782627115883,0.0,0.0
1.6760000000000013,-14.75594209038638,-14.75594209038638,-14.75594209038638,44.267826271158924,0.0,0.0
1.6780000000000013,-14.75594209038657,-14.75594209038657,-14.75594209038657,44.26782627115914,0.0,0.0
1.6800000000000013,-14.755942090386656,-14.755942090386656,-14.755942090386656,44.26782627115971,0.0,0.0
1.6820000000000013,-14.755942090386634,-14.755942090386634,-14.755942090386634,44.26782627115997,0.0,0.0
1.6840000000000013,-14.755942090386618,-14.755942090386618,-14.755942090386618,44.267826271159905,0.0,0.0
1.6860000000000013,-14.755942090386604,-14.755942090386604,-14.755942090386604,44.267826271159855,0.0,0.0
1.6880000000000013,-14.755942090386567,-14.755942090386567,-14.755942090386567,44.26782627115981,0.0,0.0
1.6900000000000013,-14.755942090386508,-14.755942090386508,-14.755942090386508,44.2678262711597,0.0,0.0
1.6920000000000013,-14.755942090386453,-14.755942090386453,-14.755942090386453,44.26782627115953,0.0,0.0
1.6940000000000013,-14.755942090386295,-14.755942090386295,-14.755942090386295,44.26782627115936,0.0,0.0
1.6960000000000013,-14.755942090386135,-14.755942090386135,-14.755942090386135,44.26782627115888,0.0,0.0
1.6980000000000013,-14.755942090386009,-14.755942090386009,-14.755942090386009,44.267826271158405,0.0,0.0
1.7000000000000013,-14.755942090385858,-14.755942090385858,-14.755942090385858,44.26782627115803,0.0,0.0
1.7020000000000013,-14.755942090385851,-14.755942090385851,-14.755942090385851,44.267826271157574,0.0,0.0
1.7040000000000013,-14.755942090385961,-14.755942090385961,-14.755942090385961,44.26782627115755,0.0,0.0
1.7060000000000013,-14.755942090386045,-14.755942090386045,-14.755942090386045,44.26782627115788,0.0,0.0
1.7080000000000013,-14.755942090386112,-14.755942090386112,-14.755942090386112,44.267826271158135,0.0,0.0
1.7100000000000013,-14.755942090386155,-14.755942090386155,-14.755942090386155,44.26782627115834,0.0,0.0
1.7120000000000013,-14.755942090386228,-14.755942090386228,-14.755942090386228,44.26782627115846,0.0,0.0
1.7140000000000013,-14.755942090386439,-14.755942090386439,-14.755942090386439,44.26782627115868,0.0,0.0
1.7160000000000013,-14.755942090386533,-14.755942090386533,-14.755942090386533,44.267826271159315,0.0,0.0
1.7180000000000013,-14.75594209038652,-14.75594209038652,-14.75594209038652,44.2678262711596,0.0,0.0
1.7200000000000013,-14.755942090386577,-14.755942090386577,-14.755942090386577,44.267826271159564,0.0,0.0
1.7220000000000013,-14.755942090386638,-14.755942090386638,-14.755942090386638,44.267826271159734,0.0,0.0
1.7240000000000013,-14.755942090386606,-14.755942090386606,-14.755942090386606,44.26782627115992,0.0,0.0
1.7260000000000013,-14.755942090386604,-14.755942090386604,-14.755942090386604,44.26782627115982,0.0,0.0
1.7280000000000013,-14.755942090386606,-14.755942090386606,-14.755942090386606,44.26782627115981,0.0,0.0
1.7300000000000013,-14.755942090386583,-14.755942090386583,-14.755942090386583,44.26782627115982,0.0,0.0
1.7320000000000013,-14.755942090386583,-14.755942090386583,-14.755942090386583,44.26782627115975,0.0,0.0
1.7340000000000013,-14.755942090386588,-14.755942090386588,-14.755942090386588,44.26782627115975,0.0,0.0
1.7360000000000013,-14.75594209038666,-14.75594209038666,-14.75594209038666,44.26782627115976,0.0,0.0
1.7380000000000013,-14.755942090386707,-14.755942090386707,-14.755942090386707,44.267826271159976,0.0,0.0
1.7400000000000013,-14.755942090386759,-14.755942090386759,-14.755942090386759,44.267826271160125,0.0,0.0
1.7420000000000013,-14.75594209038681,-14.75594209038681,-14.75594209038681,44.267826271160274,0.0,0.0
1.7440000000000013,-14.755942090386862,-14.755942090386862,-14.755942090386862,44.26782627116043,0.0,0.0
1.7460000000000013,-14.755942090386833,-14.755942090386833,-14.755942090386833,44.26782627116059,0.0,0.0
1.7480000000000013,-14.755942090386831,-14.755942090386831,-14.755942090386831,44.2678262711605,0.0,0.0
1.7500000000000013,-14.755942090386858,-14.755942090386858,-14.755942090386858,44.267826271160494,0.0,0.0
1.7520000000000013,-14.755942090386805,-14.755942090386805,-14.755942090386805,44.26782627116058,0.0,0.0
1.7540000000000013,-14.755942090386778,-14.755942090386778,-14.755942090386778,44.267826271160416,0.0,0.0
1.7560000000000013,-14.755942090386672,-14.755942090386672,-14.755942090386672,44.26782627116034,0.0,0.0
1.7580000000000013,-14.755942090386446,-14.755942090386446,-14.755942090386446,44.26782627116001,0.0,0.0
1.7600000000000013,-14.755942090386231,-14.755942090386231,-14.755942090386231,44.267826271159336,0.0,0.0
1.7620000000000013,-14.755942090386167,-14.755942090386167,-14.755942090386167,44.26782627115869,0.0,0.0
1.7640000000000013,-14.755942090386085,-14.755942090386085,-14.755942090386085,44.2678262711585,0.0,0.0
1.7660000000000013,-14.755942090386036,-14.755942090386036,-14.755942090386036,44.267826271158256,0.0,0.0
1.7680000000000013,-14.755942090386103,-14.755942090386103,-14.755942090386103,44.26782627115811,0.0,0.0
1.7700000000000014,-14.755942090386123,-14.755942090386123,-14.755942090386123,44.267826271158306,0.0,0.0
1.7720000000000014,-14.755942090386176,-14.755942090386176,-14.755942090386176,44.26782627115837,0.0,0.0
1.7740000000000014,-14.75594209038621,-14.75594209038621,-14.75594209038621,44.267826271158526,0.0,0.0
1.7760000000000014,-14.755942090386226,-14.755942090386226,-14.755942090386226,44.26782627115863,0.0,0.0
1.7780000000000014,-14.755942090386222,-14.755942090386222,-14.755942090386222,44.267826271158675,0.0,0.0
1.7800000000000014,-14.755942090386217,-14.755942090386217,-14.755942090386217,44.26782627115867,0.0,0.0
1.7820000000000014,-14.755942090386258,-14.755942090386258,-14.755942090386258,44.267826271158654,0.0,0.0
1.7840000000000014,-14.75594209038625,-14.75594209038625,-14.75594209038625,44.26782627115877,0.0,0.0
1.7860000000000014,-14.755942090386288,-14.755942090386288,-14.755942090386288,44.26782627115875,0.0,0.0
1.7880000000000014,-14.75594209038621,-14.75594209038621,-14.75594209038621,44.26782627115887,0.0,0.0
1.7900000000000014,-14.755942090386032,-14.755942090386032,-14.755942090386032,44.26782627115863,0.0,0.0
1.7920000000000014,-14.755942090386007,-14.755942090386007,-14.755942090386007,44.26782627115809,0.0,0.0
1.7940000000000014,-14.755942090385957,-14.755942090385957,-14.755942090385957,44.26782627115802,0.0,0.0
1.7960000000000014,-14.755942090385863,-14.755942090385863,-14.755942090385863,44.26782627115787,0.0,0.0
1.7980000000000014,-14.755942090385734,-14.755942090385734,-14.755942090385734,44.26782627115759,0.0,0.0
1.8000000000000014,-14.7559420903856,-14.7559420903856,-14.7559420903856,44.2678262711572,0.0,0.0
1.8020000000000014,-14.755942090385561,-14.755942090385561,-14.755942090385561,44.26782627115681,0.0,0.0
1.8040000000000014,-14.755942090385613,-14.755942090385613,-14.755942090385613,44.267826271156686,0.0,0.0
1.8060000000000014,-14.755942090385782,-14.755942090385782,-14.755942090385782,44.26782627115684,0.0,0.0
1.8080000000000014,-14.755942090385913,-14.755942090385913,-14.755942090385913,44.26782627115735,0.0,0.0
1.8100000000000014,-14.755942090386021,-14.755942090386021,-14.755942090386021,44.26782627115774,0.0,0.0
1.8120000000000014,-14.755942090386103,-14.755942090386103,-14.755942090386103,44.267826271158064,0.0,0.0
1.8140000000000014,-14.755942090386172,-14.755942090386172,-14.755942090386172,44.267826271158306,0.0,0.0
1.8160000000000014,-14.755942090386112,-14.755942090386112,-14.755942090386112,44.26782627115851,0.0,0.0
1.8180000000000014,-14.755942090386087,-14.755942090386087,-14.755942090386087,44.26782627115834,0.0,0.0
1.8200000000000014,-14.755942090386048,-14.755942090386048,-14.755942090386048,44.26782627115826,0.0,0.0
1.8220000000000014,-14.755942090386124,-14.755942090386124,-14.755942090386124,44.26782627115814,0.0,0.0
1.8240000000000014,-14.75594209038606,-14.75594209038606,-14.75594209038606,44.26782627115838,0.0,0.0
1.8260000000000014,-14.75594209038611,-14.75594209038611,-14.75594209038611,44.267826271158185,0.0,0.0
1.8280000000000014,-14.755942090386146,-14.755942090386146,-14.755942090386146,44.26782627115833,0.0,0.0
1.8300000000000014,-14.755942090386155,-14.755942090386155,-14.755942090386155,44.26782627115844,0.0,0.0
1.8320000000000014,-14.755942090386151,-14.755942090386151,-14.755942090386151,44.26782627115846,0.0,0.0
1.8340000000000014,-14.75594209038602,-14.75594209038602,-14.75594209038602,44.267826271158455,0.0,0.0
1.8360000000000014,-14.755942090386029,-14.755942090386029,-14.755942090386029,44.26782627115806,0.0,0.0
1.8380000000000014,-14.75594209038607,-14.75594209038607,-14.75594209038607,44.267826271158086,0.0,0.0
1.8400000000000014,-14.7559420903861,-14.7559420903861,-14.7559420903861,44.26782627115821,0.0,0.0
1.8420000000000014,-14.755942090386057,-14.755942090386057,-14.755942090386057,44.2678262711583,0.0,0.0
1.8440000000000014,-14.755942090386004,-14.755942090386004,-14.755942090386004,44.26782627115817,0.0,0.0
1.8460000000000014,-14.755942090385968,-14.755942090385968,-14.755942090385968,44.26782627115801,0.0,0.0
1.8480000000000014,-14.755942090386062,-14.755942090386062,-14.755942090386062,44.26782627115791,0.0,0.0
1.8500000000000014,-14.755942090386144,-14.755942090386144,-14.755942090386144,44.267826271158185,0.0,0.0
1.8520000000000014,-14.755942090386258,-14.755942090386258,-14.755942090386258,44.267826271158434,0.0,0.0
1.8540000000000014,-14.755942090386371,-14.755942090386371,-14.755942090386371,44.267826271158775,0.0,0.0
1.8560000000000014,-14.755942090386494,-14.755942090386494,-14.755942090386494,44.267826271159116,0.0,0.0
1.8580000000000014,-14.755942090386485,-14.755942090386485,-14.755942090386485,44.267826271159485,0.0,0.0
1.8600000000000014,-14.755942090386501,-14.755942090386501,-14.755942090386501,44.26782627115946,0.0,0.0
1.8620000000000014,-14.75594209038652,-14.75594209038652,-14.75594209038652,44.26782627115951,0.0,0.0
1.8640000000000014,-14.755942090386462,-14.755942090386462,-14.755942090386462,44.267826271159564,0.0,0.0
1.8660000000000014,-14.755942090386458,-14.755942090386458,-14.755942090386458,44.267826271159386,0.0,0.0
1.8680000000000014,-14.755942090386466,-14.755942090386466,-14.755942090386466,44.26782627115937,0.0,0.0
1.8700000000000014,-14.755942090386478,-14.755942090386478,-14.755942090386478,44.26782627115939,0.0,0.0
1.8720000000000014,-14.7559420903865,-14.7559420903865,-14.7559420903865,44.26782627115943,0.0,0.0
1.8740000000000014,-14.7559420903865,-14.7559420903865,-14.7559420903865,44.2678262711595,0.0,0.0
1.8760000000000014,-14.755942090386505,-14.755942090386505,-14.755942090386505,44.2678262711595,0.0,0.0
1.8780000000000014,-14.755942090386515,-14.755942090386515,-14.755942090386515,44.267826271159514,0.0,0.0
1.8800000000000014,-14.755942090386549,-14.755942090386549,-14.755942090386549,44.26782627115955,0.0,0.0
1.8820000000000014,-14.755942090386558,-14.755942090386558,-14.755942090386558,44.26782627115964,0.0,0.0
1.8840000000000015,-14.755942090386547,-14.755942090386547,-14.755942090386547,44.26782627115968,0.0,0.0
1.8860000000000015,-14.755942090386428,-14.755942090386428,-14.755942090386428,44.26782627115964,0.0,0.0
1.8880000000000015,-14.755942090386368,-14.755942090386368,-14.755942090386368,44.26782627115929,0.0,0.0
1.8900000000000015,-14.755942090386286,-14.755942090386286,-14.755942090386286,44.2678262711591,0.0,0.0
1.8920000000000015,-14.755942090386297,-14.755942090386297,-14.755942090386297,44.26782627115886,0.0,0.0
1.8940000000000015,-14.755942090386307,-14.755942090386307,-14.755942090386307,44.26782627115889,0.0,0.0
1.8960000000000015,-14.75594209038627,-14.75594209038627,-14.75594209038627,44.267826271158924,0.0,0.0
1.8980000000000015,-14.755942090386233,-14.755942090386233,-14.755942090386233,44.26782627115881,0.0,0.0
1.9000000000000015,-14.755942090386176,-14.755942090386176,-14.755942090386176,44.2678262711587,0.0,0.0
1.9020000000000015,-14.7559420903861,-14.7559420903861,-14.7559420903861,44.267826271158526,0.0,0.0
1.9040000000000015,-14.755942090385952,-14.755942090385952,-14.755942090385952,44.2678262711583,0.0,0.0
1.9060000000000015,-14.755942090385934,-14.755942090385934,-14.755942090385934,44.26782627115785,0.0,0.0
1.9080000000000015,-14.755942090385938,-14.755942090385938,-14.755942090385938,44.2678262711578,0.0,0.0
1.9100000000000015,-14.755942090386068,-14.755942090386068,-14.755942090386068,44.267826271157816,0.0,0.0
1.9120000000000015,-14.755942090386185,-14.755942090386185,-14.755942090386185,44.26782627115821,0.0,0.0
1.9140000000000015,-14.755942090386284,-14.755942090386284,-14.755942090386284,44.267826271158555,0.0,0.0
1.9160000000000015,-14.755942090386382,-14.755942090386382,-14.755942090386382,44.26782627115885,0.0,0.0
1.9180000000000015,-14.755942090386457,-14.755942090386457,-14.755942090386457,44.267826271159144,0.0,0.0
1.9200000000000015,-14.755942090386537,-14.755942090386537,-14.755942090386537,44.26782627115937,0.0,0.0
1.9220000000000015,-14.755942090386622,-14.755942090386622,-14.755942090386622,44.267826271159606,0.0,0.0
1.9240000000000015,-14.755942090386736,-14.755942090386736,-14.755942090386736,44.26782627115986,0.0,0.0
1.9260000000000015,-14.75594209038677,-14.75594209038677,-14.75594209038677,44.26782627116021,0.0,0.0
1.9280000000000015,-14.755942090386707,-14.755942090386707,-14.755942090386707,44.2678262711603,0.0,0.0
1.9300000000000015,-14.755942090386554,-14.755942090386554,-14.755942090386554,44.267826271160125,0.0,0.0
1.9320000000000015,-14.755942090386405,-14.755942090386405,-14.755942090386405,44.26782627115966,0.0,0.0
1.9340000000000015,-14.755942090386268,-14.755942090386268,-14.755942090386268,44.267826271159215,0.0,0.0
1.9360000000000015,-14.755942090386132,-14.755942090386132,-14.755942090386132,44.26782627115881,0.0,0.0
1.9380000000000015,-14.75594209038598,-14.75594209038598,-14.75594209038598,44.2678262711584,0.0,0.0
1.9400000000000015,-14.755942090385957,-14.755942090385957,-14.755942090385957,44.26782627115794,0.0,0.0
1.9420000000000015,-14.755942090385954,-14.755942090385954,-14.755942090385954,44.26782627115787,0.0,0.0
1.9440000000000015,-14.755942090385926,-14.755942090385926,-14.755942090385926,44.26782627115786,0.0,0.0
1.9460000000000015,-14.755942090386014,-14.755942090386014,-14.755942090386014,44.26782627115777,0.0,0.0
1.9480000000000015,-14.755942090386077,-14.755942090386077,-14.755942090386077,44.26782627115804,0.0,0.0
1.9500000000000015,-14.755942090386112,-14.755942090386112,-14.755942090386112,44.26782627115823,0.0,0.0
1.9520000000000015,-14.755942090386183,-14.755942090386183,-14.755942090386183,44.26782627115834,0.0,0.0
1.9540000000000015,-14.75594209038611,-14.75594209038611,-14.75594209038611,44.26782627115855,0.0,0.0
1.9560000000000015,-14.75594209038601,-14.75594209038601,-14.75594209038601,44.26782627115833,0.0,0.0
1.9580000000000015,-14.755942090385886,-14.755942090385886,-14.755942090385886,44.26782627115803,0.0,0.0
1.9600000000000015,-14.755942090385773,-14.755942090385773,-14.755942090385773,44.26782627115766,0.0,0.0
1.9620000000000015,-14.755942090385787,-14.755942090385787,-14.755942090385787,44.26782627115732,0.0,0.0
1.9640000000000015,-14.75594209038589,-14.75594209038589,-14.75594209038589,44.26782627115736,0.0,0.0
1.9660000000000015,-14.755942090385957,-14.755942090385957,-14.755942090385957,44.26782627115767,0.0,0.0
1.9680000000000015,-14.755942090385998,-14.755942090385998,-14.755942090385998,44.26782627115787,0.0,0.0
1.9700000000000015,-14.755942090385988,-14.755942090385988,-14.755942090385988,44.26782627115799,0.0,0.0
1.9720000000000015,-14.755942090385954,-14.755942090385954,-14.755942090385954,44.267826271157965,0.0,0.0
1.9740000000000015,-14.755942090386034,-14.755942090386034,-14.755942090386034,44.26782627115786,0.0,0.0
1.9760000000000015,-14.75594209038607,-14.75594209038607,-14.75594209038607,44.2678262711581,0.0,0.0
1.9780000000000015,-14.75594209038606,-14.75594209038606,-14.75594209038606,44.26782627115821,0.0,0.0
1.9800000000000015,-14.75594209038604,-14.75594209038604,-14.75594209038604,44.267826271158185,0.0,0.0
1.9820000000000015,-14.755942090386002,-14.755942090386002,-14.755942090386002,44.26782627115812,0.0,0.0
1.9840000000000015,-14.75594209038594,-14.75594209038594,-14.75594209038594,44.26782627115801,0.0,0.0
1.9860000000000015,-14.755942090386005,-14.755942090386005,-14.755942090386005,44.267826271157816,0.0,0.0
1.9880000000000015,-14.755942090385933,-14.755942090385933,-14.755942090385933,44.267826271158015,0.0,0.0
1.9900000000000015,-14.755942090385973,-14.755942090385973,-14.755942090385973,44.267826271157794,0.0,0.0
1.9920000000000015,-14.755942090385947,-14.755942090385947,-14.755942090385947,44.26782627115792,0.0,0.0
1.9940000000000015,-14.755942090386034,-14.755942090386034,-14.755942090386034,44.26782627115784,0.0,0.0
1.9960000000000016,-14.755942090386094,-14.755942090386094,-14.755942090386094,44.2678262711581,0.0,0.0
1.9980000000000016,-14.755942090386142,-14.755942090386142,-14.755942090386142,44.267826271158285,0.0,0.0
2.0000000000000013,-14.755942090386172,-14.755942090386172,-14.755942090386172,44.26782627115843,0.0,0.0
2.002000000000001,-14.755942090386188,-14.755942090386188,-14.755942090386188,44.26782627115851,0.0,0.0
2.004000000000001,-14.755942090386204,-14.755942090386204,-14.755942090386204,44.26782627115857,0.0,0.0
2.0060000000000007,-14.755942090386176,-14.755942090386176,-14.755942090386176,44.26782627115861,0.0,0.0
2.0080000000000005,-14.755942090386132,-14.755942090386132,-14.755942090386132,44.267826271158526,0.0,0.0
2.0100000000000002,-14.755942090386077,-14.755942090386077,-14.755942090386077,44.2678262711584,0.0,0.0
2.012,-14.755942090386009,-14.755942090386009,-14.755942090386009,44.26782627115823,0.0,0.0
2.014,-14.755942090385917,-14.755942090385917,-14.755942090385917,44.26782627115803,0.0,0.0
2.0159999999999996,-14.755942090385954,-14.755942090385954,-14.755942090385954,44.26782627115775,0.0,0.0
2.0179999999999993,-14.75594209038601,-14.75594209038601,-14.75594209038601,44.26782627115786,0.0,0.0
2.019999999999999,-14.755942090386087,-14.755942090386087,-14.755942090386087,44.26782627115803,0.0,0.0
2.021999999999999,-14.755942090386196,-14.755942090386196,-14.755942090386196,44.26782627115826,0.0,0.0
2.0239999999999987,-14.755942090386164,-14.755942090386164,-14.755942090386164,44.26782627115859,0.0,0.0
2.0259999999999985,-14.755942090386117,-14.755942090386117,-14.755942090386117,44.26782627115849,0.0,0.0
2.0279999999999982,-14.75594209038606,-14.75594209038606,-14.75594209038606,44.267826271158356,0.0,0.0
2.029999999999998,-14.755942090385933,-14.755942090385933,-14.755942090385933,44.267826271158185,0.0,0.0
2.031999999999998,-14.755942090385949,-14.755942090385949,-14.755942090385949,44.267826271157794,0.0,0.0
2.0339999999999976,-14.75594209038594,-14.75594209038594,-14.75594209038594,44.267826271157844,0.0,0.0
2.0359999999999974,-14.755942090385886,-14.755942090385886,-14.755942090385886,44.267826271157816,0.0,0.0
2.037999999999997,-14.7559420903858,-14.7559420903858,-14.7559420903858,44.26782627115766,0.0,0.0
2.039999999999997,-14.755942090385826,-14.755942090385826,-14.755942090385826,44.267826271157396,0.0,0.0
2.0419999999999967,-14.755942090385817,-14.755942090385817,-14.755942090385817,44.26782627115748,0.0,0.0
2.0439999999999965,-14.755942090385773,-14.755942090385773,-14.755942090385773,44.26782627115745,0.0,0.0
2.0459999999999963,-14.755942090385856,-14.755942090385856,-14.755942090385856,44.26782627115732,0.0,0.0
2.047999999999996,-14.755942090385897,-14.755942090385897,-14.755942090385897,44.26782627115757,0.0,0.0
2.049999999999996,-14.755942090385947,-14.755942090385947,-14.755942090385947,44.267826271157695,0.0,0.0
2.0519999999999956,-14.755942090386016,-14.755942090386016,-14.755942090386016,44.26782627115784,0.0,0.0
2.0539999999999954,-14.75594209038606,-14.75594209038606,-14.75594209038606,44.26782627115805,0.0,0.0
2.055999999999995,-14.755942090386094,-14.755942090386094,-14.755942090386094,44.267826271158185,0.0,0.0
2.057999999999995,-14.755942090386101,-14.755942090386101,-14.755942090386101,44.267826271158285,0.0,0.0
2.0599999999999947,-14.75594209038608,-14.75594209038608,-14.75594209038608,44.2678262711583,0.0,0.0
2.0619999999999945,-14.755942090386046,-14.755942090386046,-14.755942090386046,44.26782627115824,0.0,0.0
2.0639999999999943,-14.75594209038599,-14.75594209038599,-14.75594209038599,44.26782627115814,0.0,0.0
2.065999999999994,-14.755942090385954,-14.755942090385954,-14.755942090385954,44.26782627115797,0.0,0.0
2.067999999999994,-14.755942090386043,-14.755942090386043,-14.755942090386043,44.26782627115786,0.0,0.0
2.0699999999999936,-14.755942090386167,-14.755942090386167,-14.755942090386167,44.26782627115813,0.0,0.0
2.0719999999999934,-14.755942090386187,-14.755942090386187,-14.755942090386187,44.2678262711585,0.0,0.0
2.073999999999993,-14.755942090386164,-14.755942090386164,-14.755942090386164,44.26782627115856,0.0,0.0
2.075999999999993,-14.755942090386013,-14.755942090386013,-14.755942090386013,44.26782627115849,0.0,0.0
2.0779999999999927,-14.755942090385975,-14.755942090385975,-14.755942090385975,44.267826271158036,0.0,0.0
2.0799999999999925,-14.755942090386053,-14.755942090386053,-14.755942090386053,44.26782627115793,0.0,0.0
2.0819999999999923,-14.755942090385991,-14.755942090385991,-14.755942090385991,44.267826271158164,0.0,0.0
2.083999999999992,-14.75594209038595,-14.75594209038595,-14.75594209038595,44.26782627115797,0.0,0.0
2.085999999999992,-14.75594209038587,-14.75594209038587,-14.75594209038587,44.26782627115785,0.0,0.0
2.0879999999999916,-14.755942090385918,-14.755942090385918,-14.755942090385918,44.26782627115761,0.0,0.0
2.0899999999999914,-14.755942090385929,-14.755942090385929,-14.755942090385929,44.26782627115776,0.0,0.0
2.091999999999991,-14.755942090385915,-14.755942090385915,-14.755942090385915,44.26782627115779,0.0,0.0
2.093999999999991,-14.75594209038586,-14.75594209038586,-14.75594209038586,44.267826271157745,0.0,0.0
2.0959999999999908,-14.755942090385767,-14.755942090385767,-14.755942090385767,44.26782627115758,0.0,0.0
2.0979999999999905,-14.755942090385766,-14.755942090385766,-14.755942090385766,44.267826271157304,0.0,0.0
2.0999999999999903,-14.755942090385668,-14.755942090385668,-14.755942090385668,44.2678262711573,0.0,0.0
2.10199999999999,-14.755942090385664,-14.755942090385664,-14.755942090385664,44.267826271157006,0.0,0.0
2.10399999999999,-14.755942090385656,-14.755942090385656,-14.755942090385656,44.26782627115699,0.0,0.0
2.1059999999999897,-14.755942090385739,-14.755942090385739,-14.755942090385739,44.26782627115696,0.0,0.0
2.1079999999999894,-14.755942090385926,-14.755942090385926,-14.755942090385926,44.26782627115721,0.0,0.0
2.109999999999989,-14.755942090386075,-14.755942090386075,-14.755942090386075,44.26782627115777,0.0,0.0
2.111999999999989,-14.755942090386256,-14.755942090386256,-14.755942090386256,44.26782627115822,0.0,0.0
2.1139999999999888,-14.75594209038639,-14.75594209038639,-14.75594209038639,44.26782627115877,0.0,0.0
2.1159999999999886,-14.755942090386474,-14.755942090386474,-14.755942090386474,44.267826271159166,0.0,0.0
2.1179999999999883,-14.755942090386455,-14.755942090386455,-14.755942090386455,44.26782627115942,0.0,0.0
2.119999999999988,-14.755942090386446,-14.755942090386446,-14.755942090386446,44.267826271159365,0.0,0.0
2.121999999999988,-14.75594209038639,-14.75594209038639,-14.75594209038639,44.267826271159336,0.0,0.0
2.1239999999999877,-14.755942090386343,-14.755942090386343,-14.755942090386343,44.267826271159166,0.0,0.0
2.1259999999999875,-14.755942090386355,-14.755942090386355,-14.755942090386355,44.26782627115903,0.0,0.0
2.1279999999999872,-14.755942090386373,-14.755942090386373,-14.755942090386373,44.267826271159066,0.0,0.0
2.129999999999987,-14.755942090386448,-14.755942090386448,-14.755942090386448,44.267826271159116,0.0,0.0
2.131999999999987,-14.755942090386533,-14.755942090386533,-14.755942090386533,44.26782627115934,0.0,0.0
2.1339999999999866,-14.755942090386512,-14.755942090386512,-14.755942090386512,44.2678262711596,0.0,0.0
2.1359999999999864,-14.755942090386442,-14.755942090386442,-14.755942090386442,44.267826271159535,0.0,0.0
2.137999999999986,-14.755942090386537,-14.755942090386537,-14.755942090386537,44.26782627115933,0.0,0.0
2.139999999999986,-14.755942090386608,-14.755942090386608,-14.755942090386608,44.267826271159606,0.0,0.0
2.1419999999999857,-14.755942090386654,-14.755942090386654,-14.755942090386654,44.26782627115982,0.0,0.0
2.1439999999999855,-14.755942090386581,-14.755942090386581,-14.755942090386581,44.26782627115996,0.0,0.0
2.1459999999999853,-14.755942090386531,-14.755942090386531,-14.755942090386531,44.26782627115974,0.0,0.0
2.147999999999985,-14.755942090386458,-14.755942090386458,-14.755942090386458,44.26782627115959,0.0,0.0
2.149999999999985,-14.755942090386283,-14.755942090386283,-14.755942090386283,44.26782627115937,0.0,0.0
2.1519999999999846,-14.755942090386107,-14.755942090386107,-14.755942090386107,44.267826271158846,0.0,0.0
2.1539999999999844,-14.755942090386025,-14.755942090386025,-14.755942090386025,44.26782627115832,0.0,0.0
2.155999999999984,-14.755942090385899,-14.755942090385899,-14.755942090385899,44.26782627115807,0.0,0.0
2.157999999999984,-14.75594209038589,-14.75594209038589,-14.75594209038589,44.2678262711577,0.0,0.0
2.1599999999999837,-14.755942090386009,-14.755942090386009,-14.755942090386009,44.26782627115767,0.0,0.0
2.1619999999999835,-14.755942090385988,-14.755942090385988,-14.755942090385988,44.26782627115803,0.0,0.0
2.1639999999999833,-14.755942090386082,-14.755942090386082,-14.755942090386082,44.267826271157965,0.0,0.0
2.165999999999983,-14.755942090386036,-14.755942090386036,-14.755942090386036,44.26782627115824,0.0,0.0
2.167999999999983,-14.755942090386021,-14.755942090386021,-14.755942090386021,44.26782627115811,0.0,0.0
2.1699999999999826,-14.755942090386077,-14.755942090386077,-14.755942090386077,44.267826271158064,0.0,0.0
2.1719999999999824,-14.75594209038612,-14.75594209038612,-14.75594209038612,44.26782627115823,0.0,0.0
2.173999999999982,-14.755942090386194,-14.755942090386194,-14.755942090386194,44.26782627115836,0.0,0.0
2.175999999999982,-14.755942090386315,-14.755942090386315,-14.755942090386315,44.26782627115858,0.0,0.0
2.1779999999999817,-14.755942090386432,-14.755942090386432,-14.755942090386432,44.267826271158945,0.0,0.0
2.1799999999999815,-14.755942090386606,-14.755942090386606,-14.755942090386606,44.267826271159294,0.0,0.0
2.1819999999999813,-14.755942090386712,-14.755942090386712,-14.755942090386712,44.26782627115982,0.0,0.0
2.183999999999981,-14.75594209038674,-14.75594209038674,-14.75594209038674,44.26782627116014,0.0,0.0
2.185999999999981,-14.755942090386688,-14.755942090386688,-14.755942090386688,44.267826271160224,0.0,0.0
2.1879999999999806,-14.755942090386542,-14.755942090386542,-14.755942090386542,44.26782627116006,0.0,0.0
2.1899999999999804,-14.755942090386418,-14.755942090386418,-14.755942090386418,44.26782627115962,0.0,0.0
2.19199999999998,-14.755942090386307,-14.755942090386307,-14.755942090386307,44.26782627115925,0.0,0.0
2.19399999999998,-14.75594209038615,-14.75594209038615,-14.75594209038615,44.267826271158924,0.0,0.0
2.1959999999999797,-14.755942090386025,-14.755942090386025,-14.755942090386025,44.26782627115845,0.0,0.0
2.1979999999999795,-14.755942090385874,-14.755942090385874,-14.755942090385874,44.26782627115807,0.0,0.0
2.1999999999999793,-14.755942090385851,-14.755942090385851,-14.755942090385851,44.267826271157624,0.0,0.0
2.201999999999979,-14.755942090385787,-14.755942090385787,-14.755942090385787,44.26782627115755,0.0,0.0
2.203999999999979,-14.75594209038584,-14.75594209038584,-14.75594209038584,44.26782627115736,0.0,0.0
2.2059999999999786,-14.7559420903859,-14.7559420903859,-14.7559420903859,44.267826271157524,0.0,0.0
2.2079999999999784,-14.75594209038594,-14.75594209038594,-14.75594209038594,44.2678262711577,0.0,0.0
2.209999999999978,-14.755942090385998,-14.755942090385998,-14.755942090385998,44.267826271157816,0.0,0.0
2.211999999999978,-14.755942090386183,-14.755942090386183,-14.755942090386183,44.26782627115799,0.0,0.0
2.2139999999999778,-14.755942090386242,-14.755942090386242,-14.755942090386242,44.267826271158555,0.0,0.0
2.2159999999999775,-14.755942090386279,-14.755942090386279,-14.755942090386279,44.267826271158725,0.0,0.0
2.2179999999999773,-14.755942090386188,-14.755942090386188,-14.755942090386188,44.26782627115884,0.0,0.0
2.219999999999977,-14.755942090386144,-14.755942090386144,-14.755942090386144,44.26782627115857,0.0,0.0
2.221999999999977,-14.755942090386085,-14.755942090386085,-14.755942090386085,44.267826271158434,0.0,0.0
2.2239999999999767,-14.75594209038618,-14.75594209038618,-14.75594209038618,44.267826271158256,0.0,0.0
2.2259999999999764,-14.755942090386144,-14.755942090386144,-14.755942090386144,44.26782627115853,0.0,0.0
2.227999999999976,-14.755942090386093,-14.755942090386093,-14.755942090386093,44.267826271158434,0.0,0.0
2.229999999999976,-14.755942090386085,-14.755942090386085,-14.755942090386085,44.26782627115828,0.0,0.0
2.231999999999976,-14.755942090386059,-14.755942090386059,-14.755942090386059,44.267826271158256,0.0,0.0
2.2339999999999756,-14.75594209038599,-14.75594209038599,-14.75594209038599,44.26782627115818,0.0,0.0
2.2359999999999753,-14.755942090385895,-14.755942090385895,-14.755942090385895,44.26782627115797,0.0,0.0
2.237999999999975,-14.755942090385943,-14.755942090385943,-14.755942090385943,44.26782627115769,0.0,0.0
2.239999999999975,-14.755942090385965,-14.755942090385965,-14.755942090385965,44.26782627115783,0.0,0.0
2.2419999999999747,-14.755942090385963,-14.755942090385963,-14.755942090385963,44.267826271157894,0.0,0.0
2.2439999999999745,-14.755942090385938,-14.755942090385938,-14.755942090385938,44.267826271157894,0.0,0.0
2.2459999999999742,-14.755942090385933,-14.755942090385933,-14.755942090385933,44.267826271157816,0.0,0.0
2.247999999999974,-14.755942090385902,-14.755942090385902,-14.755942090385902,44.267826271157794,0.0,0.0
2.249999999999974,-14.755942090385894,-14.755942090385894,-14.755942090385894,44.26782627115771,0.0,0.0
2.2519999999999736,-14.755942090385908,-14.755942090385908,-14.755942090385908,44.26782627115768,0.0,0.0
2.2539999999999734,-14.75594209038588,-14.75594209038588,-14.75594209038588,44.26782627115772,0.0,0.0
2.255999999999973,-14.755942090385814,-14.755942090385814,-14.755942090385814,44.26782627115764,0.0,0.0
2.257999999999973,-14.755942090385876,-14.755942090385876,-14.755942090385876,44.26782627115744,0.0,0.0
2.2599999999999727,-14.755942090386064,-14.755942090386064,-14.755942090386064,44.267826271157624,0.0,0.0
2.2619999999999725,-14.755942090386228,-14.755942090386228,-14.755942090386228,44.26782627115819,0.0,0.0
2.2639999999999723,-14.755942090386235,-14.755942090386235,-14.755942090386235,44.26782627115868,0.0,0.0
2.265999999999972,-14.755942090386222,-14.755942090386222,-14.755942090386222,44.267826271158704,0.0,0.0
2.267999999999972,-14.755942090386256,-14.755942090386256,-14.755942090386256,44.26782627115867,0.0,0.0
2.2699999999999716,-14.755942090386286,-14.755942090386286,-14.755942090386286,44.26782627115877,0.0,0.0
2.2719999999999714,-14.755942090386299,-14.755942090386299,-14.755942090386299,44.26782627115886,0.0,0.0
2.273999999999971,-14.755942090386263,-14.755942090386263,-14.755942090386263,44.267826271158896,0.0,0.0
2.275999999999971,-14.75594209038621,-14.75594209038621,-14.75594209038621,44.26782627115879,0.0,0.0
2.2779999999999707,-14.755942090386295,-14.755942090386295,-14.755942090386295,44.26782627115863,0.0,0.0
2.2799999999999705,-14.755942090386263,-14.755942090386263,-14.755942090386263,44.26782627115888,0.0,0.0
2.2819999999999703,-14.755942090386213,-14.755942090386213,-14.755942090386213,44.26782627115879,0.0,0.0
2.28399999999997,-14.75594209038609,-14.75594209038609,-14.75594209038609,44.26782627115864,0.0,0.0
2.28599999999997,-14.755942090386,-14.755942090386,-14.755942090386,44.26782627115827,0.0,0.0
2.2879999999999696,-14.755942090386036,-14.755942090386036,-14.755942090386036,44.267826271158,0.0,0.0
2.2899999999999694,-14.75594209038603,-14.75594209038603,-14.75594209038603,44.26782627115811,0.0,0.0
2.291999999999969,-14.755942090386041,-14.755942090386041,-14.755942090386041,44.267826271158086,0.0,0.0
2.293999999999969,-14.755942090386041,-14.755942090386041,-14.755942090386041,44.26782627115813,0.0,0.0
2.2959999999999687,-14.75594209038603,-14.75594209038603,-14.75594209038603,44.26782627115813,0.0,0.0
2.2979999999999685,-14.755942090385993,-14.755942090385993,-14.755942090385993,44.267826271158086,0.0,0.0
2.2999999999999683,-14.755942090385913,-14.755942090385913,-14.755942090385913,44.26782627115798,0.0,0.0
2.301999999999968,-14.75594209038581,-14.75594209038581,-14.75594209038581,44.26782627115774,0.0,0.0
2.303999999999968,-14.755942090385837,-14.755942090385837,-14.755942090385837,44.267826271157425,0.0,0.0
2.3059999999999676,-14.755942090385798,-14.755942090385798,-14.755942090385798,44.26782627115751,0.0,0.0
2.3079999999999674,-14.755942090385886,-14.755942090385886,-14.755942090385886,44.26782627115739,0.0,0.0
2.309999999999967,-14.755942090385936,-14.755942090385936,-14.755942090385936,44.26782627115766,0.0,0.0
2.311999999999967,-14.755942090385961,-14.755942090385961,-14.755942090385961,44.26782627115781,0.0,0.0
2.3139999999999668,-14.755942090386009,-14.755942090386009,-14.755942090386009,44.26782627115789,0.0,0.0
2.3159999999999665,-14.755942090386032,-14.755942090386032,-14.755942090386032,44.26782627115803,0.0,0.0
2.3179999999999663,-14.755942090386029,-14.755942090386029,-14.755942090386029,44.26782627115809,0.0,0.0
2.319999999999966,-14.755942090386013,-14.755942090386013,-14.755942090386013,44.267826271158086,0.0,0.0
2.321999999999966,-14.755942090385972,-14.755942090385972,-14.755942090385972,44.267826271158036,0.0,0.0
2.3239999999999656,-14.755942090385906,-14.755942090385906,-14.755942090385906,44.267826271157915,0.0,0.0
2.3259999999999654,-14.755942090385968,-14.755942090385968,-14.755942090385968,44.267826271157716,0.0,0.0
2.327999999999965,-14.755942090386007,-14.755942090386007,-14.755942090386007,44.26782627115791,0.0,0.0
2.329999999999965,-14.755942090386064,-14.755942090386064,-14.755942090386064,44.26782627115802,0.0,0.0
2.3319999999999648,-14.75594209038611,-14.75594209038611,-14.75594209038611,44.26782627115819,0.0,0.0
2.3339999999999645,-14.755942090386014,-14.755942090386014,-14.755942090386014,44.26782627115833,0.0,0.0
2.3359999999999643,-14.755942090385894,-14.755942090385894,-14.755942090385894,44.26782627115804,0.0,0.0
2.337999999999964,-14.75594209038589,-14.75594209038589,-14.75594209038589,44.26782627115768,0.0,0.0
2.339999999999964,-14.755942090386014,-14.755942090386014,-14.755942090386014,44.26782627115767,0.0,0.0
2.3419999999999637,-14.755942090385984,-14.755942090385984,-14.755942090385984,44.26782627115804,0.0,0.0
2.3439999999999634,-14.755942090385929,-14.755942090385929,-14.755942090385929,44.26782627115795,0.0,0.0
2.3459999999999632,-14.75594209038599,-14.75594209038599,-14.75594209038599,44.26782627115779,0.0,0.0
2.347999999999963,-14.755942090386025,-14.755942090386025,-14.755942090386025,44.26782627115797,0.0,0.0
2.349999999999963,-14.755942090386016,-14.755942090386016,-14.755942090386016,44.26782627115807,0.0,0.0
2.3519999999999626,-14.755942090385963,-14.755942090385963,-14.755942090385963,44.26782627115805,0.0,0.0
2.3539999999999623,-14.755942090385886,-14.755942090385886,-14.755942090385886,44.267826271157894,0.0,0.0
2.355999999999962,-14.755942090385819,-14.755942090385819,-14.755942090385819,44.26782627115766,0.0,0.0
2.357999999999962,-14.75594209038576,-14.75594209038576,-14.75594209038576,44.26782627115746,0.0,0.0
2.3599999999999617,-14.755942090385666,-14.755942090385666,-14.755942090385666,44.26782627115728,0.0,0.0
2.3619999999999615,-14.75594209038569,-14.75594209038569,-14.75594209038569,44.267826271157,0.0,0.0
2.3639999999999612,-14.755942090385664,-14.755942090385664,-14.755942090385664,44.26782627115707,0.0,0.0
2.365999999999961,-14.755942090385572,-14.755942090385572,-14.755942090385572,44.26782627115699,0.0,0.0
2.367999999999961,-14.755942090385588,-14.755942090385588,-14.755942090385588,44.267826271156714,0.0,0.0
2.3699999999999606,-14.755942090385588,-14.755942090385588,-14.755942090385588,44.267826271156764,0.0,0.0
2.3719999999999604,-14.755942090385572,-14.755942090385572,-14.755942090385572,44.267826271156764,0.0,0.0
2.37399999999996,-14.75594209038566,-14.75594209038566,-14.75594209038566,44.267826271156714,0.0,0.0
2.37599999999996,-14.7559420903857,-14.7559420903857,-14.7559420903857,44.26782627115698,0.0,0.0
2.3779999999999597,-14.755942090385869,-14.755942090385869,-14.755942090385869,44.2678262711571,0.0,0.0
2.3799999999999595,-14.755942090386153,-14.755942090386153,-14.755942090386153,44.2678262711576,0.0,0.0
2.3819999999999593,-14.755942090386418,-14.755942090386418,-14.755942090386418,44.267826271158455,0.0,0.0
2.383999999999959,-14.755942090386538,-14.755942090386538,-14.755942090386538,44.26782627115925,0.0,0.0
2.385999999999959,-14.755942090386634,-14.755942090386634,-14.755942090386634,44.26782627115961,0.0,0.0
2.3879999999999586,-14.755942090386613,-14.755942090386613,-14.755942090386613,44.267826271159905,0.0,0.0
2.3899999999999584,-14.755942090386593,-14.755942090386593,-14.755942090386593,44.26782627115984,0.0,0.0
2.391999999999958,-14.755942090386469,-14.755942090386469,-14.755942090386469,44.26782627115978,0.0,0.0
2.393999999999958,-14.755942090386519,-14.755942090386519,-14.755942090386519,44.26782627115941,0.0,0.0
2.3959999999999577,-14.755942090386451,-14.755942090386451,-14.755942090386451,44.26782627115956,0.0,0.0
2.3979999999999575,-14.755942090386439,-14.755942090386439,-14.755942090386439,44.26782627115935,0.0,0.0
2.3999999999999573,-14.755942090386405,-14.755942090386405,-14.755942090386405,44.267826271159315,0.0,0.0
2.401999999999957,-14.755942090386378,-14.755942090386378,-14.755942090386378,44.267826271159215,0.0,0.0
2.403999999999957,-14.755942090386304,-14.755942090386304,-14.755942090386304,44.26782627115914,0.0,0.0
2.4059999999999566,-14.755942090386228,-14.755942090386228,-14.755942090386228,44.26782627115891,0.0,0.0
2.4079999999999564,-14.755942090386107,-14.755942090386107,-14.755942090386107,44.26782627115868,0.0,0.0
2.409999999999956,-14.755942090385972,-14.755942090385972,-14.755942090385972,44.26782627115832,0.0,0.0
2.411999999999956,-14.755942090385814,-14.755942090385814,-14.755942090385814,44.267826271157915,0.0,0.0
2.4139999999999557,-14.755942090385666,-14.755942090385666,-14.755942090385666,44.267826271157446,0.0,0.0
2.4159999999999555,-14.755942090385469,-14.755942090385469,-14.755942090385469,44.267826271157,0.0,0.0
2.4179999999999553,-14.755942090385378,-14.755942090385378,-14.755942090385378,44.26782627115641,0.0,0.0
2.419999999999955,-14.755942090385357,-14.755942090385357,-14.755942090385357,44.26782627115614,0.0,0.0
2.421999999999955,-14.755942090385416,-14.755942090385416,-14.755942090385416,44.26782627115607,0.0,0.0
2.4239999999999546,-14.755942090385446,-14.755942090385446,-14.755942090385446,44.267826271156245,0.0,0.0
2.4259999999999544,-14.755942090385405,-14.755942090385405,-14.755942090385405,44.26782627115634,0.0,0.0
2.427999999999954,-14.755942090385457,-14.755942090385457,-14.755942090385457,44.26782627115622,0.0,0.0
2.429999999999954,-14.75594209038553,-14.75594209038553,-14.75594209038553,44.26782627115637,0.0,0.0
2.4319999999999538,-14.755942090385542,-14.755942090385542,-14.755942090385542,44.267826271156586,0.0,0.0
2.4339999999999535,-14.755942090385494,-14.755942090385494,-14.755942090385494,44.26782627115663,0.0,0.0
2.4359999999999533,-14.755942090385386,-14.755942090385386,-14.755942090385386,44.26782627115648,0.0,0.0
2.437999999999953,-14.755942090385371,-14.755942090385371,-14.755942090385371,44.26782627115616,0.0,0.0
2.439999999999953,-14.75594209038549,-14.75594209038549,-14.75594209038549,44.26782627115612,0.0,0.0
2.4419999999999527,-14.755942090385593,-14.755942090385593,-14.755942090385593,44.26782627115647,0.0,0.0
2.4439999999999524,-14.75594209038579,-14.75594209038579,-14.75594209038579,44.267826271156785,0.0,0.0
2.445999999999952,-14.755942090385945,-14.755942090385945,-14.755942090385945,44.26782627115737,0.0,0.0
2.447999999999952,-14.755942090386029,-14.755942090386029,-14.755942090386029,44.26782627115784,0.0,0.0
2.4499999999999518,-14.755942090386068,-14.755942090386068,-14.755942090386068,44.267826271158086,0.0,0.0
2.4519999999999516,-14.755942090386082,-14.755942090386082,-14.755942090386082,44.26782627115821,0.0,0.0
2.4539999999999513,-14.755942090386078,-14.755942090386078,-14.755942090386078,44.26782627115824,0.0,0.0
2.455999999999951,-14.755942090386057,-14.755942090386057,-14.755942090386057,44.267826271158235,0.0,0.0
2.457999999999951,-14.755942090386178,-14.755942090386178,-14.755942090386178,44.26782627115817,0.0,0.0
2.4599999999999507,-14.755942090386155,-14.755942090386155,-14.755942090386155,44.26782627115853,0.0,0.0
2.4619999999999505,-14.755942090386114,-14.755942090386114,-14.755942090386114,44.26782627115846,0.0,0.0
2.4639999999999502,-14.755942090386213,-14.755942090386213,-14.755942090386213,44.26782627115834,0.0,0.0
2.46599999999995,-14.755942090386267,-14.755942090386267,-14.755942090386267,44.26782627115864,0.0,0.0
2.46799999999995,-14.755942090386306,-14.755942090386306,-14.755942090386306,44.2678262711588,0.0,0.0
2.4699999999999496,-14.75594209038623,-14.75594209038623,-14.75594209038623,44.26782627115892,0.0,0.0
2.4719999999999493,-14.755942090386208,-14.755942090386208,-14.755942090386208,44.26782627115869,0.0,0.0
2.473999999999949,-14.755942090386187,-14.755942090386187,-14.755942090386187,44.267826271158626,0.0,0.0
2.475999999999949,-14.755942090386212,-14.755942090386212,-14.755942090386212,44.26782627115856,0.0,0.0
2.4779999999999487,-14.755942090386236,-14.755942090386236,-14.755942090386236,44.26782627115863,0.0,0.0
2.4799999999999485,-14.755942090386213,-14.755942090386213,-14.755942090386213,44.26782627115871,0.0,0.0
2.4819999999999482,-14.755942090386146,-14.755942090386146,-14.755942090386146,44.26782627115864,0.0,0.0
2.483999999999948,-14.755942090386064,-14.755942090386064,-14.755942090386064,44.26782627115844,0.0,0.0
2.485999999999948,-14.755942090386018,-14.755942090386018,-14.755942090386018,44.26782627115819,0.0,0.0
2.4879999999999476,-14.755942090385945,-14.755942090385945,-14.755942090385945,44.26782627115805,0.0,0.0
2.4899999999999474,-14.755942090386013,-14.755942090386013,-14.755942090386013,44.26782627115784,0.0,0.0
2.491999999999947,-14.755942090386053,-14.755942090386053,-14.755942090386053,44.267826271158036,0.0,0.0
2.493999999999947,-14.755942090386084,-14.755942090386084,-14.755942090386084,44.267826271158164,0.0,0.0
2.4959999999999467,-14.755942090386041,-14.755942090386041,-14.755942090386041,44.26782627115825,0.0,0.0
2.4979999999999465,-14.75594209038614,-14.75594209038614,-14.75594209038614,44.26782627115813,0.0,0.0
2.4999999999999463,-14.755942090386194,-14.755942090386194,-14.755942090386194,44.26782627115842,0.0,0.0
2.501999999999946,-14.75594209038623,-14.75594209038623,-14.75594209038623,44.26782627115858,0.0,0.0
2.503999999999946,-14.755942090386219,-14.755942090386219,-14.755942090386219,44.26782627115869,0.0,0.0
2.5059999999999456,-14.755942090386188,-14.755942090386188,-14.755942090386188,44.267826271158654,0.0,0.0
2.5079999999999454,-14.755942090386032,-14.755942090386032,-14.755942090386032,44.26782627115857,0.0,0.0
2.509999999999945,-14.755942090385908,-14.755942090385908,-14.755942090385908,44.26782627115809,0.0,0.0
2.511999999999945,-14.755942090385913,-14.755942090385913,-14.755942090385913,44.26782627115772,0.0,0.0
2.5139999999999447,-14.755942090385952,-14.755942090385952,-14.755942090385952,44.26782627115774,0.0,0.0
2.5159999999999445,-14.755942090385965,-14.755942090385965,-14.755942090385965,44.26782627115785,0.0,0.0
2.5179999999999443,-14.755942090385956,-14.755942090385956,-14.755942090385956,44.267826271157894,0.0,0.0
2.519999999999944,-14.75594209038592,-14.75594209038592,-14.75594209038592,44.267826271157865,0.0,0.0
2.521999999999944,-14.755942090385862,-14.755942090385862,-14.755942090385862,44.26782627115776,0.0,0.0
2.5239999999999436,-14.75594209038593,-14.75594209038593,-14.75594209038593,44.26782627115758,0.0,0.0
2.5259999999999434,-14.755942090385929,-14.755942090385929,-14.755942090385929,44.267826271157794,0.0,0.0
2.527999999999943,-14.755942090386043,-14.755942090386043,-14.755942090386043,44.26782627115779,0.0,0.0
2.529999999999943,-14.75594209038619,-14.75594209038619,-14.75594209038619,44.26782627115813,0.0,0.0
2.5319999999999427,-14.75594209038621,-14.75594209038621,-14.75594209038621,44.267826271158576,0.0,0.0
2.5339999999999425,-14.755942090386215,-14.755942090386215,-14.755942090386215,44.26782627115863,0.0,0.0
2.5359999999999423,-14.755942090386219,-14.755942090386219,-14.755942090386219,44.26782627115865,0.0,0.0
2.537999999999942,-14.755942090386178,-14.755942090386178,-14.755942090386178,44.267826271158654,0.0,0.0
2.539999999999942,-14.755942090386116,-14.755942090386116,-14.755942090386116,44.26782627115853,0.0,0.0
2.5419999999999416,-14.755942090386089,-14.755942090386089,-14.755942090386089,44.26782627115835,0.0,0.0
2.5439999999999414,-14.755942090386048,-14.755942090386048,-14.755942090386048,44.26782627115826,0.0,0.0
2.545999999999941,-14.755942090385997,-14.755942090385997,-14.755942090385997,44.26782627115814,0.0,0.0
2.547999999999941,-14.7559420903859,-14.7559420903859,-14.7559420903859,44.26782627115799,0.0,0.0
2.5499999999999408,-14.755942090385828,-14.755942090385828,-14.755942090385828,44.2678262711577,0.0,0.0
2.5519999999999405,-14.755942090385872,-14.755942090385872,-14.755942090385872,44.26782627115748,0.0,0.0
2.5539999999999403,-14.755942090385874,-14.755942090385874,-14.755942090385874,44.26782627115762,0.0,0.0
2.55599999999994,-14.755942090385837,-14.755942090385837,-14.755942090385837,44.267826271157624,0.0,0.0
2.55799999999994,-14.75594209038581,-14.75594209038581,-14.75594209038581,44.26782627115751,0.0,0.0
2.5599999999999397,-14.755942090385746,-14.755942090385746,-14.755942090385746,44.267826271157425,0.0,0.0
2.5619999999999394,-14.755942090385814,-14.755942090385814,-14.755942090385814,44.26782627115724,0.0,0.0
2.563999999999939,-14.755942090385842,-14.755942090385842,-14.755942090385842,44.26782627115744,0.0,0.0
2.565999999999939,-14.755942090385835,-14.755942090385835,-14.755942090385835,44.267826271157524,0.0,0.0
2.5679999999999388,-14.755942090385787,-14.755942090385787,-14.755942090385787,44.2678262711575,0.0,0.0
2.5699999999999386,-14.755942090385702,-14.755942090385702,-14.755942090385702,44.26782627115736,0.0,0.0
2.5719999999999383,-14.755942090385568,-14.755942090385568,-14.755942090385568,44.267826271157105,0.0,0.0
2.573999999999938,-14.755942090385528,-14.755942090385528,-14.755942090385528,44.26782627115671,0.0,0.0
2.575999999999938,-14.755942090385593,-14.755942090385593,-14.755942090385593,44.267826271156586,0.0,0.0
2.5779999999999377,-14.755942090385764,-14.755942090385764,-14.755942090385764,44.267826271156785,0.0,0.0
2.5799999999999375,-14.755942090385856,-14.755942090385856,-14.755942090385856,44.26782627115729,0.0,0.0
2.5819999999999372,-14.755942090385906,-14.755942090385906,-14.755942090385906,44.26782627115757,0.0,0.0
2.583999999999937,-14.755942090386071,-14.755942090386071,-14.755942090386071,44.267826271157716,0.0,0.0
2.585999999999937,-14.755942090386165,-14.755942090386165,-14.755942090386165,44.267826271158214,0.0,0.0
2.5879999999999366,-14.755942090386245,-14.755942090386245,-14.755942090386245,44.2678262711585,0.0,0.0
2.5899999999999364,-14.755942090386196,-14.755942090386196,-14.755942090386196,44.26782627115873,0.0,0.0
2.591999999999936,-14.755942090386192,-14.755942090386192,-14.755942090386192,44.26782627115859,0.0,0.0
2.593999999999936,-14.755942090386188,-14.755942090386188,-14.755942090386188,44.267826271158576,0.0,0.0
2.5959999999999357,-14.755942090386231,-14.755942090386231,-14.755942090386231,44.26782627115857,0.0,0.0
2.5979999999999355,-14.75594209038627,-14.75594209038627,-14.75594209038627,44.26782627115869,0.0,0.0
2.5999999999999353,-14.755942090386355,-14.755942090386355,-14.755942090386355,44.26782627115881,0.0,0.0
2.601999999999935,-14.755942090386311,-14.755942090386311,-14.755942090386311,44.267826271159066,0.0,0.0
2.603999999999935,-14.755942090386263,-14.755942090386263,-14.755942090386263,44.26782627115893,0.0,0.0
2.6059999999999346,-14.755942090386261,-14.755942090386261,-14.755942090386261,44.26782627115879,0.0,0.0
2.6079999999999344,-14.755942090386213,-14.755942090386213,-14.755942090386213,44.26782627115879,0.0,0.0
2.609999999999934,-14.755942090386258,-14.755942090386258,-14.755942090386258,44.26782627115864,0.0,0.0
2.611999999999934,-14.755942090386284,-14.755942090386284,-14.755942090386284,44.267826271158775,0.0,0.0
2.6139999999999337,-14.755942090386354,-14.755942090386354,-14.755942090386354,44.26782627115885,0.0,0.0
2.6159999999999335,-14.755942090386377,-14.755942090386377,-14.755942090386377,44.26782627115906,0.0,0.0
2.6179999999999333,-14.755942090386378,-14.755942090386378,-14.755942090386378,44.26782627115913,0.0,0.0
2.619999999999933,-14.755942090386435,-14.755942090386435,-14.755942090386435,44.26782627115914,0.0,0.0
2.621999999999933,-14.755942090386473,-14.755942090386473,-14.755942090386473,44.26782627115931,0.0,0.0
2.6239999999999326,-14.755942090386512,-14.755942090386512,-14.755942090386512,44.267826271159414,0.0,0.0
2.6259999999999324,-14.755942090386434,-14.755942090386434,-14.755942090386434,44.267826271159535,0.0,0.0
2.627999999999932,-14.755942090386363,-14.755942090386363,-14.755942090386363,44.2678262711593,0.0,0.0
2.629999999999932,-14.755942090386245,-14.755942090386245,-14.755942090386245,44.26782627115909,0.0,0.0
2.6319999999999317,-14.75594209038629,-14.75594209038629,-14.75594209038629,44.26782627115873,0.0,0.0
2.6339999999999315,-14.755942090386288,-14.755942090386288,-14.755942090386288,44.26782627115887,0.0,0.0
2.6359999999999313,-14.755942090386267,-14.755942090386267,-14.755942090386267,44.26782627115887,0.0,0.0
2.637999999999931,-14.755942090386245,-14.755942090386245,-14.755942090386245,44.2678262711588,0.0,0.0
2.639999999999931,-14.755942090386222,-14.755942090386222,-14.755942090386222,44.26782627115873,0.0,0.0
2.6419999999999306,-14.755942090386197,-14.755942090386197,-14.755942090386197,44.26782627115867,0.0,0.0
2.6439999999999304,-14.755942090386156,-14.755942090386156,-14.755942090386156,44.26782627115859,0.0,0.0
2.64599999999993,-14.755942090386146,-14.755942090386146,-14.755942090386146,44.26782627115847,0.0,0.0
2.64799999999993,-14.75594209038609,-14.75594209038609,-14.75594209038609,44.26782627115844,0.0,0.0
2.6499999999999297,-14.755942090386176,-14.755942090386176,-14.755942090386176,44.26782627115827,0.0,0.0
2.6519999999999295,-14.755942090386215,-14.755942090386215,-14.755942090386215,44.267826271158526,0.0,0.0
2.6539999999999293,-14.755942090386236,-14.755942090386236,-14.755942090386236,44.26782627115865,0.0,0.0
2.655999999999929,-14.755942090386256,-14.755942090386256,-14.755942090386256,44.26782627115871,0.0,0.0
2.657999999999929,-14.75594209038623,-14.75594209038623,-14.75594209038623,44.26782627115877,0.0,0.0
2.6599999999999286,-14.755942090386183,-14.755942090386183,-14.755942090386183,44.26782627115869,0.0,0.0
2.6619999999999284,-14.755942090386139,-14.755942090386139,-14.755942090386139,44.267826271158555,0.0,0.0
2.663999999999928,-14.755942090386187,-14.755942090386187,-14.755942090386187,44.26782627115842,0.0,0.0
2.665999999999928,-14.755942090386236,-14.755942090386236,-14.755942090386236,44.26782627115856,0.0,0.0
2.6679999999999278,-14.755942090386265,-14.755942090386265,-14.755942090386265,44.26782627115871,0.0,0.0
2.6699999999999275,-14.755942090386249,-14.755942090386249,-14.755942090386249,44.267826271158796,0.0,0.0
2.6719999999999273,-14.75594209038623,-14.75594209038623,-14.75594209038623,44.26782627115875,0.0,0.0
2.673999999999927,-14.755942090386256,-14.755942090386256,-14.755942090386256,44.26782627115869,0.0,0.0
2.675999999999927,-14.755942090386261,-14.755942090386261,-14.755942090386261,44.26782627115877,0.0,0.0
2.6779999999999267,-14.755942090386256,-14.755942090386256,-14.755942090386256,44.26782627115879,0.0,0.0
2.6799999999999264,-14.755942090386291,-14.755942090386291,-14.755942090386291,44.26782627115877,0.0,0.0
2.681999999999926,-14.755942090386327,-14.755942090386327,-14.755942090386327,44.267826271158874,0.0,0.0
2.683999999999926,-14.755942090386245,-14.755942090386245,-14.755942090386245,44.26782627115898,0.0,0.0
2.685999999999926,-14.755942090386208,-14.755942090386208,-14.755942090386208,44.26782627115873,0.0,0.0
2.6879999999999256,-14.755942090386311,-14.755942090386311,-14.755942090386311,44.267826271158626,0.0,0.0
2.6899999999999253,-14.755942090386394,-14.755942090386394,-14.755942090386394,44.26782627115893,0.0,0.0
2.691999999999925,-14.755942090386482,-14.755942090386482,-14.755942090386482,44.26782627115918,0.0,0.0
2.693999999999925,-14.755942090386638,-14.755942090386638,-14.755942090386638,44.26782627115945,0.0,0.0
2.6959999999999247,-14.75594209038669,-14.75594209038669,-14.75594209038669,44.26782627115992,0.0,0.0
2.6979999999999245,-14.755942090386714,-14.755942090386714,-14.755942090386714,44.26782627116007,0.0,0.0
2.6999999999999242,-14.755942090386633,-14.755942090386633,-14.755942090386633,44.267826271160146,0.0,0.0
2.701999999999924,-14.755942090386574,-14.755942090386574,-14.755942090386574,44.2678262711599,0.0,0.0
2.703999999999924,-14.755942090386423,-14.755942090386423,-14.755942090386423,44.26782627115972,0.0,0.0
2.7059999999999236,-14.75594209038627,-14.75594209038627,-14.75594209038627,44.26782627115927,0.0,0.0
2.7079999999999234,-14.7559420903861,-14.7559420903861,-14.7559420903861,44.26782627115881,0.0,0.0
2.709999999999923,-14.755942090385961,-14.755942090385961,-14.755942090385961,44.2678262711583,0.0,0.0
2.711999999999923,-14.755942090385798,-14.755942090385798,-14.755942090385798,44.26782627115788,0.0,0.0
2.7139999999999227,-14.755942090385764,-14.755942090385764,-14.755942090385764,44.26782627115739,0.0,0.0
2.7159999999999225,-14.755942090385739,-14.755942090385739,-14.755942090385739,44.26782627115729,0.0,0.0
2.7179999999999223,-14.755942090385712,-14.755942090385712,-14.755942090385712,44.26782627115722,0.0,0.0
2.719999999999922,-14.755942090385801,-14.755942090385801,-14.755942090385801,44.26782627115713,0.0,0.0
2.721999999999922,-14.755942090385853,-14.755942090385853,-14.755942090385853,44.2678262711574,0.0,0.0
2.7239999999999216,-14.755942090386021,-14.755942090386021,-14.755942090386021,44.26782627115756,0.0,0.0
2.7259999999999214,-14.755942090386144,-14.755942090386144,-14.755942090386144,44.267826271158064,0.0,0.0
2.727999999999921,-14.755942090386249,-14.755942090386249,-14.755942090386249,44.267826271158434,0.0,0.0
2.729999999999921,-14.755942090386352,-14.755942090386352,-14.755942090386352,44.26782627115875,0.0,0.0
2.7319999999999207,-14.755942090386462,-14.755942090386462,-14.755942090386462,44.26782627115906,0.0,0.0
2.7339999999999205,-14.755942090386467,-14.755942090386467,-14.755942090386467,44.267826271159386,0.0,0.0
2.7359999999999203,-14.755942090386478,-14.755942090386478,-14.755942090386478,44.2678262711594,0.0,0.0
2.73799999999992,-14.75594209038651,-14.75594209038651,-14.75594209038651,44.26782627115943,0.0,0.0
2.73999999999992,-14.755942090386439,-14.755942090386439,-14.755942090386439,44.26782627115953,0.0,0.0
2.7419999999999196,-14.755942090386352,-14.755942090386352,-14.755942090386352,44.267826271159315,0.0,0.0
2.7439999999999194,-14.755942090386323,-14.755942090386323,-14.755942090386323,44.26782627115906,0.0,0.0
2.745999999999919,-14.755942090386348,-14.755942090386348,-14.755942090386348,44.26782627115897,0.0,0.0
2.747999999999919,-14.755942090386373,-14.755942090386373,-14.755942090386373,44.267826271159045,0.0,0.0
2.7499999999999187,-14.755942090386377,-14.755942090386377,-14.755942090386377,44.267826271159116,0.0,0.0
2.7519999999999185,-14.755942090386393,-14.755942090386393,-14.755942090386393,44.26782627115913,0.0,0.0
2.7539999999999183,-14.755942090386387,-14.755942090386387,-14.755942090386387,44.26782627115918,0.0,0.0
2.755999999999918,-14.755942090386437,-14.755942090386437,-14.755942090386437,44.26782627115916,0.0,0.0
2.757999999999918,-14.75594209038637,-14.75594209038637,-14.75594209038637,44.267826271159315,0.0,0.0
2.7599999999999176,-14.755942090386256,-14.755942090386256,-14.755942090386256,44.26782627115911,0.0,0.0
2.7619999999999174,-14.75594209038614,-14.75594209038614,-14.75594209038614,44.26782627115877,0.0,0.0
2.763999999999917,-14.755942090386059,-14.755942090386059,-14.755942090386059,44.26782627115842,0.0,0.0
2.765999999999917,-14.75594209038601,-14.75594209038601,-14.75594209038601,44.26782627115818,0.0,0.0
2.7679999999999167,-14.755942090385938,-14.755942090385938,-14.755942090385938,44.26782627115803,0.0,0.0
2.7699999999999165,-14.755942090385991,-14.755942090385991,-14.755942090385991,44.267826271157816,0.0,0.0
2.7719999999999163,-14.75594209038602,-14.75594209038602,-14.75594209038602,44.26782627115797,0.0,0.0
2.773999999999916,-14.755942090386068,-14.755942090386068,-14.755942090386068,44.26782627115806,0.0,0.0
2.775999999999916,-14.755942090386105,-14.755942090386105,-14.755942090386105,44.26782627115821,0.0,0.0
2.7779999999999156,-14.755942090386172,-14.755942090386172,-14.755942090386172,44.26782627115831,0.0,0.0
2.7799999999999154,-14.755942090386228,-14.755942090386228,-14.755942090386228,44.26782627115851,0.0,0.0
2.781999999999915,-14.755942090386155,-14.755942090386155,-14.755942090386155,44.26782627115868,0.0,0.0
2.783999999999915,-14.755942090386068,-14.755942090386068,-14.755942090386068,44.26782627115846,0.0,0.0
2.7859999999999148,-14.755942090385968,-14.755942090385968,-14.755942090385968,44.26782627115821,0.0,0.0
2.7879999999999145,-14.755942090385846,-14.755942090385846,-14.755942090385846,44.26782627115791,0.0,0.0
2.7899999999999143,-14.755942090385851,-14.755942090385851,-14.755942090385851,44.26782627115754,0.0,0.0
2.791999999999914,-14.755942090385878,-14.755942090385878,-14.755942090385878,44.26782627115755,0.0,0.0
2.793999999999914,-14.75594209038586,-14.75594209038586,-14.75594209038586,44.26782627115763,0.0,0.0
2.7959999999999137,-14.755942090385801,-14.755942090385801,-14.755942090385801,44.26782627115758,0.0,0.0
2.7979999999999134,-14.75594209038586,-14.75594209038586,-14.75594209038586,44.2678262711574,0.0,0.0
2.7999999999999132,-14.755942090385876,-14.755942090385876,-14.755942090385876,44.26782627115758,0.0,0.0
2.801999999999913,-14.75594209038585,-14.75594209038585,-14.75594209038585,44.267826271157624,0.0,0.0
2.803999999999913,-14.755942090385963,-14.755942090385963,-14.755942090385963,44.267826271157546,0.0,0.0
2.8059999999999126,-14.755942090386053,-14.755942090386053,-14.755942090386053,44.267826271157894,0.0,0.0
2.8079999999999123,-14.755942090386126,-14.755942090386126,-14.755942090386126,44.267826271158164,0.0,0.0
2.809999999999912,-14.755942090386155,-14.755942090386155,-14.755942090386155,44.26782627115838,0.0,0.0
2.811999999999912,-14.755942090386169,-14.755942090386169,-14.755942090386169,44.26782627115846,0.0,0.0
2.8139999999999117,-14.75594209038611,-14.75594209038611,-14.75594209038611,44.267826271158505,0.0,0.0
2.8159999999999115,-14.755942090386085,-14.755942090386085,-14.755942090386085,44.267826271158334,0.0,0.0
2.8179999999999112,-14.755942090386046,-14.755942090386046,-14.755942090386046,44.267826271158256,0.0,0.0
2.819999999999911,-14.755942090385984,-14.755942090385984,-14.755942090385984,44.26782627115814,0.0,0.0
2.821999999999911,-14.75594209038605,-14.75594209038605,-14.75594209038605,44.26782627115795,0.0,0.0
2.8239999999999106,-14.755942090385975,-14.755942090385975,-14.755942090385975,44.26782627115815,0.0,0.0
2.8259999999999104,-14.755942090385878,-14.755942090385878,-14.755942090385878,44.26782627115793,0.0,0.0
2.82799999999991,-14.755942090385737,-14.755942090385737,-14.755942090385737,44.26782627115763,0.0,0.0
2.82999999999991,-14.755942090385725,-14.755942090385725,-14.755942090385725,44.26782627115721,0.0,0.0
2.8319999999999097,-14.755942090385814,-14.755942090385814,-14.755942090385814,44.267826271157176,0.0,0.0
2.8339999999999095,-14.755942090386021,-14.755942090386021,-14.755942090386021,44.267826271157446,0.0,0.0
2.8359999999999093,-14.755942090386087,-14.755942090386087,-14.755942090386087,44.267826271158064,0.0,0.0
2.837999999999909,-14.75594209038614,-14.75594209038614,-14.75594209038614,44.26782627115826,0.0,0.0
2.839999999999909,-14.755942090386181,-14.755942090386181,-14.755942090386181,44.26782627115842,0.0,0.0
2.8419999999999086,-14.755942090386254,-14.755942090386254,-14.755942090386254,44.26782627115854,0.0,0.0
2.8439999999999084,-14.755942090386325,-14.755942090386325,-14.755942090386325,44.26782627115876,0.0,0.0
2.845999999999908,-14.755942090386307,-14.755942090386307,-14.755942090386307,44.267826271158974,0.0,0.0
2.847999999999908,-14.755942090386268,-14.755942090386268,-14.755942090386268,44.267826271158924,0.0,0.0
2.8499999999999077,-14.755942090386217,-14.755942090386217,-14.755942090386217,44.26782627115881,0.0,0.0
2.8519999999999075,-14.755942090386151,-14.755942090386151,-14.755942090386151,44.267826271158654,0.0,0.0
2.8539999999999073,-14.755942090386224,-14.755942090386224,-14.755942090386224,44.267826271158455,0.0,0.0
2.855999999999907,-14.755942090386277,-14.755942090386277,-14.755942090386277,44.26782627115867,0.0,0.0
2.857999999999907,-14.755942090386318,-14.755942090386318,-14.755942090386318,44.26782627115883,0.0,0.0
2.8599999999999066,-14.755942090386311,-14.755942090386311,-14.755942090386311,44.26782627115895,0.0,0.0
2.8619999999999064,-14.755942090386302,-14.755942090386302,-14.755942090386302,44.26782627115893,0.0,0.0
2.863999999999906,-14.755942090386336,-14.755942090386336,-14.755942090386336,44.2678262711589,0.0,0.0
2.865999999999906,-14.75594209038635,-14.75594209038635,-14.75594209038635,44.26782627115901,0.0,0.0
2.8679999999999057,-14.755942090386235,-14.755942090386235,-14.755942090386235,44.26782627115905,0.0,0.0
2.8699999999999055,-14.755942090386258,-14.755942090386258,-14.755942090386258,44.267826271158704,0.0,0.0
2.8719999999999053,-14.755942090386236,-14.755942090386236,-14.755942090386236,44.267826271158775,0.0,0.0
2.873999999999905,-14.755942090386258,-14.755942090386258,-14.755942090386258,44.26782627115871,0.0,0.0
2.875999999999905,-14.755942090386235,-14.755942090386235,-14.755942090386235,44.267826271158775,0.0,0.0
2.8779999999999046,-14.755942090386208,-14.755942090386208,-14.755942090386208,44.267826271158704,0.0,0.0
2.8799999999999044,-14.755942090386169,-14.755942090386169,-14.755942090386169,44.267826271158626,0.0,0.0
2.881999999999904,-14.755942090386116,-14.755942090386116,-14.755942090386116,44.267826271158505,0.0,0.0
2.883999999999904,-14.755942090386204,-14.755942090386204,-14.755942090386204,44.26782627115835,0.0,0.0
2.8859999999999038,-14.755942090386274,-14.755942090386274,-14.755942090386274,44.26782627115861,0.0,0.0
2.8879999999999035,-14.755942090386341,-14.755942090386341,-14.755942090386341,44.267826271158825,0.0,0.0
2.8899999999999033,-14.75594209038639,-14.75594209038639,-14.75594209038639,44.267826271159024,0.0,0.0
2.891999999999903,-14.75594209038644,-14.75594209038644,-14.75594209038644,44.267826271159166,0.0,0.0
2.893999999999903,-14.755942090386473,-14.755942090386473,-14.755942090386473,44.26782627115932,0.0,0.0
2.8959999999999027,-14.755942090386508,-14.755942090386508,-14.755942090386508,44.267826271159414,0.0,0.0
2.8979999999999024,-14.755942090386439,-14.755942090386439,-14.755942090386439,44.26782627115953,0.0,0.0
2.899999999999902,-14.75594209038638,-14.75594209038638,-14.75594209038638,44.267826271159315,0.0,0.0
2.901999999999902,-14.755942090386302,-14.755942090386302,-14.755942090386302,44.26782627115914,0.0,0.0
2.9039999999999018,-14.755942090386267,-14.755942090386267,-14.755942090386267,44.2678262711589,0.0,0.0
2.9059999999999016,-14.755942090386185,-14.755942090386185,-14.755942090386185,44.2678262711588,0.0,0.0
2.9079999999999013,-14.755942090386093,-14.755942090386093,-14.755942090386093,44.267826271158555,0.0,0.0
2.909999999999901,-14.755942090385986,-14.755942090385986,-14.755942090385986,44.26782627115828,0.0,0.0
2.911999999999901,-14.7559420903859,-14.7559420903859,-14.7559420903859,44.26782627115796,0.0,0.0
2.9139999999999007,-14.75594209038593,-14.75594209038593,-14.75594209038593,44.2678262711577,0.0,0.0
2.9159999999999004,-14.755942090385924,-14.755942090385924,-14.755942090385924,44.267826271157794,0.0,0.0
2.9179999999999002,-14.755942090385892,-14.755942090385892,-14.755942090385892,44.26782627115777,0.0,0.0
2.9199999999999,-14.75594209038593,-14.75594209038593,-14.75594209038593,44.26782627115768,0.0,0.0
2.9219999999999,-14.75594209038599,-14.75594209038599,-14.75594209038599,44.267826271157794,0.0,0.0
2.9239999999998996,-14.755942090386005,-14.755942090386005,-14.755942090386005,44.26782627115797,0.0,0.0
2.9259999999998993,-14.755942090385908,-14.755942090385908,-14.755942090385908,44.267826271158015,0.0,0.0
2.927999999999899,-14.755942090385942,-14.755942090385942,-14.755942090385942,44.26782627115772,0.0,0.0
2.929999999999899,-14.75594209038593,-14.75594209038593,-14.75594209038593,44.26782627115782,0.0,0.0
2.9319999999998987,-14.755942090385895,-14.755942090385895,-14.755942090385895,44.267826271157794,0.0,0.0
2.9339999999998985,-14.755942090385824,-14.755942090385824,-14.755942090385824,44.26782627115769,0.0,0.0
2.9359999999998982,-14.755942090385703,-14.755942090385703,-14.755942090385703,44.267826271157475,0.0,0.0
2.937999999999898,-14.755942090385533,-14.755942090385533,-14.755942090385533,44.26782627115711,0.0,0.0
2.939999999999898,-14.755942090385457,-14.755942090385457,-14.755942090385457,44.2678262711566,0.0,0.0
2.9419999999998976,-14.755942090385473,-14.755942090385473,-14.755942090385473,44.26782627115637,0.0,0.0
2.9439999999998974,-14.755942090385593,-14.755942090385593,-14.755942090385593,44.267826271156416,0.0,0.0
2.945999999999897,-14.755942090385654,-14.755942090385654,-14.755942090385654,44.267826271156785,0.0,0.0
2.947999999999897,-14.755942090385652,-14.755942090385652,-14.755942090385652,44.267826271156956,0.0,0.0
2.9499999999998967,-14.755942090385766,-14.755942090385766,-14.755942090385766,44.267826271156956,0.0,0.0
2.9519999999998965,-14.755942090385888,-14.755942090385888,-14.755942090385888,44.2678262711573,0.0,0.0
2.9539999999998963,-14.755942090385975,-14.755942090385975,-14.755942090385975,44.267826271157666,0.0,0.0
2.955999999999896,-14.755942090385991,-14.755942090385991,-14.755942090385991,44.26782627115793,0.0,0.0
2.957999999999896,-14.755942090386029,-14.755942090386029,-14.755942090386029,44.26782627115797,0.0,0.0
2.9599999999998956,-14.75594209038602,-14.75594209038602,-14.75594209038602,44.267826271158086,0.0,0.0
2.9619999999998954,-14.755942090386032,-14.755942090386032,-14.755942090386032,44.26782627115806,0.0,0.0
2.963999999999895,-14.755942090386064,-14.755942090386064,-14.755942090386064,44.26782627115809,0.0,0.0
2.965999999999895,-14.75594209038613,-14.75594209038613,-14.75594209038613,44.26782627115819,0.0,0.0
2.9679999999998947,-14.755942090386151,-14.755942090386151,-14.755942090386151,44.26782627115839,0.0,0.0
2.9699999999998945,-14.755942090386158,-14.755942090386158,-14.755942090386158,44.267826271158455,0.0,0.0
2.9719999999998943,-14.75594209038612,-14.75594209038612,-14.75594209038612,44.26782627115848,0.0,0.0
2.973999999999894,-14.75594209038601,-14.75594209038601,-14.75594209038601,44.26782627115836,0.0,0.0
2.975999999999894,-14.755942090385922,-14.755942090385922,-14.755942090385922,44.26782627115803,0.0,0.0
2.9779999999998936,-14.755942090385867,-14.755942090385867,-14.755942090385867,44.267826271157766,0.0,0.0
2.9799999999998934,-14.755942090385938,-14.755942090385938,-14.755942090385938,44.2678262711576,0.0,0.0
2.981999999999893,-14.755942090385984,-14.755942090385984,-14.755942090385984,44.267826271157816,0.0,0.0
2.983999999999893,-14.755942090385988,-14.755942090385988,-14.755942090385988,44.26782627115795,0.0,0.0
2.9859999999998927,-14.755942090385966,-14.755942090385966,-14.755942090385966,44.267826271157965,0.0,0.0
2.9879999999998925,-14.755942090385966,-14.755942090385966,-14.755942090385966,44.2678262711579,0.0,0.0
2.9899999999998923,-14.755942090385895,-14.755942090385895,-14.755942090385895,44.2678262711579,0.0,0.0
2.991999999999892,-14.755942090385783,-14.755942090385783,-14.755942090385783,44.26782627115769,0.0,0.0
2.993999999999892,-14.755942090385773,-14.755942090385773,-14.755942090385773,44.26782627115735,0.0,0.0
2.9959999999998916,-14.755942090385853,-14.755942090385853,-14.755942090385853,44.26782627115732,0.0,0.0
2.9979999999998914,-14.755942090385942,-14.755942090385942,-14.755942090385942,44.26782627115756,0.0,0.0
2.999999999999891,-14.755942090385986,-14.755942090385986,-14.755942090385986,44.26782627115782,0.0,0.0
