time_s,platform_height_mm,platform_drift_mm,platform_overshoot_mm,peak_actuator_force_n,latch_contact_state,contact_force_n
0.002,0.9570302583025829,0.9570302583025829,0.9570302583025829,270.0,0.0,0.0
0.004,2.856964867036124,2.856964867036124,2.856964867036124,267.12890922509223,0.0,0.0
0.006,5.6752919879104695,5.6752919879104695,5.6752919879104695,261.42910539889164,0.0,0.0
0.008,9.377423525446787,9.377423525446787,9.377423525446787,252.9741240362686,0.0,0.0
0.01,13.919115202784296,13.919115202784296,13.919115202784296,241.86772942365965,0.0,0.0
0.012,19.24699198238863,19.24699198238863,19.24699198238863,228.2426543916471,0.0,0.0
0.014,25.29917262646983,25.29917262646983,25.29917262646983,212.2590240528341,0.0,0.0
0.016,32.005986117327815,32.005986117327815,32.005986117327815,194.1024821205905,0.0,0.0
0.018000000000000002,39.29077166780631,39.29077166780631,39.29077166780631,173.98204164801655,0.0,0.0
0.020000000000000004,47.070753157200315,47.070753157200315,47.070753157200315,152.12768499658108,0.0,0.0
0.022000000000000006,55.25797803788216,55.25797803788216,55.25797803788216,128.78774052839904,0.0,0.0
0.024000000000000007,63.76031008094655,63.76031008094655,63.76031008094655,104.22606588635352,0.0,0.0
0.02600000000000001,72.48246477240244,72.48246477240244,72.48246477240244,78.71906975716033,0.0,0.0
0.02800000000000001,81.32707574057913,81.32707574057913,81.32707574057913,52.55260568279266,0.0,0.0
0.030000000000000013,90.1957802947709,90.1957802947709,90.1957802947709,26.018772778262587,0.0,0.0
0.032000000000000015,97.3742706707722,97.3742706707722,97.3742706707722,-0.5873408843127095,0.0,0.0
0.034000000000000016,103.04153847764225,103.04153847764225,103.04153847764225,-22.122812012316615,0.0,0.0
0.03600000000000002,107.43939134125543,107.43939134125543,107.43939134125543,-39.12461543292676,0.0,0.0
0.03800000000000002,110.77475913992077,110.77475913992077,110.77475913992077,-52.31817402376629,0.0,0.0
0.04000000000000002,113.22447404904132,113.22447404904132,113.22447404904132,-62.324277419762325,0.0,0.0
0.04200000000000002,114.93941374828093,114.93941374828093,114.93941374828093,-69.67342214712397,0.0,0.0
0.044000000000000025,116.04809123376961,116.04809123376961,116.04809123376961,-74.8182412448428,0.0,0.0
0.04600000000000003,116.65976385539517,116.65976385539517,116.65976385539517,-78.1442737013088,0.0,0.0
0.04800000000000003,116.86712477153462,116.86712477153462,116.86712477153462,-79.97929156618551,0.0,0.0
0.05000000000000003,116.73738777169346,116.73738777169346,116.73738777169346,-80.60137431460385,0.0,0.0
0.05200000000000003,116.27323296257097,116.27323296257097,116.27323296257097,-80.21216331508037,0.0,0.0
0.054000000000000034,115.48103260334298,115.48103260334298,115.48103260334298,-78.81969888771289,0.0,0.0
0.056000000000000036,114.3707669398685,114.3707669398685,114.3707669398685,-76.44309781002897,0.0,0.0
0.05800000000000004,112.95590040865922,112.95590040865922,112.95590040865922,-73.11230081960548,0.0,0.0
0.06000000000000004,111.25321972728473,111.25321972728473,111.25321972728473,-68.86770122597767,0.0,0.0
0.06200000000000004,109.28263580421107,109.28263580421107,109.28263580421107,-63.759659181854204,0.0,0.0
0.06400000000000004,107.06695179446005,107.06695179446005,107.06695179446005,-57.84790741263316,0.0,0.0
0.06600000000000004,104.63159999366243,104.63159999366243,104.63159999366243,-51.200855383380144,0.0,0.0
0.06800000000000005,102.00435059810398,102.00435059810398,102.00435059810398,-43.89479998098733,0.0,0.0
0.07000000000000005,99.21499565863867,99.21499565863867,99.21499565863867,-36.013051794311934,0.0,0.0
0.07200000000000005,96.29501181866986,96.29501181866986,96.29501181866986,-27.644986975916026,0.0,0.0
0.07400000000000005,93.27720564801456,93.27720564801456,93.27720564801456,-18.885035456009575,0.0,0.0
0.07600000000000005,90.19534556306631,90.19534556306631,90.19534556306631,-9.831616944043674,0.0,0.0
0.07800000000000006,87.08378445743817,87.08378445743817,87.08378445743817,-0.5860366891989202,0.0,0.0
0.08000000000000006,83.97707725488499,83.97707725488499,83.97707725488499,8.748646627685503,0.0,0.0
0.08200000000000006,80.90959763697349,80.90959763697349,80.90959763697349,18.068768235345033,0.0,0.0
0.08400000000000006,77.91515819141252,77.91515819141252,77.91515819141252,27.271207089079525,0.0,0.0
0.08600000000000006,75.02663817342099,75.02663817342099,75.02663817342099,36.254525425762466,0.0,0.0
0.08800000000000006,72.27562297276427,72.27562297276427,72.27562297276427,44.920085479737025,0.0,0.0
0.09000000000000007,69.6920592344041,69.6920592344041,69.6920592344041,53.1731310817072,0.0,0.0
0.09200000000000007,67.30392939285258,67.30392939285258,67.30392939285258,60.923822296787705,0.0,0.0
0.09400000000000007,65.13694915153353,65.13694915153353,65.13694915153353,68.08821182144226,0.0,0.0
0.09600000000000007,63.214291171420065,63.214291171420065,63.214291171420065,74.58915254539943,0.0,0.0
0.09800000000000007,61.556337931033006,61.556337931033006,61.556337931033006,80.3571264857398,0.0,0.0
0.10000000000000007,60.18046638602339,60.18046638602339,60.18046638602339,85.330986206901,0.0,0.0
0.10200000000000008,59.100497691150075,59.100497691150075,59.100497691150075,89.45860084192984,0.0,0.0
0.10400000000000008,58.32729532698312,58.32729532698312,58.32729532698312,92.69850692654978,0.0,0.0
0.10600000000000008,57.868286750208114,57.868286750208114,57.868286750208114,95.01811401905064,0.0,0.0
0.10800000000000008,57.72739384991337,57.72739384991337,57.72739384991337,96.39513974937566,0.0,0.0
0.11000000000000008,57.905002467517356,57.905002467517356,57.905002467517356,96.81781845025989,0.0,0.0
0.11200000000000009,58.39797117360784,58.39797117360784,58.39797117360784,96.28499259744794,0.0,0.0
0.11400000000000009,59.19967905967282,59.19967905967282,59.19967905967282,94.80608647917646,0.0,0.0
0.11600000000000009,60.3001118716969,60.3001118716969,60.3001118716969,92.40096282098153,0.0,0.0
0.11800000000000009,61.685985390632,61.685985390632,61.685985390632,89.09966438490932,0.0,0.0
0.12000000000000009,63.340904556464395,63.340904556464395,63.340904556464395,84.942043828104,0.0,0.0
0.1220000000000001,65.245556442462,65.245556442462,65.245556442462,79.97728633060683,0.0,0.0
0.1240000000000001,67.37793481844714,67.37793481844714,67.37793481844714,74.26333067261399,0.0,0.0
0.12600000000000008,69.71359370058974,69.71359370058974,69.71359370058974,67.86619554465858,0.0,0.0
0.12800000000000009,72.22592697393563,72.22592697393563,72.22592697393563,60.85921889823078,0.0,0.0
0.1300000000000001,74.88647089600788,74.88647089600788,74.88647089600788,53.32221907819314,0.0,0.0
0.1320000000000001,77.66522604830118,77.66522604830118,77.66522604830118,45.34058731197638,0.0,0.0
0.1340000000000001,80.5309950998668,80.5309950998668,80.5309950998668,37.00432185509649,0.0,0.0
0.1360000000000001,83.45173258556098,83.45173258556098,83.45173258556098,28.4070147003996,0.0,0.0
0.1380000000000001,86.3949027825379,86.3949027825379,86.3949027825379,19.644802243317088,0.0,0.0
0.1400000000000001,89.3278416933724,89.3278416933724,89.3278416933724,10.81529165238635,0.0,0.0
0.1420000000000001,92.2181191134654,92.2181191134654,92.2181191134654,2.0164749198827963,0.0,0.0
0.1440000000000001,94.50664976592223,94.50664976592223,94.50664976592223,-6.654357340396189,0.0,0.0
0.1460000000000001,96.28940081100573,96.28940081100573,96.28940081100573,-13.519949297766686,0.0,0.0
0.1480000000000001,97.64849972952787,97.64849972952787,97.64849972952787,-18.86820243301719,0.0,0.0
0.1500000000000001,98.65414934629622,98.65414934629622,98.65414934629622,-22.945499188583597,0.0,0.0
0.1520000000000001,99.36626786556172,99.36626786556172,99.36626786556172,-25.96244803888868,0.0,0.0
0.1540000000000001,99.83590996643922,99.83590996643922,99.83590996643922,-28.098803596685173,0.0,0.0
0.1560000000000001,100.10649768002231,100.10649768002231,100.10649768002231,-29.507729899317667,0.0,0.0
0.1580000000000001,100.21488604191822,100.21488604191822,100.21488604191822,-30.31949304006696,0.0,0.0
0.16000000000000011,100.17088382636892,100.17088382636892,100.17088382636892,-30.644658125754688,0.0,0.0
0.16200000000000012,99.97554046962567,99.97554046962567,99.97554046962567,-30.51265147910675,0.0,0.0
0.16400000000000012,99.63157689866792,99.63157689866792,99.63157689866792,-29.926621408876997,0.0,0.0
0.16600000000000012,99.1433492423779,99.1433492423779,99.1433492423779,-28.894730696003762,0.0,0.0
0.16800000000000012,98.51679457475633,98.51679457475633,98.51679457475633,-27.430047727133683,0.0,0.0
0.17000000000000012,97.75935935711024,97.75935935711024,97.75935935711024,-25.55038372426901,0.0,0.0
0.17200000000000013,96.87991143520702,96.87991143520702,96.87991143520702,-23.278078071330754,0.0,0.0
0.17400000000000013,95.888636626279,95.888636626279,95.888636626279,-20.63973430562106,0.0,0.0
0.17600000000000013,94.79692109753582,94.79692109753582,94.79692109753582,-17.665909878837,0.0,0.0
0.17800000000000013,93.6172208906972,93.6172208906972,93.6172208906972,-14.39076329260746,0.0,0.0
0.18000000000000013,92.3629200843558,92.3629200843558,92.3629200843558,-10.851662672091607,0.0,0.0
0.18200000000000013,91.04817920625527,91.04817920625527,91.04817920625527,-7.088760253067392,0.0,0.0
0.18400000000000014,89.6877756095545,89.6877756095545,89.6877756095545,-3.14453761876581,0.0,0.0
0.18600000000000014,88.29693760978375,88.29693760978375,88.29693760978375,0.9366731713365084,0.0,0.0
0.18800000000000014,86.89117424163817,86.89117424163817,86.89117424163817,5.109187170648738,0.0,0.0
0.19000000000000014,85.48610253638275,85.48610253638275,85.48610253638275,9.326477275085495,0.0,0.0
0.19200000000000014,84.09727424107605,84.09727424107605,84.09727424107605,13.541692390851779,0.0,0.0
0.19400000000000014,82.74000389990987,82.74000389990987,82.74000389990987,17.708177276771863,0.0,0.0
0.19600000000000015,81.42920019579694,81.42920019579694,81.42920019579694,21.779988300270418,0.0,0.0
0.19800000000000015,80.17920240724388,80.17920240724388,80.17920240724388,25.712399412609187,0.0,0.0
0.20000000000000015,79.00362377207392,79.00362377207392,79.00362377207392,29.462392778268367,0.0,0.0
0.20200000000000015,77.91520346649419,77.91520346649419,77.91520346649419,32.989128683778205,0.0,0.0
0.20400000000000015,76.92566880632441,76.92566880632441,76.92566880632441,36.25438960051741,0.0,0.0
0.20600000000000016,76.04560915811477,76.04560915811477,76.04560915811477,39.22299358102677,0.0,0.0
0.20800000000000016,75.28436291276073,75.28436291276073,75.28436291276073,41.8631725256557,0.0,0.0
0.21000000000000016,74.64991872462834,74.64991872462834,74.64991872462834,44.14691126171783,0.0,0.0
0.21200000000000016,74.14855873499891,74.14855873499891,74.14855873499891,46.05024382611498,0.0,0.0
0.21400000000000016,73.7852462870102,73.7852462870102,73.7852462870102,47.554323795003256,0.0,0.0
0.21600000000000016,73.56349388915785,73.56349388915785,73.56349388915785,48.644261138969426,0.0,0.0
0.21800000000000017,73.48523400322574,73.48523400322574,73.48523400322574,49.30951833252644,0.0,0.0
0.22000000000000017,73.55080348215066,73.55080348215066,73.55080348215066,49.544297990322804,0.0,0.0
0.22200000000000017,73.7589457288786,73.7589457288786,73.7589457288786,49.34758955354806,0.0,0.0
0.22400000000000017,74.10683048692256,74.10683048692256,74.10683048692256,48.72316281336418,0.0,0.0
0.22600000000000017,74.59009097847643,74.59009097847643,74.59009097847643,47.67950853923233,0.0,0.0
0.22800000000000017,75.20287791494917,75.20287791494917,75.20287791494917,46.22972706457074,0.0,0.0
0.23000000000000018,75.93792971975654,75.93792971975654,75.93792971975654,44.39136625515249,0.0,0.0
0.23200000000000018,76.78665812617247,76.78665812617247,76.78665812617247,42.18621084073041,0.0,0.0
0.23400000000000018,77.73924814592813,77.73924814592813,77.73924814592813,39.64002562148261,0.0,0.0
0.23600000000000018,78.78477124886629,78.78477124886629,78.78477124886629,36.782255562215624,0.0,0.0
0.23800000000000018,79.91131045199067,79.91131045199067,79.91131045199067,33.645686253401124,0.0,0.0
0.24000000000000019,81.10609588921432,81.10609588921432,81.10609588921432,30.266068644027996,0.0,0.0
0.2420000000000002,82.35564932236097,82.35564932236097,82.35564932236097,26.68171233235705,0.0,0.0
0.2440000000000002,83.64593596067284,83.64593596067284,83.64593596067284,22.93305203291709,0.0,0.0
0.2460000000000002,84.9625218811975,84.9625218811975,84.9625218811975,19.062192117981482,0.0,0.0
0.2480000000000002,86.29073528672542,86.29073528672542,86.29073528672542,15.112434356407505,0.0,0.0
0.25000000000000017,87.61582980197399,87.61582980197399,87.61582980197399,11.12779413982372,0.0,0.0
0.25200000000000017,88.9231479927902,88.9231479927902,88.9231479927902,7.152510594078024,0.0,0.0
0.25400000000000017,90.19828329737325,90.19828329737325,90.19828329737325,3.230556021629411,0.0,0.0
0.25600000000000017,91.22542899541308,91.22542899541308,91.22542899541308,-0.5948498921197825,0.0,0.0
0.2580000000000002,92.03288119671497,92.03288119671497,92.03288119671497,-3.6762869862392336,0.0,0.0
0.2600000000000002,92.65596534306852,92.65596534306852,92.65596534306852,-6.098643590144945,0.0,0.0
0.2620000000000002,93.12490026677203,93.12490026677203,93.12490026677203,-7.967896029205519,0.0,0.0
0.2640000000000002,93.46549888646642,93.46549888646642,93.46549888646642,-9.374700800316077,0.0,0.0
0.2660000000000002,93.69977548689545,93.69977548689545,93.69977548689545,-10.396496659399247,0.0,0.0
0.2680000000000002,93.84647182757969,93.84647182757969,93.84647182757969,-11.09932646068637,0.0,0.0
0.2700000000000002,93.91113528330663,93.91113528330663,93.91113528330663,-11.53941548273906,0.0,0.0
0.2720000000000002,93.89335272683563,93.89335272683563,93.89335272683563,-11.733405849919905,0.0,0.0
0.2740000000000002,93.79362524186264,93.79362524186264,93.79362524186264,-11.680058180506876,0.0,0.0
0.2760000000000002,93.61335920249626,93.61335920249626,93.61335920249626,-11.380875725587941,0.0,0.0
0.2780000000000002,93.35484736398548,93.35484736398548,93.35484736398548,-10.840077607488752,0.0,0.0
0.2800000000000002,93.02124021088638,93.02124021088638,93.02124021088638,-10.064542091956469,0.0,0.0
0.2820000000000002,92.61650791579625,92.61650791579625,92.61650791579625,-9.063720632659113,0.0,0.0
0.2840000000000002,92.14539336442458,92.14539336442458,92.14539336442458,-7.84952374738873,0.0,0.0
0.2860000000000002,91.61335679998317,91.61335679998317,91.61335679998317,-6.43618009327372,0.0,0.0
0.2880000000000002,91.02651273061369,91.02651273061369,91.02651273061369,-4.840070399949525,0.0,0.0
0.2900000000000002,90.39155982684393,90.39155982684393,90.39155982684393,-3.0795381918410385,0.0,0.0
0.2920000000000002,89.71570461098281,89.71570461098281,89.71570461098281,-1.174679480531836,0.0,0.0
0.2940000000000002,89.00657980612876,89.00657980612876,89.00657980612876,0.8528861670515653,0.0,0.0
0.2960000000000002,88.27215826838342,88.27215826838342,88.27215826838342,2.980260581613777,0.0,0.0
0.2980000000000002,87.52066347134877,87.52066347134877,87.52066347134877,5.1835251948497785,0.0,0.0
0.3000000000000002,86.76047754657607,86.76047754657607,86.76047754657607,7.438009585953694,0.0,0.0
0.3020000000000002,86.00004790698803,86.00004790698803,86.00004790698803,9.718567360271834,0.0,0.0
0.3040000000000002,85.24779349219199,85.24779349219199,85.24779349219199,11.999856279035896,0.0,0.0
0.3060000000000002,84.51201167495394,84.51201167495394,84.51201167495394,14.256619523424035,0.0,0.0
0.3080000000000002,83.80078685694976,83.80078685694976,83.80078685694976,16.463964975138197,0.0,0.0
0.3100000000000002,83.12190175941477,83.12190175941477,83.12190175941477,18.597639429150746,0.0,0.0
0.3120000000000002,82.48275238077015,82.48275238077015,82.48275238077015,20.63429472175571,0.0,0.0
0.3140000000000002,81.89026754912308,81.89026754912308,81.89026754912308,22.551742857689533,0.0,0.0
0.3160000000000002,81.35083394324826,81.35083394324826,81.35083394324826,24.329197352630757,0.0,0.0
0.3180000000000002,80.8702273918979,80.8702273918979,80.8702273918979,25.947498170255244,0.0,0.0
0.32000000000000023,80.45355118879718,80.45355118879718,80.45355118879718,27.389317824306318,0.0,0.0
0.32200000000000023,80.10518208029687,80.10518208029687,80.10518208029687,28.639346433608438,0.0,0.0
0.32400000000000023,79.82872449529329,79.82872449529329,79.82872449529329,29.684453759109374,0.0,0.0
0.32600000000000023,79.62660448999127,79.62660448999127,79.62660448999127,30.513826514120154,0.0,0.0
0.32800000000000024,79.50078524681221,79.50078524681221,79.50078524681221,31.120186530026217,0.0,0.0
0.33000000000000024,79.45237804607872,79.45237804607872,79.45237804607872,31.497644259563344,0.0,0.0
0.33200000000000024,79.48163310756846,79.48163310756846,79.48163310756846,31.642865861763852,0.0,0.0
0.33400000000000024,79.5879399978988,79.5879399978988,79.5879399978988,31.55510067729466,0.0,0.0
0.33600000000000024,79.76983756393383,79.76983756393383,79.76983756393383,31.236180006303584,0.0,0.0
0.33800000000000024,80.02503324709865,80.02503324709865,80.02503324709865,30.69048730819847,0.0,0.0
0.34000000000000025,80.35043153017318,80.35043153017318,80.35043153017318,29.92490025870407,0.0,0.0
0.34200000000000025,80.74217116795771,80.74217116795771,80.74217116795771,28.948705409480453,0.0,0.0
0.34400000000000025,81.19567075724902,81.19567075724902,81.19567075724902,27.77348649612688,0.0,0.0
0.34600000000000025,81.70568211089076,81.70568211089076,81.70568211089076,26.412987728252915,0.0,0.0
0.34800000000000025,82.2663508162435,82.2663508162435,82.2663508162435,24.88295366732774,0.0,0.0
0.35000000000000026,82.87128328117528,82.87128328117528,82.87128328117528,23.20094755126948,0.0,0.0
0.35200000000000026,83.5136195014264,83.5136195014264,83.5136195014264,21.386150156474145,0.0,0.0
0.35400000000000026,84.18611072269402,84.18611072269402,84.18611072269402,19.459141495720758,0.0,0.0
0.35600000000000026,84.8812011196467,84.8812011196467,84.8812011196467,17.441667831917925,0.0,0.0
0.35800000000000026,85.59111257285069,85.59111257285069,85.59111257285069,15.356396641059916,0.0,0.0
0.36000000000000026,86.30793159368659,86.30793159368659,86.30793159368659,13.226662281447943,0.0,0.0
0.36200000000000027,87.0236974270616,87.0236974270616,87.0236974270616,11.076205218940231,0.0,0.0
0.36400000000000027,87.73049035226482,87.73049035226482,87.73049035226482,8.928907718815196,0.0,0.0
0.36600000000000027,88.42051920373373,88.42051920373373,88.42051920373373,6.808528943205545,0.0,0.0
0.36800000000000027,89.08620714574629,89.08620714574629,89.08620714574629,4.7384423887988305,0.0,0.0
0.3700000000000003,89.72027475794611,89.72027475794611,89.72027475794611,2.741378562761156,0.0,0.0
0.3720000000000003,90.31581952185796,90.31581952185796,90.31581952185796,0.8391757261616704,0.0,0.0
0.3740000000000003,90.79075892595073,90.79075892595073,90.79075892595073,-0.9474585655738679,0.0,0.0
0.3760000000000003,91.16100393636727,91.16100393636727,91.16100393636727,-2.372276777852221,0.0,0.0
0.3780000000000003,91.44324952231273,91.44324952231273,91.44324952231273,-3.4830118091018107,0.0,0.0
0.3800000000000003,91.65207859512556,91.65207859512556,91.65207859512556,-4.3297485669381786,0.0,0.0
0.3820000000000003,91.79993764807993,91.79993764807993,91.79993764807993,-4.956235785376691,0.0,0.0
0.3840000000000003,91.88841488554651,91.88841488554651,91.88841488554651,-5.399812944239784,0.0,0.0
0.3860000000000003,91.91674997580236,91.91674997580236,91.91674997580236,-5.665244656639516,0.0,0.0
0.3880000000000003,91.8848511730041,91.8848511730041,91.8848511730041,-5.750249927407083,0.0,0.0
0.3900000000000003,91.79329386571797,91.79329386571797,91.79329386571797,-5.654553519012325,0.0,0.0
0.3920000000000003,91.6433117455541,91.6433117455541,91.6433117455541,-5.379881597153883,0.0,0.0
0.3940000000000003,91.43678072090131,91.43678072090131,91.43678072090131,-4.929935236662288,0.0,0.0
0.3960000000000003,91.17619578060994,91.17619578060994,91.17619578060994,-4.3103421627039324,0.0,0.0
0.3980000000000003,90.86464108975939,90.86464108975939,90.86464108975939,-3.528587341829791,0.0,0.0
0.4000000000000003,90.5057536735272,90.5057536735272,90.5057536735272,-2.59392326927815,0.0,0.0
0.4020000000000003,90.10368111484352,90.10368111484352,90.10368111484352,-1.5172610205816,0.0,0.0
0.4040000000000003,89.66303375621209,89.66303375621209,89.66303375621209,-0.31104334453056026,0.0,0.0
0.4060000000000003,89.1888319551083,89.1888319551083,89.1888319551083,1.0108987313637385,0.0,0.0
0.4080000000000003,88.68644899509594,88.68644899509594,88.68644899509594,2.433504134675104,0.0,0.0
0.4100000000000003,88.16155030067297,88.16155030067297,88.16155030067297,3.940653014712211,0.0,0.0
0.4120000000000003,87.62002964238434,87.62002964238434,87.62002964238434,5.515349097981073,0.0,0.0
0.4140000000000003,87.06794304952426,87.06794304952426,87.06794304952426,7.139911072846985,0.0,0.0
0.4160000000000003,86.51144117048072,86.51144117048072,86.51144117048072,8.796170851427235,0.0,0.0
0.4180000000000003,85.95670083522907,85.95670083522907,85.95670083522907,10.465676488557847,0.0,0.0
0.4200000000000003,85.40985658052934,85.40985658052934,85.40985658052934,12.129897494312786,0.0,0.0
0.4220000000000003,84.87693289598869,84.87693289598869,84.87693289598869,13.770430258411977,0.0,0.0
0.4240000000000003,84.36377793837266,84.36377793837266,84.36377793837266,15.369201312033937,0.0,0.0
0.4260000000000003,83.87599944253706,83.87599944253706,83.87599944253706,16.908666184882037,0.0,0.0
0.4280000000000003,83.41890353034806,83.41890353034806,83.41890353034806,18.37200167238879,0.0,0.0
0.4300000000000003,82.99743708428873,82.99743708428873,82.99743708428873,19.74328940895583,0.0,0.0
0.43200000000000033,82.61613431052902,82.61613431052902,82.61613431052902,21.007688747133784,0.0,0.0
0.43400000000000033,82.27906806755223,82.27906806755223,82.27906806755223,22.15159706841297,0.0,0.0
0.43600000000000033,81.98980648155079,81.98980648155079,81.98980648155079,23.162795797343335,0.0,0.0
0.43800000000000033,81.75137530935505,81.75137530935505,81.75137530935505,24.030580555347655,0.0,0.0
0.44000000000000034,81.56585744064321,81.56585744064321,81.56585744064321,24.74587407193482,0.0,0.0
0.44200000000000034,81.43511132671654,81.43511132671654,81.43511132671654,25.302427678070387,0.0,0.0
0.44400000000000034,81.36038223173368,81.36038223173368,81.36038223173368,25.694666019850388,0.0,0.0
0.44600000000000034,81.34229071018177,81.34229071018177,81.34229071018177,25.918853304798944,0.0,0.0
0.44800000000000034,81.38082804247121,81.38082804247121,81.38082804247121,25.973127869454686,0.0,0.0
0.45000000000000034,81.47535865350712,81.47535865350712,81.47535865350712,25.85751587258636,0.0,0.0
0.45200000000000035,81.62462946169596,81.62462946169596,81.62462946169596,25.57392403947864,0.0,0.0
0.45400000000000035,81.82678602931921,81.82678602931921,81.82678602931921,25.126111614912105,0.0,0.0
0.45600000000000035,82.07939531039051,82.07939531039051,82.07939531039051,24.519641912042374,0.0,0.0
0.45800000000000035,82.3794747198299,82.3794747198299,82.3794747198299,23.7618140688285,0.0,0.0
0.46000000000000035,82.72352717883044,82.72352717883044,82.72352717883044,22.861575840510312,0.0,0.0
0.46200000000000035,83.1075817264085,83.1075817264085,83.1075817264085,21.829418463508688,0.0,0.0
0.46400000000000036,83.5272392270242,83.5272392270242,83.5272392270242,20.677254820774493,0.0,0.0
0.46600000000000036,83.97772264947866,83.97772264947866,83.97772264947866,19.418282318927425,0.0,0.0
0.46800000000000036,84.45393134362727,84.45393134362727,84.45393134362727,18.066832051563978,0.0,0.0
0.47000000000000036,84.95049869930713,84.95049869930713,84.95049869930713,16.63820596911816,0.0,0.0
0.47200000000000036,85.46185253670804,85.46185253670804,85.46185253670804,15.148503902078573,0.0,0.0
0.47400000000000037,85.98227754957931,85.98227754957931,85.98227754957931,13.614442389875933,0.0,0.0
0.47600000000000037,86.50597910244464,86.50597910244464,86.50597910244464,12.053167351262061,0.0,0.0
0.47800000000000037,87.027147670586,87.027147670586,87.027147670586,10.482062692666034,0.0,0.0
0.48000000000000037,87.54002320706722,87.54002320706722,87.54002320706722,8.918556988242017,0.0,0.0
0.4820000000000004,88.03895872451639,88.03895872451639,88.03895872451639,7.379930378798349,0.0,0.0
0.4840000000000004,88.51848239070726,88.51848239070726,88.51848239070726,5.883123826450799,0.0,0.0
0.4860000000000004,88.97335745601876,88.97335745601876,88.97335745601876,4.444552827878169,0.0,0.0
0.4880000000000004,89.39863935736949,89.39863935736949,89.39863935736949,3.0799276319437467,0.0,0.0
0.4900000000000004,89.78972937689933,89.78972937689933,89.78972937689933,1.8040819278915592,0.0,0.0
0.4920000000000004,90.14242427410362,90.14242427410362,90.14242427410362,0.6308118693020219,0.0,0.0
0.4940000000000004,90.42297973671528,90.42297973671528,90.42297973671528,-0.4272728223108402,0.0,0.0
0.4960000000000004,90.64192212642847,90.64192212642847,90.64192212642847,-1.2689392101458452,0.0,0.0
0.4980000000000004,90.80866075943337,90.80866075943337,90.80866075943337,-1.9257663792853918,0.0,0.0
0.5000000000000003,90.92692145549617,90.92692145549617,90.92692145549617,-2.4259822783000686,0.0,0.0
0.5020000000000003,90.99557394099607,90.99557394099607,90.99557394099607,-2.7807643664885404,0.0,0.0
0.5040000000000003,91.0140412814462,91.0140412814462,91.0140412814462,-2.9867218229882155,0.0,0.0
0.5060000000000003,90.98230422638048,90.98230422638048,90.98230422638048,-3.042123844338562,0.0,0.0
0.5080000000000003,90.90089936458386,90.90089936458386,90.90089936458386,-2.9469126791414624,0.0,0.0
0.5100000000000003,90.77091113292765,90.77091113292765,90.77091113292765,-2.7026980937516214,0.0,0.0
0.5120000000000003,90.59395778995362,90.59395778995362,90.59395778995362,-2.312733398782939,0.0,0.0
0.5140000000000003,90.37217153175122,90.37217153175122,90.37217153175122,-1.7818733698608753,0.0,0.0
0.5160000000000003,90.1081729918623,90.1081729918623,90.1081729918623,-1.1165145952537046,0.0,0.0
0.5180000000000003,89.8050404282254,89.8050404282254,89.8050404282254,-0.3245189755868978,0.0,0.0
0.5200000000000004,89.46627395786881,89.46627395786881,89.46627395786881,0.5848787153237822,0.0,0.0
0.5220000000000004,89.09575525355189,89.09575525355189,89.09575525355189,1.6011781263935632,0.0,0.0
0.5240000000000004,88.69770316526322,88.69770316526322,88.69770316526322,2.7127342393443428,0.0,0.0
0.5260000000000004,88.27662577288785,88.27662577288785,88.27662577288785,3.9068905042103097,0.0,0.0
0.5280000000000004,87.8372694139948,87.8372694139948,87.8372694139948,5.170122681336466,0.0,0.0
0.5300000000000004,87.38456526217523,87.38456526217523,87.38456526217523,6.488191758015603,0.0,0.0
0.5320000000000004,86.92357405635303,86.92357405635303,86.92357405635303,7.846304213474355,0.0,0.0
0.5340000000000004,86.459429599744,86.459429599744,86.459429599744,9.229277830940873,0.0,0.0
0.5360000000000004,85.99728165847583,85.99728165847583,85.99728165847583,10.621711200768004,0.0,0.0
0.5380000000000004,85.54223889420338,85.54223889420338,85.54223889420338,12.008155024572545,0.0,0.0
0.5400000000000004,85.0993124623356,85.0993124623356,85.0993124623356,13.373283317389848,0.0,0.0
0.5420000000000004,84.67336089779202,84.67336089779202,84.67336089779202,14.702062612993217,0.0,0.0
0.5440000000000004,84.26903689365867,84.26903689365867,84.26903689365867,15.979917306623918,0.0,0.0
0.5460000000000004,83.8907365549244,83.8907365549244,83.8907365549244,17.192889319024005,0.0,0.0
0.5480000000000004,83.5425516799317,83.5425516799317,83.5425516799317,18.32779033522678,0.0,0.0
0.5500000000000004,83.22822558661869,83.22822558661869,83.22822558661869,19.372344960204885,0.0,0.0
0.5520000000000004,82.9511129594808,82.9511129594808,82.9511129594808,20.315323240143925,0.0,0.0
0.5540000000000004,82.71414414691374,82.71414414691374,82.71414414691374,21.146661121557628,0.0,0.0
0.5560000000000004,82.51979428774825,82.51979428774825,82.51979428774825,21.857567559258797,0.0,0.0
0.5580000000000004,82.3696885872393,82.3696885872393,82.3696885872393,22.440617136755264,0.0,0.0
0.5600000000000004,82.26532546953031,82.26532546953031,82.26532546953031,22.890934238282114,0.0,0.0
0.5620000000000004,82.20769145406899,82.20769145406899,82.20769145406899,23.204023591409083,0.0,0.0
0.5640000000000004,82.19725212367503,82.19725212367503,82.19725212367503,23.376925637793022,0.0,0.0
0.5660000000000004,82.23394889276213,82.23394889276213,82.23394889276213,23.40824362897493,0.0,0.0
0.5680000000000004,82.3172015900877,82.3172015900877,82.3172015900877,23.298153321713613,0.0,0.0
0.5700000000000004,82.44591680598306,82.44591680598306,82.44591680598306,23.048395229736883,0.0,0.0
0.5720000000000004,82.61850189038823,82.61850189038823,82.61850189038823,22.662249582050805,0.0,0.0
0.5740000000000004,82.83288442587985,82.83288442587985,82.83288442587985,22.144494328835293,0.0,0.0
0.5760000000000004,83.0865369399208,83.0865369399208,83.0865369399208,21.501346722360438,0.0,0.0
0.5780000000000004,83.37650656343112,83.37650656343112,83.37650656343112,20.74038918023757,0.0,0.0
0.5800000000000004,83.69944928910452,83.69944928910452,83.69944928910452,19.870480309706636,0.0,0.0
0.5820000000000004,84.05166843325398,84.05166843325398,84.05166843325398,18.901652132686422,0.0,0.0
0.5840000000000004,84.42915685989824,84.42915685989824,84.42915685989824,17.84499470023806,0.0,0.0
0.5860000000000004,84.82764248578108,84.82764248578108,84.82764248578108,16.712529420305287,0.0,0.0
0.5880000000000004,85.24263655047123,85.24263655047123,85.24263655047123,15.517072542656734,0.0,0.0
0.5900000000000004,85.66948410698387,85.66948410698387,85.66948410698387,14.272090348586289,0.0,0.0
0.5920000000000004,86.10341616579369,86.10341616579369,86.10341616579369,12.99154767904838,0.0,0.0
0.5940000000000004,86.539602908898,86.539602908898,86.539602908898,11.689751502618947,0.0,0.0
0.5960000000000004,86.97320738089604,86.97320738089604,86.97320738089604,10.381191273306001,0.0,0.0
0.5980000000000004,87.39943906095799,87.39943906095799,87.39943906095799,9.080377857311873,0.0,0.0
0.6000000000000004,87.81360672307551,87.81360672307551,87.81360672307551,7.80168281712605,0.0,0.0
0.6020000000000004,88.21117000205153,88.21117000205153,88.21117000205153,6.559179830773473,0.0,0.0
0.6040000000000004,88.58778909916361,88.58778909916361,88.58778909916361,5.366489993845391,0.0,0.0
0.6060000000000004,88.93937208411847,88.93937208411847,88.93937208411847,4.236632702509155,0.0,0.0
0.6080000000000004,89.26211927852977,89.26211927852977,89.26211927852977,3.1818837476445765,0.0,0.0
0.6100000000000004,89.55256424035804,89.55256424035804,89.55256424035804,2.2136421644107145,0.0,0.0
0.6120000000000004,89.80761090815345,89.80761090815345,89.80761090815345,1.3423072789258867,0.0,0.0
0.6140000000000004,90.02456650808075,90.02456650808075,90.02456650808075,0.5771672755396366,0.0,0.0
0.6160000000000004,90.19631118259639,90.19631118259639,90.19631118259639,-0.07369952424227222,0.0,0.0
0.6180000000000004,90.32633822529539,90.32633822529539,90.32633822529539,-0.5889335477891677,0.0,0.0
0.6200000000000004,90.41336216202176,90.41336216202176,90.41336216202176,-0.9790146758861624,0.0,0.0
0.6220000000000004,90.45657831121014,90.45657831121014,90.45657831121014,-1.2400864860652518,0.0,0.0
0.6240000000000004,90.45566991765749,90.45566991765749,90.45566991765749,-1.3697349336304114,0.0,0.0
0.6260000000000004,90.41080985857194,90.41080985857194,90.41080985857194,-1.3670097529724785,0.0,0.0
0.6280000000000004,90.32265692304125,90.32265692304125,90.32265692304125,-1.2324295757158552,0.0,0.0
0.6300000000000004,90.192346726132,90.192346726132,90.192346726132,-0.9679707691237809,0.0,0.0
0.6320000000000005,90.02147737799953,90.02147737799953,90.02147737799953,-0.5770401783959755,0.0,0.0
0.6340000000000005,89.8120900860078,89.8120900860078,89.8120900860078,-0.0644321339985936,0.0,0.0
0.6360000000000005,89.5666449232927,89.5666449232927,89.5666449232927,0.5637297419766014,0.0,0.0
0.6380000000000005,89.28799204985005,89.28799204985005,89.28799204985005,1.300065230121902,0.0,0.0
0.6400000000000005,88.97933872151403,88.97933872151403,88.97933872151403,2.136023850449874,0.0,0.0
0.6420000000000005,88.64421246758315,88.64421246758315,88.64421246758315,3.0619838354579656,0.0,0.0
0.6440000000000005,88.28642085885957,88.28642085885957,88.28642085885957,4.067362597250565,0.0,0.0
0.6460000000000005,87.91000832405535,87.91000832405535,87.91000832405535,5.140737423421285,0.0,0.0
0.6480000000000005,87.51921050350441,87.51921050350441,87.51921050350441,6.269975027833937,0.0,0.0
0.6500000000000005,87.11840665457723,87.11840665457723,87.11840665457723,7.442368489486796,0.0,0.0
0.6520000000000005,86.71207064286477,86.71207064286477,86.71207064286477,8.644780036268344,0.0,0.0
0.6540000000000005,86.3047210668834,86.3047210668834,86.3047210668834,9.86378807140568,0.0,0.0
0.6560000000000005,85.9008710716228,85.9008710716228,85.9008710716228,11.085836799349806,0.0,0.0
0.6580000000000005,85.50497840765517,85.50497840765517,85.50497840765517,12.29738678513155,0.0,0.0
0.6600000000000005,85.12139628775027,85.12139628775027,85.12139628775027,13.485064777034495,0.0,0.0
0.6620000000000005,84.75432558207656,84.75432558207656,84.75432558207656,14.635811136749197,0.0,0.0
0.6640000000000005,84.4077688762532,84.4077688762532,84.4077688762532,15.737023253770332,0.0,0.0
0.6660000000000005,84.08548689396144,84.08548689396144,84.08548689396144,16.776693371240384,0.0,0.0
0.6680000000000005,83.79095775779666,83.79095775779666,83.79095775779666,17.743539318115666,0.0,0.0
0.6700000000000005,83.52733952887458,83.52733952887458,83.52733952887458,18.627126726610015,0.0,0.0
0.6720000000000005,83.29743642778385,83.29743642778385,83.29743642778385,19.417981413376282,0.0,0.0
0.6740000000000005,83.1036690972383,83.1036690972383,83.1036690972383,20.10769071664845,0.0,0.0
0.6760000000000005,82.94804922071056,82.94804922071056,82.94804922071056,20.688992708285127,0.0,0.0
0.6780000000000005,82.83178975825808,82.83178975825808,82.83178975825808,21.15585233786834,0.0,0.0
0.6800000000000005,82.75603247361992,82.75603247361992,82.75603247361992,21.504630725225752,0.0,0.0
0.6820000000000005,82.72146655379275,82.72146655379275,82.72146655379275,21.73190257914021,0.0,0.0
0.6840000000000005,82.72832264967941,82.72832264967941,82.72832264967941,21.83560033862173,0.0,0.0
0.6860000000000005,82.77637201477299,82.77637201477299,82.77637201477299,21.815032050961747,0.0,0.0
0.6880000000000005,82.86493073259936,82.86493073259936,82.86493073259936,21.670883955681035,0.0,0.0
0.6900000000000005,82.99286896734225,82.99286896734225,82.99286896734225,21.405207802201915,0.0,0.0
0.6920000000000005,83.1586251167096,83.1586251167096,83.1586251167096,21.02139309797326,0.0,0.0
0.6940000000000005,83.36022469227808,83.36022469227808,83.36022469227808,20.524124649871197,0.0,0.0
0.6960000000000005,83.59530370086351,83.59530370086351,83.59530370086351,19.919325923165758,0.0,0.0
0.6980000000000005,83.86113625147414,83.86113625147414,83.86113625147414,19.214088897409454,0.0,0.0
0.7000000000000005,84.15466606664184,84.15466606664184,84.15466606664184,18.416591245577592,0.0,0.0
0.7020000000000005,84.47254153489037,84.47254153489037,84.47254153489037,17.5360018000745,0.0,0.0
0.7040000000000005,84.81115390323883,84.81115390323883,84.81115390323883,16.58237539532891,0.0,0.0
0.7060000000000005,85.16667817535827,85.16667817535827,85.16667817535827,15.566538290283518,0.0,0.0
0.7080000000000005,85.53511625265043,85.53511625265043,85.53511625265043,14.499965473925215,0.0,0.0
0.7100000000000005,85.91234183239555,85.91234183239555,85.91234183239555,13.394651242048724,0.0,0.0
0.7120000000000005,86.29414655945828,86.29414655945828,86.29414655945828,12.262974502813336,0.0,0.0
0.7140000000000005,86.67628691602125,86.67628691602125,86.67628691602125,11.117560321625149,0.0,0.0
0.7160000000000005,87.05453132754869,87.05453132754869,87.05453132754869,9.971139251936222,0.0,0.0
0.7180000000000005,87.42470696271386,87.42470696271386,87.42470696271386,8.836406017353966,0.0,0.0
0.7200000000000005,87.78274571033914,87.78274571033914,87.78274571033914,7.725879111858433,0.0,0.0
0.7220000000000005,88.12472882741594,88.12472882741594,88.12472882741594,6.651762868982587,0.0,0.0
0.7240000000000005,88.44692976884947,88.44692976884947,88.44692976884947,5.625813517752192,0.0,0.0
0.7260000000000005,88.74585473150817,88.74585473150817,88.74585473150817,4.659210693451541,0.0,0.0
0.7280000000000005,89.01828047218463,89.01828047218463,89.01828047218463,3.7624358054754907,0.0,0.0
0.7300000000000005,89.2612889908787,89.2612889908787,89.2612889908787,2.94515858344613,0.0,0.0
0.7320000000000005,89.47229870702172,89.47229870702172,89.47229870702172,2.2161330273639237,0.0,0.0
0.7340000000000005,89.64909179645919,89.64909179645919,89.64909179645919,1.5831038789348213,0.0,0.0
0.7360000000000005,89.78983740073497,89.78983740073497,89.78983740073497,1.0527246106224197,0.0,0.0
0.7380000000000005,89.8934794706695,89.8934794706695,89.8934794706695,0.6304877977950696,0.0,0.0
0.7400000000000005,89.95900759048615,89.95900759048615,89.95900759048615,0.3195615879914726,0.0,0.0
0.7420000000000005,89.98583699852689,89.98583699852689,89.98583699852689,0.12297722854151516,0.0,0.0
0.7440000000000005,89.9738134899491,89.9738134899491,89.9738134899491,0.04248900441933756,0.0,0.0
0.7460000000000006,89.92321353501976,89.92321353501976,89.92321353501976,0.07855953015268824,0.0,0.0
0.7480000000000006,89.83473962935193,89.83473962935193,89.83473962935193,0.23035939494076274,0.0,0.0
0.7500000000000006,89.7095109451513,89.7095109451513,89.7095109451513,0.49578111194421126,0.0,0.0
0.7520000000000006,89.54904940430399,89.54904940430399,89.54904940430399,0.8714671645461181,0.0,0.0
0.7540000000000006,89.35526134437157,89.35526134437157,89.35526134437157,1.3528517870880705,0.0,0.0
0.7560000000000006,89.13041499671522,89.13041499671522,89.13041499671522,1.93421596688529,0.0,0.0
0.7580000000000006,88.87711404152202,88.87711404152202,88.87711404152202,2.608755009854349,0.0,0.0
0.7600000000000006,88.59826754695843,88.59826754695843,88.59826754695843,3.3686578754339394,0.0,0.0
0.7620000000000006,88.29705663857082,88.29705663857082,88.29705663857082,4.205197359124725,0.0,0.0
0.7640000000000006,87.97689827997166,87.97689827997166,87.97689827997166,5.108830084287547,0.0,0.0
0.7660000000000006,87.64140657642301,87.64140657642301,87.64140657642301,6.06930516008498,0.0,0.0
0.7680000000000006,87.29435203883111,87.29435203883111,87.29435203883111,7.075780270730945,0.0,0.0
0.7700000000000006,86.93961926663071,86.93961926663071,86.93961926663071,8.116943883506679,0.0,0.0
0.7720000000000006,86.58116352384845,86.58116352384845,86.58116352384845,9.181142200107843,0.0,0.0
0.7740000000000006,86.22296669313714,86.22296669313714,86.22296669313714,10.256509428454706,0.0,0.0
0.7760000000000006,85.8689930976705,85.8689930976705,85.8689930976705,11.3310999205886,0.0,0.0
0.7780000000000006,85.5231456804417,85.5231456804417,85.5231456804417,12.393020706988523,0.0,0.0
0.7800000000000006,85.18922302474759,85.18922302474759,85.18922302474759,13.430562958674898,0.0,0.0
0.7820000000000006,84.87087768854224,84.87087768854224,84.87087768854224,14.432330925757242,0.0,0.0
0.7840000000000006,84.57157630905489,84.57157630905489,84.57157630905489,15.38736693437329,0.0,0.0
0.7860000000000006,84.29456191278643,84.29456191278643,84.29456191278643,16.285271072835343,0.0,0.0
0.7880000000000006,84.0428188399789,84.0428188399789,84.0428188399789,17.116314261640696,0.0,0.0
0.7900000000000006,83.81904066220044,83.81904066220044,83.81904066220044,17.87154348006328,0.0,0.0
0.7920000000000006,83.62560143715692,83.62560143715692,83.62560143715692,18.542878013398706,0.0,0.0
0.7940000000000006,83.46453060662844,83.46453060662844,83.46453060662844,19.12319568852925,0.0,0.0
0.7960000000000006,83.33725059711256,83.33725059711256,83.33725059711256,19.6064081801147,0.0,0.0
0.7980000000000006,83.24491792419512,83.24491792419512,83.24491792419512,19.988248208662327,0.0,0.0
0.8000000000000006,83.18842576382504,83.18842576382504,83.18842576382504,20.26524622741462,0.0,0.0
0.8020000000000006,83.16826723765752,83.16826723765752,83.16826723765752,20.434722708524873,0.0,0.0
0.8040000000000006,83.18453143035788,83.18453143035788,83.18453143035788,20.49519828702742,0.0,0.0
0.8060000000000006,83.23690389433582,83.23690389433582,83.23690389433582,20.446405708926363,0.0,0.0
0.8080000000000006,83.324671619764,83.324671619764,83.324671619764,20.289288316992526,0.0,0.0
0.8100000000000006,83.4467323983851,83.4467323983851,83.4467323983851,20.025985140707974,0.0,0.0
0.8120000000000006,83.60160846123581,83.60160846123581,83.60160846123581,19.659802804844702,0.0,0.0
0.8140000000000006,83.7874642235457,83.7874642235457,83.7874642235457,19.195174616292576,0.0,0.0
0.8160000000000006,84.00212792521742,84.00212792521742,84.00212792521742,18.637607329362908,0.0,0.0
0.8180000000000006,84.24311691295068,84.24311691295068,84.24311691295068,17.993616224347733,0.0,0.0
0.8200000000000006,84.50766627069653,84.50766627069653,84.50766627069653,17.270649261147952,0.0,0.0
0.8220000000000006,84.7927604691441,84.7927604691441,84.7927604691441,16.477001187910417,0.0,0.0
0.8240000000000006,85.09516767273603,85.09516767273603,85.09516767273603,15.621718592567731,0.0,0.0
0.8260000000000006,85.41147631462388,85.41147631462388,85.41147631462388,14.714496981791939,0.0,0.0
0.8280000000000006,85.73813352630599,85.73813352630599,85.73813352630599,13.765571056128351,0.0,0.0
0.8300000000000006,86.07148498968331,86.07148498968331,86.07148498968331,12.785599421081997,0.0,0.0
0.8320000000000006,86.40781576511809,86.40781576511809,86.40781576511809,11.785545030950061,0.0,0.0
0.8340000000000006,86.74339163992265,86.74339163992265,86.74339163992265,10.776552704645724,0.0,0.0
0.8360000000000006,87.07450053762545,87.07450053762545,87.07450053762545,9.769825080232067,0.0,0.0
0.8380000000000006,87.39749352938519,87.39749352938519,87.39749352938519,8.776498387123638,0.0,0.0
0.8400000000000006,87.70882499501975,87.70882499501975,87.70882499501975,7.807519411844453,0.0,0.0
0.8420000000000006,88.00509149220157,88.00509149220157,88.00509149220157,6.873525014940753,0.0,0.0
0.8440000000000006,88.28306890829931,88.28306890829931,88.28306890829931,5.984725523395241,0.0,0.0
0.8460000000000006,88.53974748992843,88.53974748992843,88.53974748992843,5.150793275102046,0.0,0.0
0.8480000000000006,88.77236437026083,88.77236437026083,88.77236437026083,4.38075753021468,0.0,0.0
0.8500000000000006,88.97843324324593,88.97843324324593,88.97843324324593,3.68290688921752,0.0,0.0
0.8520000000000006,89.15577086677449,89.15577086677449,89.15577086677449,3.0647002702622217,0.0,0.0
0.8540000000000006,89.30252011309327,89.30252011309327,89.30252011309327,2.5326873996764903,0.0,0.0
0.8560000000000006,89.41753832773087,89.41753832773087,89.41753832773087,2.0924396607201743,0.0,0.0
0.8580000000000007,89.4996693349964,89.4996693349964,89.4996693349964,1.7473850168074136,0.0,0.0
0.8600000000000007,89.5481252905562,89.5481252905562,89.5481252905562,1.5009919950107928,0.0,0.0
0.8620000000000007,89.5624940438015,89.5624940438015,89.5624940438015,1.3556241283313852,0.0,0.0
0.8640000000000007,89.5427423140776,89.5427423140776,89.5427423140776,1.3125178685955348,0.0,0.0
0.8660000000000007,89.48921466106033,89.48921466106033,89.48921466106033,1.3717730577672,0.0,0.0
0.8680000000000007,89.40262827619742,89.40262827619742,89.40262827619742,1.5323560168189942,0.0,0.0
0.8700000000000007,89.28406366829493,89.28406366829493,89.28406366829493,1.7921151714077155,0.0,0.0
0.8720000000000007,89.13495136151059,89.13495136151059,89.13495136151059,2.147808995115213,0.0,0.0
0.8740000000000007,88.95705476772349,88.95705476772349,88.95705476772349,2.5951459154682084,0.0,0.0
0.8760000000000007,88.75244943700139,88.75244943700139,88.75244943700139,3.128835696829526,0.0,0.0
0.8780000000000007,88.52349892923029,88.52349892923029,88.52349892923029,3.7426516889958066,0.0,0.0
0.8800000000000007,88.27282758647792,88.27282758647792,88.27282758647792,4.429503212309157,0.0,0.0
0.8820000000000007,88.00329051894074,88.00329051894074,88.00329051894074,5.181517240566222,0.0,0.0
0.8840000000000007,87.71794114701507,87.71794114701507,87.71794114701507,5.990128443177753,0.0,0.0
0.8860000000000007,87.41999666782328,87.41999666782328,87.41999666782328,6.846176558954767,0.0,0.0
0.8880000000000007,87.11280183614338,87.11280183614338,87.11280183614338,7.740009996530148,0.0,0.0
0.8900000000000007,86.79979146691089,86.79979146691089,86.79979146691089,8.661594491569872,0.0,0.0
0.8920000000000007,86.48445207911197,86.48445207911197,86.48445207911197,9.600625599267346,0.0,0.0
0.8940000000000007,86.17028310884244,86.17028310884244,86.17028310884244,10.546643762664075,0.0,0.0
0.8960000000000007,85.86075812249815,85.86075812249815,85.86075812249815,11.489150673472693,0.0,0.0
0.8980000000000007,85.55928645947067,85.55928645947067,85.55928645947067,12.417725632505494,0.0,0.0
0.9000000000000007,85.26917572738272,85.26917572738272,85.26917572738272,13.322140621588005,0.0,0.0
0.9020000000000007,84.9935955618997,84.9935955618997,84.9935955618997,14.192472817851865,0.0,0.0
0.9040000000000007,84.7355430476336,84.7355430476336,84.7355430476336,15.019213314300913,0.0,0.0
0.9060000000000007,84.49781017680428,84.49781017680428,84.49781017680428,15.793370857099205,0.0,0.0
0.9080000000000007,84.28295369837504,84.28295369837504,84.28295369837504,16.506569469587134,0.0,0.0
0.9100000000000007,84.0932676826148,84.0932676826148,84.0932676826148,17.151138904874898,0.0,0.0
0.9120000000000007,83.93075909478044,83.93075909478044,83.93075909478044,17.720196952155618,0.0,0.0
0.9140000000000007,83.79712663721727,83.79712663721727,83.79712663721727,18.20772271565869,0.0,0.0
0.9160000000000007,83.69337407834752,83.69337407834752,83.69337407834752,18.608620088348175,0.0,0.0
0.9180000000000007,83.62053971255462,83.62053971255462,83.62053971255462,18.91987776495742,0.0,0.0
0.9200000000000007,83.57931573505739,83.57931573505739,83.57931573505739,19.138380862336135,0.0,0.0
0.9220000000000007,83.57004185635103,83.57004185635103,83.57004185635103,19.262052794827838,0.0,0.0
0.9240000000000007,83.59270284225593,83.59270284225593,83.59270284225593,19.289874430946924,0.0,0.0
0.9260000000000007,83.64692999232072,83.64692999232072,83.64692999232072,19.221891473232176,0.0,0.0
0.9280000000000007,83.7320065256806,83.7320065256806,83.7320065256806,19.05921002303785,0.0,0.0
0.9300000000000007,83.84687680033052,83.84687680033052,83.84687680033052,18.803980422958176,0.0,0.0
0.9320000000000007,83.99015924960908,83.99015924960908,83.99015924960908,18.459369599008426,0.0,0.0
0.9340000000000007,84.16016287896842,84.16016287896842,84.16016287896842,18.02952225117278,0.0,0.0
0.9360000000000007,84.35490712727143,84.35490712727143,84.35490712727143,17.519511363094722,0.0,0.0
0.9380000000000007,84.57214486033416,84.57214486033416,84.57214486033416,16.93527861818569,0.0,0.0
0.9400000000000007,84.80938823061436,84.80938823061436,84.80938823061436,16.28356541899751,0.0,0.0
0.9420000000000007,85.06393710620037,85.06393710620037,85.06393710620037,15.57183530815692,0.0,0.0
0.9440000000000007,85.33290974490747,85.33290974490747,85.33290974490747,14.808188681398889,0.0,0.0
0.9460000000000007,85.61327536563142,85.61327536563142,85.61327536563142,14.00127076527761,0.0,0.0
0.9480000000000007,85.90188824939001,85.90188824939001,85.90188824939001,13.160173903105715,0.0,0.0
0.9500000000000007,86.19552298690532,86.19552298690532,86.19552298690532,12.29433525182992,0.0,0.0
0.9520000000000007,86.49091047830169,86.49091047830169,86.49091047830169,11.413431039284035,0.0,0.0
0.9540000000000007,86.78477428362314,86.78477428362314,86.78477428362314,10.527268565094971,0.0,0.0
0.9560000000000007,87.07386692047156,87.07386692047156,87.07386692047156,9.64567714913062,0.0,0.0
0.9580000000000007,87.3550057071419,87.3550057071419,87.3550057071419,8.778399238585337,0.0,0.0
0.9600000000000007,87.62510775614399,87.62510775614399,87.62510775614399,7.934982878574317,0.0,0.0
0.9620000000000007,87.88122373386403,87.88122373386403,87.88122373386403,7.124676731568059,0.0,0.0
0.9640000000000007,88.12057001719546,88.12057001719546,88.12057001719546,6.356328798407901,0.0,0.0
0.9660000000000007,88.340558897077,88.340558897077,88.340558897077,5.638289948413615,0.0,0.0
0.9680000000000007,88.5388265017884,88.5388265017884,88.5388265017884,4.97832330876895,0.0,0.0
0.9700000000000008,88.71325813930395,88.71325813930395,88.71325813930395,4.3835204946348085,0.0,0.0
0.9720000000000008,88.86201078768507,88.86201078768507,88.86201078768507,3.8602255820881624,0.0,0.0
0.9740000000000008,88.98353249506458,88.98353249506458,88.98353249506458,3.4139676369447898,0.0,0.0
0.9760000000000008,89.07694748955636,89.07694748955636,89.07694748955636,3.0494025148062747,0.0,0.0
0.9780000000000008,89.14132537163795,89.14132537163795,89.14132537163795,2.7691575313309045,0.0,0.0
0.9800000000000008,89.17606061904429,89.17606061904429,89.17606061904429,2.5760238850861583,0.0,0.0
0.9820000000000008,89.18087809115713,89.18087809115713,89.18087809115713,2.4718181428671073,0.0,0.0
0.9840000000000008,89.1558348557217,89.1558348557217,89.1558348557217,2.4573657265286215,0.0,0.0
0.9860000000000008,89.10131833123927,89.10131833123927,89.10131833123927,2.532495432834935,0.0,0.0
0.9880000000000008,89.0180407791951,89.0180407791951,89.0180407791951,2.6960450062821906,0.0,0.0
0.9900000000000008,88.90703022056222,88.90703022056222,88.90703022056222,2.9458776624147163,0.0,0.0
0.9920000000000008,88.76961789033135,88.76961789033135,88.76961789033135,3.2789093383133263,0.0,0.0
0.9940000000000008,88.60742238172126,88.60742238172126,88.60742238172126,3.69114632900596,0.0,0.0
0.9960000000000008,88.42233066781027,88.42233066781027,88.42233066781027,4.177732854836165,0.0,0.0
0.9980000000000008,88.21647622220362,88.21647622220362,88.21647622220362,4.733007996569199,0.0,0.0
1.0000000000000007,87.99221449164861,87.99221449164861,87.99221449164861,5.350571333389155,0.0,0.0
1.0020000000000007,87.75209600188921,87.75209600188921,87.75209600188921,6.023356525054169,0.0,0.0
1.0040000000000007,87.49883740321502,87.49883740321502,87.49883740321502,6.743711994332386,0.0,0.0
1.0060000000000007,87.23529078383615,87.23529078383615,87.23529078383615,7.503487790354939,0.0,0.0
1.0080000000000007,86.96441159718003,86.96441159718003,86.96441159718003,8.294127648491553,0.0,0.0
1.0100000000000007,86.68922556327342,86.68922556327342,86.68922556327342,9.106765208459876,0.0,0.0
1.0120000000000007,86.41279491440035,86.41279491440035,86.41279491440035,9.932323310179754,0.0,0.0
1.0140000000000007,86.13818436112015,86.13818436112015,86.13818436112015,10.761615256798962,0.0,0.0
1.0160000000000007,85.86842715643746,85.86842715643746,85.86842715643746,11.585446916639512,0.0,0.0
1.0180000000000007,85.60649163343508,85.60649163343508,85.60649163343508,12.394718530687612,0.0,0.0
1.0200000000000007,85.35524858505522,85.35524858505522,85.35524858505522,13.180525099694705,0.0,0.0
1.0220000000000007,85.11743984403039,85.11743984403039,85.11743984403039,13.934254244834335,0.0,0.0
1.0240000000000007,84.89564840635956,84.89564840635956,84.89564840635956,14.647680467908827,0.0,0.0
1.0260000000000007,84.69227042336988,84.69227042336988,84.69227042336988,15.313054780921306,0.0,0.0
1.0280000000000007,84.50948936551998,84.50948936551998,84.50948936551998,15.92318872989037,0.0,0.0
1.0300000000000007,84.34925263594052,84.34925263594052,84.34925263594052,16.471531903440052,0.0,0.0
1.0320000000000007,84.21325088356312,84.21325088356312,84.21325088356312,16.952242092178437,0.0,0.0
1.0340000000000007,84.10290023488199,84.10290023488199,84.10290023488199,17.36024734931067,0.0,0.0
1.0360000000000007,84.01895862658473,84.01895862658473,84.01895862658473,17.691299295354042,0.0,0.0
1.0380000000000007,83.96225785123414,83.96225785123414,83.96225785123414,17.943124120245812,0.0,0.0
1.0400000000000007,83.9333250730114,83.9333250730114,83.9333250730114,18.113226446297602,0.0,0.0
1.0420000000000007,83.9323781160403,83.9323781160403,83.9323781160403,18.200024780965776,0.0,0.0
1.0440000000000007,83.95932419452619,83.95932419452619,83.95932419452619,18.202865651879137,0.0,0.0
1.0460000000000007,84.0137620860672,84.0137620860672,84.0137620860672,18.122027416421446,0.0,0.0
1.0480000000000007,84.094987711373,84.094987711373,84.094987711373,17.95871374179839,0.0,0.0
1.0500000000000007,84.2020030460536,84.2020030460536,84.2020030460536,17.715036865881018,0.0,0.0
1.0520000000000007,84.33352825352816,84.33352825352816,84.33352825352816,17.3939908618392,0.0,0.0
1.0540000000000007,84.4880168928549,84.4880168928549,84.4880168928549,16.999415239415526,0.0,0.0
1.0560000000000007,84.6636740217835,84.6636740217835,84.6636740217835,16.53594932143531,0.0,0.0
1.0580000000000007,84.85847698394356,84.85847698394356,84.85847698394356,16.008977934649465,0.0,0.0
1.0600000000000007,85.07019864014794,85.07019864014794,85.07019864014794,15.424569048169303,0.0,0.0
1.0620000000000007,85.29643277761927,85.29643277761927,85.29643277761927,14.789404079556192,0.0,0.0
1.0640000000000007,85.53462140782003,85.53462140782003,85.53462140782003,14.110701667142166,0.0,0.0
1.0660000000000007,85.78208364372685,85.78208364372685,85.78208364372685,13.396135776539893,0.0,0.0
1.0680000000000007,86.03604583104661,86.03604583104661,86.03604583104661,12.65374906881948,0.0,0.0
1.0700000000000007,86.29367259519125,86.29367259519125,86.29367259519125,11.89186250686015,0.0,0.0
1.0720000000000007,86.55209845693841,86.55209845693841,86.55209845693841,11.11898221442624,0.0,0.0
1.0740000000000007,86.80845966469087,86.80845966469087,86.80845966469087,10.343704629184742,0.0,0.0
1.0760000000000007,87.05992589014879,87.05992589014879,87.05992589014879,9.574621005927384,0.0,0.0
1.0780000000000007,87.30373143702401,87.30373143702401,87.30373143702401,8.820222329553644,0.0,0.0
1.0800000000000007,87.53720561910977,87.53720561910977,87.53720561910977,8.088805688927948,0.0,0.0
1.0820000000000007,87.75780197448182,87.75780197448182,87.75780197448182,7.388383142670705,0.0,0.0
1.0840000000000007,87.96312599672171,87.96312599672171,87.96312599672171,6.726594076554534,0.0,0.0
1.0860000000000007,88.15096108164644,88.15096108164644,88.15096108164644,6.110622009834856,0.0,0.0
1.0880000000000007,88.3192924088964,88.3192924088964,88.3192924088964,5.547116755060699,0.0,0.0
1.0900000000000007,88.46632850162997,88.46632850162997,88.46632850162997,5.042122773310837,0.0,0.0
1.0920000000000007,88.59052023422471,88.59052023422471,88.59052023422471,4.601014495110064,0.0,0.0
1.0940000000000007,88.69057708698452,88.69057708698452,88.69057708698452,4.228439297325849,0.0,0.0
1.0960000000000008,88.76584948176016,88.76584948176016,88.76584948176016,3.928268739046416,0.0,0.0
1.0980000000000008,88.8155956003732,88.8155956003732,88.8155956003732,3.7024515547195165,0.0,0.0
1.1000000000000008,88.83935894068466,88.83935894068466,88.83935894068466,3.5532131988803712,0.0,0.0
1.1020000000000008,88.83697231729735,88.83697231729735,88.83697231729735,3.481923177945987,0.0,0.0
1.1040000000000008,88.80855864472738,88.80855864472738,88.80855864472738,3.4890830481079433,0.0,0.0
1.1060000000000008,88.7545285062474,88.7545285062474,88.7545285062474,3.574324065817848,0.0,0.0
1.1080000000000008,88.67557454717604,88.67557454717604,88.67557454717604,3.736414481257839,0.0,0.0
1.1100000000000008,88.5726627663982,88.5726627663982,88.5726627663982,3.973276358471878,0.0,0.0
1.1120000000000008,88.44702081396568,88.44702081396568,88.44702081396568,4.282011700805413,0.0,0.0
1.1140000000000008,88.30012343537277,88.30012343537277,88.30012343537277,4.658937558102991,0.0,0.0
1.1160000000000008,88.13367523416906,88.13367523416906,88.13367523416906,5.099629693881695,0.0,0.0
1.1180000000000008,87.94959095362476,87.94959095362476,87.94959095362476,5.598974297492816,0.0,0.0
1.1200000000000008,87.74997350488736,87.74997350488736,87.74997350488736,6.1512271391256945,0.0,0.0
1.1220000000000008,87.53708999317607,87.53708999317607,87.53708999317607,6.750079485337892,0.0,0.0
1.1240000000000008,87.31334601479386,87.31334601479386,87.31334601479386,7.388730020471769,0.0,0.0
1.1260000000000008,87.0812585158729,87.0812585158729,87.0812585158729,8.059961955618405,0.0,0.0
1.1280000000000008,86.84342751861728,86.84342751861728,86.84342751861728,8.756224452381275,0.0,0.0
1.1300000000000008,86.60250703221553,86.60250703221553,86.60250703221553,9.46971744414816,0.0,0.0
1.1320000000000008,86.36117547345127,86.36117547345127,86.36117547345127,10.19247890335339,0.0,0.0
1.1340000000000008,86.12210592626785,86.12210592626785,86.12210592626785,10.916473579646208,0.0,0.0
1.1360000000000008,85.88793657011166,85.88793657011166,85.88793657011166,11.633682221196466,0.0,0.0
1.1380000000000008,85.66124160379246,85.66124160379246,85.66124160379246,12.336190289665012,0.0,0.0
1.1400000000000008,85.44450298490847,85.44450298490847,85.44450298490847,13.016275188622615,0.0,0.0
1.1420000000000008,85.2400832946745,85.2400832946745,85.2400832946745,13.666491045274597,0.0,0.0
1.1440000000000008,85.05020002438965,85.05020002438965,85.05020002438965,14.279750115976498,0.0,0.0
1.1460000000000008,84.87690156295025,84.87690156295025,84.87690156295025,14.84939992683104,0.0,0.0
1.1480000000000008,84.72204514495213,84.72204514495213,84.72204514495213,15.369295311149273,0.0,0.0
1.1500000000000008,84.5872769962645,84.5872769962645,84.5872769962645,15.833864565143614,0.0,0.0
1.1520000000000008,84.4740148887573,84.4740148887573,84.4740148887573,16.23816901120648,0.0,0.0
1.1540000000000008,84.38343328841331,84.38343328841331,84.38343328841331,16.57795533372814,0.0,0.0
1.1560000000000008,84.31608224797748,84.31608224797748,84.31608224797748,16.84970013476004,0.0,0.0
1.1580000000000008,84.27262162929993,84.27262162929993,84.27262162929993,17.05175325606757,0.0,0.0
1.1600000000000008,84.25344438970276,84.25344438970276,84.25344438970276,17.182135112100184,0.0,0.0
1.1620000000000008,84.25867321678638,84.25867321678638,84.25867321678638,17.239666830891707,0.0,0.0
1.1640000000000008,84.28816016756944,84.28816016756944,84.28816016756944,17.22398034964087,0.0,0.0
1.1660000000000008,84.341489304871,84.341489304871,84.341489304871,17.135519497291654,0.0,0.0
1.1680000000000008,84.4179822906895,84.4179822906895,84.4179822906895,16.97553208538696,0.0,0.0
1.1700000000000008,84.51670686374824,84.51670686374824,84.51670686374824,16.746053127931532,0.0,0.0
1.1720000000000008,84.6364880967173,84.6364880967173,84.6364880967173,16.449879408755294,0.0,0.0
1.1740000000000008,84.77592229823573,84.77592229823573,84.77592229823573,16.090535709848098,0.0,0.0
1.1760000000000008,84.93339339607806,84.93339339607806,84.93339339607806,15.672233105292804,0.0,0.0
1.1780000000000008,85.10709161094593,85.10709161094593,85.10709161094593,15.19981981176582,0.0,0.0
1.1800000000000008,85.29503420571156,85.29503420571156,85.29503420571156,14.678725167162213,0.0,0.0
1.1820000000000008,85.49508807275802,85.49508807275802,85.49508807275802,14.114897382865308,0.0,0.0
1.1840000000000008,85.70499390258927,85.70499390258927,85.70499390258927,13.51473578172596,0.0,0.0
1.1860000000000008,85.92239166032604,85.92239166032604,85.92239166032604,12.885018292232246,0.0,0.0
1.1880000000000008,86.14484708323363,86.14484708323363,86.14484708323363,12.232825019021845,0.0,0.0
1.1900000000000008,86.36987890218325,86.36987890218325,86.36987890218325,11.565458750299115,0.0,0.0
1.1920000000000008,86.59498648303138,86.59498648303138,86.59498648303138,10.890363293450264,0.0,0.0
1.1940000000000008,86.8176775803742,86.8176775803742,86.8176775803742,10.215040550905883,0.0,0.0
1.1960000000000008,87.03549589602525,87.03549589602525,87.03549589602525,9.54696725887743,0.0,0.0
1.1980000000000008,87.24604813786182,87.24604813786182,87.24604813786182,8.893512311924212,0.0,0.0
1.2000000000000008,87.44703028133891,87.44703028133891,87.44703028133891,8.261855586414526,0.0,0.0
1.2020000000000008,87.63625274589535,87.63625274589535,87.63625274589535,7.658909155983281,0.0,0.0
1.2040000000000008,87.81166421155052,87.81166421155052,87.81166421155052,7.0912417623139845,0.0,0.0
1.2060000000000008,87.97137381705697,87.97137381705697,87.97137381705697,6.5650073653484355,0.0,0.0
1.2080000000000009,88.11367149984504,88.11367149984504,88.11367149984504,6.0858785488291005,0.0,0.0
1.2100000000000009,88.23704625945112,88.23704625945112,88.23704625945112,5.658985500464837,0.0,0.0
1.2120000000000009,88.34020214991342,88.34020214991342,88.34020214991342,5.288861221646641,0.0,0.0
1.2140000000000009,88.4220718324783,88.4220718324783,88.4220718324783,4.979393550259715,0.0,0.0
1.2160000000000009,88.48219655127934,88.48219655127934,88.48219655127934,4.733784502565129,0.0,0.0
1.2180000000000009,88.51999095874223,88.51999095874223,88.51999095874223,4.553410346161968,0.0,0.0
1.2200000000000009,88.53511906626531,88.53511906626531,88.53511906626531,4.440027123773291,0.0,0.0
1.2220000000000009,88.52749704350677,88.52749704350677,88.52749704350677,4.3946428012041,0.0,0.0
1.2240000000000009,88.49729321592254,88.49729321592254,88.49729321592254,4.417508869479718,0.0,0.0
1.2260000000000009,88.44492527092065,88.44492527092065,88.44492527092065,4.5081203522324245,0.0,0.0
1.2280000000000009,88.37105471386063,88.37105471386063,88.37105471386063,4.665224187238039,0.0,0.0
1.2300000000000009,88.27657864541858,88.27657864541858,88.27657864541858,4.886835858418124,0.0,0.0
1.2320000000000009,88.16261896122816,88.16261896122816,88.16261896122816,5.170264063744241,0.0,0.0
1.2340000000000009,88.03050910286987,88.03050910286987,88.03050910286987,5.512143116315485,0.0,0.0
1.2360000000000009,87.88177851591286,87.88177851591286,87.88177851591286,5.9084726913903864,0.0,0.0
1.2380000000000009,87.71813499552124,87.71813499552124,87.71813499552124,6.3546644522614315,0.0,0.0
1.2400000000000009,87.54144512285592,87.54144512285592,87.54144512285592,6.845595013436309,0.0,0.0
1.2420000000000009,87.35371301588836,87.35371301588836,87.35371301588836,7.375664631432244,0.0,0.0
1.2440000000000009,87.15705763607691,87.15705763607691,87.15705763607691,7.938860952334949,0.0,0.0
1.2460000000000009,86.9536889074521,86.9536889074521,86.9536889074521,8.528827091769244,0.0,0.0
1.2480000000000009,86.74588291685781,86.74588291685781,86.74588291685781,9.138933277643673,0.0,0.0
1.2500000000000009,86.53595647327465,86.53595647327465,86.53595647327465,9.762351249426558,0.0,0.0
1.252000000000001,86.32624131022199,86.32624131022199,86.32624131022199,10.392130580176058,0.0,0.0
1.254000000000001,86.11905821813754,86.11905821813754,86.11905821813754,11.021276069334021,0.0,0.0
1.256000000000001,85.91669139335076,85.91669139335076,85.91669139335076,11.642825345587426,0.0,0.0
1.258000000000001,85.72136328681023,85.72136328681023,85.72136328681023,12.249925819947748,0.0,0.0
1.260000000000001,85.53521022914835,85.53521022914835,85.53521022914835,12.835910139569307,0.0,0.0
1.262000000000001,85.36025909905185,85.36025909905185,85.36025909905185,13.394369312554943,0.0,0.0
1.264000000000001,85.19840528937209,85.19840528937209,85.19840528937209,13.919222702844479,0.0,0.0
1.266000000000001,85.05139221010401,85.05139221010401,85.05139221010401,14.40478413188373,0.0,0.0
1.268000000000001,84.92079254946675,84.92079254946675,84.92079254946675,14.845823369687992,0.0,0.0
1.270000000000001,84.80799149404072,84.80799149404072,84.80799149404072,15.237622351599725,0.0,0.0
1.272000000000001,84.71417208648666,84.71417208648666,84.71417208648666,15.576025517877838,0.0,0.0
1.274000000000001,84.64003996192422,84.64003996192422,84.64003996192422,15.857483740540033,0.0,0.0
1.276000000000001,84.5862370338149,84.5862370338149,84.5862370338149,16.079880114227336,0.0,0.0
1.278000000000001,84.5532838910438,84.5532838910438,84.5532838910438,16.241288898555325,0.0,0.0
1.280000000000001,84.54146839207212,84.54146839207212,84.54146839207212,16.340148326868587,0.0,0.0
1.282000000000001,84.55084333709586,84.55084333709586,84.55084333709586,16.375594823783644,0.0,0.0
1.284000000000001,84.58122675091548,84.58122675091548,84.58122675091548,16.347469988712447,0.0,0.0
1.286000000000001,84.63220476375147,84.63220476375147,84.63220476375147,16.25631974725357,0.0,0.0
1.288000000000001,84.70313704852808,84.70313704852808,84.70313704852808,16.103385708745606,0.0,0.0
1.290000000000001,84.79316474500078,84.79316474500078,84.79316474500078,15.890588854415768,0.0,0.0
1.292000000000001,84.90122077382965,84.90122077382965,84.90122077382965,15.620505764997688,0.0,0.0
1.294000000000001,85.026042417602,85.026042417602,85.026042417602,15.296337678511037,0.0,0.0
1.296000000000001,85.16618602116559,85.16618602116559,85.16618602116559,14.921872747193987,0.0,0.0
1.298000000000001,85.32004364071788,85.32004364071788,85.32004364071788,14.501441936503227,0.0,0.0
1.300000000000001,85.48586145015318,85.48586145015318,85.48586145015318,14.039869077846362,0.0,0.0
1.302000000000001,85.6617596944228,85.6617596944228,85.6617596944228,13.542415649540487,0.0,0.0
1.304000000000001,85.84575396331407,85.84575396331407,85.84575396331407,13.01472091673162,0.0,0.0
1.306000000000001,86.03577754527237,86.03577754527237,86.03577754527237,12.462738110057785,0.0,0.0
1.308000000000001,86.2297046098219,86.2297046098219,86.2297046098219,11.892667364182898,0.0,0.0
1.310000000000001,86.42537395889535,86.42537395889535,86.42537395889535,11.310886170534332,0.0,0.0
1.312000000000001,86.62061308204349,86.62061308204349,86.62061308204349,10.723878123313966,0.0,0.0
1.314000000000001,86.81326224810944,86.81326224810944,86.81326224810944,10.1381607538695,0.0,0.0
1.316000000000001,87.00119836653553,87.00119836653553,87.00119836653553,9.56021325567167,0.0,0.0
1.318000000000001,87.1823583550058,87.1823583550058,87.1823583550058,8.996404900393372,0.0,0.0
1.320000000000001,87.35476175656282,87.35476175656282,87.35476175656282,8.452924934982605,0.0,0.0
1.322000000000001,87.51653235859497,87.51653235859497,87.51653235859497,7.935714730311531,0.0,0.0
1.324000000000001,87.66591857805213,87.66591857805213,87.66591857805213,7.450402924215098,0.0,0.0
1.326000000000001,87.80131239177639,87.80131239177639,87.80131239177639,7.002244265843615,0.0,0.0
1.328000000000001,87.92126660775509,87.92126660775509,87.92126660775509,6.59606282467081,0.0,0.0
1.330000000000001,88.02451029222365,88.02451029222365,88.02451029222365,6.236200176734769,0.0,0.0
1.332000000000001,88.10996218864372,88.10996218864372,88.10996218864372,5.9264691233290705,0.0,0.0
1.334000000000001,88.17711099110679,88.17711099110679,88.17711099110679,5.67011343406881,0.0,0.0
1.336000000000001,88.2252808940282,88.2252808940282,88.2252808940282,5.468667026679668,0.0,0.0
1.338000000000001,88.25400868408983,88.25400868408983,88.25400868408983,5.324157317915422,0.0,0.0
1.340000000000001,88.26304808358934,88.26304808358934,88.26304808358934,5.237973947730552,0.0,0.0
1.342000000000001,88.2523716762613,88.2523716762613,88.2523716762613,5.210855749231996,0.0,0.0
1.344000000000001,88.22217040317145,88.22217040317145,88.22217040317145,5.242884971216085,0.0,0.0
1.346000000000001,88.1728506432313,88.1728506432313,88.1728506432313,5.33348879048566,0.0,0.0
1.348000000000001,88.10502891956511,88.10502891956511,88.10502891956511,5.481448070306101,0.0,0.0
1.350000000000001,88.01952429909073,88.01952429909073,88.01952429909073,5.684913241304628,0.0,0.0
1.352000000000001,87.91734857796393,87.91734857796393,87.91734857796393,5.9414271027278005,0.0,0.0
1.354000000000001,87.79969436970516,87.79969436970516,87.79969436970516,6.247954266108195,0.0,0.0
1.356000000000001,87.66792123561298,87.66792123561298,87.66792123561298,6.600916890884491,0.0,0.0
1.358000000000001,87.52354001822653,87.52354001822653,87.52354001822653,6.9962362931610755,0.0,0.0
1.360000000000001,87.36819555789805,87.36819555789805,87.36819555789805,7.42937994532042,0.0,0.0
1.362000000000001,87.20364798977116,87.20364798977116,87.20364798977116,7.895413326305857,0.0,0.0
1.364000000000001,87.031752833448,87.031752833448,87.031752833448,8.389056030686561,0.0,0.0
1.366000000000001,86.85444010020964,86.85444010020964,86.85444010020964,8.90474149965604,0.0,0.0
1.368000000000001,86.67369265270047,86.67369265270047,86.67369265270047,9.436679699371098,0.0,0.0
1.370000000000001,86.49152405939577,86.49152405939577,86.49152405939577,9.978922041898556,0.0,0.0
1.372000000000001,86.3099561908701,86.3099561908701,86.3099561908701,10.525427821812684,0.0,0.0
1.374000000000001,86.13099680683119,86.13099680683119,86.13099680683119,11.070131427389754,0.0,0.0
1.376000000000001,85.95661738206735,85.95661738206735,85.95661738206735,11.607009579506439,0.0,0.0
1.378000000000001,85.788731415896,85.788731415896,85.788731415896,12.13014785379795,0.0,0.0
1.380000000000001,85.62917346344598,85.62917346344598,85.62917346344598,12.633805752312014,0.0,0.0
1.382000000000001,85.47967911823623,85.47967911823623,85.47967911823623,13.112479609662046,0.0,0.0
1.384000000000001,85.34186616413534,85.34186616413534,85.34186616413534,13.56096264529134,0.0,0.0
1.386000000000001,85.21721710103702,85.21721710103702,85.21721710103702,13.974401507593939,0.0,0.0
1.388000000000001,85.107063232625,85.107063232625,85.107063232625,14.348348696888934,0.0,0.0
1.390000000000001,85.01257048661348,85.01257048661348,85.01257048661348,14.678810302125015,0.0,0.0
1.392000000000001,84.9347271180417,84.9347271180417,84.9347271180417,14.962288540159562,0.0,0.0
1.394000000000001,84.87396442110995,84.87396442110995,84.87396442110995,15.19581864587488,0.0,0.0
1.396000000000001,84.83089201729112,84.83089201729112,84.83089201729112,15.378106736670162,0.0,0.0
1.398000000000001,84.80592144502928,84.80592144502928,84.80592144502928,15.50732394812664,0.0,0.0
1.400000000000001,84.79926233489725,84.79926233489725,84.79926233489725,15.582235664912162,0.0,0.0
1.402000000000001,84.81092083401037,84.81092083401037,84.81092083401037,15.602212995308264,0.0,0.0
1.404000000000001,84.84070028883883,84.84070028883883,84.84070028883883,15.567237497968875,0.0,0.0
1.406000000000001,84.8882041705258,84.8882041705258,84.8882041705258,15.477899133483504,0.0,0.0
1.408000000000001,84.95284120205312,84.95284120205312,84.95284120205312,15.335387488422612,0.0,0.0
1.410000000000001,85.03383262237126,85.03383262237126,85.03383262237126,15.141476393840634,0.0,0.0
1.412000000000001,85.13022149919335,85.13022149919335,85.13022149919335,14.898502132886193,0.0,0.0
1.414000000000001,85.24088397979993,85.24088397979993,85.24088397979993,14.609335502419924,0.0,0.0
1.416000000000001,85.36454234815558,85.36454234815558,85.36454234815558,14.27734806060019,0.0,0.0
1.418000000000001,85.49977973712811,85.49977973712811,85.49977973712811,13.9063729555333,0.0,0.0
1.420000000000001,85.64505632683732,85.64505632683732,85.64505632683732,13.500660788615676,0.0,0.0
1.422000000000001,85.7987268443317,85.7987268443317,85.7987268443317,13.064831019488054,0.0,0.0
1.424000000000001,85.95905916606782,85.95905916606782,85.95905916606782,12.60381946700494,0.0,0.0
1.426000000000001,86.12425381319161,86.12425381319161,86.12425381319161,12.122822501796577,0.0,0.0
1.428000000000001,86.29246412051208,86.29246412051208,86.29246412051208,11.627238560425155,0.0,0.0
1.430000000000001,86.46181685340875,86.46181685340875,86.46181685340875,11.122607638463762,0.0,0.0
1.432000000000001,86.63043304278834,86.63043304278834,86.63043304278834,10.614549439773782,0.0,0.0
1.434000000000001,86.7964488066412,86.7964488066412,86.7964488066412,10.108700871634994,0.0,0.0
1.436000000000001,86.95803592774949,86.95803592774949,86.95803592774949,9.610653580076416,0.0,0.0
1.438000000000001,87.11342196064983,87.11342196064983,87.11342196064983,9.125892216751538,0.0,0.0
1.440000000000001,87.26090964700091,87.26090964700091,87.26090964700091,8.659734118050494,0.0,0.0
1.442000000000001,87.39889542697799,87.39889542697799,87.39889542697799,8.217271058997255,0.0,0.0
1.444000000000001,87.52588684510668,87.52588684510668,87.52588684510668,7.803313719066068,0.0,0.0
1.446000000000001,87.64051866193115,87.64051866193115,87.64051866193115,7.422339464679908,0.0,0.0
1.448000000000001,87.74156749793414,87.74156749793414,87.74156749793414,7.078444014206525,0.0,0.0
1.450000000000001,87.82796485301535,87.82796485301535,87.82796485301535,6.775297506197546,0.0,0.0
1.452000000000001,87.89880836339498,87.89880836339498,87.89880836339498,6.516105440953936,0.0,0.0
1.454000000000001,87.9537401815216,87.9537401815216,87.9537401815216,6.303574909815097,0.0,0.0
1.456000000000001,87.99221092081909,87.99221092081909,87.99221092081909,6.138779455435213,0.0,0.0
1.458000000000001,88.01385544793298,88.01385544793298,88.01385544793298,6.023367237542743,0.0,0.0
1.460000000000001,88.01849624489591,88.01849624489591,88.01849624489591,5.958433656201066,0.0,0.0
1.462000000000001,88.00614468196345,88.00614468196345,88.00614468196345,5.944511265312258,0.0,0.0
1.464000000000001,87.97700019473965,87.97700019473965,87.97700019473965,5.981565954109669,0.0,0.0
1.466000000000001,87.93144738243467,87.93144738243467,87.93144738243467,6.068999415781093,0.0,0.0
1.468000000000001,87.87005106704851,87.87005106704851,87.87005106704851,6.2056578526959925,0.0,0.0
1.470000000000001,87.79354937570014,87.79354937570014,87.79354937570014,6.389846798854478,0.0,0.0
1.472000000000001,87.7028449299763,87.7028449299763,87.7028449299763,6.6193518728995855,0.0,0.0
1.474000000000001,87.59899424681997,87.59899424681997,87.59899424681997,6.891465210071146,0.0,0.0
1.476000000000001,87.4831954748913,87.4831954748913,87.4831954748913,7.203017259540104,0.0,0.0
1.478000000000001,87.35677460830306,87.35677460830306,87.35677460830306,7.550413575326104,0.0,0.0
1.480000000000001,87.22117033596454,87.22117033596454,87.22117033596454,7.929676175090833,0.0,0.0
1.482000000000001,87.07791769928821,87.07791769928821,87.07791769928821,8.336488992106354,0.0,0.0
1.484000000000001,86.92863074356688,86.92863074356688,86.92863074356688,8.766246902135379,0.0,0.0
1.486000000000001,86.7749843587866,86.7749843587866,86.7749843587866,9.214107769299346,0.0,0.0
1.488000000000001,86.61869551388979,86.61869551388979,86.61869551388979,9.675046923640195,0.0,0.0
1.490000000000001,86.46150409446614,86.46150409446614,86.46150409446614,10.143913458330644,0.0,0.0
1.492000000000001,86.30515355746324,86.30515355746324,86.30515355746324,10.615487716601592,0.0,0.0
1.494000000000001,86.15137161774673,86.15137161774673,86.15137161774673,11.084539327610287,0.0,0.0
1.496000000000001,86.00185118019435,86.00185118019435,86.00185118019435,11.545885146759815,0.0,0.0
1.498000000000001,85.85823172750163,85.85823172750163,85.85823172750163,11.994446459416963,0.0,0.0
1.500000000000001,85.72208136805685,85.72208136805685,85.72208136805685,12.425304817495089,0.0,0.0
1.5020000000000011,85.59487974018134,85.59487974018134,85.59487974018134,12.833755895829427,0.0,0.0
1.5040000000000011,85.47800195882735,85.47800195882735,85.47800195882735,13.215360779455978,0.0,0.0
1.5060000000000011,85.37270377859835,85.37270377859835,85.37270377859835,13.565994123517953,0.0,0.0
1.5080000000000011,85.28010813285066,85.28010813285066,85.28010813285066,13.88188866420495,0.0,0.0
1.5100000000000011,85.20119319281217,85.20119319281217,85.20119319281217,14.159675601448043,0.0,0.0
1.5120000000000011,85.1367820732962,85.1367820732962,85.1367820732962,14.396420421563505,0.0,0.0
1.5140000000000011,85.08716528920321,85.08716528920321,85.08716528920321,14.589653780111405,0.0,0.0
1.5160000000000011,85.05283751218211,85.05283751218211,85.05283751218211,14.738504132390375,0.0,0.0
1.5180000000000011,85.0341223375244,85.0341223375244,85.0341223375244,14.841487463453689,0.0,0.0
1.5200000000000011,85.03116933320646,85.03116933320646,85.03116933320646,14.897632987426846,0.0,0.0
1.5220000000000011,85.04395302632285,85.04395302632285,85.04395302632285,14.90649200038061,0.0,0.0
1.5240000000000011,85.07227383098136,85.07227383098136,85.07227383098136,14.868140921031454,0.0,0.0
1.5260000000000011,85.11576090022436,85.11576090022436,85.11576090022436,14.783178507055936,0.0,0.0
1.5280000000000011,85.1738768633053,85.1738768633053,85.1738768633053,14.652717299326952,0.0,0.0
1.5300000000000011,85.24592438892131,85.24592438892131,85.24592438892131,14.478369410084099,0.0,0.0
1.5320000000000011,85.33105449500825,85.33105449500825,85.33105449500825,14.26222683323607,0.0,0.0
1.5340000000000011,85.42827650666304,85.42827650666304,85.42827650666304,14.006836514975248,0.0,0.0
1.5360000000000011,85.53646954587634,85.53646954587634,85.53646954587634,13.715170480010897,0.0,0.0
1.5380000000000011,85.65439542023046,85.65439542023046,85.65439542023046,13.39059136237097,0.0,0.0
1.5400000000000011,85.78071276272092,85.78071276272092,85.78071276272092,13.036813739308627,0.0,0.0
1.5420000000000011,85.91399226155585,85.91399226155585,85.91399226155585,12.657861711837256,0.0,0.0
1.5440000000000011,86.05273280731511,86.05273280731511,86.05273280731511,12.258023215332457,0.0,0.0
1.5460000000000012,86.19537837533376,86.19537837533376,86.19537837533376,11.841801578054685,0.0,0.0
1.5480000000000012,86.34033545370659,86.34033545370659,86.34033545370659,11.413864873998705,0.0,0.0
1.5500000000000012,86.48599082197059,86.48599082197059,86.48599082197059,10.97899363888024,0.0,0.0
1.5520000000000012,86.6307294823594,86.6307294823594,86.6307294823594,10.54202753408822,0.0,0.0
1.5540000000000012,86.77295254456568,86.77295254456568,86.77295254456568,10.10781155292176,0.0,0.0
1.5560000000000012,86.91109486619668,86.91109486619668,86.91109486619668,9.681142366302936,0.0,0.0
1.5580000000000012,87.04364225454272,87.04364225454272,87.04364225454272,9.266715401409954,0.0,0.0
1.5600000000000012,87.16914804085195,87.16914804085195,87.16914804085195,8.86907323637189,0.0,0.0
1.5620000000000012,87.28624884594765,87.28624884594765,87.28624884594765,8.492555877444147,0.0,0.0
1.5640000000000012,87.39367936564507,87.39367936564507,87.39367936564507,8.14125346215701,0.0,0.0
1.5660000000000012,87.49028601590841,87.49028601590841,87.49028601590841,7.818961903064803,0.0,0.0
1.5680000000000012,87.57503929090242,87.57503929090242,87.57503929090242,7.529141952274756,0.0,0.0
1.5700000000000012,87.64704470188278,87.64704470188278,87.64704470188278,7.274882127292756,0.0,0.0
1.5720000000000012,87.70555218106746,87.70555218106746,87.70555218106746,7.058865894351641,0.0,0.0
1.5740000000000012,87.75033285574148,87.75033285574148,87.75033285574148,6.883343456797604,0.0,0.0
1.5760000000000012,87.7809416512941,87.7809416512941,87.7809416512941,6.749001432775572,0.0,0.0
1.5780000000000012,87.79709201972705,87.79709201972705,87.79709201972705,6.657175046117686,0.0,0.0
1.5800000000000012,87.79865852680348,87.79865852680348,87.79865852680348,6.608723940818834,0.0,0.0
1.5820000000000012,87.78567764610321,87.78567764610321,87.78567764610321,6.604024419589564,0.0,0.0
1.5840000000000012,87.75834675781027,87.75834675781027,87.75834675781027,6.642967061690399,0.0,0.0
1.5860000000000012,87.7170213699412,87.7170213699412,87.7170213699412,6.724959726569182,0.0,0.0
1.5880000000000012,87.66221059933427,87.66221059933427,87.66221059933427,6.848935890176392,0.0,0.0
1.5900000000000012,87.59457096884765,87.59457096884765,87.59457096884765,7.013368201997196,0.0,0.0
1.5920000000000012,87.51489859564496,87.51489859564496,87.51489859564496,7.2162870934570265,0.0,0.0
1.5940000000000012,87.42411986298201,87.42411986298201,87.42411986298201,7.455304213065062,0.0,0.0
1.5960000000000012,87.32328068435493,87.32328068435493,87.32328068435493,7.727640411053983,0.0,0.0
1.5980000000000012,87.21353448405094,87.21353448405094,87.21353448405094,8.03015794693522,0.0,0.0
1.6000000000000012,87.0961290318951,87.0961290318951,87.0961290318951,8.359396547847211,0.0,0.0
1.6020000000000012,86.97239228216168,86.97239228216168,86.97239228216168,8.711612904314677,0.0,0.0
1.6040000000000012,86.84371737708967,86.84371737708967,86.84371737708967,9.082823153514937,0.0,0.0
1.6060000000000012,86.71154698409813,86.71154698409813,86.71154698409813,9.468847868730961,0.0,0.0
1.6080000000000012,86.57735714254828,86.57735714254828,86.57735714254828,9.865359047705567,0.0,0.0
1.6100000000000012,86.44264080068073,86.44264080068073,86.44264080068073,10.267928572355117,0.0,0.0
1.6120000000000012,86.30889122611882,86.30889122611882,86.30889122611882,10.67207759795781,0.0,0.0
1.6140000000000012,86.17758547405212,86.17758547405212,86.17758547405212,11.073326321643549,0.0,0.0
1.6160000000000012,86.05016809589652,86.05016809589652,86.05016809589652,11.467243577843647,0.0,0.0
1.6180000000000012,85.92803526789025,85.92803526789025,85.92803526789025,11.849495712310443,0.0,0.0
1.6200000000000012,85.81251951377453,85.81251951377453,85.81251951377453,12.215894196329259,0.0,0.0
1.6220000000000012,85.70487518848827,85.70487518848827,85.70487518848827,12.562441458676403,0.0,0.0
1.6240000000000012,85.60626488076596,85.60626488076596,85.60626488076596,12.885374434535152,0.0,0.0
1.6260000000000012,85.51774688177214,85.51774688177214,85.51774688177214,13.18120535770214,0.0,0.0
1.6280000000000012,85.44026385456311,85.44026385456311,85.44026385456311,13.446759354683536,0.0,0.0
1.6300000000000012,85.37463282537446,85.37463282537446,85.37463282537446,13.67920843631066,0.0,0.0
1.6320000000000012,85.32153660265466,85.32153660265466,85.32153660265466,13.876101523876628,0.0,0.0
1.6340000000000012,85.28114770987862,85.28114770987862,85.28114770987862,14.035390192036004,0.0,0.0
1.6360000000000012,85.25386636604406,85.25386636604406,85.25386636604406,14.156556870364113,0.0,0.0
1.6380000000000012,85.23994621130804,85.23994621130804,85.23994621130804,14.238400901867806,0.0,0.0
1.6400000000000012,85.23949204004363,85.23949204004363,85.23949204004363,14.280161366075902,0.0,0.0
1.6420000000000012,85.25245919000113,85.25245919000113,85.25245919000113,14.281523879869098,0.0,0.0
1.6440000000000012,85.27865458822446,85.27865458822446,85.27865458822446,14.2426224299966,0.0,0.0
1.6460000000000012,85.31773943603118,85.31773943603118,85.31773943603118,14.164036235326648,0.0,0.0
1.6480000000000012,85.36923349728475,85.36923349728475,85.36923349728475,14.046781691906489,0.0,0.0
1.6500000000000012,85.43252093657117,85.43252093657117,85.43252093657117,13.892299508145754,0.0,0.0
1.6520000000000012,85.50685763693137,85.50685763693137,85.50685763693137,13.702437190286503,0.0,0.0
1.6540000000000012,85.59137991068215,85.59137991068215,85.59137991068215,13.479427089205899,0.0,0.0
1.6560000000000012,85.68511450175471,85.68511450175471,85.68511450175471,13.225860267953578,0.0,0.0
1.6580000000000013,85.7869897640585,85.7869897640585,85.7869897640585,12.944656494735852,0.0,0.0
1.6600000000000013,85.89584788778488,85.89584788778488,85.89584788778488,12.639030707824475,0.0,0.0
1.6620000000000013,86.01045803443716,86.01045803443716,86.01045803443716,12.312456336645369,0.0,0.0
1.6640000000000013,86.12953023182759,86.12953023182759,86.12953023182759,11.968625896688536,0.0,0.0
1.6660000000000013,86.25172987241774,86.25172987241774,86.25172987241774,11.61140930451728,0.0,0.0
1.6680000000000013,86.37569265227783,86.37569265227783,86.37569265227783,11.244810382746778,0.0,0.0
1.6700000000000013,86.50003978366306,86.50003978366306,86.50003978366306,10.872922043166511,0.0,0.0
1.6720000000000013,86.62339331179227,86.62339331179227,86.62339331179227,10.499880649010834,0.0,0.0
1.6740000000000013,86.74439136588641,86.74439136588641,86.74439136588641,10.129820064623232,0.0,0.0
1.6760000000000013,86.86170317587815,86.86170317587815,86.86170317587815,9.76682590234077,0.0,0.0
1.6780000000000013,86.97404368942108,86.97404368942108,86.97404368942108,9.414890472365585,0.0,0.0
1.6800000000000013,87.0801876288614,87.0801876288614,87.0801876288614,9.07786893173676,0.0,0.0
1.6820000000000013,87.17898283462635,87.17898283462635,87.17898283462635,8.7594371134158,0.0,0.0
1.6840000000000013,87.26936274994982,87.26936274994982,87.26936274994982,8.463051496120954,0.0,0.0
1.6860000000000013,87.35035791189625,87.35035791189625,87.35035791189625,8.191911750150553,0.0,0.0
1.6880000000000013,87.42110632514294,87.42110632514294,87.42110632514294,7.94892626431124,0.0,0.0
1.6900000000000013,87.4808626078041,87.4808626078041,87.4808626078041,7.736681024571169,0.0,0.0
1.6920000000000013,87.52900581258308,87.52900581258308,87.52900581258308,7.557412176587661,0.0,0.0
1.6940000000000013,87.56541484524939,87.56541484524939,87.56541484524939,7.412982562250761,0.0,0.0
1.6960000000000013,87.58972995330902,87.58972995330902,87.58972995330902,7.303755464251822,0.0,0.0
1.6980000000000013,87.60172659285209,87.60172659285209,87.60172659285209,7.230810140072947,0.0,0.0
1.7000000000000013,87.6013174153542,87.6013174153542,87.6013174153542,7.194820221443706,0.0,0.0
1.7020000000000013,87.58855272837822,87.58855272837822,87.58855272837822,7.196047753937364,0.0,0.0
1.7040000000000013,87.56361943070792,87.56361943070792,87.56361943070792,7.234341814865331,0.0,0.0
1.7060000000000013,87.52683843933114,87.52683843933114,87.52683843933114,7.309141707876222,0.0,0.0
1.7080000000000013,87.47866064232112,87.47866064232112,87.47866064232112,7.419484682006555,0.0,0.0
1.7100000000000013,87.41966142785736,87.41966142785736,87.41966142785736,7.564018073036664,0.0,0.0
1.7120000000000013,87.35053385520504,87.35053385520504,87.35053385520504,7.74101571642791,0.0,0.0
1.7140000000000013,87.27208054826133,87.27208054826133,87.27208054826133,7.948398434384899,0.0,0.0
1.7160000000000013,87.18520440612264,87.18520440612264,87.18520440612264,8.183758355216014,0.0,0.0
1.7180000000000013,87.09089823787241,87.09089823787241,87.09089823787241,8.44438678163209,0.0,0.0
1.7200000000000013,86.99023344030346,86.99023344030346,86.99023344030346,8.727305286382773,0.0,0.0
1.7220000000000013,86.88434784744544,86.88434784744544,86.88434784744544,9.029299679089604,0.0,0.0
1.7240000000000013,86.77443288946019,86.77443288946019,86.77443288946019,9.34695645766368,0.0,0.0
1.7260000000000013,86.66172020560631,86.66172020560631,86.66172020560631,9.676701331619427,0.0,0.0
1.7280000000000013,86.54746786148321,86.54746786148321,86.54746786148321,10.014839383181027,0.0,0.0
1.7300000000000013,86.43294632459137,86.43294632459137,86.43294632459137,10.357596415550404,0.0,0.0
1.7320000000000013,86.31942435435309,86.31942435435309,86.31942435435309,10.701161026225918,0.0,0.0
1.7340000000000013,86.2081549631081,86.2081549631081,86.2081549631081,11.041726936940734,0.0,0.0
1.7360000000000013,86.10036160323551,86.10036160323551,86.10036160323551,11.375535110675685,0.0,0.0
1.7380000000000013,85.99722473247793,85.99722473247793,85.99722473247793,11.698915190293462,0.0,0.0
1.7400000000000013,85.89986890479535,85.89986890479535,85.89986890479535,12.008325802566162,0.0,0.0
1.7420000000000013,85.80935052771534,85.80935052771534,85.80935052771534,12.30039328561395,0.0,0.0
1.7440000000000013,85.72664641924763,85.72664641924763,85.72664641924763,12.571948416854013,0.0,0.0
1.7460000000000013,85.65264328808885,85.65264328808885,85.65264328808885,12.820060742257112,0.0,0.0
1.7480000000000013,85.58812825016587,85.58812825016587,85.58812825016587,13.042070135733411,0.0,0.0
1.7500000000000013,85.53378048267616,85.53378048267616,85.53378048267616,13.235615249502416,0.0,0.0
1.7520000000000013,85.49016410381917,85.49016410381917,85.49016410381917,13.398658551971494,0.0,0.0
1.7540000000000013,85.45735334882711,85.45735334882711,85.45735334882711,13.52950768854248,0.0,0.0
1.7560000000000013,85.43567156323914,85.43567156323914,85.43567156323914,13.627939953518705,0.0,0.0
1.7580000000000013,85.42531770051417,85.42531770051417,85.42531770051417,13.692985310282552,0.0,0.0
1.7600000000000013,85.42636457860537,85.42636457860537,85.42636457860537,13.724046898457459,0.0,0.0
1.7620000000000013,85.43875853930209,85.43875853930209,85.43875853930209,13.720906264183895,0.0,0.0
1.7640000000000013,85.46232050893384,85.46232050893384,85.46232050893384,13.683724382093715,0.0,0.0
1.7660000000000013,85.49674844352342,85.49674844352342,85.49674844352342,13.613038473198458,0.0,0.0
1.7680000000000013,85.54162112621201,85.54162112621201,85.54162112621201,13.509754669429753,0.0,0.0
1.7700000000000014,85.59640326992894,85.59640326992894,85.59640326992894,13.375136621363993,0.0,0.0
1.7720000000000014,85.66045186400196,85.66045186400196,85.66045186400196,13.210790190213174,0.0,0.0
1.7740000000000014,85.73302368986064,85.73302368986064,85.73302368986064,13.018644407994145,0.0,0.0
1.7760000000000014,85.81328391831919,85.81328391831919,85.81328391831919,12.800928930418081,0.0,0.0
1.7780000000000014,85.90031568927435,85.90031568927435,85.90031568927435,12.560148245042456,0.0,0.0
1.7800000000000014,85.99313056414546,85.99313056414546,85.99313056414546,12.299052932176949,0.0,0.0
1.7820000000000014,86.09067973212613,86.09067973212613,86.09067973212613,12.020608307563634,0.0,0.0
1.7840000000000014,86.19186584341175,86.19186584341175,86.19186584341175,11.727960803621613,0.0,0.0
1.7860000000000014,86.29555533609397,86.29555533609397,86.29555533609397,11.424402469764743,0.0,0.0
1.7880000000000014,86.40059111844053,86.40059111844053,86.40059111844053,11.113333991718093,0.0,0.0
1.7900000000000014,86.50580546485475,86.50580546485475,86.50580546485475,10.79822664467838,0.0,0.0
1.7920000000000014,86.61003298196644,86.61003298196644,86.61003298196644,10.482583605435764,0.0,0.0
1.7940000000000014,86.71212350105965,86.71212350105965,86.71212350105965,10.169901054100649,0.0,0.0
1.7960000000000014,86.81095475438802,86.81095475438802,86.81095475438802,9.863629496821034,0.0,0.0
1.7980000000000014,86.90544469584742,86.90544469584742,86.90544469584742,9.56713573683595,0.0,0.0
1.8000000000000014,86.99456333092674,86.99456333092674,86.99456333092674,9.283665912457764,0.0,0.0
1.8020000000000014,87.07734392678887,87.07734392678887,87.07734392678887,9.016310007219772,0.0,0.0
1.8040000000000014,87.15289348067229,87.15289348067229,87.15289348067229,8.767968219633417,0.0,0.0
1.8060000000000014,87.22040233346382,87.22040233346382,87.22040233346382,8.541319557983115,0.0,0.0
1.8080000000000014,87.27915282517351,87.27915282517351,87.27915282517351,8.338792999608529,0.0,0.0
1.8100000000000014,87.32852690002994,87.32852690002994,87.32852690002994,8.16254152447948,0.0,0.0
1.8120000000000014,87.36801258088288,87.36801258088288,87.36801258088288,8.014419299910173,0.0,0.0
1.8140000000000014,87.39757824910298,87.39757824910298,87.39757824910298,7.895962257351357,0.0,0.0
1.8160000000000014,87.41693321468274,87.41693321468274,87.41693321468274,7.8072652526910815,0.0,0.0
1.8180000000000014,87.42590089388013,87.42590089388013,87.42590089388013,7.749200355951757,0.0,0.0
1.8200000000000014,87.4244203429637,87.4244203429637,87.4244203429637,7.722297318359608,0.0,0.0
1.8220000000000014,87.4125465061507,87.4125465061507,87.4125465061507,7.726738971108887,0.0,0.0
1.8240000000000014,87.39044917973756,87.39044917973756,87.39044917973756,7.762360481547887,0.0,0.0
1.8260000000000014,87.35841070862773,87.35841070862773,87.35841070862773,7.828652460787339,0.0,0.0
1.8280000000000014,87.31682244543386,87.31682244543386,87.31682244543386,7.92476787411681,0.0,0.0
1.8300000000000014,87.26618001591856,87.26618001591856,87.26618001591856,8.049532663698415,0.0,0.0
1.8320000000000014,87.20707744759058,87.20707744759058,87.20707744759058,8.201459952244306,0.0,0.0
1.8340000000000014,87.14020023064842,87.14020023064842,87.14020023064842,8.378767657228252,0.0,0.0
1.8360000000000014,87.06631739202727,87.06631739202727,87.06631739202727,8.579399308054747,0.0,0.0
1.8380000000000014,86.9862726739321,86.9862726739321,86.9862726739321,8.801047823918168,0.0,0.0
1.8400000000000014,86.9009749178159,86.9009749178159,86.9009749178159,9.041181978203667,0.0,0.0
1.8420000000000014,86.81138776318555,86.81138776318555,86.81138776318555,9.29707524655231,0.0,0.0
1.8440000000000014,86.71851877779902,86.71851877779902,86.71851877779902,9.565836710443364,0.0,0.0
1.8460000000000014,86.62340814168182,86.62340814168182,86.62340814168182,9.844443666602956,0.0,0.0
1.8480000000000014,86.52711701187854,86.52711701187854,86.52711701187854,10.129775574954522,0.0,0.0
1.8500000000000014,86.43071569792089,86.43071569792089,86.43071569792089,10.418648964364365,0.0,0.0
1.8520000000000014,86.33527177960973,86.33527177960973,86.33527177960973,10.707852906237349,0.0,0.0
1.8540000000000014,86.24183829886123,86.24183829886123,86.24183829886123,10.994184661170834,0.0,0.0
1.8560000000000014,86.15144215606168,86.15144215606168,86.15144215606168,11.274485103416339,0.0,0.0
1.8580000000000014,86.0650728386297,86.0650728386297,86.0650728386297,11.545673531814998,0.0,0.0
1.8600000000000014,85.98367160533627,85.98367160533627,85.98367160533627,11.80478148411089,0.0,0.0
1.8620000000000014,85.90812124443133,85.90812124443133,85.90812124443133,12.048985183991192,0.0,0.0
1.8640000000000014,85.83923651683861,85.83923651683861,85.83923651683861,12.275636266706044,0.0,0.0
1.8660000000000014,85.7777553876853,85.7777553876853,85.7777553876853,12.48229044948414,0.0,0.0
1.8680000000000014,85.7243311403257,85.7243311403257,85.7243311403257,12.666733836944104,0.0,0.0
1.8700000000000014,85.67952545690108,85.67952545690108,85.67952545690108,12.827006579022907,0.0,0.0
1.8720000000000014,85.64380253846805,85.64380253846805,85.64380253846805,12.961423629296746,0.0,0.0
1.8740000000000014,85.61715532226023,85.61715532226023,85.61715532226023,13.068592384595831,0.0,0.0
1.8760000000000014,85.5998453062348,85.5998453062348,85.5998453062348,13.148534033219278,0.0,0.0
1.8780000000000014,85.59202965957218,85.59202965957218,85.59202965957218,13.200464081295593,0.0,0.0
1.8800000000000014,85.59375986777282,85.59375986777282,85.59375986777282,13.22391102128347,0.0,0.0
1.8820000000000014,85.60498155268371,85.60498155268371,85.60498155268371,13.218720396681533,0.0,0.0
1.8840000000000015,85.62553546511137,85.62553546511137,85.62553546511137,13.18505534194884,0.0,0.0
1.8860000000000015,85.65515963470595,85.65515963470595,85.65515963470595,13.123393604665921,0.0,0.0
1.8880000000000015,85.69349264904697,85.69349264904697,85.69349264904697,13.034521095882155,0.0,0.0
1.8900000000000015,85.74007802146372,85.74007802146372,85.74007802146372,12.919522052859065,0.0,0.0
1.8920000000000015,85.79436959522064,85.79436959522064,85.79436959522064,12.77976593560885,0.0,0.0
1.8940000000000015,85.85573792041885,85.85573792041885,85.85573792041885,12.616891214338068,0.0,0.0
1.8960000000000015,85.92347752943085,85.92347752943085,85.92347752943085,12.43278623874346,0.0,0.0
1.8980000000000015,85.9968150270137,85.9968150270137,85.9968150270137,12.229567411707421,0.0,0.0
1.9000000000000015,86.0749179025352,86.0749179025352,86.0749179025352,12.009554918958884,0.0,0.0
1.9020000000000015,86.15690396409683,86.15690396409683,86.15690396409683,11.7752462923944,0.0,0.0
1.9040000000000015,86.24185128782136,86.24185128782136,86.24185128782136,11.529288107709533,0.0,0.0
1.9060000000000015,86.32880857026474,86.32880857026474,86.32880857026474,11.274446136535914,0.0,0.0
1.9080000000000015,86.41680576786224,86.41680576786224,86.41680576786224,11.013574289205792,0.0,0.0
1.9100000000000015,86.50486490456977,86.50486490456977,86.50486490456977,10.749582696413256,0.0,0.0
1.9120000000000015,86.59201092743811,86.59201092743811,86.59201092743811,10.4854052862907,0.0,0.0
1.9140000000000015,86.67728248977072,86.67728248977072,86.67728248977072,10.223967217685697,0.0,0.0
1.9160000000000015,86.75974254276146,86.75974254276146,86.75974254276146,9.96815253068786,0.0,0.0
1.9180000000000015,86.83848861906854,86.83848861906854,86.83848861906854,9.720772371715611,0.0,0.0
1.9200000000000015,86.91266269562095,86.91266269562095,86.91266269562095,9.48453414279436,0.0,0.0
1.9220000000000015,86.98146052802792,86.98146052802792,86.98146052802792,9.262011913137144,0.0,0.0
1.9240000000000015,87.044140355208,87.044140355208,87.044140355208,9.055618415916229,0.0,0.0
1.9260000000000015,87.1000308802006,87.1000308802006,87.1000308802006,8.867578934376013,0.0,0.0
1.9280000000000015,87.14853844148253,87.14853844148253,87.14853844148253,8.699907359398196,0.0,0.0
1.9300000000000015,87.18915329838907,87.18915329838907,87.18915329838907,8.554384675552399,0.0,0.0
1.9320000000000015,87.22145496432854,87.22145496432854,87.22145496432854,8.43254010483281,0.0,0.0
1.9340000000000015,87.24548553595464,87.24548553595464,87.24548553595464,8.335635107014411,0.0,0.0
1.9360000000000015,87.26100951282247,87.26100951282247,87.26100951282247,8.263543392136057,0.0,0.0
1.9380000000000015,87.26788643243815,87.26788643243815,87.26788643243815,8.21697146153258,0.0,0.0
1.9400000000000015,87.26607207450057,87.26607207450057,87.26607207450057,8.196340702685575,0.0,0.0
1.9420000000000015,87.25561859528786,87.25561859528786,87.25561859528786,8.201783776498303,0.0,0.0
1.9440000000000015,87.23667359464838,87.23667359464838,87.23667359464838,8.233144214136416,0.0,0.0
1.9460000000000015,87.20947812986387,87.20947812986387,87.20947812986387,8.28997921605486,0.0,0.0
1.9480000000000015,87.17436370225718,87.17436370225718,87.17436370225718,8.371565610408425,0.0,0.0
1.9500000000000015,87.13174825369417,87.13174825369417,87.13174825369417,8.476908893228426,0.0,0.0
1.9520000000000015,87.08213122095212,87.08213122095212,87.08213122095212,8.604755238917505,0.0,0.0
1.9540000000000015,87.02608770618014,87.02608770618014,87.02608770618014,8.753606337143651,0.0,0.0
1.9560000000000015,86.96426183124663,86.96426183124663,86.96426183124663,8.921736881459594,0.0,0.0
1.9580000000000015,86.8973593525537,86.8973593525537,86.8973593525537,9.107214506260107,0.0,0.0
1.9600000000000015,86.82613962080185,86.82613962080185,86.82613962080185,9.307921942338908,0.0,0.0
1.9620000000000015,86.75140697712877,86.75140697712877,86.75140697712877,9.521581137594467,0.0,0.0
1.9640000000000015,86.67400168294752,86.67400168294752,86.67400168294752,9.745779068613672,0.0,0.0
1.9660000000000015,86.59479048561253,86.59479048561253,86.59479048561253,9.977994951157427,0.0,0.0
1.9680000000000015,86.51465692569636,86.51465692569636,86.51465692569636,10.215628543162381,0.0,0.0
1.9700000000000015,86.4344914941301,86.4344914941301,86.4344914941301,10.4560292229109,0.0,0.0
1.9720000000000015,86.35518174872315,86.35518174872315,86.35518174872315,10.6965255176097,0.0,0.0
1.9740000000000015,86.27760249962337,86.27760249962337,86.27760249962337,10.93445475383055,0.0,0.0
1.9760000000000015,86.20260617211115,86.20260617211115,86.20260617211115,11.167192501129932,0.0,0.0
1.9780000000000015,86.13101345275825,86.13101345275825,86.13101345275825,11.392181483666548,0.0,0.0
1.9800000000000015,86.06360432145361,86.06360432145361,86.06360432145361,11.606959641725211,0.0,0.0
1.9820000000000015,86.00110956714877,86.00110956714877,86.00110956714877,11.809187035639127,0.0,0.0
1.9840000000000015,85.94420287945965,85.94420287945965,85.94420287945965,11.996671298553679,0.0,0.0
1.9860000000000015,85.89349360154658,85.89349360154658,85.89349360154658,12.167391361621014,0.0,0.0
1.9880000000000015,85.84952022205887,85.84952022205887,85.84952022205887,12.319519195360272,0.0,0.0
1.9900000000000015,85.8127446754616,85.8127446754616,85.8127446754616,12.451439333823373,0.0,0.0
1.9920000000000015,85.78354751085773,85.78354751085773,85.78354751085773,12.561765973615195,0.0,0.0
1.9940000000000015,85.76185497589236,85.76185497589236,85.76185497589236,12.649357467426796,0.0,0.0
1.9960000000000016,85.74787951696865,85.74787951696865,85.74787951696865,12.714435072322885,0.0,0.0
1.9980000000000016,85.74174736766861,85.74174736766861,85.74174736766861,12.756361449094072,0.0,0.0
2.0000000000000013,85.74349746946191,85.74349746946191,85.74349746946191,12.774757896994174,0.0,0.0
2.002000000000001,85.75308136273057,85.75308136273057,85.75308136273057,12.769507591614229,0.0,0.0
2.004000000000001,85.77036404573553,85.77036404573553,85.77036404573553,12.740755911808321,0.0,0.0
2.0060000000000007,85.79512578844451,85.79512578844451,85.79512578844451,12.688907862793428,0.0,0.0
2.0080000000000005,85.82706487761827,85.82706487761827,85.82706487761827,12.614622634666489,0.0,0.0
2.0100000000000002,85.86580125933067,85.86580125933067,85.86580125933067,12.518805367145205,0.0,0.0
2.012,85.91088103528772,85.91088103528772,85.91088103528772,12.402596222007958,0.0,0.0
2.014,85.96178176002033,85.96178176002033,85.96178176002033,12.267356894136867,0.0,0.0
2.0159999999999996,86.01791847735517,86.01791847735517,86.01791847735517,12.11465471993904,0.0,0.0
2.0179999999999993,86.07865042661105,86.07865042661105,86.07865042661105,11.946244567934514,0.0,0.0
2.019999999999999,86.14328834181124,86.14328834181124,86.14328834181124,11.76404872016684,0.0,0.0
2.021999999999999,86.21110226092054,86.21110226092054,86.21110226092054,11.570134974566258,0.0,0.0
2.0239999999999987,86.28132975677572,86.28132975677572,86.28132975677572,11.366693217238378,0.0,0.0
2.0259999999999985,86.35318449703611,86.35318449703611,86.35318449703611,11.156010729672857,0.0,0.0
2.0279999999999982,86.42586503718076,86.42586503718076,86.42586503718076,10.940446508891682,0.0,0.0
2.029999999999998,86.49856374835238,86.49856374835238,86.49856374835238,10.722404888457731,0.0,0.0
2.031999999999998,86.57047578071874,86.57047578071874,86.57047578071874,10.504308754942883,0.0,0.0
2.0339999999999976,86.6408079629946,86.6408079629946,86.6408079629946,10.288572657843815,0.0,0.0
2.0359999999999974,86.70878753984147,86.70878753984147,86.70878753984147,10.077576111016185,0.0,0.0
2.037999999999997,86.77367065101907,86.77367065101907,86.77367065101907,9.8736373804756,0.0,0.0
2.039999999999997,86.83475045937661,86.83475045937661,86.83475045937661,9.678988046942777,0.0,0.0
2.0419999999999967,86.89136483900172,86.89136483900172,86.89136483900172,9.495748621870177,0.0,0.0
2.0439999999999965,86.9429035400415,86.9429035400415,86.9429035400415,9.325905482994813,0.0,0.0
2.0459999999999963,86.98881475281128,86.98881475281128,86.98881475281128,9.171289379875475,0.0,0.0
2.047999999999996,87.02861100074267,87.02861100074267,87.02861100074267,9.033555741566147,0.0,0.0
2.049999999999996,87.0618742994115,87.0618742994115,87.0618742994115,8.914166997771986,0.0,0.0
2.0519999999999956,87.08826052724302,87.08826052724302,87.08826052724302,8.814377101765501,0.0,0.0
2.0539999999999954,87.10787196610939,87.10787196610939,87.10787196610939,8.735218418270904,0.0,0.0
2.055999999999995,87.12051651443261,87.12051651443261,87.12051651443261,8.676384101671829,0.0,0.0
2.057999999999995,87.12607990374615,87.12607990374615,87.12607990374615,8.638450456702174,0.0,0.0
2.0599999999999947,87.12452667645249,87.12452667645249,87.12452667645249,8.62176028876155,0.0,0.0
2.0619999999999945,87.1159002875276,87.1159002875276,87.1159002875276,8.62641997064253,0.0,0.0
2.0639999999999943,87.10032233227923,87.10032233227923,87.10032233227923,8.65229913741723,0.0,0.0
2.065999999999994,87.07799091193277,87.07799091193277,87.07799091193277,8.699033003162299,0.0,0.0
2.067999999999994,87.04917815831897,87.04917815831897,87.04917815831897,8.766027264201682,0.0,0.0
2.0699999999999936,87.01422694816883,87.01422694816883,87.01422694816883,8.852465525043101,0.0,0.0
2.0719999999999934,86.973546846379,86.973546846379,86.973546846379,8.957319155493508,0.0,0.0
2.073999999999993,86.92760932600116,86.92760932600116,86.92760932600116,9.079359460863031,0.0,0.0
2.075999999999993,86.87694232053984,86.87694232053984,86.87694232053984,9.217172021996532,0.0,0.0
2.0779999999999927,86.82212417132887,86.82212417132887,86.82212417132887,9.369173038380495,0.0,0.0
2.0799999999999925,86.76377703922205,86.76377703922205,86.76377703922205,9.533627486013415,0.0,0.0
2.0819999999999923,86.70255985550799,86.70255985550799,86.70255985550799,9.708668882333882,0.0,0.0
2.083999999999992,86.63916089178356,86.63916089178356,86.63916089178356,9.892320433476073,0.0,0.0
2.085999999999992,86.57429003244427,86.57429003244427,86.57429003244427,10.082517324649302,0.0,0.0
2.0879999999999916,86.50867083643342,86.50867083643342,86.50867083643342,10.277129902667184,0.0,0.0
2.0899999999999914,86.44303247690489,86.44303247690489,86.44303247690489,10.473987490699756,0.0,0.0
2.091999999999991,86.378101648479,86.378101648479,86.378101648479,10.670902569285317,0.0,0.0
2.093999999999991,86.31459453179846,86.31459453179846,86.31459453179846,10.865695054562991,0.0,0.0
2.0959999999999908,86.25320890412635,86.25320890412635,86.25320890412635,11.05621640460464,0.0,0.0
2.0979999999999905,86.19461648278374,86.19461648278374,86.19461648278374,11.240373287620912,0.0,0.0
2.0999999999999903,86.1394555853267,86.1394555853267,86.1394555853267,11.416150551648741,0.0,0.0
2.10199999999999,86.0883241865467,86.0883241865467,86.0883241865467,11.581633244019883,0.0,0.0
2.10399999999999,86.04177344768974,86.04177344768974,86.04177344768974,11.735027440359886,0.0,0.0
2.1059999999999897,86.00030178778401,86.00030178778401,86.00030178778401,11.874679656930823,0.0,0.0
2.1079999999999894,85.96434956070689,85.96434956070689,85.96434956070689,11.99909463664801,0.0,0.0
2.109999999999989,85.93429439468129,85.93429439468129,85.93429439468129,12.106951317879293,0.0,0.0
2.111999999999989,85.91044724334932,85.91044724334932,85.91044724334932,12.197116815956178,0.0,0.0
2.1139999999999888,85.89268018582284,85.89268018582284,85.89268018582284,12.268658269952027,0.0,0.0
2.1159999999999886,85.88116746962498,85.88116746962498,85.88116746962498,12.321959442531465,0.0,0.0
2.1179999999999883,85.87601346304825,85.87601346304825,85.87601346304825,12.356497591125049,0.0,0.0
2.119999999999988,85.87725175764285,85.87725175764285,85.87725175764285,12.371959610855242,0.0,0.0
2.121999999999988,85.88484505752335,85.88484505752335,85.88484505752335,12.368244727071442,0.0,0.0
2.1239999999999877,85.89868585381546,85.89868585381546,85.89868585381546,12.345464827429964,0.0,0.0
2.1259999999999875,85.91859787387976,85.91859787387976,85.91859787387976,12.303942438553577,0.0,0.0
2.1279999999999872,85.9443382864101,85.9443382864101,85.9443382864101,12.24420637836073,0.0,0.0
2.129999999999987,85.975600635207,85.975600635207,85.975600635207,12.166985140769725,0.0,0.0
2.131999999999987,86.01201846645992,86.01201846645992,86.01201846645992,12.073198094378995,0.0,0.0
2.1339999999999866,86.0531696068249,86.0531696068249,86.0531696068249,11.96394460062021,0.0,0.0
2.1359999999999864,86.09858104253733,86.09858104253733,86.09858104253733,11.840491179525316,0.0,0.0
2.137999999999986,86.14773434332974,86.14773434332974,86.14773434332974,11.704256872388044,0.0,0.0
2.139999999999986,86.20007156910083,86.20007156910083,86.20007156910083,11.556796970010794,0.0,0.0
2.1419999999999857,86.25500159216683,86.25500159216683,86.25500159216683,11.399785292697516,0.0,0.0
2.1439999999999855,86.31190676357393,86.31190676357393,86.31190676357393,11.234995223499482,0.0,0.0
2.1459999999999853,86.3701498484049,86.3701498484049,86.3701498484049,11.064279709278196,0.0,0.0
2.147999999999985,86.4290811523132,86.4290811523132,86.4290811523132,10.889550454785251,0.0,0.0
2.149999999999985,86.48804575968701,86.48804575968701,86.48804575968701,10.71275654306038,0.0,0.0
2.1519999999999846,86.54639080290423,86.54639080290423,86.54639080290423,10.535862720938951,0.0,0.0
2.1539999999999844,86.60347268209219,86.60347268209219,86.60347268209219,10.360827591287318,0.0,0.0
2.155999999999984,86.65866415565112,86.65866415565112,86.65866415565112,10.189581953723405,0.0,0.0
2.157999999999984,86.71136122352551,86.71136122352551,86.71136122352551,10.024007533046642,0.0,0.0
2.1599999999999837,86.76098972778938,86.76098972778938,86.76098972778938,9.865916329423442,0.0,0.0
2.1619999999999835,86.80701159851955,86.80701159851955,86.80701159851955,9.717030816631848,0.0,0.0
2.1639999999999833,86.84893067712319,86.84893067712319,86.84893067712319,9.578965204441317,0.0,0.0
2.165999999999983,86.88629805421402,86.88629805421402,86.88629805421402,9.453207968630409,0.0,0.0
2.167999999999983,86.91871686473756,86.91871686473756,86.91871686473756,9.34110583735793,0.0,0.0
2.1699999999999826,86.94584648926578,86.94584648926578,86.94584648926578,9.243849405787273,0.0,0.0
2.1719999999999824,86.96740611714334,86.96740611714334,86.96740611714334,9.162460532202658,0.0,0.0
2.173999999999982,86.98354663808618,86.98354663808618,86.98354663808618,9.097781648569992,0.0,0.0
2.175999999999982,86.99410937144525,86.99410937144525,86.99410937144525,9.049360085741455,0.0,0.0
2.1779999999999817,86.99899796883498,86.99899796883498,86.99899796883498,9.017671885664242,0.0,0.0
2.1799999999999815,86.99817925071218,86.99817925071218,86.99817925071218,9.00300609349506,0.0,0.0
2.1819999999999813,86.99168334058196,86.99168334058196,86.99168334058196,9.005462247863477,0.0,0.0
2.183999999999981,86.97960309793653,86.97960309793653,86.97960309793653,9.024949978254142,0.0,0.0
2.185999999999981,86.96209285879236,86.96209285879236,86.96209285879236,9.061190706190416,0.0,0.0
2.1879999999999806,86.9393665003226,86.9393665003226,86.9393665003226,9.113721423622906,0.0,0.0
2.1899999999999804,86.91169485350414,86.91169485350414,86.91169485350414,9.181900499032167,0.0,0.0
2.19199999999998,86.87940249482703,86.87940249482703,86.87940249482703,9.264915439487595,0.0,0.0
2.19399999999998,86.84286395487389,86.84286395487389,86.84286395487389,9.361792515518914,0.0,0.0
2.1959999999999797,86.80249938789245,86.80249938789245,86.80249938789245,9.47140813537834,0.0,0.0
2.1979999999999795,86.75876975228853,86.75876975228853,86.75876975228853,9.59250183632264,0.0,0.0
2.1999999999999793,86.71217155719654,86.71217155719654,86.71217155719654,9.723690743134455,0.0,0.0
2.201999999999979,86.663231234885,86.663231234885,86.663231234885,9.863485328410377,0.0,0.0
2.203999999999979,86.61249920267552,86.61249920267552,86.61249920267552,10.010306295345003,0.0,0.0
2.2059999999999786,86.56054368125639,86.56054368125639,86.56054368125639,10.162502391973419,0.0,0.0
2.2079999999999784,86.50794433872157,86.50794433872157,86.50794433872157,10.318368956230813,0.0,0.0
2.209999999999978,86.45528583133941,86.45528583133941,86.45528583133941,10.476166983835299,0.0,0.0
2.211999999999978,86.40315131293646,86.40315131293646,86.40315131293646,10.6341425059818,0.0,0.0
2.2139999999999778,86.3521159848641,86.3521159848641,86.3521159848641,10.79054606119064,0.0,0.0
2.2159999999999775,86.30274075780089,86.30274075780089,86.30274075780089,10.943652045407703,0.0,0.0
2.2179999999999773,86.25556609514234,86.25556609514234,86.25556609514234,11.091777726597343,0.0,0.0
2.219999999999977,86.2111061054625,86.2111061054625,86.2111061054625,11.233301714572974,0.0,0.0
2.221999999999977,86.16984294852544,86.16984294852544,86.16984294852544,11.366681683612455,0.0,0.0
2.2239999999999767,86.13222161561555,86.13222161561555,86.13222161561555,11.49047115442363,0.0,0.0
2.2259999999999764,86.0986451405878,86.0986451405878,86.0986451405878,11.603335153153353,0.0,0.0
2.227999999999976,86.06947029306288,86.06947029306288,86.06947029306288,11.704064578236569,0.0,0.0
2.229999999999976,86.04500379966466,86.04500379966466,86.04500379966466,11.791589120811352,0.0,0.0
2.231999999999976,86.02549913318303,86.02549913318303,86.02549913318303,11.864988601006075,0.0,0.0
2.2339999999999756,86.01078489942074,86.01078489942074,86.01078489942074,11.923502600450888,0.0,0.0
2.2359999999999753,86.00100630970088,86.00100630970088,86.00100630970088,11.967645301737775,0.0,0.0
2.237999999999975,85.99625340138552,85.99625340138552,85.99625340138552,11.996981070897334,0.0,0.0
2.239999999999975,85.99656024474602,85.99656024474602,85.99656024474602,12.011239795843437,0.0,0.0
2.2419999999999747,86.00190477232202,86.00190477232202,86.00190477232202,12.01031926576195,0.0,0.0
2.2439999999999745,86.01220923036095,86.01220923036095,86.01220923036095,11.99428568303398,0.0,0.0
2.2459999999999742,86.0273412450452,86.0273412450452,86.0273412450452,11.963372308917144,0.0,0.0
2.247999999999974,86.04711548943493,86.04711548943493,86.04711548943493,11.917976264864365,0.0,0.0
2.249999999999974,86.07129593045676,86.07129593045676,86.07129593045676,11.85865353169521,0.0,0.0
2.2519999999999736,86.09959862892363,86.09959862892363,86.09959862892363,11.786112208629731,0.0,0.0
2.2539999999999734,86.1316950595483,86.1316950595483,86.1316950595483,11.701204113229096,0.0,0.0
2.255999999999973,86.16721591227899,86.16721591227899,86.16721591227899,11.604914821355067,0.0,0.0
2.257999999999973,86.20575533109984,86.20575533109984,86.20575533109984,11.498352263163042,0.0,0.0
2.2599999999999727,86.24687554175787,86.24687554175787,86.24687554175787,11.382734006700503,0.0,0.0
2.2619999999999725,86.29011181575197,86.29011181575197,86.29011181575197,11.259373374726351,0.0,0.0
2.2639999999999723,86.33497771439089,86.33497771439089,86.33497771439089,11.129664552744089,0.0,0.0
2.265999999999972,86.38097055383494,86.38097055383494,86.38097055383494,10.99506685682735,0.0,0.0
2.267999999999972,86.42757702980684,86.42757702980684,86.42757702980684,10.857088338495203,0.0,0.0
2.2699999999999716,86.47427893911679,86.47427893911679,86.47427893911679,10.717268910579492,0.0,0.0
2.2719999999999714,86.52055893430621,86.52055893430621,86.52055893430621,10.577163182649656,0.0,0.0
2.273999999999971,86.5659062475838,86.5659062475838,86.5659062475838,10.438323197081388,0.0,0.0
2.275999999999971,86.60982232080224,86.60982232080224,86.60982232080224,10.30228125724858,0.0,0.0
2.2779999999999707,86.65182627949808,86.65182627949808,86.65182627949808,10.170533037593316,0.0,0.0
2.2799999999999705,86.69146019097182,86.69146019097182,86.69146019097182,10.04452116150577,0.0,0.0
2.2819999999999703,86.72829404899763,86.72829404899763,86.72829404899763,9.925619427084541,0.0,0.0
2.28399999999997,86.76193043099015,86.76193043099015,86.76193043099015,9.81511785300711,0.0,0.0
2.28599999999997,86.7920087772817,86.7920087772817,86.7920087772817,9.71420870702957,0.0,0.0
2.2879999999999696,86.81820924653216,86.81820924653216,86.81820924653216,9.623973668154918,0.0,0.0
2.2899999999999694,86.84025610615588,86.84025610615588,86.84025610615588,9.545372260403497,0.0,0.0
2.291999999999969,86.857920621949,86.857920621949,86.857920621949,9.479231681532383,0.0,0.0
2.293999999999969,86.8713924204667,86.8713924204667,86.8713924204667,9.426238134152982,0.0,0.0
2.2959999999999687,86.88053783868952,86.88053783868952,86.88053783868952,9.38582273859987,0.0,0.0
2.2979999999999685,86.88527160032822,86.88527160032822,86.88527160032822,9.35838648393144,0.0,0.0
2.2999999999999683,86.88555758129303,86.88555758129303,86.88555758129303,9.344185199015328,0.0,0.0
2.301999999999968,86.88140902821782,86.88140902821782,86.88140902821782,9.343327256120915,0.0,0.0
2.303999999999968,86.87288822963863,86.87288822963863,86.87288822963863,9.355772915346506,0.0,0.0
2.3059999999999676,86.86010564548626,86.86010564548626,86.86010564548626,9.381335311084115,0.0,0.0
2.3079999999999674,86.84321850652832,86.84321850652832,86.84321850652832,9.419683063541243,0.0,0.0
2.309999999999967,86.8224289012212,86.8224289012212,86.8224289012212,9.470344480415065,0.0,0.0
2.311999999999967,86.79798137304192,86.79798137304192,86.79798137304192,9.532713296336397,0.0,0.0
2.3139999999999668,86.77016005670417,86.77016005670417,86.77016005670417,9.606055880874237,0.0,0.0
2.3159999999999665,86.73928538666244,86.73928538666244,86.73928538666244,9.689519829887502,0.0,0.0
2.3179999999999663,86.70571041591982,86.70571041591982,86.70571041591982,9.782143840012623,0.0,0.0
2.319999999999966,86.66981678732843,86.66981678732843,86.66981678732843,9.882868752240483,0.0,0.0
2.321999999999966,86.63201040326327,86.63201040326327,86.63201040326327,9.99054963801467,0.0,0.0
2.3239999999999656,86.59271684271941,86.59271684271941,86.59271684271941,10.103968790210217,0.0,0.0
2.3259999999999654,86.552376577498,86.552376577498,86.552376577498,10.221849471841779,0.0,0.0
2.327999999999965,86.51144004117964,86.51144004117964,86.51144004117964,10.342870267506044,0.0,0.0
2.329999999999965,86.47036260601546,86.47036260601546,86.47036260601546,10.465679876461081,0.0,0.0
2.3319999999999648,86.42959952368197,86.42959952368197,86.42959952368197,10.588912181953617,0.0,0.0
2.3339999999999645,86.38960088603957,86.38960088603957,86.38960088603957,10.711201428954098,0.0,0.0
2.3359999999999643,86.35080666160574,86.35080666160574,86.35080666160574,10.831197341881307,0.0,0.0
2.337999999999964,86.31364186241036,86.31364186241036,86.31364186241036,10.94758001518278,0.0,0.0
2.339999999999964,86.27851189425543,86.27851189425543,86.27851189425543,11.059074412768894,0.0,0.0
2.3419999999999637,86.24579814117575,86.24579814117575,86.24579814117575,11.164464317233694,0.0,0.0
2.3439999999999634,86.21585383211655,86.21585383211655,86.21585383211655,11.262605576472765,0.0,0.0
2.3459999999999632,86.18900023454336,86.18900023454336,86.18900023454336,11.352438503650319,0.0,0.0
2.347999999999963,86.16552321591462,86.16552321591462,86.16552321591462,11.432999296369928,0.0,0.0
2.349999999999963,86.14567020972456,86.14567020972456,86.14567020972456,11.503430352256146,0.0,0.0
2.3519999999999626,86.12964761820983,86.12964761820983,86.12964761820983,11.562989370826358,0.0,0.0
2.3539999999999623,86.1172496751707,86.1172496751707,86.1172496751707,11.611057145370523,0.0,0.0
2.355999999999962,86.10860025212246,86.10860025212246,86.10860025212246,11.648250974487894,0.0,0.0
2.357999999999962,86.10378126695862,86.10378126695862,86.10378126695862,11.674199243632643,0.0,0.0
2.3599999999999617,86.10283193192133,86.10283193192133,86.10283193192133,11.688656199124125,0.0,0.0
2.3619999999999615,86.10574847710274,86.10574847710274,86.10574847710274,11.691504204236026,0.0,0.0
2.3639999999999612,86.1124843507842,86.1124843507842,86.1124843507842,11.682754568691792,0.0,0.0
2.365999999999961,86.12295089263527,86.12295089263527,86.12295089263527,11.6625469476474,0.0,0.0
2.367999999999961,86.13701847057581,86.13701847057581,86.13701847057581,11.631147322094193,0.0,0.0
2.3699999999999606,86.15451806700464,86.15451806700464,86.15451806700464,11.588944588272568,0.0,0.0
2.3719999999999604,86.17524329517724,86.17524329517724,86.17524329517724,11.536445798986051,0.0,0.0
2.37399999999996,86.19895282182326,86.19895282182326,86.19895282182326,11.474270114468254,0.0,0.0
2.37599999999996,86.22537316768656,86.22537316768656,86.22537316768656,11.40314153453022,0.0,0.0
2.3779999999999597,86.25420185359073,86.25420185359073,86.25420185359073,11.323880496940319,0.0,0.0
2.3799999999999595,86.28511085592783,86.28511085592783,86.28511085592783,11.237394439227842,0.0,0.0
2.3819999999999593,86.31775033217592,86.31775033217592,86.31775033217592,11.144667432216522,0.0,0.0
2.383999999999959,86.35175257420713,86.35175257420713,86.35175257420713,11.0467490034722,0.0,0.0
2.385999999999959,86.38673614478205,86.38673614478205,86.38673614478205,10.944742277378623,0.0,0.0
2.3879999999999586,86.42231015076318,86.42231015076318,86.42231015076318,10.839791565653854,0.0,0.0
2.3899999999999584,86.45807860523777,86.45807860523777,86.45807860523777,10.733069547710443,0.0,0.0
2.391999999999958,86.49364482993306,86.49364482993306,86.49364482993306,10.625764184286709,0.0,0.0
2.393999999999958,86.52861584903981,86.52861584903981,86.52861584903981,10.51906551020079,0.0,0.0
2.3959999999999577,86.56260672583576,86.56260672583576,86.56260672583576,10.414152452880558,0.0,0.0
2.3979999999999575,86.59524479431327,86.59524479431327,86.59524479431327,10.31217982249268,0.0,0.0
2.3999999999999573,86.6261737393538,86.6261737393538,86.6261737393538,10.214265617060164,0.0,0.0
2.401999999999957,86.65505748084045,86.65505748084045,86.65505748084045,10.121478781938606,0.0,0.0
2.403999999999957,86.6815838194341,86.6815838194341,86.6815838194341,10.03482755747865,0.0,0.0
2.4059999999999566,86.70546780453364,86.70546780453364,86.70546780453364,9.9552485416977,0.0,0.0
2.4079999999999564,86.72645478816197,86.72645478816197,86.72645478816197,9.883596586399051,0.0,0.0
2.409999999999956,86.74432313212937,86.74432313212937,86.74432313212937,9.820635635514066,0.0,0.0
2.411999999999956,86.75888653978548,86.75888653978548,86.75888653978548,9.767030603611943,0.0,0.0
2.4139999999999557,86.77036499162236,86.77036499162236,86.77036499162236,9.723340380643606,0.0,0.0
2.4159999999999555,86.7786428035083,86.7786428035083,86.7786428035083,9.688905025132954,0.0,0.0
2.4179999999999553,86.78364014962891,86.78364014962891,86.78364014962891,9.6640715894751,0.0,0.0
2.419999999999955,86.7853138138491,86.7853138138491,86.7853138138491,9.649079551113289,0.0,0.0
2.421999999999955,86.78365753302957,86.78365753302957,86.78365753302957,9.644058558452684,0.0,0.0
2.4239999999999546,86.7787019300024,86.7787019300024,86.7787019300024,9.64902740091128,0.0,0.0
2.4259999999999544,86.77051403846238,86.77051403846238,86.77051403846238,9.663894209992804,0.0,0.0
2.427999999999954,86.75919642653916,86.75919642653916,86.75919642653916,9.688457884612887,0.0,0.0
2.429999999999954,86.74488593023331,86.74488593023331,86.74488593023331,9.722410720382527,0.0,0.0
2.4319999999999538,86.72775201217694,86.72775201217694,86.72775201217694,9.765342209300059,0.0,0.0
2.4339999999999535,86.7079947652701,86.7079947652701,86.7079947652701,9.816743963469207,0.0,0.0
2.4359999999999533,86.68584258460346,86.68584258460346,86.68584258460346,9.87601570418974,0.0,0.0
2.437999999999953,86.66154953466324,86.66154953466324,86.66154953466324,9.942472246189595,0.0,0.0
2.439999999999953,86.63539244208815,86.63539244208815,86.63539244208815,10.015351396010317,0.0,0.0
2.4419999999999527,86.60766774717473,86.60766774717473,86.60766774717473,10.09382267373553,0.0,0.0
2.4439999999999524,86.57868814987528,86.57868814987528,86.57868814987528,10.17699675847581,0.0,0.0
2.445999999999952,86.54877908817612,86.54877908817612,86.54877908817612,10.263935550374185,0.0,0.0
2.447999999999952,86.51827508845912,86.51827508845912,86.51827508845912,10.353662735471687,0.0,0.0
2.4499999999999518,86.48751602872123,86.48751602872123,86.48751602872123,10.44517473462264,0.0,0.0
2.4519999999999516,86.45684335633972,86.45684335633972,86.45684335633972,10.537451913836321,0.0,0.0
2.4539999999999513,86.42659630242079,86.42659630242079,86.42659630242079,10.62946993098086,0.0,0.0
2.455999999999951,86.39710813465189,86.39710813465189,86.39710813465189,10.7202110927376,0.0,0.0
2.457999999999951,86.36870248999669,86.36870248999669,86.36870248999669,10.808675596044338,0.0,0.0
2.4599999999999507,86.34168982753582,86.34168982753582,86.34168982753582,10.893892530009964,0.0,0.0
2.4619999999999505,86.31636404027736,86.31636404027736,86.31636404027736,10.974930517392522,0.0,0.0
2.4639999999999502,86.29299926285812,86.29299926285812,86.29299926285812,11.050907879167937,0.0,0.0
2.46599999999995,86.27184690975196,86.27184690975196,86.27184690975196,11.121002211425662,0.0,0.0
2.46799999999995,86.25313297592199,86.25313297592199,86.25313297592199,11.184459270744128,0.0,0.0
2.4699999999999496,86.23705562883028,86.23705562883028,86.23705562883028,11.240601072234028,0.0,0.0
2.4719999999999493,86.22378311738653,86.22378311738653,86.22378311738653,11.288833113509156,0.0,0.0
2.473999999999949,86.2132918091135,86.2132918091135,86.2132918091135,11.32865064784039,0.0,0.0
2.475999999999949,86.20547878822397,86.20547878822397,86.20547878822397,11.360124572659515,0.0,0.0
2.4779999999999487,86.20042066274485,86.20042066274485,86.20042066274485,11.383563635328073,0.0,0.0
2.4799999999999485,86.19816326101939,86.19816326101939,86.19816326101939,11.398738011765488,0.0,0.0
2.4819999999999482,86.1987212379606,86.1987212379606,86.1987212379606,11.40551021694182,0.0,0.0
2.483999999999948,86.2020780278508,86.2020780278508,86.2020780278508,11.403836286118178,0.0,0.0
2.485999999999948,86.20818614293125,86.20818614293125,86.20818614293125,11.393765916447592,0.0,0.0
2.4879999999999476,86.21696781320036,86.21696781320036,86.21696781320036,11.375441571206238,0.0,0.0
2.4899999999999474,86.2283159590788,86.2283159590788,86.2283159590788,11.349096560398948,0.0,0.0
2.491999999999947,86.24209548494575,86.24209548494575,86.24209548494575,11.315052122763575,0.0,0.0
2.493999999999947,86.25814487804257,86.25814487804257,86.25814487804257,11.273713545162707,0.0,0.0
2.4959999999999467,86.27627809391717,86.27627809391717,86.27627809391717,11.225565365872285,0.0,0.0
2.4979999999999465,86.2962867064795,86.2962867064795,86.2962867064795,11.17116571824846,0.0,0.0
2.4999999999999463,86.31794229789053,86.31794229789053,86.31794229789053,11.111139880561495,0.0,0.0
2.501999999999946,86.3409990609433,86.3409990609433,86.3409990609433,11.04617310632841,0.0,0.0
2.503999999999946,86.36519658434338,86.36519658434338,86.36519658434338,10.977002817170103,0.0,0.0
2.5059999999999456,86.39026278938024,86.39026278938024,86.39026278938024,10.90441024696986,0.0,0.0
2.5079999999999454,86.415916984922,86.415916984922,86.415916984922,10.829211631859266,0.0,0.0
2.509999999999945,86.44187300647738,86.44187300647738,86.44187300647738,10.75224904523401,0.0,0.0
2.511999999999945,86.46784240426528,86.46784240426528,86.46784240426528,10.67438098056789,0.0,0.0
2.5139999999999447,86.49353764481855,86.49353764481855,86.49353764481855,10.596472787204164,0.0,0.0
2.5159999999999445,86.51867529063009,86.51867529063009,86.51867529063009,10.519387065544379,0.0,0.0
2.5179999999999443,86.54297912272315,86.54297912272315,86.54297912272315,10.443974128109744,0.0,0.0
2.519999999999944,86.56618317178943,86.56618317178943,86.56618317178943,10.371062631830512,0.0,0.0
2.521999999999944,86.58803462467698,86.58803462467698,86.58803462467698,10.301450484631687,0.0,0.0
2.5239999999999436,86.60829657451319,86.60829657451319,86.60829657451319,10.23589612596902,0.0,0.0
2.5259999999999434,86.62675058459524,86.62675058459524,86.62675058459524,10.17511027646043,0.0,0.0
2.527999999999943,86.64319903835305,86.64319903835305,86.64319903835305,10.119748246214272,0.0,0.0
2.529999999999943,86.65746725015951,86.65746725015951,86.65746725015951,10.070402884940847,0.0,0.0
2.5319999999999427,86.66940531450365,86.66940531450365,86.66940531450365,10.027598249521475,0.0,0.0
2.5339999999999425,86.67888967402176,86.67888967402176,86.67888967402176,9.991784056489053,0.0,0.0
2.5359999999999423,86.68619339375545,86.68619339375545,86.68619339375545,9.963330977934731,0.0,0.0
2.537999999999942,86.69124366735996,86.69124366735996,86.69124366735996,9.941419818733664,0.0,0.0
2.539999999999942,86.69399290304683,86.69399290304683,86.69399290304683,9.926268997920147,0.0,0.0
2.5419999999999416,86.69441915738747,86.69441915738747,86.69441915738747,9.918021290859485,0.0,0.0
2.5439999999999414,86.69252628358603,86.69252628358603,86.69252628358603,9.916742527837584,0.0,0.0
2.545999999999941,86.68834379363346,86.68834379363346,86.68834379363346,9.92242114924187,0.0,0.0
2.547999999999941,86.68192643692463,86.68192643692463,86.68192643692463,9.934968619099607,0.0,0.0
2.5499999999999408,86.6733535010495,86.6733535010495,86.6733535010495,9.954220689226133,0.0,0.0
2.5519999999999405,86.66272784352392,86.66272784352392,86.66272784352392,9.9799394968515,0.0,0.0
2.5539999999999403,86.6501746661716,86.6501746661716,86.6501746661716,10.011816469428197,0.0,0.0
2.55599999999994,86.63584004667477,86.63584004667477,86.63584004667477,10.049476001485175,0.0,0.0
2.55799999999994,86.61988924444536,86.61988924444536,86.61988924444536,10.092479859975697,0.0,0.0
2.5599999999999397,86.60250480040375,86.60250480040375,86.60250480040375,10.140332266663904,0.0,0.0
2.5619999999999394,86.58388445246115,86.58388445246115,86.58388445246115,10.192485598788721,0.0,0.0
2.563999999999939,86.56423889046157,86.56423889046157,86.56423889046157,10.248346642616525,0.0,0.0
2.565999999999939,86.54378937602883,86.54378937602883,86.54378937602883,10.307283328615313,0.0,0.0
2.5679999999999388,86.52276525416563,86.52276525416563,86.52276525416563,10.368631871913522,0.0,0.0
2.5699999999999386,86.50140138455102,86.50140138455102,86.50140138455102,10.431704237503084,0.0,0.0
2.5719999999999383,86.47993552126839,86.47993552126839,86.47993552126839,10.495795846346937,0.0,0.0
2.573999999999938,86.45860567016094,86.45860567016094,86.45860567016094,10.560193436194822,0.0,0.0
2.575999999999938,86.43764745315173,86.43764745315173,86.43764745315173,10.62418298951718,0.0,0.0
2.5779999999999377,86.41729150867963,86.41729150867963,86.41729150867963,10.687057640544822,0.0,0.0
2.5799999999999375,86.39776095689545,86.39776095689545,86.39776095689545,10.748125473961124,0.0,0.0
2.5819999999999372,86.37926895744006,86.37926895744006,86.37926895744006,10.806717129313654,0.0,0.0
2.583999999999937,86.3620163864981,86.3620163864981,86.3620163864981,10.862193127679802,0.0,0.0
2.585999999999937,86.34618965840279,86.34618965840279,86.34618965840279,10.91395084050572,0.0,0.0
2.5879999999999366,86.3319587153735,86.3319587153735,86.3319587153735,10.961431024791636,0.0,0.0
2.5899999999999364,86.31947520701914,86.31947520701914,86.31947520701914,11.004123853879491,0.0,0.0
2.591999999999936,86.30887087906072,86.30887087906072,86.30887087906072,11.041574378942585,0.0,0.0
2.593999999999936,86.30025618833763,86.30025618833763,86.30025618833763,11.073387362817812,0.0,0.0
2.5959999999999357,86.29345704762846,86.29345704762846,86.29345704762846,11.099231434987132,0.0,0.0
2.5979999999999355,86.28843513200351,86.28843513200351,86.28843513200351,11.119628857114606,0.0,0.0
2.5999999999999353,86.28523947659855,86.28523947659855,86.28523947659855,11.13469460398943,0.0,0.0
2.601999999999935,86.28389871870505,86.28389871870505,86.28389871870505,11.144281570204328,0.0,0.0
2.603999999999935,86.28442085602107,86.28442085602107,86.28442085602107,11.148303843884833,0.0,0.0
2.6059999999999346,86.28679323427666,86.28679323427666,86.28679323427666,11.1467374319368,0.0,0.0
2.6079999999999344,86.29098276352454,86.29098276352454,86.29098276352454,11.13962029717004,0.0,0.0
2.609999999999934,86.29693635985795,86.29693635985795,86.29693635985795,11.127051709426382,0.0,0.0
2.611999999999934,86.30458160683376,86.30458160683376,86.30458160683376,11.109190920426158,0.0,0.0
2.6139999999999337,86.31382762846835,86.31382762846835,86.31382762846835,11.086255179498721,0.0,0.0
2.6159999999999335,86.32456616336108,86.32456616336108,86.32456616336108,11.058517114594963,0.0,0.0
2.6179999999999333,86.33667282731294,86.33667282731294,86.33667282731294,11.026301509916777,0.0,0.0
2.619999999999933,86.35000854976705,86.35000854976705,86.35000854976705,10.989981518061143,0.0,0.0
2.621999999999933,86.36442116752835,86.36442116752835,86.36442116752835,10.949974350698824,0.0,0.0
2.6239999999999326,86.37974715753928,86.37974715753928,86.37974715753928,10.906736497414954,0.0,0.0
2.6259999999999324,86.39581348901652,86.39581348901652,86.39581348901652,10.860758527382188,0.0,0.0
2.627999999999932,86.41243957400474,86.41243957400474,86.41243957400474,10.812559532950445,0.0,0.0
2.629999999999932,86.42943929439149,86.42943929439149,86.42943929439149,10.762681277985791,0.0,0.0
2.6319999999999317,86.44662308266176,86.44662308266176,86.44662308266176,10.711682116825557,0.0,0.0
2.6339999999999315,86.46380003315986,86.46380003315986,86.46380003315986,10.660130752014766,0.0,0.0
2.6359999999999313,86.48078002037391,86.48078002037391,86.48078002037391,10.608599900520403,0.0,0.0
2.637999999999931,86.49737580076756,86.49737580076756,86.49737580076756,10.55765993887826,0.0,0.0
2.639999999999931,86.51340507495198,86.51340507495198,86.51340507495198,10.507872597697371,0.0,0.0
2.6419999999999306,86.52869248751632,86.52869248751632,86.52869248751632,10.459784775144044,0.0,0.0
2.6439999999999304,86.54307154260793,86.54307154260793,86.54307154260793,10.413922537451015,0.0,0.0
2.64599999999993,86.55638641436775,86.55638641436775,86.55638641436775,10.370785372176215,0.0,0.0
2.64799999999993,86.56849363256717,86.56849363256717,86.56849363256717,10.330840756896748,0.0,0.0
2.6499999999999297,86.57926362524668,86.57926362524668,86.57926362524668,10.294519102298466,0.0,0.0
2.6519999999999295,86.58858210180655,86.58858210180655,86.58858210180655,10.262209124259982,0.0,0.0
2.6539999999999293,86.59635126182775,86.59635126182775,86.59635126182775,10.234253694580389,0.0,0.0
2.655999999999929,86.60250929208841,86.60250929208841,86.60250929208841,10.210946214516753,0.0,0.0
2.657999999999929,86.60734449612573,86.60734449612573,86.60734449612573,10.192472123734774,0.0,0.0
2.6599999999999286,86.61080822897331,86.61080822897331,86.61080822897331,10.177966511622799,0.0,0.0
2.6619999999999284,86.61286720750441,86.61286720750441,86.61286720750441,10.167575313080079,0.0,0.0
2.663999999999928,86.61350382219403,86.61350382219403,86.61350382219403,10.161398377486762,0.0,0.0
2.665999999999928,86.61271627422212,86.61271627422212,86.61271627422212,10.159488533417914,0.0,0.0
2.6679999999999278,86.6105185370447,86.6105185370447,86.6105185370447,10.16185117733363,0.0,0.0
2.6699999999999275,86.60694014350581,86.60694014350581,86.60694014350581,10.168444388865908,0.0,0.0
2.6719999999999273,86.602025801491,86.602025801491,86.602025801491,10.179179569482585,0.0,0.0
2.673999999999927,86.59583484300954,86.59583484300954,86.59583484300954,10.193922595526999,0.0,0.0
2.675999999999927,86.58844051341906,86.58844051341906,86.58844051341906,10.212495470971362,0.0,0.0
2.6779999999999267,86.57992910925047,86.57992910925047,86.57992910925047,10.234678459742838,0.0,0.0
2.6799999999999264,86.57039897473655,86.57039897473655,86.57039897473655,10.2602126722486,0.0,0.0
2.681999999999926,86.55995936867394,86.55995936867394,86.55995936867394,10.288803075790383,0.0,0.0
2.683999999999926,86.548729214641,86.548729214641,86.548729214641,10.320121893978182,0.0,0.0
2.685999999999926,86.53683574883725,86.53683574883725,86.53683574883725,10.353812356077015,0.0,0.0
2.6879999999999256,86.52441308089067,86.52441308089067,86.52441308089067,10.389492753488241,0.0,0.0
2.6899999999999253,86.51160068388606,86.51160068388606,86.51160068388606,10.426760757327997,0.0,0.0
2.691999999999925,86.49854183059121,86.49854183059121,86.49854183059121,10.465197948341824,0.0,0.0
2.693999999999925,86.48538199339053,86.48538199339053,86.48538199339053,10.504374508226363,0.0,0.0
2.6959999999999247,86.47226722577301,86.47226722577301,86.47226722577301,10.543854019828416,0.0,0.0
2.6979999999999245,86.45934254335953,86.45934254335953,86.45934254335953,10.583198322680971,0.0,0.0
2.6999999999999242,86.44675032239377,86.44675032239377,86.44675032239377,10.621972369921423,0.0,0.0
2.701999999999924,86.4346287333608,86.4346287333608,86.4346287333608,10.659749032818695,0.0,0.0
2.703999999999924,86.42311022694389,86.42311022694389,86.42311022694389,10.696113799917612,0.0,0.0
2.7059999999999236,86.41232008888707,86.41232008888707,86.41232008888707,10.730669319168328,0.0,0.0
2.7079999999999234,86.40237507950697,86.40237507950697,86.40237507950697,10.763039733338815,0.0,0.0
2.709999999999923,86.39338217260239,86.39338217260239,86.39338217260239,10.792874761479084,0.0,0.0
2.711999999999923,86.38543740735498,86.38543740735498,86.38543740735498,10.819853482192855,0.0,0.0
2.7139999999999227,86.37862486551414,86.37862486551414,86.37862486551414,10.843687777935088,0.0,0.0
2.7159999999999225,86.37301578472609,86.37301578472609,86.37301578472609,10.864125403457535,0.0,0.0
2.7179999999999223,86.36857321662136,86.36857321662136,86.36857321662136,10.880952645821765,0.0,0.0
2.719999999999922,86.3650814408535,86.3650814408535,86.3650814408535,10.894280350135887,0.0,0.0
2.721999999999922,86.36256179590927,86.36256179590927,86.36256179590927,10.904755677439482,0.0,0.0
2.7239999999999216,86.36103858733854,86.36103858733854,86.36103858733854,10.912314612272155,0.0,0.0
2.7259999999999214,86.36052500034182,86.36052500034182,86.36052500034182,10.916884237984391,0.0,0.0
2.727999999999921,86.36102299484314,86.36102299484314,86.36102299484314,10.918424998974558,0.0,0.0
2.729999999999921,86.36252332521518,86.36252332521518,86.36252332521518,10.916931015470595,0.0,0.0
2.7319999999999207,86.36500568397831,86.36500568397831,86.36500568397831,10.912430024354421,0.0,0.0
2.7339999999999205,86.36843896742522,86.36843896742522,86.36843896742522,10.904982948065083,0.0,0.0
2.7359999999999203,86.3727816597809,86.3727816597809,86.3727816597809,10.89468309772434,0.0,0.0
2.73799999999992,86.37798233120779,86.37798233120779,86.37798233120779,10.88165502065732,0.0,0.0
2.73999999999992,86.38398024372307,86.38398024372307,86.38398024372307,10.86605300637666,0.0,0.0
2.7419999999999196,86.39070605792216,86.39070605792216,86.39070605792216,10.84805926883081,0.0,0.0
2.7439999999999194,86.39808263231328,86.39808263231328,86.39808263231328,10.827881826233522,0.0,0.0
2.745999999999919,86.40602590607216,86.40602590607216,86.40602590607216,10.805752103060172,0.0,0.0
2.747999999999919,86.41444585513742,86.41444585513742,86.41444585513742,10.781922281783523,0.0,0.0
2.7499999999999187,86.42324751079131,86.42324751079131,86.42324751079131,10.756662434587781,0.0,0.0
2.7519999999999185,86.43233202922002,86.43233202922002,86.43233202922002,10.730257467626075,0.0,0.0
2.7539999999999183,86.44159780002478,86.44159780002478,86.44159780002478,10.703003912339966,0.0,0.0
2.755999999999918,86.45094158126909,86.45094158126909,86.45094158126909,10.675206599925673,0.0,0.0
2.757999999999918,86.46025964839883,86.46025964839883,86.46025964839883,10.647175256192725,0.0,0.0
2.7599999999999176,86.46944894426538,86.46944894426538,86.46944894426538,10.619221054803518,0.0,0.0
2.7619999999999174,86.47840821751693,86.47840821751693,86.47840821751693,10.591653167203845,0.0,0.0
2.763999999999917,86.48703913679873,86.48703913679873,86.48703913679873,10.5647753474492,0.0,0.0
2.765999999999917,86.49524736851714,86.49524736851714,86.49524736851714,10.538882589603816,0.0,0.0
2.7679999999999167,86.50294360637109,86.50294360637109,86.50294360637109,10.514257894448576,0.0,0.0
2.7699999999999165,86.5100445414318,86.5100445414318,86.5100445414318,10.491169180886743,0.0,0.0
2.7719999999999163,86.51647376225134,86.51647376225134,86.51647376225134,10.469866375704612,0.0,0.0
2.773999999999916,86.52216257529386,86.52216257529386,86.52216257529386,10.450578713245989,0.0,0.0
2.775999999999916,86.52705073690124,86.52705073690124,86.52705073690124,10.433512274118414,0.0,0.0
2.7779999999999156,86.53108708901671,86.53108708901671,86.53108708901671,10.418847789296251,0.0,0.0
2.7799999999999154,86.53429059597143,86.53429059597143,86.53429059597143,10.406738732949918,0.0,0.0
2.781999999999915,86.53681523871556,86.53681523871556,86.53681523871556,10.397128212085704,0.0,0.0
2.783999999999915,86.53875770301362,86.53875770301362,86.53875770301362,10.389554283853329,0.0,0.0
2.7859999999999148,86.54009863383071,86.54009863383071,86.54009863383071,10.383726890959167,0.0,0.0
2.7879999999999145,86.54082540659499,86.54082540659499,86.54082540659499,10.379704098507887,0.0,0.0
2.7899999999999143,86.5409322421174,86.5409322421174,86.5409322421174,10.377523780215029,0.0,0.0
2.791999999999914,86.54042024530818,86.54042024530818,86.54042024530818,10.377203273647751,0.0,0.0
2.793999999999914,86.53929736754282,86.53929736754282,86.53929736754282,10.378739264075477,0.0,0.0
2.7959999999999137,86.53757829337574,86.53757829337574,86.53757829337574,10.382107897371554,0.0,0.0
2.7979999999999134,86.53528425313502,86.53528425313502,86.53528425313502,10.38726511987278,0.0,0.0
2.7999999999999132,86.53244276374608,86.53244276374608,86.53244276374608,10.394147240594975,0.0,0.0
2.801999999999913,86.52908730091859,86.52908730091859,86.52908730091859,10.402671708761773,0.0,0.0
2.803999999999913,86.52525690657843,86.52525690657843,86.52525690657843,10.412738097244244,0.0,0.0
2.8059999999999126,86.52099573612982,86.52099573612982,86.52099573612982,10.424229280264683,0.0,0.0
2.8079999999999123,86.51635255078105,86.51635255078105,86.51635255078105,10.437012791610584,0.0,0.0
2.809999999999912,86.51138016075703,86.51138016075703,86.51138016075703,10.450942347656849,0.0,0.0
2.811999999999912,86.50613482574316,86.50613482574316,86.50613482574316,10.465859517728916,0.0,0.0
2.8139999999999117,86.50067561935582,86.50067561935582,86.50067561935582,10.481595522770476,0.0,0.0
2.8159999999999115,86.49506376480728,86.49506376480728,86.49506376480728,10.497973141932562,0.0,0.0
2.8179999999999112,86.48936194922601,86.48936194922601,86.48936194922601,10.514808705578162,0.0,0.0
2.819999999999911,86.48363362430119,86.48363362430119,86.48363362430119,10.531914152321974,0.0,0.0
2.821999999999911,86.47794230104437,86.47794230104437,86.47794230104437,10.549099127096383,0.0,0.0
2.8239999999999106,86.47235084649647,86.47235084649647,86.47235084649647,10.566173096866919,0.0,0.0
2.8259999999999104,86.46692079015914,86.46692079015914,86.46692079015914,10.582947460510582,0.0,0.0
2.82799999999991,86.46171164779176,86.46171164779176,86.46171164779176,10.599237629522577,0.0,0.0
2.82999999999991,86.45678026999632,86.45678026999632,86.45678026999632,10.614865056624694,0.0,0.0
2.8319999999999097,86.45218022270937,86.45218022270937,86.45218022270937,10.629659190011068,0.0,0.0
2.8339999999999095,86.44796120634183,86.44796120634183,86.44796120634183,10.643459331871895,0.0,0.0
2.8359999999999093,86.44416851985379,86.44416851985379,86.44416851985379,10.656116380974481,0.0,0.0
2.837999999999909,86.44084257553152,86.44084257553152,86.44084257553152,10.667494440438645,0.0,0.0
2.839999999999909,86.43801846965104,86.43801846965104,86.43801846965104,10.677472273405442,0.0,0.0
2.8419999999999086,86.43572561357473,86.43572561357473,86.43572561357473,10.685944591046848,0.0,0.0
2.8439999999999084,86.43390260728195,86.43390260728195,86.43390260728195,10.692823159275804,0.0,0.0
2.845999999999908,86.43246259981748,86.43246259981748,86.43246259981748,10.698292178154134,0.0,0.0
2.847999999999908,86.43133474353786,86.43133474353786,86.43133474353786,10.702612200547549,0.0,0.0
2.8499999999999077,86.43046124561762,86.43046124561762,86.43046124561762,10.705995769386448,0.0,0.0
2.8519999999999075,86.42982645530282,86.42982645530282,86.42982645530282,10.708616263147121,0.0,0.0
2.8539999999999073,86.42943651895258,86.42943651895258,86.42943651895258,10.710520634091552,0.0,0.0
2.855999999999907,86.42929484968536,86.42929484968536,86.42929484968536,10.711690443142231,0.0,0.0
2.857999999999907,86.42940209968091,86.42940209968091,86.42940209968091,10.712115450943884,0.0,0.0
2.8599999999999066,86.42975616314865,86.42975616314865,86.42975616314865,10.71179370095723,0.0,0.0
2.8619999999999064,86.43035220981598,86.43035220981598,86.43035220981598,10.710731510554012,0.0,0.0
2.863999999999906,86.43118274845334,86.43118274845334,86.43118274845334,10.708943370552106,0.0,0.0
2.865999999999906,86.43223771962208,86.43223771962208,86.43223771962208,10.70645175464,0.0,0.0
2.8679999999999057,86.43350461651025,86.43350461651025,86.43350461651025,10.703286841133774,0.0,0.0
2.8699999999999055,86.43496863241533,86.43496863241533,86.43496863241533,10.699486150469227,0.0,0.0
2.8719999999999053,86.43661283314273,86.43661283314273,86.43661283314273,10.695094102754013,0.0,0.0
2.873999999999905,86.43841835231974,86.43841835231974,86.43841835231974,10.690161500571833,0.0,0.0
2.875999999999905,86.44036460737817,86.44036460737817,86.44036460737817,10.684744943040755,0.0,0.0
2.8779999999999046,86.44242953373846,86.44242953373846,86.44242953373846,10.678906177865485,0.0,0.0
2.8799999999999044,86.44458983453575,86.44458983453575,86.44458983453575,10.6727113987846,0.0,0.0
2.881999999999904,86.44682124306587,86.44682124306587,86.44682124306587,10.666230496392757,0.0,0.0
2.883999999999904,86.44909879499919,86.44909879499919,86.44909879499919,10.659536270802391,0.0,0.0
2.8859999999999038,86.45139710731286,86.45139710731286,86.45139710731286,10.652703615002395,0.0,0.0
2.8879999999999035,86.45369066082853,86.45369066082853,86.45369066082853,10.645808678061428,0.0,0.0
2.8899999999999033,86.45595408321505,86.45595408321505,86.45595408321505,10.638928017514388,0.0,0.0
2.891999999999903,86.45816242932102,86.45816242932102,86.45816242932102,10.632137750354843,0.0,0.0
2.893999999999903,86.46029145574406,86.46029145574406,86.46029145574406,10.625512712036937,0.0,0.0
2.8959999999999027,86.46231788661856,86.46231788661856,86.46231788661856,10.619125632767805,0.0,0.0
2.8979999999999024,86.46421966771179,86.46421966771179,86.46421966771179,10.613046340144308,0.0,0.0
2.899999999999902,86.46597620605877,86.46597620605877,86.46597620605877,10.60734099686465,0.0,0.0
2.901999999999902,86.46756859253667,86.46756859253667,86.46756859253667,10.602071381823691,0.0,0.0
2.9039999999999018,86.46897980497734,86.46897980497734,86.46897980497734,10.597294222390019,0.0,0.0
2.9059999999999016,86.47019488964172,86.47019488964172,86.47019488964172,10.593060585067974,0.0,0.0
2.9079999999999013,86.47120111912682,86.47120111912682,86.47120111912682,10.58941533107486,0.0,0.0
2.909999999999901,86.47201392595225,86.47201392595225,86.47201392595225,10.586396642619547,0.0,0.0
2.911999999999901,86.47266899497518,86.47266899497518,86.47266899497518,10.583958222143224,0.0,0.0
2.9139999999999007,86.47319543611059,86.47319543611059,86.47319543611059,10.581993015074488,0.0,0.0
2.9159999999999004,86.47361699571411,86.47361699571411,86.47361699571411,10.580413691668241,0.0,0.0
2.9179999999999002,86.47395304477706,86.47395304477706,86.47395304477706,10.57914901285767,0.0,0.0
2.9199999999999,86.4742193850543,86.4742193850543,86.4742193850543,10.578140865668786,0.0,0.0
2.9219999999999,86.47442890666952,86.47442890666952,86.47442890666952,10.577341844837122,0.0,0.0
2.9239999999998996,86.47459212456184,86.47459212456184,86.47459212456184,10.576713279991452,0.0,0.0
2.9259999999998993,86.47471761609656,86.47471761609656,86.47471761609656,10.576223626314516,0.0,0.0
2.927999999999899,86.47481237804934,86.47481237804934,86.47481237804934,10.57584715171032,0.0,0.0
2.929999999999899,86.47488211781904,86.47488211781904,86.47488211781904,10.575562865851964,0.0,0.0
2.9319999999998987,86.4749314909868,86.4749314909868,86.4749314909868,10.575353646542908,0.0,0.0
2.9339999999998985,86.47496429510687,86.47496429510687,86.47496429510687,10.575205527039543,0.0,0.0
2.9359999999998982,86.47498362779274,86.47498362779274,86.47498362779274,10.575107114679383,0.0,0.0
2.937999999999898,86.47499201567744,86.47499201567744,86.47499201567744,10.575049116621756,0.0,0.0
2.939999999999898,86.47499151961375,86.47499151961375,86.47499151961375,10.575023952967683,0.0,0.0
2.9419999999998976,86.47498382049213,86.47498382049213,86.47498382049213,10.575025441158743,0.0,0.0
2.9439999999998974,86.47497028924731,86.47497028924731,86.47497028924731,10.575048538523617,0.0,0.0
2.945999999999897,86.47495204396688,86.47495204396688,86.47495204396688,10.575089132258086,0.0,0.0
2.947999999999897,86.47492999647787,86.47492999647787,86.47492999647787,10.57514386809936,0.0,0.0
2.9499999999998967,86.4749048903502,86.4749048903502,86.4749048903502,10.575210010566423,0.0,0.0
2.9519999999998965,86.47487733189834,86.47487733189834,86.47487733189834,10.575285328949406,0.0,0.0
2.9539999999998963,86.47484781547107,86.47484781547107,86.47484781547107,10.575368004304948,0.0,0.0
2.955999999999896,86.4748167440817,86.4748167440817,86.4748167440817,10.575456553586832,0.0,0.0
2.957999999999896,86.47478444623768,86.47478444623768,86.47478444623768,10.575549767754865,0.0,0.0
2.9599999999998956,86.47475118966898,86.47475118966898,86.47475118966898,10.57564666128701,0.0,0.0
2.9619999999998954,86.47471719252758,86.47471719252758,86.47471719252758,10.575746430993092,0.0,0.0
2.963999999999895,86.47468263252323,86.47468263252323,86.47468263252323,10.575848422417266,0.0,0.0
2.965999999999895,86.4746476543761,86.4746476543761,86.4746476543761,10.575952102430335,0.0,0.0
2.9679999999998947,86.47461237589638,86.47461237589638,86.47461237589638,10.576057036871703,0.0,0.0
2.9699999999998945,86.47457689294373,86.47457689294373,86.47457689294373,10.576162872310817,0.0,0.0
2.9719999999998943,86.47454128347287,86.47454128347287,86.47454128347287,10.576269321168809,0.0,0.0
2.973999999999894,86.474505610834,86.474505610834,86.474505610834,10.576376149581392,0.0,0.0
2.975999999999894,86.47446992646493,86.47446992646493,86.47446992646493,10.576483167497997,0.0,0.0
2.9779999999998936,86.47443427208735,86.47443427208735,86.47443427208735,10.576590220605226,0.0,0.0
2.9799999999998934,86.47439868149837,86.47439868149837,86.47439868149837,10.576697183737906,0.0,0.0
2.981999999999893,86.47436318203194,86.47436318203194,86.47436318203194,10.576803955504886,0.0,0.0
2.983999999999893,86.47432779575114,86.47432779575114,86.47432779575114,10.57691045390419,0.0,0.0
2.9859999999998927,86.47429254042063,86.47429254042063,86.47429254042063,10.577016612746604,0.0,0.0
2.9879999999998925,86.47425743030007,86.47425743030007,86.47425743030007,10.577122378738125,0.0,0.0
2.9899999999998923,86.47422247679123,86.47422247679123,86.47422247679123,10.577227709099759,0.0,0.0
2.991999999999892,86.47418768896591,86.47418768896591,86.47418768896591,10.577332569626321,0.0,0.0
2.993999999999892,86.47415307399667,86.47415307399667,86.47415307399667,10.577436933102263,0.0,0.0
2.9959999999998916,86.47411863750807,86.47411863750807,86.47411863750807,10.577540778009961,0.0,0.0
2.9979999999998914,86.47408438386323,86.47408438386323,86.47408438386323,10.57764408747579,0.0,0.0
2.999999999999891,86.47405031639757,86.47405031639757,86.47405031639757,10.5777468484103,0.0,0.0
3.001999999999891,86.47401643760959,86.47401643760959,86.47401643760959,10.577849050807288,0.0,0.0
3.0039999999998908,86.4739827493163,86.4739827493163,86.4739827493163,10.57795068717121,0.0,0.0
3.0059999999998905,86.4739492527802,86.4739492527802,86.4739492527802,10.578051752051067,0.0,0.0
3.0079999999998903,86.47391594881269,86.47391594881269,86.47391594881269,10.578152241659382,0.0,0.0
3.00999999999989,86.47388283785854,86.47388283785854,86.47388283785854,10.578252153561891,0.0,0.0
3.01199999999989,86.47384992006468,86.47384992006468,86.47384992006468,10.578351486424424,0.0,0.0
3.0139999999998897,86.4738171953365,86.4738171953365,86.4738171953365,10.578450239805932,0.0,0.0
3.0159999999998894,86.47378466338347,86.47378466338347,86.47378466338347,10.578548413990518,0.0,0.0
3.017999999999889,86.47375232375668,86.47375232375668,86.47375232375668,10.578646009849592,0.0,0.0
3.019999999999889,86.4737201758792,86.4737201758792,86.4737201758792,10.578743028729946,0.0,0.0
3.0219999999998888,86.47368821907091,86.47368821907091,86.47368821907091,10.578839472362404,0.0,0.0
3.0239999999998886,86.47365645256887,86.47365645256887,86.47365645256887,10.578935342787304,0.0,0.0
3.0259999999998883,86.47362487554378,86.47362487554378,86.47362487554378,10.579030642293333,0.0,0.0
3.027999999999888,86.47359348711338,86.47359348711338,86.47359348711338,10.579125373368697,0.0,0.0
3.029999999999888,86.47356228635356,86.47356228635356,86.47356228635356,10.579219538659856,0.0,0.0
3.0319999999998877,86.47353127230723,86.47353127230723,86.47353127230723,10.579313140939348,0.0,0.0
3.0339999999998875,86.47350044399163,86.47350044399163,86.47350044399163,10.579406183078333,0.0,0.0
3.0359999999998872,86.4734698004043,86.4734698004043,86.4734698004043,10.57949866802511,0.0,0.0
3.037999999999887,86.47343934052786,86.47343934052786,86.47343934052786,10.579590598787092,0.0,0.0
3.039999999999887,86.473409063334,86.473409063334,86.473409063334,10.579681978416431,0.0,0.0
3.0419999999998866,86.47337896778672,86.47337896778672,86.47337896778672,10.579772809997962,0.0,0.0
3.0439999999998864,86.4733490528448,86.4733490528448,86.4733490528448,10.579863096639826,0.0,0.0
3.045999999999886,86.4733193174641,86.4733193174641,86.4733193174641,10.57995284146557,0.0,0.0
3.047999999999886,86.47328976059917,86.47328976059917,86.47328976059917,10.580042047607662,0.0,0.0
3.0499999999998857,86.4732603812047,86.4732603812047,86.4732603812047,10.580130718202497,0.0,0.0
3.0519999999998855,86.4732311782366,86.4732311782366,86.4732311782366,10.580218856385898,0.0,0.0
3.0539999999998853,86.473202150653,86.473202150653,86.473202150653,10.580306465290164,0.0,0.0
3.055999999999885,86.47317329741487,86.47317329741487,86.47317329741487,10.580393548041059,0.0,0.0
3.057999999999885,86.47314461748677,86.47314461748677,86.47314461748677,10.580480107755363,0.0,0.0
3.0599999999998846,86.47311610983724,86.47311610983724,86.47311610983724,10.580566147539685,0.0,0.0
3.0619999999998844,86.47308777343918,86.47308777343918,86.47308777343918,10.580651670488294,0.0,0.0
3.063999999999884,86.47305960727019,86.47305960727019,86.47305960727019,10.580736679682445,0.0,0.0
3.065999999999884,86.47303161031279,86.47303161031279,86.47303161031279,10.580821178189467,0.0,0.0
3.0679999999998837,86.47300378155467,86.47300378155467,86.47300378155467,10.580905169061623,0.0,0.0
3.0699999999998835,86.47297611998874,86.47297611998874,86.47297611998874,10.580988655336,0.0,0.0
3.0719999999998833,86.47294862461337,86.47294862461337,86.47294862461337,10.58107164003377,0.0,0.0
3.073999999999883,86.47292129443237,86.47292129443237,86.47292129443237,10.581154126159902,0.0,0.0
3.075999999999883,86.47289412845508,86.47289412845508,86.47289412845508,10.58123611670294,0.0,0.0
3.0779999999998826,86.47286712569651,86.47286712569651,86.47286712569651,10.581317614634713,0.0,0.0
3.0799999999998824,86.47284028517721,86.47284028517721,86.47284028517721,10.581398622910513,0.0,0.0
3.081999999999882,86.47281360592346,86.47281360592346,86.47281360592346,10.581479144468346,0.0,0.0
3.083999999999882,86.47278708696713,86.47278708696713,86.47278708696713,10.581559182229626,0.0,0.0
3.0859999999998817,86.4727607273458,86.4727607273458,86.4727607273458,10.581638739098594,0.0,0.0
3.0879999999998815,86.47273452610267,86.47273452610267,86.47273452610267,10.581717817962613,0.0,0.0
3.0899999999998813,86.47270848228658,86.47270848228658,86.47270848228658,10.58179642169199,0.0,0.0
3.091999999999881,86.47268259495205,86.47268259495205,86.47268259495205,10.581874553140267,0.0,0.0
3.093999999999881,86.47265686315913,86.47265686315913,86.47265686315913,10.581952215143872,0.0,0.0
3.0959999999998806,86.47263128597356,86.47263128597356,86.47263128597356,10.58202941052258,0.0,0.0
3.0979999999998804,86.47260586246655,86.47260586246655,86.47260586246655,10.58210614207934,0.0,0.0
3.09999999999988,86.47258059171492,86.47258059171492,86.47258059171492,10.582182412600332,0.0,0.0
3.10199999999988,86.47255547280098,86.47255547280098,86.47255547280098,10.582258224855252,0.0,0.0
3.1039999999998797,86.4725305048125,86.4725305048125,86.4725305048125,10.582333581597084,0.0,0.0
3.1059999999998795,86.47250568684278,86.47250568684278,86.47250568684278,10.582408485562496,0.0,0.0
3.1079999999998793,86.4724810179905,86.4724810179905,86.4724810179905,10.582482939471674,0.0,0.0
3.109999999999879,86.47245649735977,86.47245649735977,86.47245649735977,10.58255694602849,0.0,0.0
3.111999999999879,86.47243212406003,86.47243212406003,86.47243212406003,10.582630507920669,0.0,0.0
3.1139999999998786,86.4724078972061,86.4724078972061,86.4724078972061,10.58270362781991,0.0,0.0
3.1159999999998784,86.47238381591809,86.47238381591809,86.47238381591809,10.58277630838171,0.0,0.0
3.117999999999878,86.47235987932142,86.47235987932142,86.47235987932142,10.582848552245707,0.0,0.0
3.119999999999878,86.47233608654672,86.47233608654672,86.47233608654672,10.582920362035736,0.0,0.0
3.1219999999998778,86.47231243672988,86.47231243672988,86.47231243672988,10.58299174035983,0.0,0.0
3.1239999999998775,86.47228892901194,86.47228892901194,86.47228892901194,10.583062689810333,0.0,0.0
3.1259999999998773,86.47226556253914,86.47226556253914,86.47226556253914,10.583133212964185,0.0,0.0
3.127999999999877,86.47224233646278,86.47224233646278,86.47224233646278,10.58320331238258,0.0,0.0
3.129999999999877,86.47221924993934,86.47221924993934,86.47221924993934,10.583272990611647,0.0,0.0
3.1319999999998767,86.47219630213031,86.47219630213031,86.47219630213031,10.583342250182,0.0,0.0
3.1339999999998764,86.47217349220223,86.47217349220223,86.47217349220223,10.583411093609072,0.0,0.0
3.135999999999876,86.47215081932669,86.47215081932669,86.47215081932669,10.583479523393294,0.0,0.0
3.137999999999876,86.47212828268017,86.47212828268017,86.47212828268017,10.583547542019915,0.0,0.0
3.139999999999876,86.4721058814442,86.4721058814442,86.4721058814442,10.583615151959464,0.0,0.0
3.1419999999998756,86.47208361480511,86.47208361480511,86.47208361480511,10.583682355667406,0.0,0.0
3.1439999999998753,86.47206148195423,86.47206148195423,86.47206148195423,10.583749155584655,0.0,0.0
3.145999999999875,86.47203948208768,86.47203948208768,86.47203948208768,10.583815554137288,0.0,0.0
3.147999999999875,86.47201761440643,86.47201761440643,86.47201761440643,10.583881553736944,0.0,0.0
3.1499999999998747,86.47199587811626,86.47199587811626,86.47199587811626,10.58394715678071,0.0,0.0
3.1519999999998745,86.4719742724277,86.4719742724277,86.4719742724277,10.584012365651233,0.0,0.0
3.1539999999998742,86.47195279655605,86.47195279655605,86.47195279655605,10.584077182716896,0.0,0.0
3.155999999999874,86.47193144972131,86.47193144972131,86.47193144972131,10.58414161033187,0.0,0.0
3.157999999999874,86.47191023114816,86.47191023114816,86.47191023114816,10.584205650836111,0.0,0.0
3.1599999999998736,86.47188914006594,86.47188914006594,86.47188914006594,10.58426930655554,0.0,0.0
3.1619999999998734,86.47186817570865,86.47186817570865,86.47186817570865,10.584332579802151,0.0,0.0
3.163999999999873,86.47184733731484,86.47184733731484,86.47184733731484,10.584395472874064,0.0,0.0
3.165999999999873,86.4718266241277,86.4718266241277,86.4718266241277,10.584457988055476,0.0,0.0
3.1679999999998727,86.47180603539489,86.47180603539489,86.47180603539489,10.58452012761694,0.0,0.0
3.1699999999998725,86.47178557036867,86.47178557036867,86.47178557036867,10.584581893815312,0.0,0.0
3.1719999999998723,86.47176522830571,86.47176522830571,86.47176522830571,10.584643288894029,0.0,0.0
3.173999999999872,86.47174500846722,86.47174500846722,86.47174500846722,10.584704315082831,0.0,0.0
3.175999999999872,86.47172491011882,86.47172491011882,86.47172491011882,10.584764974598329,0.0,0.0
3.1779999999998716,86.47170493253054,86.47170493253054,86.47170493253054,10.584825269643545,0.0,0.0
3.1799999999998714,86.47168507497678,86.47168507497678,86.47168507497678,10.584885202408373,0.0,0.0
3.181999999999871,86.47166533673634,86.47166533673634,86.47166533673634,10.58494477506963,0.0,0.0
3.183999999999871,86.47164571709231,86.47164571709231,86.47164571709231,10.585003989791005,0.0,0.0
3.1859999999998707,86.47162621533214,86.47162621533214,86.47162621533214,10.585062848723055,0.0,0.0
3.1879999999998705,86.47160683074749,86.47160683074749,86.47160683074749,10.585121354003604,0.0,0.0
3.1899999999998703,86.47158756263434,86.47158756263434,86.47158756263434,10.585179507757516,0.0,0.0
3.19199999999987,86.47156841029287,86.47156841029287,86.47156841029287,10.585237312096979,0.0,0.0
3.19399999999987,86.47154937302747,86.47154937302747,86.47154937302747,10.58529476912139,0.0,0.0
3.1959999999998696,86.4715304501467,86.4715304501467,86.4715304501467,10.585351880917585,0.0,0.0
3.1979999999998694,86.47151164096331,86.47151164096331,86.47151164096331,10.585408649559895,0.0,0.0
3.199999999999869,86.47149294479414,86.47149294479414,86.47149294479414,10.585465077110086,0.0,0.0
3.201999999999869,86.47147436096014,86.47147436096014,86.47147436096014,10.585521165617592,0.0,0.0
3.2039999999998687,86.47145588878637,86.47145588878637,86.47145588878637,10.585576917119567,0.0,0.0
3.2059999999998685,86.4714375276019,86.4714375276019,86.4714375276019,10.585632333640888,0.0,0.0
3.2079999999998683,86.47141927673988,86.47141927673988,86.47141927673988,10.585687417194265,0.0,0.0
3.209999999999868,86.4714011355374,86.4714011355374,86.4714011355374,10.58574216978036,0.0,0.0
3.211999999999868,86.47138310333561,86.47138310333561,86.47138310333561,10.585796593387784,0.0,0.0
3.2139999999998676,86.47136517947959,86.47136517947959,86.47136517947959,10.585850689993151,0.0,0.0
3.2159999999998674,86.47134736331834,86.47134736331834,86.47134736331834,10.5859044615612,0.0,0.0
3.217999999999867,86.47132965420477,86.47132965420477,86.47132965420477,10.58595791004501,0.0,0.0
3.219999999999867,86.47131205149567,86.47131205149567,86.47131205149567,10.586011037385731,0.0,0.0
3.2219999999998667,86.47129455455178,86.47129455455178,86.47129455455178,10.586063845512967,0.0,0.0
3.2239999999998665,86.47127716273755,86.47127716273755,86.47127716273755,10.586116336344674,0.0,0.0
3.2259999999998663,86.47125987542132,86.47125987542132,86.47125987542132,10.586168511787378,0.0,0.0
3.227999999999866,86.47124269197526,86.47124269197526,86.47124269197526,10.586220373736012,0.0,0.0
3.229999999999866,86.47122561177522,86.47122561177522,86.47122561177522,10.586271924074197,0.0,0.0
3.2319999999998656,86.47120863420089,86.47120863420089,86.47120863420089,10.586323164674297,0.0,0.0
3.2339999999998654,86.47119175863563,86.47119175863563,86.47119175863563,10.58637409739731,0.0,0.0
3.235999999999865,86.47117498446651,86.47117498446651,86.47117498446651,10.586424724093092,0.0,0.0
3.237999999999865,86.47115831108432,86.47115831108432,86.47115831108432,10.586475046600412,0.0,0.0
3.2399999999998648,86.47114173788347,86.47114173788347,86.47114173788347,10.586525066747072,0.0,0.0
3.2419999999998645,86.47112526426203,86.47112526426203,86.47112526426203,10.586574786349615,0.0,0.0
3.2439999999998643,86.47110888962168,86.47110888962168,86.47110888962168,10.586624207213902,0.0,0.0
3.245999999999864,86.47109261336769,86.47109261336769,86.47109261336769,10.586673331134989,0.0,0.0
3.247999999999864,86.47107643490892,86.47107643490892,86.47107643490892,10.586722159896908,0.0,0.0
3.2499999999998637,86.47106035365778,86.47106035365778,86.47106035365778,10.58677069527323,0.0,0.0
3.2519999999998634,86.47104436903017,86.47104436903017,86.47104436903017,10.58681893902667,0.0,0.0
3.2539999999998632,86.47102848044555,86.47102848044555,86.47102848044555,10.586866892909484,0.0,0.0
3.255999999999863,86.47101268732685,86.47101268732685,86.47101268732685,10.586914558663352,0.0,0.0
3.257999999999863,86.47099698910046,86.47099698910046,86.47099698910046,10.586961938019442,0.0,0.0
3.2599999999998626,86.47098138519624,86.47098138519624,86.47098138519624,10.587009032698631,0.0,0.0
3.2619999999998623,86.47096587504745,86.47096587504745,86.47096587504745,10.587055844411282,0.0,0.0
3.263999999999862,86.47095045809077,86.47095045809077,86.47095045809077,10.587102374857636,0.0,0.0
3.265999999999862,86.47093513376623,86.47093513376623,86.47093513376623,10.587148625727707,0.0,0.0
3.2679999999998617,86.47091990151729,86.47091990151729,86.47091990151729,10.587194598701274,0.0,0.0
3.2699999999998615,86.4709047607907,86.4709047607907,86.4709047607907,10.587240295448169,0.0,0.0
3.2719999999998612,86.47088971103655,86.47088971103655,86.47088971103655,10.587285717627935,0.0,0.0
3.273999999999861,86.47087475170824,86.47087475170824,86.47087475170824,10.58733086689034,0.0,0.0
3.275999999999861,86.47085988226246,86.47085988226246,86.47085988226246,10.58737574487526,0.0,0.0
3.2779999999998606,86.47084510215913,86.47084510215913,86.47084510215913,10.587420353212622,0.0,0.0
3.2799999999998604,86.47083041086147,86.47083041086147,86.47083041086147,10.587464693522577,0.0,0.0
3.28199999999986,86.47081580783588,86.47081580783588,86.47081580783588,10.587508767415613,0.0,0.0
3.28399999999986,86.47080129255197,86.47080129255197,86.47080129255197,10.587552576492385,0.0,0.0
3.2859999999998597,86.47078686448256,86.47078686448256,86.47078686448256,10.58759612234411,0.0,0.0
3.2879999999998595,86.47077252310363,86.47077252310363,86.47077252310363,10.587639406552285,0.0,0.0
3.2899999999998593,86.4707582678943,86.4707582678943,86.4707582678943,10.587682430689085,0.0,0.0
3.291999999999859,86.47074409833681,86.47074409833681,86.47074409833681,10.58772519631708,0.0,0.0
3.293999999999859,86.47073001391655,86.47073001391655,86.47073001391655,10.587767704989574,0.0,0.0
3.2959999999998586,86.47071601412195,86.47071601412195,86.47071601412195,10.587809958250375,0.0,0.0
3.2979999999998584,86.47070209844455,86.47070209844455,86.47070209844455,10.5878519576342,0.0,0.0
3.299999999999858,86.47068826637893,86.47068826637893,86.47068826637893,10.587893704666385,0.0,0.0
3.301999999999858,86.47067451742271,86.47067451742271,86.47067451742271,10.587935200863228,0.0,0.0
3.3039999999998577,86.47066085107656,86.47066085107656,86.47066085107656,10.587976447731876,0.0,0.0
3.3059999999998575,86.47064726684408,86.47064726684408,86.47064726684408,10.588017446770323,0.0,0.0
3.3079999999998573,86.47063376423193,86.47063376423193,86.47063376423193,10.588058199467753,0.0,0.0
3.309999999999857,86.47062034274967,86.47062034274967,86.47062034274967,10.588098707304198,0.0,0.0
3.311999999999857,86.47060700190985,86.47060700190985,86.47060700190985,10.588138971750993,0.0,0.0
3.3139999999998566,86.47059374122793,86.47059374122793,86.47059374122793,10.588178994270436,0.0,0.0
3.3159999999998564,86.47058056022227,86.47058056022227,86.47058056022227,10.58821877631624,0.0,0.0
3.317999999999856,86.47056745841417,86.47056745841417,86.47056745841417,10.588258319333193,0.0,0.0
3.319999999999856,86.47055443532774,86.47055443532774,86.47055443532774,10.588297624757502,0.0,0.0
3.3219999999998557,86.47054149049,86.47054149049,86.47054149049,10.588336694016789,0.0,0.0
3.3239999999998555,86.47052862343081,86.47052862343081,86.47052862343081,10.58837552852998,0.0,0.0
3.3259999999998553,86.47051583368281,86.47051583368281,86.47051583368281,10.588414129707587,0.0,0.0
3.327999999999855,86.4705031207815,86.4705031207815,86.4705031207815,10.58845249895154,0.0,0.0
3.329999999999855,86.47049048426514,86.47049048426514,86.47049048426514,10.588490637655525,0.0,0.0
3.3319999999998546,86.47047792367478,86.47047792367478,86.47047792367478,10.58852854720459,0.0,0.0
3.3339999999998544,86.47046543855421,86.47046543855421,86.47046543855421,10.588566228975651,0.0,0.0
3.335999999999854,86.47045302845001,86.47045302845001,86.47045302845001,10.588603684337329,0.0,0.0
3.337999999999854,86.47044069291141,86.47044069291141,86.47044069291141,10.58864091465,0.0,0.0
3.3399999999998538,86.47042843149039,86.47042843149039,86.47042843149039,10.588677921265798,0.0,0.0
3.3419999999998535,86.47041624374162,86.47041624374162,86.47041624374162,10.588714705528844,0.0,0.0
3.3439999999998533,86.47040412922246,86.47040412922246,86.47040412922246,10.588751268775127,0.0,0.0
3.345999999999853,86.47039208749288,86.47039208749288,86.47039208749288,10.588787612332624,0.0,0.0
3.347999999999853,86.47038011811556,86.47038011811556,86.47038011811556,10.588823737521352,0.0,0.0
3.3499999999998527,86.47036822065576,86.47036822065576,86.47036822065576,10.588859645653315,0.0,0.0
3.3519999999998524,86.47035639468137,86.47035639468137,86.47035639468137,10.588895338032728,0.0,0.0
3.353999999999852,86.47034463976287,86.47034463976287,86.47034463976287,10.588930815955905,0.0,0.0
3.355999999999852,86.47033295547332,86.47033295547332,86.47033295547332,10.588966080711373,0.0,0.0
3.3579999999998518,86.47032134138836,86.47032134138836,86.47032134138836,10.589001133580041,0.0,0.0
3.3599999999998515,86.47030979708614,86.47030979708614,86.47030979708614,10.589035975834975,0.0,0.0
3.3619999999998513,86.4702983221474,86.4702983221474,86.4702983221474,10.589070608741565,0.0,0.0
3.363999999999851,86.47028691615539,86.47028691615539,86.47028691615539,10.589105033557757,0.0,0.0
3.365999999999851,86.4702755786958,86.4702755786958,86.4702755786958,10.58913925153388,0.0,0.0
3.3679999999998507,86.47026430935688,86.47026430935688,86.47026430935688,10.589173263912585,0.0,0.0
3.3699999999998504,86.47025310772933,86.47025310772933,86.47025310772933,10.589207071929366,0.0,0.0
3.3719999999998502,86.47024197340632,86.47024197340632,86.47024197340632,10.589240676811983,0.0,0.0
3.37399999999985,86.47023090598343,86.47023090598343,86.47023090598343,10.589274079781035,0.0,0.0
3.37599999999985,86.4702199050587,86.4702199050587,86.4702199050587,10.589307282049731,0.0,0.0
3.3779999999998496,86.47020897023258,86.47020897023258,86.47020897023258,10.58934028482389,0.0,0.0
3.3799999999998493,86.47019810110793,86.47019810110793,86.47019810110793,10.589373089302228,0.0,0.0
3.381999999999849,86.47018729728997,86.47018729728997,86.47018729728997,10.589405696676238,0.0,0.0
3.383999999999849,86.47017655838631,86.47017655838631,86.47017655838631,10.589438108130082,0.0,0.0
3.3859999999998487,86.47016588400695,86.47016588400695,86.47016588400695,10.589470324841045,0.0,0.0
3.3879999999998485,86.47015527376414,86.47015527376414,86.47015527376414,10.589502347979192,0.0,0.0
3.3899999999998482,86.47014472727254,86.47014472727254,86.47014472727254,10.589534178707595,0.0,0.0
3.391999999999848,86.47013424414914,86.47013424414914,86.47013424414914,10.589565818182336,0.0,0.0
3.393999999999848,86.47012382401314,86.47012382401314,86.47012382401314,10.58959726755262,0.0,0.0
3.3959999999998476,86.47011346648611,86.47011346648611,86.47011346648611,10.589628527960542,0.0,0.0
3.3979999999998474,86.47010317119187,86.47010317119187,86.47010317119187,10.589659600541665,0.0,0.0
3.399999999999847,86.47009293775649,86.47009293775649,86.47009293775649,10.589690486424388,0.0,0.0
3.401999999999847,86.4700827658083,86.4700827658083,86.4700827658083,10.589721186730515,0.0,0.0
3.4039999999998467,86.47007265497783,86.47007265497783,86.47007265497783,10.589751702575086,0.0,0.0
3.4059999999998465,86.47006260489788,86.47006260489788,86.47006260489788,10.589782035066492,0.0,0.0
3.4079999999998463,86.47005261520343,86.47005261520343,86.47005261520343,10.589812185306357,0.0,0.0
3.409999999999846,86.47004268553167,86.47004268553167,86.47004268553167,10.589842154389714,0.0,0.0
3.411999999999846,86.47003281552193,86.47003281552193,86.47003281552193,10.589871943405,0.0,0.0
3.4139999999998456,86.47002300481576,86.47002300481576,86.47002300481576,10.589901553434231,0.0,0.0
3.4159999999998454,86.4700132530568,86.4700132530568,86.4700132530568,10.589930985552769,0.0,0.0
3.417999999999845,86.47000355989091,86.47000355989091,86.47000355989091,10.589960240829555,0.0,0.0
3.419999999999845,86.46999392496602,86.46999392496602,86.46999392496602,10.589989320327277,0.0,0.0
3.4219999999998447,86.46998434793217,86.46998434793217,86.46998434793217,10.590018225101971,0.0,0.0
3.4239999999998445,86.46997482844154,86.46997482844154,86.46997482844154,10.59004695620348,0.0,0.0
3.4259999999998443,86.4699653661484,86.4699653661484,86.4699653661484,10.59007551467539,0.0,0.0
3.427999999999844,86.46995596070906,86.46995596070906,86.46995596070906,10.590103901554812,0.0,0.0
3.429999999999844,86.46994661178192,86.46994661178192,86.46994661178192,10.590132117872827,0.0,0.0
3.4319999999998436,86.46993731902744,86.46993731902744,86.46993731902744,10.590160164654208,0.0,0.0
3.4339999999998434,86.4699280821081,86.4699280821081,86.4699280821081,10.590188042917703,0.0,0.0
3.435999999999843,86.46991890068841,86.46991890068841,86.46991890068841,10.590215753675693,0.0,0.0
3.437999999999843,86.4699097744349,86.4699097744349,86.4699097744349,10.590243297934762,0.0,0.0
3.4399999999998427,86.46990070301614,86.46990070301614,86.46990070301614,10.590270676695297,0.0,0.0
3.4419999999998425,86.46989168610261,86.46989168610261,86.46989168610261,10.590297890951604,0.0,0.0
3.4439999999998423,86.46988272336685,86.46988272336685,86.46988272336685,10.590324941692188,0.0,0.0
3.445999999999842,86.46987381448334,86.46987381448334,86.46987381448334,10.590351829899475,0.0,0.0
3.447999999999842,86.46986495912847,86.46986495912847,86.46986495912847,10.590378556550036,0.0,0.0
3.4499999999998416,86.46985615698067,86.46985615698067,86.46985615698067,10.590405122614584,0.0,0.0
3.4519999999998414,86.4698474077202,86.4698474077202,86.4698474077202,10.590431529058037,0.0,0.0
3.453999999999841,86.46983871102931,86.46983871102931,86.46983871102931,10.5904577768394,0.0,0.0
3.455999999999841,86.46983006659215,86.46983006659215,86.46983006659215,10.590483866912052,0.0,0.0
3.4579999999998408,86.46982147409473,86.46982147409473,86.46982147409473,10.590509800223572,0.0,0.0
3.4599999999998405,86.46981293322497,86.46981293322497,86.46981293322497,10.590535577715855,0.0,0.0
3.4619999999998403,86.4698044436727,86.4698044436727,86.4698044436727,10.590561200325055,0.0,0.0
3.46399999999984,86.46979600512957,86.46979600512957,86.46979600512957,10.59058666898187,0.0,0.0
3.46599999999984,86.46978761728907,86.46978761728907,86.46978761728907,10.590611984611314,0.0,0.0
3.4679999999998397,86.46977927984659,86.46977927984659,86.46977927984659,10.590637148132771,0.0,0.0
3.4699999999998394,86.46977099249928,86.46977099249928,86.46977099249928,10.590662160460226,0.0,0.0
3.471999999999839,86.46976275494616,86.46976275494616,86.46976275494616,10.590687022502152,0.0,0.0
3.473999999999839,86.46975456688806,86.46975456688806,86.46975456688806,10.590711735161506,0.0,0.0
3.4759999999998388,86.46974642802758,86.46974642802758,86.46974642802758,10.590736299335845,0.0,0.0
3.4779999999998386,86.46973833806909,86.46973833806909,86.46973833806909,10.59076071591727,0.0,0.0
3.4799999999998383,86.46973029671881,86.46973029671881,86.46973029671881,10.590784985792709,0.0,0.0
3.481999999999838,86.46972230368466,86.46972230368466,86.46972230368466,10.590809109843576,0.0,0.0
3.483999999999838,86.46971435867633,86.46971435867633,86.46971435867633,10.590833088945999,0.0,0.0
3.4859999999998377,86.46970646140525,86.46970646140525,86.46970646140525,10.590856923970989,0.0,0.0
3.4879999999998375,86.46969861158462,86.46969861158462,86.46969861158462,10.590880615784215,0.0,0.0
3.4899999999998372,86.4696908089293,86.4696908089293,86.4696908089293,10.590904165246172,0.0,0.0
3.491999999999837,86.46968305315593,86.46968305315593,86.46968305315593,10.59092757321207,0.0,0.0
3.493999999999837,86.46967534398281,86.46967534398281,86.46967534398281,10.59095084053223,0.0,0.0
3.4959999999998366,86.46966768112995,86.46966768112995,86.46966768112995,10.590973968051571,0.0,0.0
3.4979999999998364,86.46966006431903,86.46966006431903,86.46966006431903,10.590996956610184,0.0,0.0
3.499999999999836,86.4696524932734,86.4696524932734,86.4696524932734,10.591019807042926,0.0,0.0
3.501999999999836,86.46964496771811,86.46964496771811,86.46964496771811,10.59104252017977,0.0,0.0
3.5039999999998357,86.46963748737981,86.46963748737981,86.46963748737981,10.591065096845682,0.0,0.0
3.5059999999998355,86.46963005198683,86.46963005198683,86.46963005198683,10.591087537860517,0.0,0.0
3.5079999999998353,86.46962266126909,86.46962266126909,86.46962266126909,10.591109844039522,0.0,0.0
3.509999999999835,86.46961531495819,86.46961531495819,86.46961531495819,10.591132016192716,0.0,0.0
3.511999999999835,86.4696080127873,86.4696080127873,86.4696080127873,10.591154055125457,0.0,0.0
3.5139999999998346,86.46960075449121,86.46960075449121,86.46960075449121,10.5911759616381,0.0,0.0
3.5159999999998344,86.46959353980631,86.46959353980631,86.46959353980631,10.59119773652634,0.0,0.0
3.517999999999834,86.46958636847054,86.46958636847054,86.46958636847054,10.591219380581094,0.0,0.0
3.519999999999834,86.46957924022345,86.46957924022345,86.46957924022345,10.591240894588339,0.0,0.0
3.5219999999998337,86.46957215480616,86.46957215480616,86.46957215480616,10.591262279329612,0.0,0.0
3.5239999999998335,86.4695651119613,86.4695651119613,86.4695651119613,10.59128353558151,0.0,0.0
3.5259999999998333,86.46955811143309,86.46955811143309,86.46955811143309,10.59130466411608,0.0,0.0
3.527999999999833,86.46955115296727,86.46955115296727,86.46955115296727,10.591325665700765,0.0,0.0
3.529999999999833,86.46954423631112,86.46954423631112,86.46954423631112,10.591346541098176,0.0,0.0
3.5319999999998326,86.46953736121343,86.46953736121343,86.46953736121343,10.59136729106666,0.0,0.0
3.5339999999998324,86.46953052742445,86.46953052742445,86.46953052742445,10.591387916359736,0.0,0.0
3.535999999999832,86.46952373469604,86.46952373469604,86.46952373469604,10.591408417726655,0.0,0.0
3.537999999999832,86.46951698278146,86.46951698278146,86.46951698278146,10.591428795911838,0.0,0.0
3.5399999999998317,86.46951027143548,86.46951027143548,86.46951027143548,10.591449051655616,0.0,0.0
3.5419999999998315,86.46950360041436,86.46950360041436,86.46950360041436,10.59146918569354,0.0,0.0
3.5439999999998313,86.4694969694758,86.4694969694758,86.4694969694758,10.591489198756904,0.0,0.0
3.545999999999831,86.46949037837896,86.46949037837896,86.46949037837896,10.591509091572618,0.0,0.0
3.547999999999831,86.46948382688447,86.46948382688447,86.46948382688447,10.591528864863108,0.0,0.0
3.5499999999998306,86.46947731475437,86.46947731475437,86.46947731475437,10.591548519346588,0.0,0.0
3.5519999999998304,86.46947084175213,86.46947084175213,86.46947084175213,10.5915680557369,0.0,0.0
3.55399999999983,86.46946440764268,86.46946440764268,86.46946440764268,10.59158747474362,0.0,0.0
3.55599999999983,86.4694580121923,86.4694580121923,86.4694580121923,10.591606777071945,0.0,0.0
3.5579999999998297,86.46945165516874,86.46945165516874,86.46945165516874,10.591625963423098,0.0,0.0
3.5599999999998295,86.4694453363411,86.4694453363411,86.4694453363411,10.591645034493752,0.0,0.0
3.5619999999998293,86.46943905547988,86.46943905547988,86.46943905547988,10.591663990976713,0.0,0.0
3.563999999999829,86.46943281235696,86.46943281235696,86.46943281235696,10.591682833560355,0.0,0.0
3.565999999999829,86.46942660674559,86.46942660674559,86.46942660674559,10.591701562929131,0.0,0.0
3.5679999999998286,86.46942043842037,86.46942043842037,86.46942043842037,10.591720179763229,0.0,0.0
3.5699999999998284,86.4694143071573,86.4694143071573,86.4694143071573,10.591738684738857,0.0,0.0
3.571999999999828,86.46940821273367,86.46940821273367,86.46940821273367,10.591757078528133,0.0,0.0
3.573999999999828,86.46940215492813,86.46940215492813,86.46940215492813,10.591775361799023,0.0,0.0
3.5759999999998278,86.46939613352069,86.46939613352069,86.46939613352069,10.59179353521563,0.0,0.0
3.5779999999998275,86.46939014829262,86.46939014829262,86.46939014829262,10.59181159943796,0.0,0.0
3.5799999999998273,86.46938419902655,86.46938419902655,86.46938419902655,10.59182955512216,0.0,0.0
3.581999999999827,86.46937828550642,86.46937828550642,86.46937828550642,10.591847402920337,0.0,0.0
3.583999999999827,86.46937240751743,86.46937240751743,86.46937240751743,10.591865143480732,0.0,0.0
3.5859999999998267,86.4693665648461,86.4693665648461,86.4693665648461,10.591882777447722,0.0,0.0
3.5879999999998264,86.46936075728021,86.46936075728021,86.46936075728021,10.591900305461706,0.0,0.0
3.589999999999826,86.46935498460887,86.46935498460887,86.46935498460887,10.59191772815933,0.0,0.0
3.591999999999826,86.46934924662237,86.46934924662237,86.46934924662237,10.591935046173433,0.0,0.0
3.593999999999826,86.46934354311234,86.46934354311234,86.46934354311234,10.59195226013287,0.0,0.0
3.5959999999998256,86.46933787387164,86.46933787387164,86.46933787387164,10.591969370662923,0.0,0.0
3.5979999999998253,86.46933223869432,86.46933223869432,86.46933223869432,10.591986378385116,0.0,0.0
3.599999999999825,86.46932663737574,86.46932663737574,86.46932663737574,10.592003283917052,0.0,0.0
3.601999999999825,86.46932106971246,86.46932106971246,86.46932106971246,10.592020087872754,0.0,0.0
3.6039999999998247,86.46931553550226,86.46931553550226,86.46931553550226,10.592036790862608,0.0,0.0
3.6059999999998245,86.46931003454414,86.46931003454414,86.46931003454414,10.592053393493245,0.0,0.0
3.6079999999998242,86.4693045666383,86.4693045666383,86.4693045666383,10.592069896367605,0.0,0.0
3.609999999999824,86.46929913158615,86.46929913158615,86.46929913158615,10.5920863000851,0.0,0.0
3.611999999999824,86.46929372919031,86.46929372919031,86.46929372919031,10.592102605241507,0.0,0.0
3.6139999999998236,86.46928835925453,86.46928835925453,86.46928835925453,10.592118812429078,0.0,0.0
3.6159999999998234,86.46928302158379,86.46928302158379,86.46928302158379,10.592134922236426,0.0,0.0
3.617999999999823,86.46927771598425,86.46927771598425,86.46927771598425,10.592150935248583,0.0,0.0
3.619999999999823,86.46927244226318,86.46927244226318,86.46927244226318,10.592166852047285,0.0,0.0
3.6219999999998227,86.46926720022903,86.46926720022903,86.46926720022903,10.592182673210516,0.0,0.0
3.6239999999998225,86.46926198969145,86.46926198969145,86.46926198969145,10.592198399312906,0.0,0.0
3.6259999999998223,86.46925681046116,86.46925681046116,86.46925681046116,10.592214030925675,0.0,0.0
3.627999999999822,86.46925166235008,86.46925166235008,86.46925166235008,10.592229568616517,0.0,0.0
3.629999999999822,86.46924654517122,86.46924654517122,86.46924654517122,10.592245012949775,0.0,0.0
3.6319999999998216,86.46924145873872,86.46924145873872,86.46924145873872,10.592260364486378,0.0,0.0
3.6339999999998214,86.46923640286784,86.46923640286784,86.46923640286784,10.592275623783848,0.0,0.0
3.635999999999821,86.46923137737495,86.46923137737495,86.46923137737495,10.592290791396465,0.0,0.0
3.637999999999821,86.46922638207755,86.46922638207755,86.46922638207755,10.592305867875098,0.0,0.0
3.6399999999998207,86.46922141679418,86.46922141679418,86.46922141679418,10.592320853767376,0.0,0.0
3.6419999999998205,86.46921648134452,86.46921648134452,86.46921648134452,10.592335749617462,0.0,0.0
3.6439999999998203,86.46921157554931,86.46921157554931,86.46921157554931,10.592350555966448,0.0,0.0
3.64599999999982,86.46920669923036,86.46920669923036,86.46920669923036,10.592365273352073,0.0,0.0
3.64799999999982,86.46920185221059,86.46920185221059,86.46920185221059,10.592379902308892,0.0,0.0
3.6499999999998196,86.46919703431394,86.46919703431394,86.46919703431394,10.592394443368221,0.0,0.0
3.6519999999998194,86.46919224536542,86.46919224536542,86.46919224536542,10.592408897058192,0.0,0.0
3.653999999999819,86.46918748519111,86.46918748519111,86.46918748519111,10.592423263903754,0.0,0.0
3.655999999999819,86.46918275361811,86.46918275361811,86.46918275361811,10.592437544426673,0.0,0.0
3.6579999999998187,86.4691780504746,86.4691780504746,86.4691780504746,10.592451739145645,0.0,0.0
3.6599999999998185,86.4691733755897,86.4691733755897,86.4691733755897,10.59246584857624,0.0,0.0
3.6619999999998183,86.46916872879368,86.46916872879368,86.46916872879368,10.5924798732309,0.0,0.0
3.663999999999818,86.46916410991774,86.46916410991774,86.46916410991774,10.592493813618944,0.0,0.0
3.665999999999818,86.46915951879414,86.46915951879414,86.46915951879414,10.592507670246789,0.0,0.0
3.6679999999998176,86.4691549552561,86.4691549552561,86.4691549552561,10.592521443617613,0.0,0.0
3.6699999999998174,86.46915041913792,86.46915041913792,86.46915041913792,10.592535134231696,0.0,0.0
3.671999999999817,86.4691459102748,86.4691459102748,86.4691459102748,10.592548742586246,0.0,0.0
3.673999999999817,86.46914142850301,86.46914142850301,86.46914142850301,10.59256226917563,0.0,0.0
3.6759999999998167,86.46913697365977,86.46913697365977,86.46913697365977,10.592575714490977,0.0,0.0
3.6779999999998165,86.46913254558326,86.46913254558326,86.46913254558326,10.592589079020684,0.0,0.0
3.6799999999998163,86.46912814411269,86.46912814411269,86.46912814411269,10.592602363250194,0.0,0.0
3.681999999999816,86.46912376908816,86.46912376908816,86.46912376908816,10.592615567661937,0.0,0.0
3.683999999999816,86.46911942035081,86.46911942035081,86.46911942035081,10.592628692735502,0.0,0.0
3.6859999999998156,86.46911509774266,86.46911509774266,86.46911509774266,10.592641738947577,0.0,0.0
3.6879999999998154,86.46911080110672,86.46911080110672,86.46911080110672,10.59265470677201,0.0,0.0
3.689999999999815,86.46910653028695,86.46910653028695,86.46910653028695,10.592667596679803,0.0,0.0
3.691999999999815,86.46910228512823,86.46910228512823,86.46910228512823,10.59268040913912,0.0,0.0
3.6939999999998148,86.46909806547639,86.46909806547639,86.46909806547639,10.592693144615282,0.0,0.0
3.6959999999998145,86.46909387117815,86.46909387117815,86.46909387117815,10.59270580357088,0.0,0.0
3.6979999999998143,86.46908970208116,86.46908970208116,86.46908970208116,10.592718386465606,0.0,0.0
3.699999999999814,86.46908555803405,86.46908555803405,86.46908555803405,10.592730893756482,0.0,0.0
3.701999999999814,86.46908143888626,86.46908143888626,86.46908143888626,10.592743325897857,0.0,0.0
3.7039999999998137,86.46907734448821,86.46907734448821,86.46907734448821,10.592755683341181,0.0,0.0
3.7059999999998134,86.46907327469118,86.46907327469118,86.46907327469118,10.592767966535405,0.0,0.0
3.7079999999998132,86.46906922934737,86.46906922934737,86.46906922934737,10.592780175926464,0.0,0.0
3.709999999999813,86.46906520830984,86.46906520830984,86.46906520830984,10.592792311957908,0.0,0.0
3.711999999999813,86.46906121143255,86.46906121143255,86.46906121143255,10.5928043750705,0.0,0.0
3.7139999999998126,86.46905723857034,86.46905723857034,86.46905723857034,10.592816365702333,0.0,0.0
3.7159999999998123,86.46905328957892,86.46905328957892,86.46905328957892,10.592828284288942,0.0,0.0
3.717999999999812,86.46904936431484,86.46904936431484,86.46904936431484,10.592840131263245,0.0,0.0
3.719999999999812,86.46904546263556,86.46904546263556,86.46904546263556,10.592851907055433,0.0,0.0
3.7219999999998117,86.46904158439936,86.46904158439936,86.46904158439936,10.59286361209331,0.0,0.0
3.7239999999998115,86.46903772946538,86.46903772946538,86.46903772946538,10.592875246801896,0.0,0.0
3.7259999999998112,86.46903389769363,86.46903389769363,86.46903389769363,10.592886811603819,0.0,0.0
3.727999999999811,86.4690300889449,86.4690300889449,86.4690300889449,10.592898306919096,0.0,0.0
3.729999999999811,86.46902630308091,86.46902630308091,86.46902630308091,10.5929097331653,0.0,0.0
3.7319999999998106,86.46902253996412,86.46902253996412,86.46902253996412,10.592921090757272,0.0,0.0
3.7339999999998104,86.46901879945787,86.46901879945787,86.46901879945787,10.59293238010764,0.0,0.0
3.73599999999981,86.46901508142629,86.46901508142629,86.46901508142629,10.592943601626416,0.0,0.0
3.73799999999981,86.46901138573436,86.46901138573436,86.46901138573436,10.59295475572111,0.0,0.0
3.7399999999998097,86.46900771224784,86.46900771224784,86.46900771224784,10.5929658427969,0.0,0.0
3.7419999999998095,86.46900406083333,86.46900406083333,86.46900406083333,10.592976863256467,0.0,0.0
3.7439999999998093,86.46900043135818,86.46900043135818,86.46900043135818,10.592987817500045,0.0,0.0
3.745999999999809,86.46899682369059,86.46899682369059,86.46899682369059,10.592998705925424,0.0,0.0
3.747999999999809,86.46899323769954,86.46899323769954,86.46899323769954,10.593009528928235,0.0,0.0
3.7499999999998086,86.46898967325475,86.46898967325475,86.46898967325475,10.593020286901378,0.0,0.0
3.7519999999998084,86.4689861302268,86.4689861302268,86.4689861302268,10.593030980235767,0.0,0.0
3.753999999999808,86.46898260848698,86.46898260848698,86.46898260848698,10.593041609319584,0.0,0.0
3.755999999999808,86.46897910790739,86.46897910790739,86.46897910790739,10.593052174539025,0.0,0.0
3.7579999999998077,86.4689756283609,86.4689756283609,86.4689756283609,10.593062676277839,0.0,0.0
3.7599999999998075,86.46897216972111,86.46897216972111,86.46897216972111,10.593073114917331,0.0,0.0
3.7619999999998073,86.46896873186243,86.46896873186243,86.46896873186243,10.593083490836648,0.0,0.0
3.763999999999807,86.46896531465998,86.46896531465998,86.46896531465998,10.59309380441266,0.0,0.0
3.765999999999807,86.46896191798967,86.46896191798967,86.46896191798967,10.593104056020024,0.0,0.0
3.7679999999998066,86.4689585417281,86.4689585417281,86.4689585417281,10.593114246031007,0.0,0.0
3.7699999999998064,86.46895518575266,86.46895518575266,86.46895518575266,10.593124374815659,0.0,0.0
3.771999999999806,86.46895184994146,86.46895184994146,86.46895184994146,10.593134442741984,0.0,0.0
3.773999999999806,86.46894853417336,86.46894853417336,86.46894853417336,10.5931444501756,0.0,0.0
3.7759999999998057,86.46894523832792,86.46894523832792,86.46894523832792,10.593154397479907,0.0,0.0
3.7779999999998055,86.46894196228543,86.46894196228543,86.46894196228543,10.593164285016258,0.0,0.0
3.7799999999998053,86.4689387059269,86.4689387059269,86.4689387059269,10.593174113143732,0.0,0.0
3.781999999999805,86.46893546913408,86.46893546913408,86.46893546913408,10.593183882219307,0.0,0.0
3.783999999999805,86.4689322517894,86.4689322517894,86.4689322517894,10.5931935925978,0.0,0.0
3.7859999999998046,86.468929053776,86.468929053776,86.468929053776,10.593203244631809,0.0,0.0
3.7879999999998044,86.46892587497773,86.46892587497773,86.46892587497773,10.593212838672002,0.0,0.0
3.789999999999804,86.46892271527915,86.46892271527915,86.46892271527915,10.59322237506683,0.0,0.0
3.791999999999804,86.46891957456549,86.46891957456549,86.46891957456549,10.593231854162582,0.0,0.0
3.7939999999998038,86.46891645272267,86.46891645272267,86.46891645272267,10.593241276303559,0.0,0.0
3.7959999999998035,86.46891334963733,86.46891334963733,86.46891334963733,10.593250641831958,0.0,0.0
3.7979999999998033,86.46891026519675,86.46891026519675,86.46891026519675,10.593259951088044,0.0,0.0
3.799999999999803,86.4689071992889,86.4689071992889,86.4689071992889,10.59326920440975,0.0,0.0
3.801999999999803,86.46890415180245,86.46890415180245,86.46890415180245,10.593278402133308,0.0,0.0
3.8039999999998027,86.46890112262669,86.46890112262669,86.46890112262669,10.59328754459267,0.0,0.0
3.8059999999998024,86.46889811165161,86.46889811165161,86.46889811165161,10.593296632119916,0.0,0.0
3.807999999999802,86.46889511876785,86.46889511876785,86.46889511876785,10.593305665045193,0.0,0.0
3.809999999999802,86.4688921438667,86.4688921438667,86.4688921438667,10.593314643696488,0.0,0.0
3.8119999999998018,86.46888918684013,86.46888918684013,86.46888918684013,10.59332356839991,0.0,0.0
3.8139999999998015,86.46888624758074,86.46888624758074,86.46888624758074,10.593332439479582,0.0,0.0
3.8159999999998013,86.46888332598178,86.46888332598178,86.46888332598178,10.593341257257748,0.0,0.0
3.817999999999801,86.46888042193711,86.46888042193711,86.46888042193711,10.593350022054665,0.0,0.0
3.819999999999801,86.46887753534129,86.46887753534129,86.46887753534129,10.593358734188655,0.0,0.0
3.8219999999998007,86.46887466608946,86.46887466608946,86.46887466608946,10.59336739397611,0.0,0.0
3.8239999999998004,86.46887181407742,86.46887181407742,86.46887181407742,10.593376001731599,0.0,0.0
3.8259999999998002,86.46886897920157,86.46886897920157,86.46886897920157,10.593384557767763,0.0,0.0
3.8279999999998,86.46886616135896,86.46886616135896,86.46886616135896,10.593393062395307,0.0,0.0
3.8299999999998,86.46886336044724,86.46886336044724,86.46886336044724,10.59340151592312,0.0,0.0
3.8319999999997996,86.4688605763647,86.4688605763647,86.4688605763647,10.593409918658267,0.0,0.0
3.8339999999997993,86.4688578090102,86.4688578090102,86.4688578090102,10.593418270905886,0.0,0.0
3.835999999999799,86.46885505828324,86.46885505828324,86.46885505828324,10.593426572969406,0.0,0.0
3.837999999999799,86.4688523240839,86.4688523240839,86.4688523240839,10.593434825150268,0.0,0.0
3.8399999999997987,86.46884960631289,86.46884960631289,86.46884960631289,10.593443027748322,0.0,0.0
3.8419999999997985,86.4688469048715,86.4688469048715,86.4688469048715,10.593451181061312,0.0,0.0
3.8439999999997982,86.4688442196616,86.4688442196616,86.4688442196616,10.593459285385507,0.0,0.0
3.845999999999798,86.4688415505857,86.4688415505857,86.4688415505857,10.593467341015185,0.0,0.0
3.847999999999798,86.46883889754682,86.46883889754682,86.46883889754682,10.593475348242919,0.0,0.0
3.8499999999997976,86.46883626044861,86.46883626044861,86.46883626044861,10.59348330735952,0.0,0.0
3.8519999999997974,86.46883363919531,86.46883363919531,86.46883363919531,10.593491218654151,0.0,0.0
3.853999999999797,86.46883103369171,86.46883103369171,86.46883103369171,10.593499082414041,0.0,0.0
3.855999999999797,86.46882844384317,86.46882844384317,86.46882844384317,10.593506898924886,0.0,0.0
3.8579999999997967,86.46882586955562,86.46882586955562,86.46882586955562,10.593514668470505,0.0,0.0
3.8599999999997965,86.46882331073557,86.46882331073557,86.46882331073557,10.593522391333124,0.0,0.0
3.8619999999997963,86.46882076729011,86.46882076729011,86.46882076729011,10.593530067793267,0.0,0.0
3.863999999999796,86.46881823912682,86.46881823912682,86.46881823912682,10.593537698129694,0.0,0.0
3.865999999999796,86.4688157261539,86.4688157261539,86.4688157261539,10.593545282619573,0.0,0.0
3.8679999999997956,86.46881322828008,86.46881322828008,86.46881322828008,10.59355282153831,0.0,0.0
3.8699999999997954,86.46881074541464,86.46881074541464,86.46881074541464,10.593560315159777,0.0,0.0
3.871999999999795,86.46880827746739,86.46880827746739,86.46880827746739,10.593567763756084,0.0,0.0
3.873999999999795,86.46880582434869,86.46880582434869,86.46880582434869,10.593575167597805,0.0,0.0
3.8759999999997947,86.46880338596948,86.46880338596948,86.46880338596948,10.593582526953924,0.0,0.0
3.8779999999997945,86.46880096224116,86.46880096224116,86.46880096224116,10.593589842091546,0.0,0.0
3.8799999999997943,86.46879855307571,86.46879855307571,86.46879855307571,10.59359711327653,0.0,0.0
3.881999999999794,86.46879615838564,86.46879615838564,86.46879615838564,10.593604340772856,0.0,0.0
3.883999999999794,86.46879377808396,86.46879377808396,86.46879377808396,10.593611524843084,0.0,0.0
3.8859999999997936,86.46879141208423,86.46879141208423,86.46879141208423,10.593618665748124,0.0,0.0
3.8879999999997934,86.46878906030052,86.46878906030052,86.46878906030052,10.593625763747298,0.0,0.0
3.889999999999793,86.46878672264741,86.46878672264741,86.46878672264741,10.593632819098445,0.0,0.0
3.891999999999793,86.46878439903999,86.46878439903999,86.46878439903999,10.593639832057761,0.0,0.0
3.8939999999997927,86.46878208939386,86.46878208939386,86.46878208939386,10.593646802880016,0.0,0.0
3.8959999999997925,86.46877979362516,86.46877979362516,86.46877979362516,10.593653731818392,0.0,0.0
3.8979999999997923,86.46877751165049,86.46877751165049,86.46877751165049,10.593660619124535,0.0,0.0
3.899999999999792,86.46877524338696,86.46877524338696,86.46877524338696,10.593667465048554,0.0,0.0
3.901999999999792,86.46877298875222,86.46877298875222,86.46877298875222,10.593674269839141,0.0,0.0
3.9039999999997916,86.46877074766435,86.46877074766435,86.46877074766435,10.593681033743337,0.0,0.0
3.9059999999997914,86.46876852004196,86.46876852004196,86.46876852004196,10.593687757006933,0.0,0.0
3.907999999999791,86.46876630580417,86.46876630580417,86.46876630580417,10.59369443987407,0.0,0.0
3.909999999999791,86.46876410487052,86.46876410487052,86.46876410487052,10.593701082587529,0.0,0.0
3.9119999999997908,86.4687619171611,86.4687619171611,86.4687619171611,10.593707685388438,0.0,0.0
3.9139999999997905,86.46875974259645,86.46875974259645,86.46875974259645,10.593714248516676,0.0,0.0
3.9159999999997903,86.46875758109758,86.46875758109758,86.46875758109758,10.593720772210645,0.0,0.0
3.91799999999979,86.468755432586,86.468755432586,86.468755432586,10.593727256707268,0.0,0.0
3.91999999999979,86.46875329698364,86.46875329698364,86.46875329698364,10.593733702242048,0.0,0.0
3.9219999999997897,86.46875117421297,86.46875117421297,86.46875117421297,10.593740109049065,0.0,0.0
3.9239999999997894,86.46874906419689,86.46874906419689,86.46874906419689,10.593746477361094,0.0,0.0
3.925999999999789,86.46874696685875,86.46874696685875,86.46874696685875,10.593752807409373,0.0,0.0
3.927999999999789,86.46874488212238,86.46874488212238,86.46874488212238,10.593759099423778,0.0,0.0
3.9299999999997888,86.46874280991206,86.46874280991206,86.46874280991206,10.593765353632875,0.0,0.0
3.9319999999997886,86.46874075015252,86.46874075015252,86.46874075015252,10.593771570263812,0.0,0.0
3.9339999999997883,86.46873870276899,86.46873870276899,86.46873870276899,10.593777749542426,0.0,0.0
3.935999999999788,86.46873666768707,86.46873666768707,86.46873666768707,10.593783891693022,0.0,0.0
3.937999999999788,86.46873464483285,86.46873464483285,86.46873464483285,10.593789996938824,0.0,0.0
3.9399999999997877,86.46873263413286,86.46873263413286,86.46873263413286,10.593796065501465,0.0,0.0
3.9419999999997875,86.46873063551409,86.46873063551409,86.46873063551409,10.593802097601383,0.0,0.0
3.9439999999997872,86.46872864890395,86.46872864890395,86.46872864890395,10.59380809345771,0.0,0.0
3.945999999999787,86.46872667423028,86.46872667423028,86.46872667423028,10.593814053288156,0.0,0.0
3.947999999999787,86.46872471142134,86.46872471142134,86.46872471142134,10.593819977309181,0.0,0.0
3.9499999999997866,86.46872276040588,86.46872276040588,86.46872276040588,10.593825865735937,0.0,0.0
3.9519999999997864,86.468720821113,86.468720821113,86.468720821113,10.593831718782383,0.0,0.0
3.953999999999786,86.46871889347229,86.46871889347229,86.46871889347229,10.593837536660999,0.0,0.0
3.955999999999786,86.46871697741372,86.46871697741372,86.46871697741372,10.59384331958313,0.0,0.0
3.9579999999997857,86.46871507286771,86.46871507286771,86.46871507286771,10.59384906775881,0.0,0.0
3.9599999999997855,86.46871317976509,86.46871317976509,86.46871317976509,10.593854781396885,0.0,0.0
3.9619999999997852,86.4687112980371,86.4687112980371,86.4687112980371,10.593860460704718,0.0,0.0
3.963999999999785,86.46870942761542,86.46870942761542,86.46870942761542,10.593866105888651,0.0,0.0
3.965999999999785,86.46870756843208,86.46870756843208,86.46870756843208,10.593871717153718,0.0,0.0
3.9679999999997846,86.46870572041956,86.46870572041956,86.46870572041956,10.59387729470376,0.0,0.0
3.9699999999997844,86.46870388351076,86.46870388351076,86.46870388351076,10.593882838741308,0.0,0.0
3.971999999999784,86.46870205763895,86.46870205763895,86.46870205763895,10.593888349467704,0.0,0.0
3.973999999999784,86.46870024273781,86.46870024273781,86.46870024273781,10.59389382708315,0.0,0.0
3.9759999999997837,86.46869843874144,86.46869843874144,86.46869843874144,10.59389927178654,0.0,0.0
3.9779999999997835,86.4686966455843,86.4686966455843,86.4686966455843,10.59390468377569,0.0,0.0
3.9799999999997833,86.46869486320129,86.46869486320129,86.46869486320129,10.593910063247108,0.0,0.0
3.981999999999783,86.46869309152764,86.46869309152764,86.46869309152764,10.593915410396164,0.0,0.0
3.983999999999783,86.46869133049903,86.46869133049903,86.46869133049903,10.593920725417036,0.0,0.0
3.9859999999997826,86.46868958005147,86.46868958005147,86.46868958005147,10.593926008502933,0.0,0.0
3.9879999999997824,86.46868784012142,86.46868784012142,86.46868784012142,10.593931259845533,0.0,0.0
3.989999999999782,86.46868611064566,86.46868611064566,86.46868611064566,10.593936479635715,0.0,0.0
3.991999999999782,86.4686843915614,86.4686843915614,86.4686843915614,10.593941668062996,0.0,0.0
3.9939999999997817,86.46868268280618,86.46868268280618,86.46868268280618,10.593946825315811,0.0,0.0
3.9959999999997815,86.46868098431794,86.46868098431794,86.46868098431794,10.59395195158146,0.0,0.0
3.9979999999997813,86.468679296035,86.468679296035,86.468679296035,10.59395704704616,0.0,0.0
3.999999999999781,86.46867761789605,86.46867761789605,86.46867761789605,10.593962111894996,0.0,0.0
